2026-10-01 12:19:47,173 [INFO] Activator:176 - 


2026-10-01 12:19:47,185 [INFO] Activator:177 - !SESSION log4j initialized
2026-10-01 12:19:58,027 [INFO] LogOutputStream:77 - [STDOUT_REDIRECT] 
2026-10-01 12:20:02,381 [INFO] ApplicationProperties:184 - Using Application install path: C:\ST\STM32CubeIDE_1.19.0\STM32CubeIDE\plugins\com.st.stm32cube.common.mx_6.15.0.202507011659
2026-10-01 12:20:02,416 [INFO] DbMcusXml:78 - Set database path to: C:\ST\STM32CubeIDE_1.19.0\STM32CubeIDE\plugins\com.st.stm32cube.common.mx_6.15.0.202507011659\\db\/mcu/
2026-10-01 12:20:02,416 [INFO] ApiDb:274 - Set plugin database path to: C:\ST\STM32CubeIDE_1.19.0\STM32CubeIDE\plugins\com.st.stm32cube.common.mx_6.15.0.202507011659\\db\/plugins/boardmanager/
2026-10-01 12:20:02,417 [WARN] ApiDb:259 - Overriding images path with different value:  => C:\ST\STM32CubeIDE_1.19.0\STM32CubeIDE\plugins\com.st.stm32cube.common.mx_6.15.0.202507011659\\db\/plugins/mcufinder/images/
2026-10-01 12:20:02,450 [INFO] ApiDb:250 - Set database path to: C:\Users\alang\.stmcufinder\plugins\mcufinder//mcu/
2026-10-01 12:20:02,451 [INFO] DbMcusAds:125 - Set database path to: C:\Users\alang\.stmcufinder\plugins\mcufinder//mcu/
2026-10-01 12:20:02,472 [INFO] CrossReferenceDbSqlite:203 - Set database path to: C:\Users\alang\.stmcufinder\plugins\mcufinder//mcu/cs/
2026-10-01 12:20:02,643 [INFO] RulesReader:64 - Compatibility file has been processed (317 Rules)
2026-10-01 12:20:02,903 [INFO] DbMcusXml:78 - Set database path to: C:\ST\STM32CubeIDE_1.19.0\STM32CubeIDE\plugins\com.st.stm32cube.common.mx_6.15.0.202507011659\\db\/mcu/
2026-10-01 12:20:02,903 [INFO] ApiDb:274 - Set plugin database path to: C:\ST\STM32CubeIDE_1.19.0\STM32CubeIDE\plugins\com.st.stm32cube.common.mx_6.15.0.202507011659\\db\/plugins/boardmanager/
2026-10-01 12:20:02,903 [INFO] ApiDb:261 - Set plugin images path to: C:\ST\STM32CubeIDE_1.19.0\STM32CubeIDE\plugins\com.st.stm32cube.common.mx_6.15.0.202507011659\\db\/plugins/mcufinder/images/
2026-10-01 12:20:02,903 [WARN] DbFile:41 - Overriding database path with different value: C:\Users\alang\.stmcufinder\plugins\mcufinder/ => C:\Users\alang\.stmcufinder\plugins\mcufinder
2026-10-01 12:20:02,903 [INFO] ApiDb:250 - Set database path to: C:\Users\alang\.stmcufinder\plugins\mcufinder//mcu/
2026-10-01 12:20:02,903 [WARN] DbFile:41 - Overriding database path with different value: C:\Users\alang\.stmcufinder\plugins\mcufinder/ => C:\Users\alang\.stmcufinder\plugins\mcufinder
2026-10-01 12:20:02,903 [INFO] DbMcusAds:125 - Set database path to: C:\Users\alang\.stmcufinder\plugins\mcufinder//mcu/
2026-10-01 12:20:02,903 [WARN] DbFile:41 - Overriding database path with different value: C:\Users\alang\.stmcufinder\plugins\mcufinder/ => C:\Users\alang\.stmcufinder\plugins\mcufinder
2026-10-01 12:20:02,903 [WARN] DbFile:41 - Overriding database path with different value: C:\Users\alang\.stmcufinder\plugins\mcufinder/ => C:\Users\alang\.stmcufinder\plugins\mcufinder
2026-10-01 12:20:02,903 [INFO] CrossReferenceDbSqlite:203 - Set database path to: C:\Users\alang\.stmcufinder\plugins\mcufinder//mcu/cs/
2026-10-01 12:20:03,285 [INFO] MainPanel:274 - HeapMemory: 268435456
2026-10-01 12:20:03,889 [INFO] DbMcusXml:78 - Set database path to: C:\ST\STM32CubeIDE_1.19.0\STM32CubeIDE\plugins\com.st.stm32cube.common.mx_6.15.0.202507011659\\db\/mcu/
2026-10-01 12:20:03,889 [INFO] ApiDb:274 - Set plugin database path to: C:\ST\STM32CubeIDE_1.19.0\STM32CubeIDE\plugins\com.st.stm32cube.common.mx_6.15.0.202507011659\\db\/plugins/boardmanager/
2026-10-01 12:20:03,889 [INFO] ApiDb:261 - Set plugin images path to: C:\ST\STM32CubeIDE_1.19.0\STM32CubeIDE\plugins\com.st.stm32cube.common.mx_6.15.0.202507011659\\db\/plugins/mcufinder/images/
2026-10-01 12:20:03,889 [WARN] DbFile:41 - Overriding database path with different value: C:\Users\alang\.stmcufinder\plugins\mcufinder/ => C:\Users\alang\.stmcufinder\plugins\mcufinder
2026-10-01 12:20:03,889 [INFO] ApiDb:250 - Set database path to: C:\Users\alang\.stmcufinder\plugins\mcufinder//mcu/
2026-10-01 12:20:03,889 [WARN] DbFile:41 - Overriding database path with different value: C:\Users\alang\.stmcufinder\plugins\mcufinder/ => C:\Users\alang\.stmcufinder\plugins\mcufinder
2026-10-01 12:20:03,889 [INFO] DbMcusAds:125 - Set database path to: C:\Users\alang\.stmcufinder\plugins\mcufinder//mcu/
2026-10-01 12:20:03,889 [WARN] DbFile:41 - Overriding database path with different value: C:\Users\alang\.stmcufinder\plugins\mcufinder/ => C:\Users\alang\.stmcufinder\plugins\mcufinder
2026-10-01 12:20:03,889 [WARN] DbFile:41 - Overriding database path with different value: C:\Users\alang\.stmcufinder\plugins\mcufinder/ => C:\Users\alang\.stmcufinder\plugins\mcufinder
2026-10-01 12:20:03,889 [INFO] CrossReferenceDbSqlite:203 - Set database path to: C:\Users\alang\.stmcufinder\plugins\mcufinder//mcu/cs/
2026-10-01 12:20:03,935 [INFO] ApplicationProperties:184 - Using Application install path: C:\ST\STM32CubeIDE_1.19.0\STM32CubeIDE\plugins\com.st.stm32cube.common.mx_6.15.0.202507011659
2026-10-01 12:20:03,936 [INFO] PluginManage:196 - Search for loadable plugins [exclusion list=, ]
2026-10-01 12:20:03,952 [INFO] PluginManage:310 - Check plugin analytics
2026-10-01 12:20:04,349 [INFO] AnalyticsPlugin:253 - Accepted Software Licenses: 
2026-10-01 12:20:04,349 [INFO] AnalyticsPlugin:255 - Accepted CMSIS Pack Licenses: 
2026-10-01 12:20:04,349 [INFO] AnalyticsPlugin:257 - Accepted Firmware Licenses: FW.F4.1.28.0
2026-10-01 12:20:04,353 [INFO] PluginManage:359 - Loaded plugin analytics (category:tool,tabindex:-1)
2026-10-01 12:20:04,353 [INFO] PluginManage:310 - Check plugin cadmodel
2026-10-01 12:20:04,388 [INFO] CADModel:105 - Init CAD model plugin
2026-10-01 12:20:04,388 [INFO] PluginManage:359 - Loaded plugin cadmodel (category:power,tabindex:5)
2026-10-01 12:20:04,388 [INFO] PluginManage:310 - Check plugin clock
2026-10-01 12:20:04,418 [INFO] PluginManage:359 - Loaded plugin clock (category:base,tabindex:2)
2026-10-01 12:20:04,418 [INFO] PluginManage:310 - Check plugin ddr
2026-10-01 12:20:04,442 [INFO] PluginManage:359 - Loaded plugin ddr (category:tool,tabindex:6)
2026-10-01 12:20:04,443 [INFO] PluginManage:310 - Check plugin filemanager
2026-10-01 12:20:04,834 [INFO] PluginManage:359 - Loaded plugin filemanager (category:base,tabindex:10)
2026-10-01 12:20:04,834 [INFO] PluginManage:310 - Check plugin ipmanager
2026-10-01 12:20:04,849 [INFO] PluginManage:359 - Loaded plugin ipmanager (category:base,tabindex:5)
2026-10-01 12:20:04,849 [INFO] PluginManage:310 - Check plugin lpbam
2026-10-01 12:20:04,870 [INFO] PluginManage:359 - Loaded plugin lpbam (category:base,tabindex:0)
2026-10-01 12:20:04,871 [INFO] PluginManage:310 - Check plugin memorymap
2026-10-01 12:20:04,973 [INFO] PluginManage:359 - Loaded plugin memorymap (category:base,tabindex:4)
2026-10-01 12:20:04,973 [INFO] PluginManage:310 - Check plugin pinoutandconfiguration
2026-10-01 12:20:04,997 [INFO] PluginManage:359 - Loaded plugin pinoutandconfiguration (category:base,tabindex:1)
2026-10-01 12:20:04,997 [INFO] PluginManage:310 - Check plugin pinoutconfig
2026-10-01 12:20:05,168 [WARN] SupportedApi:132 - Cannot load RTOS API schema: s4s-elt-must-match.1: The content of 'definitions' must match (annotation?, (simpleType | complexType)?, (unique | key | keyref)*)). A problem was found starting at: attribute.
2026-10-01 12:20:05,496 [INFO] PluginManage:359 - Loaded plugin pinoutconfig (category:base,tabindex:0)
2026-10-01 12:20:05,496 [INFO] PluginManage:310 - Check plugin power
2026-10-01 12:20:05,517 [INFO] PluginManage:359 - Loaded plugin power (category:power,tabindex:4)
2026-10-01 12:20:05,517 [INFO] PluginManage:310 - Check plugin projectmanager
2026-10-01 12:20:05,532 [INFO] PluginManage:359 - Loaded plugin projectmanager (category:projectmanager,tabindex:4)
2026-10-01 12:20:05,532 [INFO] PluginManage:310 - Check plugin rif
2026-10-01 12:20:05,549 [INFO] PluginManage:359 - Loaded plugin rif (category:base,tabindex:3)
2026-10-01 12:20:05,549 [INFO] PluginManage:310 - Check plugin thirdparty
2026-10-01 12:20:05,898 [INFO] PluginManage:359 - Loaded plugin thirdparty (category:base,tabindex:-1)
2026-10-01 12:20:05,898 [WARN] IntegrityCheckThread:84 - waiting for thirdparty lock release [integrity check]
2026-10-01 12:20:05,898 [INFO] PluginManage:310 - Check plugin tools
2026-10-01 12:20:05,899 [INFO] IntegrityCheckThread:86 - entering critical section [integrity check]
2026-10-01 12:20:05,899 [INFO] ThirdPartyUpdaterWithRetryManager:70 - Updater plugin not ready yet. [1/15]
2026-10-01 12:20:05,911 [INFO] PluginManage:359 - Loaded plugin tools (category:base,tabindex:7)
2026-10-01 12:20:05,911 [INFO] PluginManage:310 - Check plugin tutovideos
2026-10-01 12:20:06,644 [INFO] PluginManage:359 - Loaded plugin tutovideos (category:base,tabindex:-1)
2026-10-01 12:20:06,644 [INFO] PluginManage:310 - Check plugin updater
2026-10-01 12:20:06,674 [INFO] PluginManage:359 - Loaded plugin updater (category:base,tabindex:12)
2026-10-01 12:20:06,675 [INFO] PluginManage:310 - Check plugin userauth
2026-10-01 12:20:06,679 [INFO] UserAuth:118 - Init User Auth plugin
2026-10-01 12:20:06,679 [INFO] PluginManage:359 - Loaded plugin userauth (category:base,tabindex:14)
2026-10-01 12:20:06,681 [INFO] PluginManage:283 - PluginManage : Loaded plugins [18]
2026-10-01 12:20:07,229 [INFO] PinOutPanel:1589 - setPackage(No Configuration,No Configuration)
2026-10-01 12:20:07,399 [INFO] CADModel:165 - CPN selected for project level
2026-10-01 12:20:07,399 [INFO] CADModel:114 - Register for checkConnection events
2026-10-01 12:20:07,549 [INFO] IPUIPlugin:80 - create IPUIPlugin
2026-10-01 12:20:07,551 [INFO] PluginManager:220 - loadIPPluginJar : add adc
2026-10-01 12:20:07,562 [INFO] IPUIPlugin:80 - create IPUIPlugin
2026-10-01 12:20:07,562 [INFO] PluginManager:220 - loadIPPluginJar : add aes
2026-10-01 12:20:07,566 [INFO] IPUIPlugin:80 - create IPUIPlugin
2026-10-01 12:20:07,566 [INFO] PluginManager:220 - loadIPPluginJar : add can
2026-10-01 12:20:07,568 [INFO] IPUIPlugin:80 - create IPUIPlugin
2026-10-01 12:20:07,568 [INFO] PluginManager:220 - loadIPPluginJar : add comp
2026-10-01 12:20:07,572 [INFO] IPUIPlugin:80 - create IPUIPlugin
2026-10-01 12:20:07,572 [INFO] PluginManager:220 - loadIPPluginJar : add cryp
2026-10-01 12:20:07,584 [INFO] IPUIPlugin:80 - create IPUIPlugin
2026-10-01 12:20:07,584 [INFO] PluginManager:220 - loadIPPluginJar : add ddr_ctrl_phy
2026-10-01 12:20:07,592 [INFO] IPUIPlugin:80 - create IPUIPlugin
2026-10-01 12:20:07,592 [INFO] PluginManager:220 - loadIPPluginJar : add dfsdm
2026-10-01 12:20:07,603 [INFO] IPUIPlugin:80 - create IPUIPlugin
2026-10-01 12:20:07,603 [INFO] PluginManager:220 - loadIPPluginJar : add dma
2026-10-01 12:20:07,614 [INFO] IPUIPlugin:80 - create IPUIPlugin
2026-10-01 12:20:07,614 [INFO] PluginManager:220 - loadIPPluginJar : add dma3
2026-10-01 12:20:07,619 [INFO] IPUIPlugin:80 - create IPUIPlugin
2026-10-01 12:20:07,619 [INFO] PluginManager:220 - loadIPPluginJar : add extmemmanager
2026-10-01 12:20:07,625 [INFO] IPUIPlugin:80 - create IPUIPlugin
2026-10-01 12:20:07,625 [INFO] PluginManager:220 - loadIPPluginJar : add fatfs
2026-10-01 12:20:07,632 [INFO] IPUIPlugin:80 - create IPUIPlugin
2026-10-01 12:20:07,632 [INFO] PluginManager:220 - loadIPPluginJar : add fmc
2026-10-01 12:20:07,662 [INFO] IPUIPlugin:80 - create IPUIPlugin
2026-10-01 12:20:07,662 [INFO] PluginManager:220 - loadIPPluginJar : add freertos
2026-10-01 12:20:07,666 [INFO] IPUIPlugin:80 - create IPUIPlugin
2026-10-01 12:20:07,666 [INFO] PluginManager:220 - loadIPPluginJar : add genericplugin
2026-10-01 12:20:07,671 [INFO] IPUIPlugin:80 - create IPUIPlugin
2026-10-01 12:20:07,671 [INFO] PluginManager:220 - loadIPPluginJar : add gfxmmu
2026-10-01 12:20:07,679 [INFO] IPUIPlugin:80 - create IPUIPlugin
2026-10-01 12:20:07,679 [INFO] PluginManager:220 - loadIPPluginJar : add gic
2026-10-01 12:20:07,714 [INFO] IPUIPlugin:80 - create IPUIPlugin
2026-10-01 12:20:07,714 [INFO] PluginManager:220 - loadIPPluginJar : add gpio
2026-10-01 12:20:07,722 [INFO] IPUIPlugin:80 - create IPUIPlugin
2026-10-01 12:20:07,722 [INFO] PluginManager:220 - loadIPPluginJar : add gtzc
2026-10-01 12:20:07,729 [INFO] IPUIPlugin:80 - create IPUIPlugin
2026-10-01 12:20:07,729 [INFO] PluginManager:220 - loadIPPluginJar : add hash
2026-10-01 12:20:07,736 [INFO] IPUIPlugin:80 - create IPUIPlugin
2026-10-01 12:20:07,737 [INFO] PluginManager:220 - loadIPPluginJar : add i2c
2026-10-01 12:20:07,751 [INFO] IPUIPlugin:80 - create IPUIPlugin
2026-10-01 12:20:07,751 [INFO] PluginManager:220 - loadIPPluginJar : add i2s
2026-10-01 12:20:07,762 [INFO] IPUIPlugin:80 - create IPUIPlugin
2026-10-01 12:20:07,762 [INFO] PluginManager:220 - loadIPPluginJar : add i3c
2026-10-01 12:20:07,768 [INFO] IPUIPlugin:80 - create IPUIPlugin
2026-10-01 12:20:07,768 [INFO] PluginManager:220 - loadIPPluginJar : add ipddr
2026-10-01 12:20:07,785 [INFO] IPUIPlugin:80 - create IPUIPlugin
2026-10-01 12:20:07,785 [INFO] PluginManager:220 - loadIPPluginJar : add linkedlist
2026-10-01 12:20:07,791 [INFO] IPUIPlugin:80 - create IPUIPlugin
2026-10-01 12:20:07,792 [INFO] PluginManager:220 - loadIPPluginJar : add lorawan
2026-10-01 12:20:07,798 [INFO] IPUIPlugin:80 - create IPUIPlugin
2026-10-01 12:20:07,798 [INFO] PluginManager:220 - loadIPPluginJar : add ltdc
2026-10-01 12:20:07,813 [INFO] IPUIPlugin:80 - create IPUIPlugin
2026-10-01 12:20:07,813 [INFO] PluginManager:220 - loadIPPluginJar : add mdma
2026-10-01 12:20:07,829 [INFO] IPUIPlugin:80 - create IPUIPlugin
2026-10-01 12:20:07,829 [INFO] PluginManager:220 - loadIPPluginJar : add nvic
2026-10-01 12:20:07,840 [INFO] IPUIPlugin:80 - create IPUIPlugin
2026-10-01 12:20:07,840 [INFO] PluginManager:220 - loadIPPluginJar : add opamp
2026-10-01 12:20:07,846 [INFO] IPUIPlugin:80 - create IPUIPlugin
2026-10-01 12:20:07,846 [INFO] PluginManager:220 - loadIPPluginJar : add openamp
2026-10-01 12:20:07,860 [INFO] IPUIPlugin:80 - create IPUIPlugin
2026-10-01 12:20:07,860 [INFO] PluginManager:220 - loadIPPluginJar : add pdm2pcm
2026-10-01 12:20:07,868 [INFO] IPUIPlugin:80 - create IPUIPlugin
2026-10-01 12:20:07,869 [INFO] PluginManager:220 - loadIPPluginJar : add plateformsettings
2026-10-01 12:20:07,876 [INFO] IPUIPlugin:80 - create IPUIPlugin
2026-10-01 12:20:07,877 [INFO] PluginManager:220 - loadIPPluginJar : add quadspi
2026-10-01 12:20:07,881 [INFO] IPUIPlugin:80 - create IPUIPlugin
2026-10-01 12:20:07,881 [INFO] PluginManager:220 - loadIPPluginJar : add radio
2026-10-01 12:20:07,889 [INFO] IPUIPlugin:80 - create IPUIPlugin
2026-10-01 12:20:07,889 [INFO] PluginManager:220 - loadIPPluginJar : add resmgrutility
2026-10-01 12:20:07,895 [INFO] IPUIPlugin:80 - create IPUIPlugin
2026-10-01 12:20:07,895 [INFO] PluginManager:220 - loadIPPluginJar : add sai
2026-10-01 12:20:07,908 [INFO] IPUIPlugin:80 - create IPUIPlugin
2026-10-01 12:20:07,909 [INFO] PluginManager:220 - loadIPPluginJar : add spi
2026-10-01 12:20:07,916 [INFO] IPUIPlugin:80 - create IPUIPlugin
2026-10-01 12:20:07,916 [INFO] PluginManager:220 - loadIPPluginJar : add stm32_wpan
2026-10-01 12:20:07,929 [INFO] IPUIPlugin:80 - create IPUIPlugin
2026-10-01 12:20:07,929 [INFO] PluginManager:220 - loadIPPluginJar : add tim
2026-10-01 12:20:07,944 [INFO] IPUIPlugin:80 - create IPUIPlugin
2026-10-01 12:20:07,944 [INFO] PluginManager:220 - loadIPPluginJar : add touchsensing
2026-10-01 12:20:07,969 [INFO] IPUIPlugin:80 - create IPUIPlugin
2026-10-01 12:20:07,969 [INFO] PluginManager:220 - loadIPPluginJar : add tracer_emb
2026-10-01 12:20:07,980 [INFO] IPUIPlugin:80 - create IPUIPlugin
2026-10-01 12:20:07,980 [INFO] PluginManager:220 - loadIPPluginJar : add ts
2026-10-01 12:20:07,988 [INFO] IPUIPlugin:80 - create IPUIPlugin
2026-10-01 12:20:07,988 [INFO] PluginManager:220 - loadIPPluginJar : add tsc
2026-10-01 12:20:08,004 [INFO] IPUIPlugin:80 - create IPUIPlugin
2026-10-01 12:20:08,006 [INFO] PluginManager:220 - loadIPPluginJar : add ucpd
2026-10-01 12:20:08,019 [INFO] IPUIPlugin:80 - create IPUIPlugin
2026-10-01 12:20:08,019 [INFO] PluginManager:220 - loadIPPluginJar : add usart
2026-10-01 12:20:08,027 [INFO] IPUIPlugin:80 - create IPUIPlugin
2026-10-01 12:20:08,028 [INFO] PluginManager:220 - loadIPPluginJar : add usbx
2026-10-01 12:20:08,183 [FATAL] Updater:351 - Updater called before beeing initialized
2026-10-01 12:20:08,234 [INFO] RulesReader:64 - Compatibility file has been processed (317 Rules)
2026-10-01 12:20:08,243 [INFO] RulesReader:64 - Compatibility file has been processed (317 Rules)
2026-10-01 12:20:08,249 [INFO] CADModel:165 - CPN selected for project level
2026-10-01 12:20:08,249 [INFO] CADModel:114 - Register for checkConnection events
2026-10-01 12:20:08,249 [FATAL] Updater:351 - Updater called before beeing initialized
2026-10-01 12:20:08,249 [ERROR] CADModel:125 - Updater not yet initialized, retry later 
2026-10-01 12:20:08,482 [FATAL] Updater:351 - Updater called before beeing initialized
2026-10-01 12:20:08,502 [INFO] CADModel:165 - CPN selected for project level
2026-10-01 12:20:08,502 [INFO] CADModel:114 - Register for checkConnection events
2026-10-01 12:20:08,502 [FATAL] Updater:351 - Updater called before beeing initialized
2026-10-01 12:20:08,502 [ERROR] CADModel:125 - Updater not yet initialized, retry later 
2026-10-01 12:20:08,505 [FATAL] Updater:351 - Updater called before beeing initialized
2026-10-01 12:20:08,673 [FATAL] Updater:351 - Updater called before beeing initialized
2026-10-01 12:20:08,676 [INFO] DbMcusAds:53 - JSON generation date=Wed Jul 15 06:44:54 ART 2026 (1784108694001)
2026-10-01 12:20:08,676 [FATAL] Updater:351 - Updater called before beeing initialized
2026-10-01 12:20:08,900 [INFO] ThirdPartyUpdaterWithRetryManager:70 - Updater plugin not ready yet. [2/15]
2026-10-01 12:20:08,954 [WARN] DetailPanel:346 - Failed to get advertising image, set to default
2026-10-01 12:20:09,105 [FATAL] Updater:351 - Updater called before beeing initialized
2026-10-01 12:20:09,106 [FATAL] Updater:351 - Updater called before beeing initialized
2026-10-01 12:20:09,106 [FATAL] Updater:351 - Updater called before beeing initialized
2026-10-01 12:20:09,107 [WARN] DetailPanel:346 - Failed to get advertising image, set to default
2026-10-01 12:20:09,107 [FATAL] Updater:351 - Updater called before beeing initialized
2026-10-01 12:20:09,181 [ERROR] Updater:1198 - MainUpdater not yet initialized. External WinMGr cannot be set.
2026-10-01 12:20:09,185 [INFO] Updater:1134 - Updater Version found : 6.15.0
2026-10-01 12:20:09,224 [INFO] ApplicationProperties:184 - Using Application install path: C:\ST\STM32CubeIDE_1.19.0\STM32CubeIDE\plugins\com.st.stm32cube.common.mx_6.15.0.202507011659
2026-10-01 12:20:10,888 [ERROR] LogOutputStream:75 - [STDERR_REDIRECT] Oct 01, 2026 12:20:10 PM java.util.prefs.WindowsPreferences <init>
2026-10-01 12:20:10,889 [ERROR] LogOutputStream:75 - [STDERR_REDIRECT] WARNING: Could not open/create prefs root node Software\JavaSoft\Prefs at root 0xffffffff80000002. Windows RegCreateKeyEx(...) returned error code 5.
2026-10-01 12:20:10,889 [ERROR] LogOutputStream:75 - [STDERR_REDIRECT] 
2026-10-01 12:20:11,584 [INFO] MainUpdater:2872 - connection check result : 10
2026-10-01 12:20:11,584 [INFO] MainUpdater:3604 - Updater definition file requires update
2026-10-01 12:20:11,585 [INFO] MainUpdater:289 - Updater Check For Update Now.
2026-10-01 12:20:11,585 [INFO] MicroXplorer:498 - Change Database Version : DB.6.0.150
2026-10-01 12:20:11,602 [INFO] McuFinderGlobals:63 - Set McuFinder mode to 2 (CubeIDE integrated)
2026-10-01 12:20:11,607 [INFO] UserAuth:487 - Internet connection configuration mode: 1
2026-10-01 12:20:11,616 [INFO] ServerAccessManage:452 - Complete download http(s) 200
2026-10-01 12:20:11,616 [INFO] ServerAccessManage:509 - Download File updaters.zip
2026-10-01 12:20:11,719 [INFO] FileExtend:248 - Unzip File : updaters.zip
2026-10-01 12:20:11,720 [INFO] FileExtend:263 - Standard Zip Deflate
2026-10-01 12:20:11,745 [INFO] JxBrowserEngine:152 - Initiate JxBrowser Engine with user profile folder
2026-10-01 12:20:11,900 [WARN] MainUpdater:1193 - Updater busy. Cannot search thirdparties
2026-10-01 12:20:11,901 [INFO] ThirdPartyUpdaterWithRetryManager:96 - Updater plugin is busy. [1/15]
2026-10-01 12:20:12,935 [INFO] ServerAccessManage:452 - Complete download http(s) 200
2026-10-01 12:20:12,936 [INFO] ServerAccessManage:509 - Download File PacksControlFlags.xml
2026-10-01 12:20:13,108 [INFO] ServerAccessManage:452 - Complete download http(s) 200
2026-10-01 12:20:13,109 [INFO] ServerAccessManage:509 - Download File cubemx.pidx
2026-10-01 12:20:13,458 [INFO] LoadServerUpdatesThread:375 - End of LoadServerUpdate Thread
2026-10-01 12:20:13,636 [INFO] CheckServerUpdateThread:120 - End of CheckServer Thread
2026-10-01 12:20:24,393 [WARN] PackLoader:240 - Cannot read IP mode file for STMicroelectronics.X-CUBE-AZRTOS-H7.3.5.0
2026-10-01 12:20:24,415 [WARN] PackLoader:240 - Cannot read IP mode file for STMicroelectronics.FP-ATR-ASTRA1.2.0.3
2026-10-01 12:20:24,430 [ERROR] Engine:466 - C:\Users\alang\.stm32cubemx\thirdparties\pdsc\STMicroelectronics.X-CUBE-SMBUS.2.1.1.pdsc: PDSC version is not supported
2026-10-01 12:20:24,507 [WARN] PackLoader:240 - Cannot read IP mode file for STMicroelectronics.X-CUBE-AZRTOS-F7.1.1.0
2026-10-01 12:20:24,539 [WARN] PackLoader:240 - Cannot read IP mode file for STMicroelectronics.X-CUBE-FREERTOS.1.6.0
2026-10-01 12:20:24,560 [WARN] PackLoader:240 - Cannot read IP mode file for STMicroelectronics.FP-SNS-MOTENV1.5.1.0
2026-10-01 12:20:24,661 [WARN] PackLoader:240 - Cannot read IP mode file for STMicroelectronics.X-CUBE-AZRTOS-H7RS.1.3.0
2026-10-01 12:20:24,726 [WARN] PackLoader:240 - Cannot read IP mode file for WES.I-CUBE-Cesium.1.4.0
2026-10-01 12:20:24,753 [WARN] PackLoader:240 - Cannot read IP mode file for STMicroelectronics.X-CUBE-DISPLAY.3.0.0
2026-10-01 12:20:24,818 [WARN] PackLoader:240 - Cannot read IP mode file for STMicroelectronics.X-CUBE-GNSS1.7.1.1
2026-10-01 12:20:24,843 [WARN] PackLoader:240 - Cannot read IP mode file for STMicroelectronics.FP-SNS-MOTENVWB1.1.5.0
2026-10-01 12:20:24,867 [WARN] PackLoader:240 - Cannot read IP mode file for STMicroelectronics.X-CUBE-NFC10.1.0.0
2026-10-01 12:20:24,896 [WARN] PackLoader:240 - Cannot read IP mode file for STMicroelectronics.X-CUBE-ST60.1.1.0
2026-10-01 12:20:24,940 [WARN] PackLoader:240 - Cannot read IP mode file for emotas.I-CUBE-CANOPEN.1.3.0
2026-10-01 12:20:24,975 [WARN] PackLoader:240 - Cannot read IP mode file for wolfSSL.I-CUBE-wolfSSL.5.9.2
2026-10-01 12:20:24,993 [ERROR] Engine:466 - C:\Users\alang\.stm32cubemx\thirdparties\pdsc\STMicroelectronics.X-CUBE-WBA.1.1.0.pdsc: PDSC version is not supported
2026-10-01 12:20:25,011 [WARN] PackLoader:240 - Cannot read IP mode file for STMicroelectronics.FP-SNS-STBOX1.2.1.0
2026-10-01 12:20:25,027 [WARN] PackLoader:240 - Cannot read IP mode file for STMicroelectronics.FP-SNS-SMARTAG2.1.2.0
2026-10-01 12:20:25,048 [WARN] PackLoader:240 - Cannot read IP mode file for STMicroelectronics.FP-SNS-FLIGHT1.5.1.0
2026-10-01 12:20:25,073 [INFO] LogOutputStream:77 - [STDOUT_REDIRECT] 1 : Invalid condition id : UX_CORESTACK_Condition cause : null
2026-10-01 12:20:25,074 [INFO] LogOutputStream:77 - [STDOUT_REDIRECT] 1 : Invalid condition id : UX_CORESTACK_Condition cause : null
2026-10-01 12:20:25,080 [INFO] LogOutputStream:77 - [STDOUT_REDIRECT] 1 : Invalid condition id : UX_CORESTACK_Condition cause : null
2026-10-01 12:20:25,082 [INFO] LogOutputStream:77 - [STDOUT_REDIRECT] 1 : Invalid condition id : UX_CORESTACK_Condition cause : null
2026-10-01 12:20:25,085 [INFO] LogOutputStream:77 - [STDOUT_REDIRECT] 1 : Invalid condition id : UX_CORESTACK_Condition cause : null
2026-10-01 12:20:25,092 [WARN] PackLoader:240 - Cannot read IP mode file for STMicroelectronics.X-CUBE-AZRTOS-WL.2.0.0
2026-10-01 12:20:25,112 [WARN] PackLoader:240 - Cannot read IP mode file for STMicroelectronics.X-CUBE-BLE2.3.3.0
2026-10-01 12:20:25,269 [WARN] PackLoader:240 - Cannot read IP mode file for Infineon.AIROC-Wi-Fi-Bluetooth-STM32.1.8.0
2026-10-01 12:20:25,312 [WARN] PackLoader:240 - Cannot read IP mode file for STMicroelectronics.X-CUBE-NFC9.1.0.0
2026-10-01 12:20:25,333 [WARN] PackLoader:240 - Cannot read IP mode file for STMicroelectronics.X-CUBE-BLE1.7.1.0
2026-10-01 12:20:25,352 [WARN] PackLoader:240 - Cannot read IP mode file for wolfSSL.I-CUBE-wolfMQTT.1.19.2
2026-10-01 12:20:25,373 [WARN] PackLoader:240 - Cannot read IP mode file for STMicroelectronics.X-CUBE-EEPRMA1.5.2.0
2026-10-01 12:20:25,388 [WARN] PackLoader:240 - Cannot read IP mode file for STMicroelectronics.FP-SNS-STAIOTCFT.1.1.0
2026-10-01 12:20:25,428 [WARN] PackLoader:240 - Cannot read IP mode file for STMicroelectronics.X-CUBE-AZRTOS-G0.1.1.0
2026-10-01 12:20:25,443 [WARN] PackLoader:240 - Cannot read IP mode file for STMicroelectronics.X-CUBE-NFC4.3.0.0
2026-10-01 12:20:25,467 [WARN] PackLoader:240 - Cannot read IP mode file for EmbeddedOffice.I-CUBE-FS-RTOS.1.0.1
2026-10-01 12:20:25,478 [WARN] PackLoader:240 - Cannot read IP mode file for wolfSSL.I-CUBE-wolfTPM.3.8.0
2026-10-01 12:20:25,500 [WARN] PackLoader:240 - Cannot read IP mode file for STMicroelectronics.X-CUBE-TCPP.4.2.0
2026-10-01 12:20:25,520 [WARN] PackLoader:240 - Cannot read IP mode file for RealThread.X-CUBE-RT-Thread_Nano.4.1.1
2026-10-01 12:20:25,528 [WARN] PackLoader:240 - Cannot read IP mode file for STMicroelectronics.FP-ATR-SIGFOX1.3.2.0
2026-10-01 12:20:25,544 [WARN] PackLoader:240 - Cannot read IP mode file for ITTIA_DB.I-CUBE-ITTIADB.8.9.0
2026-10-01 12:20:25,555 [WARN] PackLoader:240 - Cannot read IP mode file for Cesanta.I-CUBE-Mongoose.7.21.7
2026-10-01 12:20:25,578 [WARN] PackLoader:240 - Cannot read IP mode file for STMicroelectronics.X-CUBE-NFC6.3.2.0
2026-10-01 12:20:25,592 [WARN] PackLoader:240 - Cannot read IP mode file for STMicroelectronics.X-CUBE-AI.10.2.1
2026-10-01 12:20:25,657 [WARN] PackLoader:240 - Cannot read IP mode file for SEGGER.I-CUBE-embOS.1.3.1
2026-10-01 12:20:25,735 [ERROR] Engine:466 - C:\Users\alang\.stm32cubemx\thirdparties\pdsc\STMicroelectronics.FP-SNS-STAIOTCFT.2.0.0.pdsc: PDSC version is not supported
2026-10-01 12:20:25,760 [WARN] PackLoader:240 - Cannot read IP mode file for STMicroelectronics.X-CUBE-NFC13.1.0.0
2026-10-01 12:20:25,776 [WARN] PackLoader:240 - Cannot read IP mode file for STMicroelectronics.X-CUBE-PM33A1.1.0.0
2026-10-01 12:20:25,805 [WARN] PackLoader:240 - Cannot read IP mode file for STMicroelectronics.X-CUBE-AZRTOS-F4.1.1.0
2026-10-01 12:20:25,824 [WARN] PackLoader:240 - Cannot read IP mode file for STMicroelectronics.X-CUBE-ISPU.2.1.0
2026-10-01 12:20:25,844 [WARN] PackLoader:240 - Cannot read IP mode file for STMicroelectronics.X-CUBE-IPS.3.2.0
2026-10-01 12:20:25,871 [WARN] PackLoader:240 - Cannot read IP mode file for STMicroelectronics.eDS-WB_DPC_TT-BIDIR.2.1.1
2026-10-01 12:20:25,896 [WARN] PackLoader:240 - Cannot read IP mode file for STMicroelectronics.X-CUBE-NFC12.1.0.0
2026-10-01 12:20:25,929 [WARN] PackLoader:240 - Cannot read IP mode file for STMicroelectronics.X-CUBE-AZRTOS-L5.2.0.0
2026-10-01 12:20:25,941 [WARN] PackLoader:240 - Cannot read IP mode file for STMicroelectronics.X-CUBE-ALGOBUILD.1.5.0
2026-10-01 12:20:25,949 [WARN] PackLoader:240 - Cannot read IP mode file for STMicroelectronics.eDS-WB_DPC_VIENNA.1.2.0
2026-10-01 12:20:26,037 [WARN] PackLoader:240 - Cannot read IP mode file for STMicroelectronics.X-CUBE-MEMS1.13.0.0
2026-10-01 12:20:26,125 [INFO] WebApp:169 - Instantiating new browser for Auth
2026-10-01 12:20:26,180 [WARN] PackLoader:240 - Cannot read IP mode file for STMicroelectronics.eDS-WB_DPC_3PH2L-BIDIR.1.1.1
2026-10-01 12:20:26,205 [ERROR] Engine:466 - C:\Users\alang\.stm32cubemx\thirdparties\pdsc\STMicroelectronics.X-CUBE-ST67W61.1.3.0.pdsc: PDSC version is not supported
2026-10-01 12:20:26,243 [WARN] PackLoader:240 - Cannot read IP mode file for STMicroelectronics.X-CUBE-TOUCHGFX.4.26.1
2026-10-01 12:20:26,276 [WARN] PackLoader:240 - Cannot read IP mode file for STMicroelectronics.X-CUBE-DPower.1.3.0
2026-10-01 12:20:26,378 [WARN] ConditionMgr:438 - getConditionDescription Invalid condition id : LAN8742 Phy interface Condition cause : null
2026-10-01 12:20:26,379 [WARN] PackLoader:240 - Cannot read IP mode file for STMicroelectronics.X-CUBE-AZRTOS-L4.2.0.0
2026-10-01 12:20:26,380 [WARN] ConditionMgr:1044 - genDependencies : Invalid condition id : LAN8742 Phy interface Condition cause : null
2026-10-01 12:20:26,381 [WARN] ConditionMgr:1044 - genDependencies : Invalid condition id : LAN8742 Phy interface Condition cause : null
2026-10-01 12:20:26,381 [WARN] ConditionMgr:1044 - genDependencies : Invalid condition id : LAN8742 Phy interface Condition cause : null
2026-10-01 12:20:26,428 [WARN] PackLoader:240 - Cannot read IP mode file for STMicroelectronics.X-CUBE-SFXS2LP1.4.0.0
2026-10-01 12:20:26,454 [WARN] PackLoader:240 - Cannot read IP mode file for STMicroelectronics.X-CUBE-WB05N.2.1.0
2026-10-01 12:20:26,505 [WARN] ConditionMgr:438 - getConditionDescription Invalid condition id : UX DEVICE CLASS RTOS Condition cause : null
2026-10-01 12:20:26,505 [WARN] ConditionMgr:438 - getConditionDescription Invalid condition id : UX DEVICE CLASS RTOS Condition cause : null
2026-10-01 12:20:26,508 [WARN] PackLoader:240 - Cannot read IP mode file for STMicroelectronics.X-CUBE-AZRTOS-WB.2.0.0
2026-10-01 12:20:26,508 [WARN] ConditionMgr:1044 - genDependencies : Invalid condition id : UX DEVICE CLASS RTOS Condition cause : null
2026-10-01 12:20:26,508 [WARN] ConditionMgr:1044 - genDependencies : Invalid condition id : UX DEVICE CLASS RTOS Condition cause : null
2026-10-01 12:20:26,509 [WARN] ConditionMgr:1044 - genDependencies : Invalid condition id : UX DEVICE CLASS RTOS Condition cause : null
2026-10-01 12:20:26,509 [WARN] ConditionMgr:1044 - genDependencies : Invalid condition id : UX DEVICE CLASS RTOS Condition cause : null
2026-10-01 12:20:26,509 [WARN] ConditionMgr:1044 - genDependencies : Invalid condition id : UX DEVICE CLASS RTOS Condition cause : null
2026-10-01 12:20:26,535 [WARN] ConditionMgr:438 - getConditionDescription Invalid condition id : Cortex-A Device cause : null
2026-10-01 12:20:26,579 [WARN] ConditionMgr:1044 - genDependencies : Invalid condition id : Cortex-A Device cause : null
2026-10-01 12:20:26,579 [WARN] ConditionMgr:1044 - genDependencies : Invalid condition id : Cortex-A Device cause : null
2026-10-01 12:20:26,579 [WARN] ConditionMgr:1044 - genDependencies : Invalid condition id : Cortex-A Device cause : null
2026-10-01 12:20:26,625 [WARN] PackLoader:240 - Cannot read IP mode file for STMicroelectronics.X-CUBE-STSE01.2.0.0
2026-10-01 12:20:26,689 [WARN] PackLoader:240 - Cannot read IP mode file for STMicroelectronics.X-CUBE-SUBG2.5.0.0
2026-10-01 12:20:26,752 [WARN] PackLoader:240 - Cannot read IP mode file for STMicroelectronics.X-CUBE-AZRTOS-G4.2.0.0
2026-10-01 12:20:26,789 [WARN] PackLoader:240 - Cannot read IP mode file for wolfSSL.I-CUBE-wolfSSH.1.4.20
2026-10-01 12:20:26,819 [WARN] PackLoader:240 - Cannot read IP mode file for STMicroelectronics.X-CUBE-NFC7.2.0.0
2026-10-01 12:20:26,844 [ERROR] Engine:466 - C:\Users\alang\.stm32cubemx\thirdparties\pdsc\STMicroelectronics.X-CUBE-BLEMGR.4.2.0.pdsc: PDSC version is not supported
2026-10-01 12:20:26,902 [WARN] PackLoader:240 - Cannot read IP mode file for STMicroelectronics.X-CUBE-ALS.1.0.2
2026-10-01 12:20:26,935 [WARN] PackLoader:240 - Cannot read IP mode file for STMicroelectronics.X-CUBE-TOF1.3.4.3
2026-10-01 12:20:26,942 [INFO] ThirdParty:978 - Integrity check success = true
2026-10-01 12:20:26,942 [INFO] IntegrityCheckThread:100 - exiting critical section [integrity check]
2026-10-01 12:20:26,942 [INFO] IntegrityCheckThread:103 - End integrity checks thread
2026-10-01 12:20:29,092 [INFO] WebApp:463 - Apply proxy settings
2026-10-01 12:20:29,092 [INFO] WebApp:548 - Chromium requires no authentication
2026-10-01 12:20:29,135 [INFO] WebApp:491 - Direct internet connection detected
2026-10-01 12:20:29,229 [INFO] WebApp:900 - Register for checkConnection events
2026-10-01 12:20:29,229 [INFO] WebApp:463 - Apply proxy settings
2026-10-01 12:20:29,231 [INFO] WebApp:548 - Chromium requires no authentication
2026-10-01 12:20:29,231 [INFO] WebApp:491 - Direct internet connection detected
2026-10-01 12:20:29,410 [INFO] WebApp:191 - Connection restablished
2026-10-01 12:20:29,935 [INFO] WebApp:225 - Starting web application
2026-10-01 12:20:29,937 [INFO] WebApp:593 - Web application path used C:\ST\STM32CubeIDE_1.19.0\STM32CubeIDE\plugins\com.st.stm32cube.common.mx_6.15.0.202507011659\db\plugins\mcufinder\reactClient1\index.html
2026-10-01 12:20:30,172 [INFO] UserAuth:487 - Internet connection configuration mode: 1
2026-10-01 12:20:30,415 [ERROR] LogOutputStream:75 - [STDERR_REDIRECT] [Fatal Error] :1:1: Premature end of file.
2026-10-01 12:20:30,416 [ERROR] LogOutputStream:75 - [STDERR_REDIRECT] 
2026-10-01 12:20:31,295 [ERROR] LogOutputStream:75 - [STDERR_REDIRECT] [Fatal Error] :1:1: Premature end of file.
2026-10-01 12:20:31,295 [ERROR] LogOutputStream:75 - [STDERR_REDIRECT] 
2026-10-01 12:20:32,304 [ERROR] LogOutputStream:75 - [STDERR_REDIRECT] [Fatal Error] :1:1: Premature end of file.
2026-10-01 12:20:32,304 [ERROR] LogOutputStream:75 - [STDERR_REDIRECT] 
2026-10-01 12:20:33,308 [ERROR] LogOutputStream:75 - [STDERR_REDIRECT] [Fatal Error] :1:1: Premature end of file.
2026-10-01 12:20:33,308 [ERROR] LogOutputStream:75 - [STDERR_REDIRECT] 
2026-10-01 12:20:34,312 [ERROR] LogOutputStream:75 - [STDERR_REDIRECT] [Fatal Error] :1:1: Premature end of file.
2026-10-01 12:20:34,312 [ERROR] LogOutputStream:75 - [STDERR_REDIRECT] 
2026-10-01 12:20:35,297 [ERROR] LogOutputStream:75 - [STDERR_REDIRECT] [Fatal Error] :1:1: Premature end of file.
2026-10-01 12:20:35,298 [ERROR] LogOutputStream:75 - [STDERR_REDIRECT] 
2026-10-01 12:20:36,312 [ERROR] LogOutputStream:75 - [STDERR_REDIRECT] [Fatal Error] :1:1: Premature end of file.
2026-10-01 12:20:36,312 [ERROR] LogOutputStream:75 - [STDERR_REDIRECT] 
2026-10-01 12:20:37,302 [ERROR] LogOutputStream:75 - [STDERR_REDIRECT] [Fatal Error] :1:1: Premature end of file.
2026-10-01 12:20:37,302 [ERROR] LogOutputStream:75 - [STDERR_REDIRECT] 
2026-10-01 12:20:38,297 [ERROR] LogOutputStream:75 - [STDERR_REDIRECT] [Fatal Error] :1:1: Premature end of file.
2026-10-01 12:20:38,298 [ERROR] LogOutputStream:75 - [STDERR_REDIRECT] 
2026-10-01 12:20:39,298 [ERROR] LogOutputStream:75 - [STDERR_REDIRECT] [Fatal Error] :1:1: Premature end of file.
2026-10-01 12:20:39,298 [ERROR] LogOutputStream:75 - [STDERR_REDIRECT] 
2026-10-01 12:20:40,306 [ERROR] LogOutputStream:75 - [STDERR_REDIRECT] [Fatal Error] :1:1: Premature end of file.
2026-10-01 12:20:40,306 [ERROR] LogOutputStream:75 - [STDERR_REDIRECT] 
2026-10-01 12:20:41,310 [ERROR] LogOutputStream:75 - [STDERR_REDIRECT] [Fatal Error] :1:1: Premature end of file.
2026-10-01 12:20:41,311 [ERROR] LogOutputStream:75 - [STDERR_REDIRECT] 
2026-10-01 12:20:42,302 [ERROR] LogOutputStream:75 - [STDERR_REDIRECT] [Fatal Error] :1:1: Premature end of file.
2026-10-01 12:20:42,302 [ERROR] LogOutputStream:75 - [STDERR_REDIRECT] 
2026-10-01 12:20:43,316 [ERROR] LogOutputStream:75 - [STDERR_REDIRECT] [Fatal Error] :1:1: Premature end of file.
2026-10-01 12:20:43,316 [ERROR] LogOutputStream:75 - [STDERR_REDIRECT] 
2026-10-01 12:20:44,310 [ERROR] LogOutputStream:75 - [STDERR_REDIRECT] [Fatal Error] :1:1: Premature end of file.
2026-10-01 12:20:44,310 [ERROR] LogOutputStream:75 - [STDERR_REDIRECT] 
2026-10-01 12:20:45,307 [ERROR] LogOutputStream:75 - [STDERR_REDIRECT] [Fatal Error] :1:1: Premature end of file.
2026-10-01 12:20:45,307 [ERROR] LogOutputStream:75 - [STDERR_REDIRECT] 
2026-10-01 12:20:46,307 [ERROR] LogOutputStream:75 - [STDERR_REDIRECT] [Fatal Error] :1:1: Premature end of file.
2026-10-01 12:20:46,308 [ERROR] LogOutputStream:75 - [STDERR_REDIRECT] 
2026-10-01 12:20:47,319 [ERROR] LogOutputStream:75 - [STDERR_REDIRECT] [Fatal Error] :1:1: Premature end of file.
2026-10-01 12:20:47,319 [ERROR] LogOutputStream:75 - [STDERR_REDIRECT] 
2026-10-01 12:20:48,298 [ERROR] LogOutputStream:75 - [STDERR_REDIRECT] [Fatal Error] :1:1: Premature end of file.
2026-10-01 12:20:48,298 [ERROR] LogOutputStream:75 - [STDERR_REDIRECT] 
2026-10-01 12:20:49,311 [ERROR] LogOutputStream:75 - [STDERR_REDIRECT] [Fatal Error] :1:1: Premature end of file.
2026-10-01 12:20:49,311 [ERROR] LogOutputStream:75 - [STDERR_REDIRECT] 
2026-10-01 12:20:50,300 [ERROR] LogOutputStream:75 - [STDERR_REDIRECT] [Fatal Error] :1:1: Premature end of file.
2026-10-01 12:20:50,300 [ERROR] LogOutputStream:75 - [STDERR_REDIRECT] 
2026-10-01 12:20:51,305 [ERROR] LogOutputStream:75 - [STDERR_REDIRECT] [Fatal Error] :1:1: Premature end of file.
2026-10-01 12:20:51,306 [ERROR] LogOutputStream:75 - [STDERR_REDIRECT] 
2026-10-01 12:20:52,328 [ERROR] LogOutputStream:75 - [STDERR_REDIRECT] [Fatal Error] :1:1: Premature end of file.
2026-10-01 12:20:52,328 [ERROR] LogOutputStream:75 - [STDERR_REDIRECT] 
2026-10-01 12:20:53,313 [ERROR] LogOutputStream:75 - [STDERR_REDIRECT] [Fatal Error] :1:1: Premature end of file.
2026-10-01 12:20:53,314 [ERROR] LogOutputStream:75 - [STDERR_REDIRECT] 
2026-10-01 12:20:54,308 [ERROR] LogOutputStream:75 - [STDERR_REDIRECT] [Fatal Error] :1:1: Premature end of file.
2026-10-01 12:20:54,308 [ERROR] LogOutputStream:75 - [STDERR_REDIRECT] 
2026-10-01 12:20:55,315 [ERROR] LogOutputStream:75 - [STDERR_REDIRECT] [Fatal Error] :1:1: Premature end of file.
2026-10-01 12:20:55,315 [ERROR] LogOutputStream:75 - [STDERR_REDIRECT] 
2026-10-01 12:20:56,296 [ERROR] LogOutputStream:75 - [STDERR_REDIRECT] [Fatal Error] :1:1: Premature end of file.
2026-10-01 12:20:56,296 [ERROR] LogOutputStream:75 - [STDERR_REDIRECT] 
2026-10-01 12:20:57,307 [ERROR] LogOutputStream:75 - [STDERR_REDIRECT] [Fatal Error] :1:1: Premature end of file.
2026-10-01 12:20:57,307 [ERROR] LogOutputStream:75 - [STDERR_REDIRECT] 
2026-10-01 12:20:58,324 [ERROR] LogOutputStream:75 - [STDERR_REDIRECT] [Fatal Error] :1:1: Premature end of file.
2026-10-01 12:20:58,324 [ERROR] LogOutputStream:75 - [STDERR_REDIRECT] 
2026-10-01 12:20:59,307 [ERROR] LogOutputStream:75 - [STDERR_REDIRECT] [Fatal Error] :1:1: Premature end of file.
2026-10-01 12:20:59,307 [ERROR] LogOutputStream:75 - [STDERR_REDIRECT] 
2026-10-01 12:21:00,307 [ERROR] LogOutputStream:75 - [STDERR_REDIRECT] [Fatal Error] :1:1: Premature end of file.
2026-10-01 12:21:00,308 [ERROR] LogOutputStream:75 - [STDERR_REDIRECT] 
2026-10-01 12:21:01,301 [ERROR] LogOutputStream:75 - [STDERR_REDIRECT] [Fatal Error] :1:1: Premature end of file.
2026-10-01 12:21:01,302 [ERROR] LogOutputStream:75 - [STDERR_REDIRECT] 
2026-10-01 12:21:02,322 [ERROR] LogOutputStream:75 - [STDERR_REDIRECT] [Fatal Error] :1:1: Premature end of file.
2026-10-01 12:21:02,324 [ERROR] LogOutputStream:75 - [STDERR_REDIRECT] 
2026-10-01 12:21:03,295 [ERROR] LogOutputStream:75 - [STDERR_REDIRECT] [Fatal Error] :1:1: Premature end of file.
2026-10-01 12:21:03,295 [ERROR] LogOutputStream:75 - [STDERR_REDIRECT] 
2026-10-01 12:21:04,303 [ERROR] LogOutputStream:75 - [STDERR_REDIRECT] [Fatal Error] :1:1: Premature end of file.
2026-10-01 12:21:04,303 [ERROR] LogOutputStream:75 - [STDERR_REDIRECT] 
2026-10-01 12:21:05,311 [ERROR] LogOutputStream:75 - [STDERR_REDIRECT] [Fatal Error] :1:1: Premature end of file.
2026-10-01 12:21:05,312 [ERROR] LogOutputStream:75 - [STDERR_REDIRECT] 
2026-10-01 12:21:06,309 [ERROR] LogOutputStream:75 - [STDERR_REDIRECT] [Fatal Error] :1:1: Premature end of file.
2026-10-01 12:21:06,309 [ERROR] LogOutputStream:75 - [STDERR_REDIRECT] 
2026-10-01 12:21:07,308 [ERROR] LogOutputStream:75 - [STDERR_REDIRECT] [Fatal Error] :1:1: Premature end of file.
2026-10-01 12:21:07,308 [ERROR] LogOutputStream:75 - [STDERR_REDIRECT] 
2026-10-01 12:21:08,307 [ERROR] LogOutputStream:75 - [STDERR_REDIRECT] [Fatal Error] :1:1: Premature end of file.
2026-10-01 12:21:08,308 [ERROR] LogOutputStream:75 - [STDERR_REDIRECT] 
2026-10-01 12:21:09,313 [ERROR] LogOutputStream:75 - [STDERR_REDIRECT] [Fatal Error] :1:1: Premature end of file.
2026-10-01 12:21:09,313 [ERROR] LogOutputStream:75 - [STDERR_REDIRECT] 
2026-10-01 12:21:10,306 [ERROR] LogOutputStream:75 - [STDERR_REDIRECT] [Fatal Error] :1:1: Premature end of file.
2026-10-01 12:21:10,306 [ERROR] LogOutputStream:75 - [STDERR_REDIRECT] 
2026-10-01 12:21:11,319 [ERROR] LogOutputStream:75 - [STDERR_REDIRECT] [Fatal Error] :1:1: Premature end of file.
2026-10-01 12:21:11,319 [ERROR] LogOutputStream:75 - [STDERR_REDIRECT] 
2026-10-01 12:21:12,308 [ERROR] LogOutputStream:75 - [STDERR_REDIRECT] [Fatal Error] :1:1: Premature end of file.
2026-10-01 12:21:12,308 [ERROR] LogOutputStream:75 - [STDERR_REDIRECT] 
2026-10-01 12:21:13,298 [ERROR] LogOutputStream:75 - [STDERR_REDIRECT] [Fatal Error] :1:1: Premature end of file.
2026-10-01 12:21:13,298 [ERROR] LogOutputStream:75 - [STDERR_REDIRECT] 
2026-10-01 12:21:14,325 [ERROR] LogOutputStream:75 - [STDERR_REDIRECT] [Fatal Error] :1:1: Premature end of file.
2026-10-01 12:21:14,325 [ERROR] LogOutputStream:75 - [STDERR_REDIRECT] 
2026-10-01 12:21:15,306 [ERROR] LogOutputStream:75 - [STDERR_REDIRECT] [Fatal Error] :1:1: Premature end of file.
2026-10-01 12:21:15,306 [ERROR] LogOutputStream:75 - [STDERR_REDIRECT] 
2026-10-01 12:21:16,302 [ERROR] LogOutputStream:75 - [STDERR_REDIRECT] [Fatal Error] :1:1: Premature end of file.
2026-10-01 12:21:16,302 [ERROR] LogOutputStream:75 - [STDERR_REDIRECT] 
2026-10-01 12:21:17,306 [ERROR] LogOutputStream:75 - [STDERR_REDIRECT] [Fatal Error] :1:1: Premature end of file.
2026-10-01 12:21:17,307 [ERROR] LogOutputStream:75 - [STDERR_REDIRECT] 
2026-10-01 12:21:18,298 [ERROR] LogOutputStream:75 - [STDERR_REDIRECT] [Fatal Error] :1:1: Premature end of file.
2026-10-01 12:21:18,298 [ERROR] LogOutputStream:75 - [STDERR_REDIRECT] 
2026-10-01 12:21:19,304 [ERROR] LogOutputStream:75 - [STDERR_REDIRECT] [Fatal Error] :1:1: Premature end of file.
2026-10-01 12:21:19,305 [ERROR] LogOutputStream:75 - [STDERR_REDIRECT] 
2026-10-01 12:21:20,295 [ERROR] LogOutputStream:75 - [STDERR_REDIRECT] [Fatal Error] :1:1: Premature end of file.
2026-10-01 12:21:20,295 [ERROR] LogOutputStream:75 - [STDERR_REDIRECT] 
2026-10-01 12:21:21,310 [ERROR] LogOutputStream:75 - [STDERR_REDIRECT] [Fatal Error] :1:1: Premature end of file.
2026-10-01 12:21:21,311 [ERROR] LogOutputStream:75 - [STDERR_REDIRECT] 
2026-10-01 12:21:22,298 [ERROR] LogOutputStream:75 - [STDERR_REDIRECT] [Fatal Error] :1:1: Premature end of file.
2026-10-01 12:21:22,298 [ERROR] LogOutputStream:75 - [STDERR_REDIRECT] 
2026-10-01 12:21:23,303 [ERROR] LogOutputStream:75 - [STDERR_REDIRECT] [Fatal Error] :1:1: Premature end of file.
2026-10-01 12:21:23,304 [ERROR] LogOutputStream:75 - [STDERR_REDIRECT] 
2026-10-01 12:21:24,305 [ERROR] LogOutputStream:75 - [STDERR_REDIRECT] [Fatal Error] :1:1: Premature end of file.
2026-10-01 12:21:24,305 [ERROR] LogOutputStream:75 - [STDERR_REDIRECT] 
2026-10-01 12:21:25,304 [ERROR] LogOutputStream:75 - [STDERR_REDIRECT] [Fatal Error] :1:1: Premature end of file.
2026-10-01 12:21:25,304 [ERROR] LogOutputStream:75 - [STDERR_REDIRECT] 
2026-10-01 12:21:26,315 [ERROR] LogOutputStream:75 - [STDERR_REDIRECT] [Fatal Error] :1:1: Premature end of file.
2026-10-01 12:21:26,315 [ERROR] LogOutputStream:75 - [STDERR_REDIRECT] 
2026-10-01 12:21:27,305 [ERROR] LogOutputStream:75 - [STDERR_REDIRECT] [Fatal Error] :1:1: Premature end of file.
2026-10-01 12:21:27,305 [ERROR] LogOutputStream:75 - [STDERR_REDIRECT] 
2026-10-01 12:21:28,318 [ERROR] LogOutputStream:75 - [STDERR_REDIRECT] [Fatal Error] :1:1: Premature end of file.
2026-10-01 12:21:28,318 [ERROR] LogOutputStream:75 - [STDERR_REDIRECT] 
2026-10-01 12:21:29,299 [ERROR] LogOutputStream:75 - [STDERR_REDIRECT] [Fatal Error] :1:1: Premature end of file.
2026-10-01 12:21:29,299 [ERROR] LogOutputStream:75 - [STDERR_REDIRECT] 
2026-10-01 12:21:30,308 [ERROR] LogOutputStream:75 - [STDERR_REDIRECT] [Fatal Error] :1:1: Premature end of file.
2026-10-01 12:21:30,308 [ERROR] LogOutputStream:75 - [STDERR_REDIRECT] 
2026-10-01 12:21:31,303 [ERROR] LogOutputStream:75 - [STDERR_REDIRECT] [Fatal Error] :1:1: Premature end of file.
2026-10-01 12:21:31,304 [ERROR] LogOutputStream:75 - [STDERR_REDIRECT] 
2026-10-01 12:21:32,309 [ERROR] LogOutputStream:75 - [STDERR_REDIRECT] [Fatal Error] :1:1: Premature end of file.
2026-10-01 12:21:32,310 [ERROR] LogOutputStream:75 - [STDERR_REDIRECT] 
2026-10-01 12:21:33,299 [ERROR] LogOutputStream:75 - [STDERR_REDIRECT] [Fatal Error] :1:1: Premature end of file.
2026-10-01 12:21:33,300 [ERROR] LogOutputStream:75 - [STDERR_REDIRECT] 
2026-10-01 12:21:34,308 [ERROR] LogOutputStream:75 - [STDERR_REDIRECT] [Fatal Error] :1:1: Premature end of file.
2026-10-01 12:21:34,308 [ERROR] LogOutputStream:75 - [STDERR_REDIRECT] 
2026-10-01 12:21:35,315 [ERROR] LogOutputStream:75 - [STDERR_REDIRECT] [Fatal Error] :1:1: Premature end of file.
2026-10-01 12:21:35,315 [ERROR] LogOutputStream:75 - [STDERR_REDIRECT] 
2026-10-01 12:21:36,308 [ERROR] LogOutputStream:75 - [STDERR_REDIRECT] [Fatal Error] :1:1: Premature end of file.
2026-10-01 12:21:36,308 [ERROR] LogOutputStream:75 - [STDERR_REDIRECT] 
2026-10-01 12:21:37,300 [ERROR] LogOutputStream:75 - [STDERR_REDIRECT] [Fatal Error] :1:1: Premature end of file.
2026-10-01 12:21:37,300 [ERROR] LogOutputStream:75 - [STDERR_REDIRECT] 
2026-10-01 12:21:38,295 [ERROR] LogOutputStream:75 - [STDERR_REDIRECT] [Fatal Error] :1:1: Premature end of file.
2026-10-01 12:21:38,295 [ERROR] LogOutputStream:75 - [STDERR_REDIRECT] 
2026-10-01 12:21:39,304 [ERROR] LogOutputStream:75 - [STDERR_REDIRECT] [Fatal Error] :1:1: Premature end of file.
2026-10-01 12:21:39,304 [ERROR] LogOutputStream:75 - [STDERR_REDIRECT] 
2026-10-01 12:21:40,304 [ERROR] LogOutputStream:75 - [STDERR_REDIRECT] [Fatal Error] :1:1: Premature end of file.
2026-10-01 12:21:40,305 [ERROR] LogOutputStream:75 - [STDERR_REDIRECT] 
2026-10-01 12:21:41,318 [ERROR] LogOutputStream:75 - [STDERR_REDIRECT] [Fatal Error] :1:1: Premature end of file.
2026-10-01 12:21:41,318 [ERROR] LogOutputStream:75 - [STDERR_REDIRECT] 
2026-10-01 12:21:42,298 [ERROR] LogOutputStream:75 - [STDERR_REDIRECT] [Fatal Error] :1:1: Premature end of file.
2026-10-01 12:21:42,298 [ERROR] LogOutputStream:75 - [STDERR_REDIRECT] 
2026-10-01 12:21:43,328 [ERROR] LogOutputStream:75 - [STDERR_REDIRECT] [Fatal Error] :1:1: Premature end of file.
2026-10-01 12:21:43,328 [ERROR] LogOutputStream:75 - [STDERR_REDIRECT] 
2026-10-01 12:21:44,300 [ERROR] LogOutputStream:75 - [STDERR_REDIRECT] [Fatal Error] :1:1: Premature end of file.
2026-10-01 12:21:44,300 [ERROR] LogOutputStream:75 - [STDERR_REDIRECT] 
2026-10-01 12:21:45,303 [ERROR] LogOutputStream:75 - [STDERR_REDIRECT] [Fatal Error] :1:1: Premature end of file.
2026-10-01 12:21:45,303 [ERROR] LogOutputStream:75 - [STDERR_REDIRECT] 
2026-10-01 12:21:46,308 [ERROR] LogOutputStream:75 - [STDERR_REDIRECT] [Fatal Error] :1:1: Premature end of file.
2026-10-01 12:21:46,308 [ERROR] LogOutputStream:75 - [STDERR_REDIRECT] 
2026-10-01 12:21:47,307 [ERROR] LogOutputStream:75 - [STDERR_REDIRECT] [Fatal Error] :1:1: Premature end of file.
2026-10-01 12:21:47,307 [ERROR] LogOutputStream:75 - [STDERR_REDIRECT] 
2026-10-01 12:21:48,316 [ERROR] LogOutputStream:75 - [STDERR_REDIRECT] [Fatal Error] :1:1: Premature end of file.
2026-10-01 12:21:48,317 [ERROR] LogOutputStream:75 - [STDERR_REDIRECT] 
2026-10-01 12:21:49,300 [ERROR] LogOutputStream:75 - [STDERR_REDIRECT] [Fatal Error] :1:1: Premature end of file.
2026-10-01 12:21:49,300 [ERROR] LogOutputStream:75 - [STDERR_REDIRECT] 
2026-10-01 12:21:50,321 [ERROR] LogOutputStream:75 - [STDERR_REDIRECT] [Fatal Error] :1:1: Premature end of file.
2026-10-01 12:21:50,322 [ERROR] LogOutputStream:75 - [STDERR_REDIRECT] 
2026-10-01 12:21:51,311 [ERROR] LogOutputStream:75 - [STDERR_REDIRECT] [Fatal Error] :1:1: Premature end of file.
2026-10-01 12:21:51,312 [ERROR] LogOutputStream:75 - [STDERR_REDIRECT] 
2026-10-01 12:21:52,296 [ERROR] LogOutputStream:75 - [STDERR_REDIRECT] [Fatal Error] :1:1: Premature end of file.
2026-10-01 12:21:52,296 [ERROR] LogOutputStream:75 - [STDERR_REDIRECT] 
2026-10-01 12:21:53,307 [ERROR] LogOutputStream:75 - [STDERR_REDIRECT] [Fatal Error] :1:1: Premature end of file.
2026-10-01 12:21:53,307 [ERROR] LogOutputStream:75 - [STDERR_REDIRECT] 
2026-10-01 12:21:54,308 [ERROR] LogOutputStream:75 - [STDERR_REDIRECT] [Fatal Error] :1:1: Premature end of file.
2026-10-01 12:21:54,308 [ERROR] LogOutputStream:75 - [STDERR_REDIRECT] 
2026-10-01 12:21:55,314 [ERROR] LogOutputStream:75 - [STDERR_REDIRECT] [Fatal Error] :1:1: Premature end of file.
2026-10-01 12:21:55,314 [ERROR] LogOutputStream:75 - [STDERR_REDIRECT] 
2026-10-01 12:21:56,310 [ERROR] LogOutputStream:75 - [STDERR_REDIRECT] [Fatal Error] :1:1: Premature end of file.
2026-10-01 12:21:56,311 [ERROR] LogOutputStream:75 - [STDERR_REDIRECT] 
2026-10-01 12:21:57,317 [ERROR] LogOutputStream:75 - [STDERR_REDIRECT] [Fatal Error] :1:1: Premature end of file.
2026-10-01 12:21:57,318 [ERROR] LogOutputStream:75 - [STDERR_REDIRECT] 
2026-10-01 12:21:58,315 [ERROR] LogOutputStream:75 - [STDERR_REDIRECT] [Fatal Error] :1:1: Premature end of file.
2026-10-01 12:21:58,315 [ERROR] LogOutputStream:75 - [STDERR_REDIRECT] 
2026-10-01 12:21:59,306 [ERROR] LogOutputStream:75 - [STDERR_REDIRECT] [Fatal Error] :1:1: Premature end of file.
2026-10-01 12:21:59,306 [ERROR] LogOutputStream:75 - [STDERR_REDIRECT] 
2026-10-01 12:22:00,313 [ERROR] LogOutputStream:75 - [STDERR_REDIRECT] [Fatal Error] :1:1: Premature end of file.
2026-10-01 12:22:00,313 [ERROR] LogOutputStream:75 - [STDERR_REDIRECT] 
2026-10-01 12:22:01,325 [ERROR] LogOutputStream:75 - [STDERR_REDIRECT] [Fatal Error] :1:1: Premature end of file.
2026-10-01 12:22:01,325 [ERROR] LogOutputStream:75 - [STDERR_REDIRECT] 
2026-10-01 12:22:02,299 [ERROR] LogOutputStream:75 - [STDERR_REDIRECT] [Fatal Error] :1:1: Premature end of file.
2026-10-01 12:22:02,299 [ERROR] LogOutputStream:75 - [STDERR_REDIRECT] 
2026-10-01 12:22:03,329 [ERROR] LogOutputStream:75 - [STDERR_REDIRECT] [Fatal Error] :1:1: Premature end of file.
2026-10-01 12:22:03,330 [ERROR] LogOutputStream:75 - [STDERR_REDIRECT] 
2026-10-01 12:22:04,401 [ERROR] LogOutputStream:75 - [STDERR_REDIRECT] [Fatal Error] :1:1: Premature end of file.
2026-10-01 12:22:04,401 [ERROR] LogOutputStream:75 - [STDERR_REDIRECT] 
2026-10-01 12:22:05,307 [ERROR] LogOutputStream:75 - [STDERR_REDIRECT] [Fatal Error] :1:1: Premature end of file.
2026-10-01 12:22:05,307 [ERROR] LogOutputStream:75 - [STDERR_REDIRECT] 
2026-10-01 12:22:06,304 [ERROR] LogOutputStream:75 - [STDERR_REDIRECT] [Fatal Error] :1:1: Premature end of file.
2026-10-01 12:22:06,304 [ERROR] LogOutputStream:75 - [STDERR_REDIRECT] 
2026-10-01 12:22:07,300 [ERROR] LogOutputStream:75 - [STDERR_REDIRECT] [Fatal Error] :1:1: Premature end of file.
2026-10-01 12:22:07,300 [ERROR] LogOutputStream:75 - [STDERR_REDIRECT] 
2026-10-01 12:22:08,304 [ERROR] LogOutputStream:75 - [STDERR_REDIRECT] [Fatal Error] :1:1: Premature end of file.
2026-10-01 12:22:08,305 [ERROR] LogOutputStream:75 - [STDERR_REDIRECT] 
2026-10-01 12:22:09,300 [ERROR] LogOutputStream:75 - [STDERR_REDIRECT] [Fatal Error] :1:1: Premature end of file.
2026-10-01 12:22:09,300 [ERROR] LogOutputStream:75 - [STDERR_REDIRECT] 
2026-10-01 12:22:10,307 [ERROR] LogOutputStream:75 - [STDERR_REDIRECT] [Fatal Error] :1:1: Premature end of file.
2026-10-01 12:22:10,308 [ERROR] LogOutputStream:75 - [STDERR_REDIRECT] 
2026-10-01 12:22:11,299 [ERROR] LogOutputStream:75 - [STDERR_REDIRECT] [Fatal Error] :1:1: Premature end of file.
2026-10-01 12:22:11,300 [ERROR] LogOutputStream:75 - [STDERR_REDIRECT] 
2026-10-01 12:22:12,311 [ERROR] LogOutputStream:75 - [STDERR_REDIRECT] [Fatal Error] :1:1: Premature end of file.
2026-10-01 12:22:12,311 [ERROR] LogOutputStream:75 - [STDERR_REDIRECT] 
2026-10-01 12:22:13,308 [ERROR] LogOutputStream:75 - [STDERR_REDIRECT] [Fatal Error] :1:1: Premature end of file.
2026-10-01 12:22:13,308 [ERROR] LogOutputStream:75 - [STDERR_REDIRECT] 
2026-10-01 12:22:14,299 [ERROR] LogOutputStream:75 - [STDERR_REDIRECT] [Fatal Error] :1:1: Premature end of file.
2026-10-01 12:22:14,299 [ERROR] LogOutputStream:75 - [STDERR_REDIRECT] 
2026-10-01 12:22:15,317 [ERROR] LogOutputStream:75 - [STDERR_REDIRECT] [Fatal Error] :1:1: Premature end of file.
2026-10-01 12:22:15,317 [ERROR] LogOutputStream:75 - [STDERR_REDIRECT] 
2026-10-01 12:22:16,299 [ERROR] LogOutputStream:75 - [STDERR_REDIRECT] [Fatal Error] :1:1: Premature end of file.
2026-10-01 12:22:16,300 [ERROR] LogOutputStream:75 - [STDERR_REDIRECT] 
2026-10-01 12:22:17,303 [ERROR] LogOutputStream:75 - [STDERR_REDIRECT] [Fatal Error] :1:1: Premature end of file.
2026-10-01 12:22:17,303 [ERROR] LogOutputStream:75 - [STDERR_REDIRECT] 
2026-10-01 12:22:18,312 [ERROR] LogOutputStream:75 - [STDERR_REDIRECT] [Fatal Error] :1:1: Premature end of file.
2026-10-01 12:22:18,385 [ERROR] LogOutputStream:75 - [STDERR_REDIRECT] 
2026-10-01 12:22:19,312 [ERROR] LogOutputStream:75 - [STDERR_REDIRECT] [Fatal Error] :1:1: Premature end of file.
2026-10-01 12:22:19,312 [ERROR] LogOutputStream:75 - [STDERR_REDIRECT] 
2026-10-01 12:22:20,314 [ERROR] LogOutputStream:75 - [STDERR_REDIRECT] [Fatal Error] :1:1: Premature end of file.
2026-10-01 12:22:20,314 [ERROR] LogOutputStream:75 - [STDERR_REDIRECT] 
2026-10-01 12:22:21,305 [ERROR] LogOutputStream:75 - [STDERR_REDIRECT] [Fatal Error] :1:1: Premature end of file.
2026-10-01 12:22:21,305 [ERROR] LogOutputStream:75 - [STDERR_REDIRECT] 
2026-10-01 12:22:22,306 [ERROR] LogOutputStream:75 - [STDERR_REDIRECT] [Fatal Error] :1:1: Premature end of file.
2026-10-01 12:22:22,307 [ERROR] LogOutputStream:75 - [STDERR_REDIRECT] 
2026-10-01 12:22:23,299 [ERROR] LogOutputStream:75 - [STDERR_REDIRECT] [Fatal Error] :1:1: Premature end of file.
2026-10-01 12:22:23,299 [ERROR] LogOutputStream:75 - [STDERR_REDIRECT] 
2026-10-01 12:22:24,310 [ERROR] LogOutputStream:75 - [STDERR_REDIRECT] [Fatal Error] :1:1: Premature end of file.
2026-10-01 12:22:24,311 [ERROR] LogOutputStream:75 - [STDERR_REDIRECT] 
2026-10-01 12:22:25,436 [ERROR] LogOutputStream:75 - [STDERR_REDIRECT] [Fatal Error] :1:1: Premature end of file.
2026-10-01 12:22:25,437 [ERROR] LogOutputStream:75 - [STDERR_REDIRECT] 
2026-10-01 12:22:26,307 [ERROR] LogOutputStream:75 - [STDERR_REDIRECT] [Fatal Error] :1:1: Premature end of file.
2026-10-01 12:22:26,308 [ERROR] LogOutputStream:75 - [STDERR_REDIRECT] 
2026-10-01 12:22:27,313 [ERROR] LogOutputStream:75 - [STDERR_REDIRECT] [Fatal Error] :1:1: Premature end of file.
2026-10-01 12:22:27,313 [ERROR] LogOutputStream:75 - [STDERR_REDIRECT] 
2026-10-01 12:22:28,308 [ERROR] LogOutputStream:75 - [STDERR_REDIRECT] [Fatal Error] :1:1: Premature end of file.
2026-10-01 12:22:28,308 [ERROR] LogOutputStream:75 - [STDERR_REDIRECT] 
2026-10-01 12:22:29,297 [ERROR] LogOutputStream:75 - [STDERR_REDIRECT] [Fatal Error] :1:1: Premature end of file.
2026-10-01 12:22:29,297 [ERROR] LogOutputStream:75 - [STDERR_REDIRECT] 
2026-10-01 12:22:30,312 [ERROR] LogOutputStream:75 - [STDERR_REDIRECT] [Fatal Error] :1:1: Premature end of file.
2026-10-01 12:22:30,313 [ERROR] LogOutputStream:75 - [STDERR_REDIRECT] 
2026-10-01 12:22:31,311 [ERROR] LogOutputStream:75 - [STDERR_REDIRECT] [Fatal Error] :1:1: Premature end of file.
2026-10-01 12:22:31,312 [ERROR] LogOutputStream:75 - [STDERR_REDIRECT] 
2026-10-01 12:22:32,308 [ERROR] LogOutputStream:75 - [STDERR_REDIRECT] [Fatal Error] :1:1: Premature end of file.
2026-10-01 12:22:32,309 [ERROR] LogOutputStream:75 - [STDERR_REDIRECT] 
2026-10-01 12:22:33,296 [ERROR] LogOutputStream:75 - [STDERR_REDIRECT] [Fatal Error] :1:1: Premature end of file.
2026-10-01 12:22:33,296 [ERROR] LogOutputStream:75 - [STDERR_REDIRECT] 
2026-10-01 12:22:34,320 [ERROR] LogOutputStream:75 - [STDERR_REDIRECT] [Fatal Error] :1:1: Premature end of file.
2026-10-01 12:22:34,321 [ERROR] LogOutputStream:75 - [STDERR_REDIRECT] 
2026-10-01 12:22:35,307 [ERROR] LogOutputStream:75 - [STDERR_REDIRECT] [Fatal Error] :1:1: Premature end of file.
2026-10-01 12:22:35,307 [ERROR] LogOutputStream:75 - [STDERR_REDIRECT] 
2026-10-01 12:22:36,315 [ERROR] LogOutputStream:75 - [STDERR_REDIRECT] [Fatal Error] :1:1: Premature end of file.
2026-10-01 12:22:36,315 [ERROR] LogOutputStream:75 - [STDERR_REDIRECT] 
2026-10-01 12:22:37,314 [ERROR] LogOutputStream:75 - [STDERR_REDIRECT] [Fatal Error] :1:1: Premature end of file.
2026-10-01 12:22:37,314 [ERROR] LogOutputStream:75 - [STDERR_REDIRECT] 
2026-10-01 12:22:38,308 [ERROR] LogOutputStream:75 - [STDERR_REDIRECT] [Fatal Error] :1:1: Premature end of file.
2026-10-01 12:22:38,308 [ERROR] LogOutputStream:75 - [STDERR_REDIRECT] 
2026-10-01 12:22:39,302 [ERROR] LogOutputStream:75 - [STDERR_REDIRECT] [Fatal Error] :1:1: Premature end of file.
2026-10-01 12:22:39,302 [ERROR] LogOutputStream:75 - [STDERR_REDIRECT] 
2026-10-01 12:22:40,317 [ERROR] LogOutputStream:75 - [STDERR_REDIRECT] [Fatal Error] :1:1: Premature end of file.
2026-10-01 12:22:40,317 [ERROR] LogOutputStream:75 - [STDERR_REDIRECT] 
2026-10-01 12:22:41,304 [ERROR] LogOutputStream:75 - [STDERR_REDIRECT] [Fatal Error] :1:1: Premature end of file.
2026-10-01 12:22:41,305 [ERROR] LogOutputStream:75 - [STDERR_REDIRECT] 
2026-10-01 12:22:42,295 [ERROR] LogOutputStream:75 - [STDERR_REDIRECT] [Fatal Error] :1:1: Premature end of file.
2026-10-01 12:22:42,295 [ERROR] LogOutputStream:75 - [STDERR_REDIRECT] 
2026-10-01 12:22:43,298 [ERROR] LogOutputStream:75 - [STDERR_REDIRECT] [Fatal Error] :1:1: Premature end of file.
2026-10-01 12:22:43,299 [ERROR] LogOutputStream:75 - [STDERR_REDIRECT] 
2026-10-01 12:22:44,292 [ERROR] LogOutputStream:75 - [STDERR_REDIRECT] [Fatal Error] :1:1: Premature end of file.
2026-10-01 12:22:44,292 [ERROR] LogOutputStream:75 - [STDERR_REDIRECT] 
2026-10-01 12:22:45,306 [ERROR] LogOutputStream:75 - [STDERR_REDIRECT] [Fatal Error] :1:1: Premature end of file.
2026-10-01 12:22:45,306 [ERROR] LogOutputStream:75 - [STDERR_REDIRECT] 
2026-10-01 12:22:46,295 [ERROR] LogOutputStream:75 - [STDERR_REDIRECT] [Fatal Error] :1:1: Premature end of file.
2026-10-01 12:22:46,295 [ERROR] LogOutputStream:75 - [STDERR_REDIRECT] 
2026-10-01 12:22:47,302 [ERROR] LogOutputStream:75 - [STDERR_REDIRECT] [Fatal Error] :1:1: Premature end of file.
2026-10-01 12:22:47,302 [ERROR] LogOutputStream:75 - [STDERR_REDIRECT] 
2026-10-01 12:22:48,300 [ERROR] LogOutputStream:75 - [STDERR_REDIRECT] [Fatal Error] :1:1: Premature end of file.
2026-10-01 12:22:48,300 [ERROR] LogOutputStream:75 - [STDERR_REDIRECT] 
2026-10-01 12:22:49,301 [ERROR] LogOutputStream:75 - [STDERR_REDIRECT] [Fatal Error] :1:1: Premature end of file.
2026-10-01 12:22:49,301 [ERROR] LogOutputStream:75 - [STDERR_REDIRECT] 
2026-10-01 12:22:50,296 [ERROR] LogOutputStream:75 - [STDERR_REDIRECT] [Fatal Error] :1:1: Premature end of file.
2026-10-01 12:22:50,296 [ERROR] LogOutputStream:75 - [STDERR_REDIRECT] 
2026-10-01 12:22:51,296 [ERROR] LogOutputStream:75 - [STDERR_REDIRECT] [Fatal Error] :1:1: Premature end of file.
2026-10-01 12:22:51,296 [ERROR] LogOutputStream:75 - [STDERR_REDIRECT] 
2026-10-01 12:22:52,292 [ERROR] LogOutputStream:75 - [STDERR_REDIRECT] [Fatal Error] :1:1: Premature end of file.
2026-10-01 12:22:52,293 [ERROR] LogOutputStream:75 - [STDERR_REDIRECT] 
2026-10-01 12:22:53,306 [ERROR] LogOutputStream:75 - [STDERR_REDIRECT] [Fatal Error] :1:1: Premature end of file.
2026-10-01 12:22:53,306 [ERROR] LogOutputStream:75 - [STDERR_REDIRECT] 
2026-10-01 12:22:54,306 [ERROR] LogOutputStream:75 - [STDERR_REDIRECT] [Fatal Error] :1:1: Premature end of file.
2026-10-01 12:22:54,306 [ERROR] LogOutputStream:75 - [STDERR_REDIRECT] 
2026-10-01 12:22:55,295 [ERROR] LogOutputStream:75 - [STDERR_REDIRECT] [Fatal Error] :1:1: Premature end of file.
2026-10-01 12:22:55,295 [ERROR] LogOutputStream:75 - [STDERR_REDIRECT] 
2026-10-01 12:22:56,304 [ERROR] LogOutputStream:75 - [STDERR_REDIRECT] [Fatal Error] :1:1: Premature end of file.
2026-10-01 12:22:56,304 [ERROR] LogOutputStream:75 - [STDERR_REDIRECT] 
2026-10-01 12:22:57,300 [ERROR] LogOutputStream:75 - [STDERR_REDIRECT] [Fatal Error] :1:1: Premature end of file.
2026-10-01 12:22:57,300 [ERROR] LogOutputStream:75 - [STDERR_REDIRECT] 
2026-10-01 12:22:58,296 [ERROR] LogOutputStream:75 - [STDERR_REDIRECT] [Fatal Error] :1:1: Premature end of file.
2026-10-01 12:22:58,297 [ERROR] LogOutputStream:75 - [STDERR_REDIRECT] 
2026-10-01 12:22:59,294 [ERROR] LogOutputStream:75 - [STDERR_REDIRECT] [Fatal Error] :1:1: Premature end of file.
2026-10-01 12:22:59,294 [ERROR] LogOutputStream:75 - [STDERR_REDIRECT] 
2026-10-01 12:23:00,294 [ERROR] LogOutputStream:75 - [STDERR_REDIRECT] [Fatal Error] :1:1: Premature end of file.
2026-10-01 12:23:00,294 [ERROR] LogOutputStream:75 - [STDERR_REDIRECT] 
2026-10-01 12:23:01,306 [ERROR] LogOutputStream:75 - [STDERR_REDIRECT] [Fatal Error] :1:1: Premature end of file.
2026-10-01 12:23:01,306 [ERROR] LogOutputStream:75 - [STDERR_REDIRECT] 
2026-10-01 12:23:02,305 [ERROR] LogOutputStream:75 - [STDERR_REDIRECT] [Fatal Error] :1:1: Premature end of file.
2026-10-01 12:23:02,305 [ERROR] LogOutputStream:75 - [STDERR_REDIRECT] 
2026-10-01 12:23:03,298 [ERROR] LogOutputStream:75 - [STDERR_REDIRECT] [Fatal Error] :1:1: Premature end of file.
2026-10-01 12:23:03,299 [ERROR] LogOutputStream:75 - [STDERR_REDIRECT] 
2026-10-01 12:23:04,296 [ERROR] LogOutputStream:75 - [STDERR_REDIRECT] [Fatal Error] :1:1: Premature end of file.
2026-10-01 12:23:04,296 [ERROR] LogOutputStream:75 - [STDERR_REDIRECT] 
2026-10-01 12:23:05,310 [ERROR] LogOutputStream:75 - [STDERR_REDIRECT] [Fatal Error] :1:1: Premature end of file.
2026-10-01 12:23:05,311 [ERROR] LogOutputStream:75 - [STDERR_REDIRECT] 
2026-10-01 12:23:06,299 [ERROR] LogOutputStream:75 - [STDERR_REDIRECT] [Fatal Error] :1:1: Premature end of file.
2026-10-01 12:23:06,299 [ERROR] LogOutputStream:75 - [STDERR_REDIRECT] 
2026-10-01 12:23:07,300 [ERROR] LogOutputStream:75 - [STDERR_REDIRECT] [Fatal Error] :1:1: Premature end of file.
2026-10-01 12:23:07,301 [ERROR] LogOutputStream:75 - [STDERR_REDIRECT] 
2026-10-01 12:23:08,295 [ERROR] LogOutputStream:75 - [STDERR_REDIRECT] [Fatal Error] :1:1: Premature end of file.
2026-10-01 12:23:08,295 [ERROR] LogOutputStream:75 - [STDERR_REDIRECT] 
2026-10-01 12:23:09,302 [ERROR] LogOutputStream:75 - [STDERR_REDIRECT] [Fatal Error] :1:1: Premature end of file.
2026-10-01 12:23:09,302 [ERROR] LogOutputStream:75 - [STDERR_REDIRECT] 
2026-10-01 12:23:10,298 [ERROR] LogOutputStream:75 - [STDERR_REDIRECT] [Fatal Error] :1:1: Premature end of file.
2026-10-01 12:23:10,298 [ERROR] LogOutputStream:75 - [STDERR_REDIRECT] 
2026-10-01 12:23:11,320 [ERROR] LogOutputStream:75 - [STDERR_REDIRECT] [Fatal Error] :1:1: Premature end of file.
2026-10-01 12:23:11,320 [ERROR] LogOutputStream:75 - [STDERR_REDIRECT] 
2026-10-01 12:23:12,289 [ERROR] LogOutputStream:75 - [STDERR_REDIRECT] [Fatal Error] :1:1: Premature end of file.
2026-10-01 12:23:12,289 [ERROR] LogOutputStream:75 - [STDERR_REDIRECT] 
2026-10-01 12:23:13,313 [ERROR] LogOutputStream:75 - [STDERR_REDIRECT] [Fatal Error] :1:1: Premature end of file.
2026-10-01 12:23:13,313 [ERROR] LogOutputStream:75 - [STDERR_REDIRECT] 
2026-10-01 12:23:14,294 [ERROR] LogOutputStream:75 - [STDERR_REDIRECT] [Fatal Error] :1:1: Premature end of file.
2026-10-01 12:23:14,294 [ERROR] LogOutputStream:75 - [STDERR_REDIRECT] 
2026-10-01 12:23:15,299 [ERROR] LogOutputStream:75 - [STDERR_REDIRECT] [Fatal Error] :1:1: Premature end of file.
2026-10-01 12:23:15,299 [ERROR] LogOutputStream:75 - [STDERR_REDIRECT] 
2026-10-01 12:23:16,302 [ERROR] LogOutputStream:75 - [STDERR_REDIRECT] [Fatal Error] :1:1: Premature end of file.
2026-10-01 12:23:16,302 [ERROR] LogOutputStream:75 - [STDERR_REDIRECT] 
2026-10-01 12:23:17,300 [ERROR] LogOutputStream:75 - [STDERR_REDIRECT] [Fatal Error] :1:1: Premature end of file.
2026-10-01 12:23:17,300 [ERROR] LogOutputStream:75 - [STDERR_REDIRECT] 
2026-10-01 12:23:18,309 [ERROR] LogOutputStream:75 - [STDERR_REDIRECT] [Fatal Error] :1:1: Premature end of file.
2026-10-01 12:23:18,309 [ERROR] LogOutputStream:75 - [STDERR_REDIRECT] 
2026-10-01 12:23:19,308 [ERROR] LogOutputStream:75 - [STDERR_REDIRECT] [Fatal Error] :1:1: Premature end of file.
2026-10-01 12:23:19,308 [ERROR] LogOutputStream:75 - [STDERR_REDIRECT] 
2026-10-01 12:23:20,321 [ERROR] LogOutputStream:75 - [STDERR_REDIRECT] [Fatal Error] :1:1: Premature end of file.
2026-10-01 12:23:20,321 [ERROR] LogOutputStream:75 - [STDERR_REDIRECT] 
2026-10-01 12:23:21,294 [ERROR] LogOutputStream:75 - [STDERR_REDIRECT] [Fatal Error] :1:1: Premature end of file.
2026-10-01 12:23:21,294 [ERROR] LogOutputStream:75 - [STDERR_REDIRECT] 
2026-10-01 12:23:22,314 [ERROR] LogOutputStream:75 - [STDERR_REDIRECT] [Fatal Error] :1:1: Premature end of file.
2026-10-01 12:23:22,314 [ERROR] LogOutputStream:75 - [STDERR_REDIRECT] 
2026-10-01 12:23:23,296 [ERROR] LogOutputStream:75 - [STDERR_REDIRECT] [Fatal Error] :1:1: Premature end of file.
2026-10-01 12:23:23,296 [ERROR] LogOutputStream:75 - [STDERR_REDIRECT] 
2026-10-01 12:23:24,309 [ERROR] LogOutputStream:75 - [STDERR_REDIRECT] [Fatal Error] :1:1: Premature end of file.
2026-10-01 12:23:24,309 [ERROR] LogOutputStream:75 - [STDERR_REDIRECT] 
2026-10-01 12:23:25,305 [ERROR] LogOutputStream:75 - [STDERR_REDIRECT] [Fatal Error] :1:1: Premature end of file.
2026-10-01 12:23:25,306 [ERROR] LogOutputStream:75 - [STDERR_REDIRECT] 
2026-10-01 12:23:26,306 [ERROR] LogOutputStream:75 - [STDERR_REDIRECT] [Fatal Error] :1:1: Premature end of file.
2026-10-01 12:23:26,306 [ERROR] LogOutputStream:75 - [STDERR_REDIRECT] 
2026-10-01 12:23:27,292 [ERROR] LogOutputStream:75 - [STDERR_REDIRECT] [Fatal Error] :1:1: Premature end of file.
2026-10-01 12:23:27,292 [ERROR] LogOutputStream:75 - [STDERR_REDIRECT] 
2026-10-01 12:23:28,293 [ERROR] LogOutputStream:75 - [STDERR_REDIRECT] [Fatal Error] :1:1: Premature end of file.
2026-10-01 12:23:28,293 [ERROR] LogOutputStream:75 - [STDERR_REDIRECT] 
2026-10-01 12:23:29,298 [ERROR] LogOutputStream:75 - [STDERR_REDIRECT] [Fatal Error] :1:1: Premature end of file.
2026-10-01 12:23:29,298 [ERROR] LogOutputStream:75 - [STDERR_REDIRECT] 
2026-10-01 12:23:30,301 [ERROR] LogOutputStream:75 - [STDERR_REDIRECT] [Fatal Error] :1:1: Premature end of file.
2026-10-01 12:23:30,301 [ERROR] LogOutputStream:75 - [STDERR_REDIRECT] 
2026-10-01 12:23:31,314 [ERROR] LogOutputStream:75 - [STDERR_REDIRECT] [Fatal Error] :1:1: Premature end of file.
2026-10-01 12:23:31,314 [ERROR] LogOutputStream:75 - [STDERR_REDIRECT] 
2026-10-01 12:23:32,306 [ERROR] LogOutputStream:75 - [STDERR_REDIRECT] [Fatal Error] :1:1: Premature end of file.
2026-10-01 12:23:32,306 [ERROR] LogOutputStream:75 - [STDERR_REDIRECT] 
2026-10-01 12:23:33,295 [ERROR] LogOutputStream:75 - [STDERR_REDIRECT] [Fatal Error] :1:1: Premature end of file.
2026-10-01 12:23:33,296 [ERROR] LogOutputStream:75 - [STDERR_REDIRECT] 
2026-10-01 12:23:34,319 [ERROR] LogOutputStream:75 - [STDERR_REDIRECT] [Fatal Error] :1:1: Premature end of file.
2026-10-01 12:23:34,319 [ERROR] LogOutputStream:75 - [STDERR_REDIRECT] 
2026-10-01 12:23:35,304 [ERROR] LogOutputStream:75 - [STDERR_REDIRECT] [Fatal Error] :1:1: Premature end of file.
2026-10-01 12:23:35,304 [ERROR] LogOutputStream:75 - [STDERR_REDIRECT] 
2026-10-01 12:23:36,301 [ERROR] LogOutputStream:75 - [STDERR_REDIRECT] [Fatal Error] :1:1: Premature end of file.
2026-10-01 12:23:36,301 [ERROR] LogOutputStream:75 - [STDERR_REDIRECT] 
2026-10-01 12:23:37,327 [ERROR] LogOutputStream:75 - [STDERR_REDIRECT] [Fatal Error] :1:1: Premature end of file.
2026-10-01 12:23:37,327 [ERROR] LogOutputStream:75 - [STDERR_REDIRECT] 
2026-10-01 12:23:38,296 [ERROR] LogOutputStream:75 - [STDERR_REDIRECT] [Fatal Error] :1:1: Premature end of file.
2026-10-01 12:23:38,296 [ERROR] LogOutputStream:75 - [STDERR_REDIRECT] 
2026-10-01 12:23:39,305 [ERROR] LogOutputStream:75 - [STDERR_REDIRECT] [Fatal Error] :1:1: Premature end of file.
2026-10-01 12:23:39,305 [ERROR] LogOutputStream:75 - [STDERR_REDIRECT] 
2026-10-01 12:23:40,306 [ERROR] LogOutputStream:75 - [STDERR_REDIRECT] [Fatal Error] :1:1: Premature end of file.
2026-10-01 12:23:40,307 [ERROR] LogOutputStream:75 - [STDERR_REDIRECT] 
2026-10-01 12:23:41,306 [ERROR] LogOutputStream:75 - [STDERR_REDIRECT] [Fatal Error] :1:1: Premature end of file.
2026-10-01 12:23:41,306 [ERROR] LogOutputStream:75 - [STDERR_REDIRECT] 
2026-10-01 12:23:42,317 [ERROR] LogOutputStream:75 - [STDERR_REDIRECT] [Fatal Error] :1:1: Premature end of file.
2026-10-01 12:23:42,317 [ERROR] LogOutputStream:75 - [STDERR_REDIRECT] 
2026-10-01 12:23:43,317 [ERROR] LogOutputStream:75 - [STDERR_REDIRECT] [Fatal Error] :1:1: Premature end of file.
2026-10-01 12:23:43,317 [ERROR] LogOutputStream:75 - [STDERR_REDIRECT] 
2026-10-01 12:23:44,316 [ERROR] LogOutputStream:75 - [STDERR_REDIRECT] [Fatal Error] :1:1: Premature end of file.
2026-10-01 12:23:44,316 [ERROR] LogOutputStream:75 - [STDERR_REDIRECT] 
2026-10-01 12:23:45,315 [ERROR] LogOutputStream:75 - [STDERR_REDIRECT] [Fatal Error] :1:1: Premature end of file.
2026-10-01 12:23:45,315 [ERROR] LogOutputStream:75 - [STDERR_REDIRECT] 
2026-10-01 12:23:46,304 [ERROR] LogOutputStream:75 - [STDERR_REDIRECT] [Fatal Error] :1:1: Premature end of file.
2026-10-01 12:23:46,304 [ERROR] LogOutputStream:75 - [STDERR_REDIRECT] 
2026-10-01 12:23:47,309 [ERROR] LogOutputStream:75 - [STDERR_REDIRECT] [Fatal Error] :1:1: Premature end of file.
2026-10-01 12:23:47,319 [ERROR] LogOutputStream:75 - [STDERR_REDIRECT] 
2026-10-01 12:23:48,315 [ERROR] LogOutputStream:75 - [STDERR_REDIRECT] [Fatal Error] :1:1: Premature end of file.
2026-10-01 12:23:48,315 [ERROR] LogOutputStream:75 - [STDERR_REDIRECT] 
2026-10-01 12:23:49,299 [ERROR] LogOutputStream:75 - [STDERR_REDIRECT] [Fatal Error] :1:1: Premature end of file.
2026-10-01 12:23:49,299 [ERROR] LogOutputStream:75 - [STDERR_REDIRECT] 
2026-10-01 12:23:50,301 [ERROR] LogOutputStream:75 - [STDERR_REDIRECT] [Fatal Error] :1:1: Premature end of file.
2026-10-01 12:23:50,302 [ERROR] LogOutputStream:75 - [STDERR_REDIRECT] 
2026-10-01 12:23:51,301 [ERROR] LogOutputStream:75 - [STDERR_REDIRECT] [Fatal Error] :1:1: Premature end of file.
2026-10-01 12:23:51,302 [ERROR] LogOutputStream:75 - [STDERR_REDIRECT] 
2026-10-01 12:23:52,317 [ERROR] LogOutputStream:75 - [STDERR_REDIRECT] [Fatal Error] :1:1: Premature end of file.
2026-10-01 12:23:52,318 [ERROR] LogOutputStream:75 - [STDERR_REDIRECT] 
2026-10-01 12:23:53,315 [ERROR] LogOutputStream:75 - [STDERR_REDIRECT] [Fatal Error] :1:1: Premature end of file.
2026-10-01 12:23:53,316 [ERROR] LogOutputStream:75 - [STDERR_REDIRECT] 
2026-10-01 12:23:54,295 [ERROR] LogOutputStream:75 - [STDERR_REDIRECT] [Fatal Error] :1:1: Premature end of file.
2026-10-01 12:23:54,296 [ERROR] LogOutputStream:75 - [STDERR_REDIRECT] 
2026-10-01 12:23:55,308 [ERROR] LogOutputStream:75 - [STDERR_REDIRECT] [Fatal Error] :1:1: Premature end of file.
2026-10-01 12:23:55,308 [ERROR] LogOutputStream:75 - [STDERR_REDIRECT] 
2026-10-01 12:23:56,297 [ERROR] LogOutputStream:75 - [STDERR_REDIRECT] [Fatal Error] :1:1: Premature end of file.
2026-10-01 12:23:56,297 [ERROR] LogOutputStream:75 - [STDERR_REDIRECT] 
2026-10-01 12:23:57,306 [ERROR] LogOutputStream:75 - [STDERR_REDIRECT] [Fatal Error] :1:1: Premature end of file.
2026-10-01 12:23:57,307 [ERROR] LogOutputStream:75 - [STDERR_REDIRECT] 
2026-10-01 12:23:58,299 [ERROR] LogOutputStream:75 - [STDERR_REDIRECT] [Fatal Error] :1:1: Premature end of file.
2026-10-01 12:23:58,299 [ERROR] LogOutputStream:75 - [STDERR_REDIRECT] 
2026-10-01 12:23:59,300 [ERROR] LogOutputStream:75 - [STDERR_REDIRECT] [Fatal Error] :1:1: Premature end of file.
2026-10-01 12:23:59,300 [ERROR] LogOutputStream:75 - [STDERR_REDIRECT] 
2026-10-01 12:24:00,306 [ERROR] LogOutputStream:75 - [STDERR_REDIRECT] [Fatal Error] :1:1: Premature end of file.
2026-10-01 12:24:00,306 [ERROR] LogOutputStream:75 - [STDERR_REDIRECT] 
2026-10-01 12:24:01,322 [ERROR] LogOutputStream:75 - [STDERR_REDIRECT] [Fatal Error] :1:1: Premature end of file.
2026-10-01 12:24:01,322 [ERROR] LogOutputStream:75 - [STDERR_REDIRECT] 
2026-10-01 12:24:02,298 [ERROR] LogOutputStream:75 - [STDERR_REDIRECT] [Fatal Error] :1:1: Premature end of file.
2026-10-01 12:24:02,298 [ERROR] LogOutputStream:75 - [STDERR_REDIRECT] 
2026-10-01 12:24:03,308 [ERROR] LogOutputStream:75 - [STDERR_REDIRECT] [Fatal Error] :1:1: Premature end of file.
2026-10-01 12:24:03,309 [ERROR] LogOutputStream:75 - [STDERR_REDIRECT] 
2026-10-01 12:24:04,314 [ERROR] LogOutputStream:75 - [STDERR_REDIRECT] [Fatal Error] :1:1: Premature end of file.
2026-10-01 12:24:04,316 [ERROR] LogOutputStream:75 - [STDERR_REDIRECT] 
2026-10-01 12:24:05,300 [ERROR] LogOutputStream:75 - [STDERR_REDIRECT] [Fatal Error] :1:1: Premature end of file.
2026-10-01 12:24:05,301 [ERROR] LogOutputStream:75 - [STDERR_REDIRECT] 
2026-10-01 12:24:06,300 [ERROR] LogOutputStream:75 - [STDERR_REDIRECT] [Fatal Error] :1:1: Premature end of file.
2026-10-01 12:24:06,300 [ERROR] LogOutputStream:75 - [STDERR_REDIRECT] 
2026-10-01 12:24:07,295 [ERROR] LogOutputStream:75 - [STDERR_REDIRECT] [Fatal Error] :1:1: Premature end of file.
2026-10-01 12:24:07,295 [ERROR] LogOutputStream:75 - [STDERR_REDIRECT] 
2026-10-01 12:24:08,297 [ERROR] LogOutputStream:75 - [STDERR_REDIRECT] [Fatal Error] :1:1: Premature end of file.
2026-10-01 12:24:08,297 [ERROR] LogOutputStream:75 - [STDERR_REDIRECT] 
2026-10-01 12:24:09,296 [ERROR] LogOutputStream:75 - [STDERR_REDIRECT] [Fatal Error] :1:1: Premature end of file.
2026-10-01 12:24:09,296 [ERROR] LogOutputStream:75 - [STDERR_REDIRECT] 
2026-10-01 12:24:10,300 [ERROR] LogOutputStream:75 - [STDERR_REDIRECT] [Fatal Error] :1:1: Premature end of file.
2026-10-01 12:24:10,300 [ERROR] LogOutputStream:75 - [STDERR_REDIRECT] 
2026-10-01 12:24:11,312 [ERROR] LogOutputStream:75 - [STDERR_REDIRECT] [Fatal Error] :1:1: Premature end of file.
2026-10-01 12:24:11,312 [ERROR] LogOutputStream:75 - [STDERR_REDIRECT] 
2026-10-01 12:24:12,309 [ERROR] LogOutputStream:75 - [STDERR_REDIRECT] [Fatal Error] :1:1: Premature end of file.
2026-10-01 12:24:12,309 [ERROR] LogOutputStream:75 - [STDERR_REDIRECT] 
2026-10-01 12:24:13,313 [ERROR] LogOutputStream:75 - [STDERR_REDIRECT] [Fatal Error] :1:1: Premature end of file.
2026-10-01 12:24:13,313 [ERROR] LogOutputStream:75 - [STDERR_REDIRECT] 
2026-10-01 12:24:14,306 [ERROR] LogOutputStream:75 - [STDERR_REDIRECT] [Fatal Error] :1:1: Premature end of file.
2026-10-01 12:24:14,306 [ERROR] LogOutputStream:75 - [STDERR_REDIRECT] 
2026-10-01 12:24:15,309 [ERROR] LogOutputStream:75 - [STDERR_REDIRECT] [Fatal Error] :1:1: Premature end of file.
2026-10-01 12:24:15,309 [ERROR] LogOutputStream:75 - [STDERR_REDIRECT] 
2026-10-01 12:24:16,308 [ERROR] LogOutputStream:75 - [STDERR_REDIRECT] [Fatal Error] :1:1: Premature end of file.
2026-10-01 12:24:16,308 [ERROR] LogOutputStream:75 - [STDERR_REDIRECT] 
2026-10-01 12:24:17,302 [ERROR] LogOutputStream:75 - [STDERR_REDIRECT] [Fatal Error] :1:1: Premature end of file.
2026-10-01 12:24:17,302 [ERROR] LogOutputStream:75 - [STDERR_REDIRECT] 
2026-10-01 12:24:18,301 [ERROR] LogOutputStream:75 - [STDERR_REDIRECT] [Fatal Error] :1:1: Premature end of file.
2026-10-01 12:24:18,301 [ERROR] LogOutputStream:75 - [STDERR_REDIRECT] 
2026-10-01 12:24:19,301 [ERROR] LogOutputStream:75 - [STDERR_REDIRECT] [Fatal Error] :1:1: Premature end of file.
2026-10-01 12:24:19,301 [ERROR] LogOutputStream:75 - [STDERR_REDIRECT] 
2026-10-01 12:24:20,295 [ERROR] LogOutputStream:75 - [STDERR_REDIRECT] [Fatal Error] :1:1: Premature end of file.
2026-10-01 12:24:20,295 [ERROR] LogOutputStream:75 - [STDERR_REDIRECT] 
2026-10-01 12:24:21,301 [ERROR] LogOutputStream:75 - [STDERR_REDIRECT] [Fatal Error] :1:1: Premature end of file.
2026-10-01 12:24:21,301 [ERROR] LogOutputStream:75 - [STDERR_REDIRECT] 
2026-10-01 12:24:22,299 [ERROR] LogOutputStream:75 - [STDERR_REDIRECT] [Fatal Error] :1:1: Premature end of file.
2026-10-01 12:24:22,300 [ERROR] LogOutputStream:75 - [STDERR_REDIRECT] 
2026-10-01 12:24:23,304 [ERROR] LogOutputStream:75 - [STDERR_REDIRECT] [Fatal Error] :1:1: Premature end of file.
2026-10-01 12:24:23,304 [ERROR] LogOutputStream:75 - [STDERR_REDIRECT] 
2026-10-01 12:24:24,310 [ERROR] LogOutputStream:75 - [STDERR_REDIRECT] [Fatal Error] :1:1: Premature end of file.
2026-10-01 12:24:24,310 [ERROR] LogOutputStream:75 - [STDERR_REDIRECT] 
2026-10-01 12:24:25,301 [ERROR] LogOutputStream:75 - [STDERR_REDIRECT] [Fatal Error] :1:1: Premature end of file.
2026-10-01 12:24:25,301 [ERROR] LogOutputStream:75 - [STDERR_REDIRECT] 
2026-10-01 12:24:26,308 [ERROR] LogOutputStream:75 - [STDERR_REDIRECT] [Fatal Error] :1:1: Premature end of file.
2026-10-01 12:24:26,308 [ERROR] LogOutputStream:75 - [STDERR_REDIRECT] 
2026-10-01 12:24:27,304 [ERROR] LogOutputStream:75 - [STDERR_REDIRECT] [Fatal Error] :1:1: Premature end of file.
2026-10-01 12:24:27,304 [ERROR] LogOutputStream:75 - [STDERR_REDIRECT] 
2026-10-01 12:24:28,321 [ERROR] LogOutputStream:75 - [STDERR_REDIRECT] [Fatal Error] :1:1: Premature end of file.
2026-10-01 12:24:28,321 [ERROR] LogOutputStream:75 - [STDERR_REDIRECT] 
2026-10-01 12:24:29,299 [ERROR] LogOutputStream:75 - [STDERR_REDIRECT] [Fatal Error] :1:1: Premature end of file.
2026-10-01 12:24:29,299 [ERROR] LogOutputStream:75 - [STDERR_REDIRECT] 
2026-10-01 12:24:30,317 [ERROR] LogOutputStream:75 - [STDERR_REDIRECT] [Fatal Error] :1:1: Premature end of file.
2026-10-01 12:24:30,317 [ERROR] LogOutputStream:75 - [STDERR_REDIRECT] 
2026-10-01 12:24:31,304 [ERROR] LogOutputStream:75 - [STDERR_REDIRECT] [Fatal Error] :1:1: Premature end of file.
2026-10-01 12:24:31,304 [ERROR] LogOutputStream:75 - [STDERR_REDIRECT] 
2026-10-01 12:24:32,319 [ERROR] LogOutputStream:75 - [STDERR_REDIRECT] [Fatal Error] :1:1: Premature end of file.
2026-10-01 12:24:32,319 [ERROR] LogOutputStream:75 - [STDERR_REDIRECT] 
2026-10-01 12:24:33,317 [ERROR] LogOutputStream:75 - [STDERR_REDIRECT] [Fatal Error] :1:1: Premature end of file.
2026-10-01 12:24:33,317 [ERROR] LogOutputStream:75 - [STDERR_REDIRECT] 
2026-10-01 12:24:34,312 [ERROR] LogOutputStream:75 - [STDERR_REDIRECT] [Fatal Error] :1:1: Premature end of file.
2026-10-01 12:24:34,313 [ERROR] LogOutputStream:75 - [STDERR_REDIRECT] 
2026-10-01 12:24:35,296 [ERROR] LogOutputStream:75 - [STDERR_REDIRECT] [Fatal Error] :1:1: Premature end of file.
2026-10-01 12:24:35,296 [ERROR] LogOutputStream:75 - [STDERR_REDIRECT] 
2026-10-01 12:24:36,294 [ERROR] LogOutputStream:75 - [STDERR_REDIRECT] [Fatal Error] :1:1: Premature end of file.
2026-10-01 12:24:36,295 [ERROR] LogOutputStream:75 - [STDERR_REDIRECT] 
2026-10-01 12:24:37,306 [ERROR] LogOutputStream:75 - [STDERR_REDIRECT] [Fatal Error] :1:1: Premature end of file.
2026-10-01 12:24:37,306 [ERROR] LogOutputStream:75 - [STDERR_REDIRECT] 
2026-10-01 12:24:38,307 [ERROR] LogOutputStream:75 - [STDERR_REDIRECT] [Fatal Error] :1:1: Premature end of file.
2026-10-01 12:24:38,308 [ERROR] LogOutputStream:75 - [STDERR_REDIRECT] 
2026-10-01 12:24:39,341 [ERROR] LogOutputStream:75 - [STDERR_REDIRECT] [Fatal Error] :1:1: Premature end of file.
2026-10-01 12:24:39,342 [ERROR] LogOutputStream:75 - [STDERR_REDIRECT] 
2026-10-01 12:24:40,306 [ERROR] LogOutputStream:75 - [STDERR_REDIRECT] [Fatal Error] :1:1: Premature end of file.
2026-10-01 12:24:40,307 [ERROR] LogOutputStream:75 - [STDERR_REDIRECT] 
2026-10-01 12:24:41,317 [ERROR] LogOutputStream:75 - [STDERR_REDIRECT] [Fatal Error] :1:1: Premature end of file.
2026-10-01 12:24:41,317 [ERROR] LogOutputStream:75 - [STDERR_REDIRECT] 
2026-10-01 12:24:42,318 [ERROR] LogOutputStream:75 - [STDERR_REDIRECT] [Fatal Error] :1:1: Premature end of file.
2026-10-01 12:24:42,318 [ERROR] LogOutputStream:75 - [STDERR_REDIRECT] 
2026-10-01 12:24:43,299 [ERROR] LogOutputStream:75 - [STDERR_REDIRECT] [Fatal Error] :1:1: Premature end of file.
2026-10-01 12:24:43,299 [ERROR] LogOutputStream:75 - [STDERR_REDIRECT] 
2026-10-01 12:24:44,296 [ERROR] LogOutputStream:75 - [STDERR_REDIRECT] [Fatal Error] :1:1: Premature end of file.
2026-10-01 12:24:44,296 [ERROR] LogOutputStream:75 - [STDERR_REDIRECT] 
2026-10-01 12:24:45,300 [ERROR] LogOutputStream:75 - [STDERR_REDIRECT] [Fatal Error] :1:1: Premature end of file.
2026-10-01 12:24:45,300 [ERROR] LogOutputStream:75 - [STDERR_REDIRECT] 
2026-10-01 12:24:46,317 [ERROR] LogOutputStream:75 - [STDERR_REDIRECT] [Fatal Error] :1:1: Premature end of file.
2026-10-01 12:24:46,317 [ERROR] LogOutputStream:75 - [STDERR_REDIRECT] 
2026-10-01 12:24:47,308 [ERROR] LogOutputStream:75 - [STDERR_REDIRECT] [Fatal Error] :1:1: Premature end of file.
2026-10-01 12:24:47,309 [ERROR] LogOutputStream:75 - [STDERR_REDIRECT] 
2026-10-01 12:24:48,313 [ERROR] LogOutputStream:75 - [STDERR_REDIRECT] [Fatal Error] :1:1: Premature end of file.
2026-10-01 12:24:48,336 [ERROR] LogOutputStream:75 - [STDERR_REDIRECT] 
2026-10-01 12:24:49,295 [ERROR] LogOutputStream:75 - [STDERR_REDIRECT] [Fatal Error] :1:1: Premature end of file.
2026-10-01 12:24:49,295 [ERROR] LogOutputStream:75 - [STDERR_REDIRECT] 
2026-10-01 12:24:50,307 [ERROR] LogOutputStream:75 - [STDERR_REDIRECT] [Fatal Error] :1:1: Premature end of file.
2026-10-01 12:24:50,307 [ERROR] LogOutputStream:75 - [STDERR_REDIRECT] 
2026-10-01 12:24:51,309 [ERROR] LogOutputStream:75 - [STDERR_REDIRECT] [Fatal Error] :1:1: Premature end of file.
2026-10-01 12:24:51,310 [ERROR] LogOutputStream:75 - [STDERR_REDIRECT] 
2026-10-01 12:24:52,308 [ERROR] LogOutputStream:75 - [STDERR_REDIRECT] [Fatal Error] :1:1: Premature end of file.
2026-10-01 12:24:52,308 [ERROR] LogOutputStream:75 - [STDERR_REDIRECT] 
2026-10-01 12:24:53,300 [ERROR] LogOutputStream:75 - [STDERR_REDIRECT] [Fatal Error] :1:1: Premature end of file.
2026-10-01 12:24:53,301 [ERROR] LogOutputStream:75 - [STDERR_REDIRECT] 
2026-10-01 12:24:54,294 [ERROR] LogOutputStream:75 - [STDERR_REDIRECT] [Fatal Error] :1:1: Premature end of file.
2026-10-01 12:24:54,295 [ERROR] LogOutputStream:75 - [STDERR_REDIRECT] 
2026-10-01 12:24:55,300 [ERROR] LogOutputStream:75 - [STDERR_REDIRECT] [Fatal Error] :1:1: Premature end of file.
2026-10-01 12:24:55,300 [ERROR] LogOutputStream:75 - [STDERR_REDIRECT] 
2026-10-01 12:24:56,317 [ERROR] LogOutputStream:75 - [STDERR_REDIRECT] [Fatal Error] :1:1: Premature end of file.
2026-10-01 12:24:56,317 [ERROR] LogOutputStream:75 - [STDERR_REDIRECT] 
2026-10-01 12:24:57,307 [ERROR] LogOutputStream:75 - [STDERR_REDIRECT] [Fatal Error] :1:1: Premature end of file.
2026-10-01 12:24:57,307 [ERROR] LogOutputStream:75 - [STDERR_REDIRECT] 
2026-10-01 12:24:58,309 [ERROR] LogOutputStream:75 - [STDERR_REDIRECT] [Fatal Error] :1:1: Premature end of file.
2026-10-01 12:24:58,310 [ERROR] LogOutputStream:75 - [STDERR_REDIRECT] 
2026-10-01 12:24:59,300 [ERROR] LogOutputStream:75 - [STDERR_REDIRECT] [Fatal Error] :1:1: Premature end of file.
2026-10-01 12:24:59,301 [ERROR] LogOutputStream:75 - [STDERR_REDIRECT] 
2026-10-01 12:25:00,337 [ERROR] LogOutputStream:75 - [STDERR_REDIRECT] [Fatal Error] :1:1: Premature end of file.
2026-10-01 12:25:00,337 [ERROR] LogOutputStream:75 - [STDERR_REDIRECT] 
2026-10-01 12:25:01,305 [ERROR] LogOutputStream:75 - [STDERR_REDIRECT] [Fatal Error] :1:1: Premature end of file.
2026-10-01 12:25:01,305 [ERROR] LogOutputStream:75 - [STDERR_REDIRECT] 
2026-10-01 12:25:02,289 [ERROR] LogOutputStream:75 - [STDERR_REDIRECT] [Fatal Error] :1:1: Premature end of file.
2026-10-01 12:25:02,289 [ERROR] LogOutputStream:75 - [STDERR_REDIRECT] 
2026-10-01 12:25:03,303 [ERROR] LogOutputStream:75 - [STDERR_REDIRECT] [Fatal Error] :1:1: Premature end of file.
2026-10-01 12:25:03,337 [ERROR] LogOutputStream:75 - [STDERR_REDIRECT] 
2026-10-01 12:25:04,298 [ERROR] LogOutputStream:75 - [STDERR_REDIRECT] [Fatal Error] :1:1: Premature end of file.
2026-10-01 12:25:04,298 [ERROR] LogOutputStream:75 - [STDERR_REDIRECT] 
2026-10-01 12:25:05,300 [ERROR] LogOutputStream:75 - [STDERR_REDIRECT] [Fatal Error] :1:1: Premature end of file.
2026-10-01 12:25:05,300 [ERROR] LogOutputStream:75 - [STDERR_REDIRECT] 
2026-10-01 12:25:06,300 [ERROR] LogOutputStream:75 - [STDERR_REDIRECT] [Fatal Error] :1:1: Premature end of file.
2026-10-01 12:25:06,300 [ERROR] LogOutputStream:75 - [STDERR_REDIRECT] 
2026-10-01 12:25:07,298 [ERROR] LogOutputStream:75 - [STDERR_REDIRECT] [Fatal Error] :1:1: Premature end of file.
2026-10-01 12:25:07,298 [ERROR] LogOutputStream:75 - [STDERR_REDIRECT] 
2026-10-01 12:25:08,303 [ERROR] LogOutputStream:75 - [STDERR_REDIRECT] [Fatal Error] :1:1: Premature end of file.
2026-10-01 12:25:08,303 [ERROR] LogOutputStream:75 - [STDERR_REDIRECT] 
2026-10-01 12:25:09,298 [ERROR] LogOutputStream:75 - [STDERR_REDIRECT] [Fatal Error] :1:1: Premature end of file.
2026-10-01 12:25:09,299 [ERROR] LogOutputStream:75 - [STDERR_REDIRECT] 
2026-10-01 12:25:10,317 [ERROR] LogOutputStream:75 - [STDERR_REDIRECT] [Fatal Error] :1:1: Premature end of file.
2026-10-01 12:25:10,317 [ERROR] LogOutputStream:75 - [STDERR_REDIRECT] 
2026-10-01 12:25:11,304 [ERROR] LogOutputStream:75 - [STDERR_REDIRECT] [Fatal Error] :1:1: Premature end of file.
2026-10-01 12:25:11,304 [ERROR] LogOutputStream:75 - [STDERR_REDIRECT] 
2026-10-01 12:25:12,388 [ERROR] LogOutputStream:75 - [STDERR_REDIRECT] [Fatal Error] :1:1: Premature end of file.
2026-10-01 12:25:12,388 [ERROR] LogOutputStream:75 - [STDERR_REDIRECT] 
2026-10-01 12:25:13,309 [ERROR] LogOutputStream:75 - [STDERR_REDIRECT] [Fatal Error] :1:1: Premature end of file.
2026-10-01 12:25:13,309 [ERROR] LogOutputStream:75 - [STDERR_REDIRECT] 
2026-10-01 12:25:14,288 [ERROR] LogOutputStream:75 - [STDERR_REDIRECT] [Fatal Error] :1:1: Premature end of file.
2026-10-01 12:25:14,288 [ERROR] LogOutputStream:75 - [STDERR_REDIRECT] 
2026-10-01 12:25:15,311 [ERROR] LogOutputStream:75 - [STDERR_REDIRECT] [Fatal Error] :1:1: Premature end of file.
2026-10-01 12:25:15,311 [ERROR] LogOutputStream:75 - [STDERR_REDIRECT] 
2026-10-01 12:25:16,297 [ERROR] LogOutputStream:75 - [STDERR_REDIRECT] [Fatal Error] :1:1: Premature end of file.
2026-10-01 12:25:16,297 [ERROR] LogOutputStream:75 - [STDERR_REDIRECT] 
2026-10-01 12:25:17,300 [ERROR] LogOutputStream:75 - [STDERR_REDIRECT] [Fatal Error] :1:1: Premature end of file.
2026-10-01 12:25:17,300 [ERROR] LogOutputStream:75 - [STDERR_REDIRECT] 
2026-10-01 12:25:18,308 [ERROR] LogOutputStream:75 - [STDERR_REDIRECT] [Fatal Error] :1:1: Premature end of file.
2026-10-01 12:25:18,308 [ERROR] LogOutputStream:75 - [STDERR_REDIRECT] 
2026-10-01 12:25:19,288 [ERROR] LogOutputStream:75 - [STDERR_REDIRECT] [Fatal Error] :1:1: Premature end of file.
2026-10-01 12:25:19,288 [ERROR] LogOutputStream:75 - [STDERR_REDIRECT] 
2026-10-01 12:25:20,308 [ERROR] LogOutputStream:75 - [STDERR_REDIRECT] [Fatal Error] :1:1: Premature end of file.
2026-10-01 12:25:20,308 [ERROR] LogOutputStream:75 - [STDERR_REDIRECT] 
2026-10-01 12:25:21,301 [ERROR] LogOutputStream:75 - [STDERR_REDIRECT] [Fatal Error] :1:1: Premature end of file.
2026-10-01 12:25:21,301 [ERROR] LogOutputStream:75 - [STDERR_REDIRECT] 
2026-10-01 12:25:22,302 [ERROR] LogOutputStream:75 - [STDERR_REDIRECT] [Fatal Error] :1:1: Premature end of file.
2026-10-01 12:25:22,302 [ERROR] LogOutputStream:75 - [STDERR_REDIRECT] 
2026-10-01 12:25:23,297 [ERROR] LogOutputStream:75 - [STDERR_REDIRECT] [Fatal Error] :1:1: Premature end of file.
2026-10-01 12:25:23,297 [ERROR] LogOutputStream:75 - [STDERR_REDIRECT] 
2026-10-01 12:25:24,290 [ERROR] LogOutputStream:75 - [STDERR_REDIRECT] [Fatal Error] :1:1: Premature end of file.
2026-10-01 12:25:24,290 [ERROR] LogOutputStream:75 - [STDERR_REDIRECT] 
2026-10-01 12:25:25,306 [ERROR] LogOutputStream:75 - [STDERR_REDIRECT] [Fatal Error] :1:1: Premature end of file.
2026-10-01 12:25:25,306 [ERROR] LogOutputStream:75 - [STDERR_REDIRECT] 
2026-10-01 12:25:26,305 [ERROR] LogOutputStream:75 - [STDERR_REDIRECT] [Fatal Error] :1:1: Premature end of file.
2026-10-01 12:25:26,305 [ERROR] LogOutputStream:75 - [STDERR_REDIRECT] 
2026-10-01 12:25:27,301 [ERROR] LogOutputStream:75 - [STDERR_REDIRECT] [Fatal Error] :1:1: Premature end of file.
2026-10-01 12:25:27,301 [ERROR] LogOutputStream:75 - [STDERR_REDIRECT] 
2026-10-01 12:25:28,308 [ERROR] LogOutputStream:75 - [STDERR_REDIRECT] [Fatal Error] :1:1: Premature end of file.
2026-10-01 12:25:28,309 [ERROR] LogOutputStream:75 - [STDERR_REDIRECT] 
2026-10-01 12:25:29,303 [ERROR] LogOutputStream:75 - [STDERR_REDIRECT] [Fatal Error] :1:1: Premature end of file.
2026-10-01 12:25:29,304 [ERROR] LogOutputStream:75 - [STDERR_REDIRECT] 
2026-10-01 12:25:30,300 [ERROR] LogOutputStream:75 - [STDERR_REDIRECT] [Fatal Error] :1:1: Premature end of file.
2026-10-01 12:25:30,300 [ERROR] LogOutputStream:75 - [STDERR_REDIRECT] 
2026-10-01 12:25:31,308 [ERROR] LogOutputStream:75 - [STDERR_REDIRECT] [Fatal Error] :1:1: Premature end of file.
2026-10-01 12:25:31,308 [ERROR] LogOutputStream:75 - [STDERR_REDIRECT] 
2026-10-01 12:25:32,298 [ERROR] LogOutputStream:75 - [STDERR_REDIRECT] [Fatal Error] :1:1: Premature end of file.
2026-10-01 12:25:32,298 [ERROR] LogOutputStream:75 - [STDERR_REDIRECT] 
2026-10-01 12:25:33,320 [ERROR] LogOutputStream:75 - [STDERR_REDIRECT] [Fatal Error] :1:1: Premature end of file.
2026-10-01 12:25:33,338 [ERROR] LogOutputStream:75 - [STDERR_REDIRECT] 
2026-10-01 12:25:34,305 [ERROR] LogOutputStream:75 - [STDERR_REDIRECT] [Fatal Error] :1:1: Premature end of file.
2026-10-01 12:25:34,305 [ERROR] LogOutputStream:75 - [STDERR_REDIRECT] 
2026-10-01 12:25:35,300 [ERROR] LogOutputStream:75 - [STDERR_REDIRECT] [Fatal Error] :1:1: Premature end of file.
2026-10-01 12:25:35,300 [ERROR] LogOutputStream:75 - [STDERR_REDIRECT] 
2026-10-01 12:25:36,290 [ERROR] LogOutputStream:75 - [STDERR_REDIRECT] [Fatal Error] :1:1: Premature end of file.
2026-10-01 12:25:36,290 [ERROR] LogOutputStream:75 - [STDERR_REDIRECT] 
2026-10-01 12:25:37,297 [ERROR] LogOutputStream:75 - [STDERR_REDIRECT] [Fatal Error] :1:1: Premature end of file.
2026-10-01 12:25:37,298 [ERROR] LogOutputStream:75 - [STDERR_REDIRECT] 
2026-10-01 12:25:38,301 [ERROR] LogOutputStream:75 - [STDERR_REDIRECT] [Fatal Error] :1:1: Premature end of file.
2026-10-01 12:25:38,301 [ERROR] LogOutputStream:75 - [STDERR_REDIRECT] 
2026-10-01 12:25:39,328 [ERROR] LogOutputStream:75 - [STDERR_REDIRECT] [Fatal Error] :1:1: Premature end of file.
2026-10-01 12:25:39,328 [ERROR] LogOutputStream:75 - [STDERR_REDIRECT] 
2026-10-01 12:25:40,303 [ERROR] LogOutputStream:75 - [STDERR_REDIRECT] [Fatal Error] :1:1: Premature end of file.
2026-10-01 12:25:40,304 [ERROR] LogOutputStream:75 - [STDERR_REDIRECT] 
2026-10-01 12:25:41,303 [ERROR] LogOutputStream:75 - [STDERR_REDIRECT] [Fatal Error] :1:1: Premature end of file.
2026-10-01 12:25:41,303 [ERROR] LogOutputStream:75 - [STDERR_REDIRECT] 
2026-10-01 12:25:42,305 [ERROR] LogOutputStream:75 - [STDERR_REDIRECT] [Fatal Error] :1:1: Premature end of file.
2026-10-01 12:25:42,305 [ERROR] LogOutputStream:75 - [STDERR_REDIRECT] 
2026-10-01 12:25:43,298 [ERROR] LogOutputStream:75 - [STDERR_REDIRECT] [Fatal Error] :1:1: Premature end of file.
2026-10-01 12:25:43,299 [ERROR] LogOutputStream:75 - [STDERR_REDIRECT] 
2026-10-01 12:25:44,293 [ERROR] LogOutputStream:75 - [STDERR_REDIRECT] [Fatal Error] :1:1: Premature end of file.
2026-10-01 12:25:44,293 [ERROR] LogOutputStream:75 - [STDERR_REDIRECT] 
2026-10-01 12:25:45,313 [ERROR] LogOutputStream:75 - [STDERR_REDIRECT] [Fatal Error] :1:1: Premature end of file.
2026-10-01 12:25:45,313 [ERROR] LogOutputStream:75 - [STDERR_REDIRECT] 
2026-10-01 12:25:46,306 [ERROR] LogOutputStream:75 - [STDERR_REDIRECT] [Fatal Error] :1:1: Premature end of file.
2026-10-01 12:25:46,306 [ERROR] LogOutputStream:75 - [STDERR_REDIRECT] 
2026-10-01 12:25:47,304 [ERROR] LogOutputStream:75 - [STDERR_REDIRECT] [Fatal Error] :1:1: Premature end of file.
2026-10-01 12:25:47,304 [ERROR] LogOutputStream:75 - [STDERR_REDIRECT] 
2026-10-01 12:25:48,310 [ERROR] LogOutputStream:75 - [STDERR_REDIRECT] [Fatal Error] :1:1: Premature end of file.
2026-10-01 12:25:48,310 [ERROR] LogOutputStream:75 - [STDERR_REDIRECT] 
2026-10-01 12:25:49,306 [ERROR] LogOutputStream:75 - [STDERR_REDIRECT] [Fatal Error] :1:1: Premature end of file.
2026-10-01 12:25:49,308 [ERROR] LogOutputStream:75 - [STDERR_REDIRECT] 
2026-10-01 12:25:50,308 [ERROR] LogOutputStream:75 - [STDERR_REDIRECT] [Fatal Error] :1:1: Premature end of file.
2026-10-01 12:25:50,308 [ERROR] LogOutputStream:75 - [STDERR_REDIRECT] 
2026-10-01 12:25:51,300 [ERROR] LogOutputStream:75 - [STDERR_REDIRECT] [Fatal Error] :1:1: Premature end of file.
2026-10-01 12:25:51,300 [ERROR] LogOutputStream:75 - [STDERR_REDIRECT] 
2026-10-01 12:25:52,290 [ERROR] LogOutputStream:75 - [STDERR_REDIRECT] [Fatal Error] :1:1: Premature end of file.
2026-10-01 12:25:52,290 [ERROR] LogOutputStream:75 - [STDERR_REDIRECT] 
2026-10-01 12:25:53,303 [ERROR] LogOutputStream:75 - [STDERR_REDIRECT] [Fatal Error] :1:1: Premature end of file.
2026-10-01 12:25:53,303 [ERROR] LogOutputStream:75 - [STDERR_REDIRECT] 
2026-10-01 12:25:54,310 [ERROR] LogOutputStream:75 - [STDERR_REDIRECT] [Fatal Error] :1:1: Premature end of file.
2026-10-01 12:25:54,310 [ERROR] LogOutputStream:75 - [STDERR_REDIRECT] 
2026-10-01 12:25:55,305 [ERROR] LogOutputStream:75 - [STDERR_REDIRECT] [Fatal Error] :1:1: Premature end of file.
2026-10-01 12:25:55,305 [ERROR] LogOutputStream:75 - [STDERR_REDIRECT] 
2026-10-01 12:25:56,294 [ERROR] LogOutputStream:75 - [STDERR_REDIRECT] [Fatal Error] :1:1: Premature end of file.
2026-10-01 12:25:56,294 [ERROR] LogOutputStream:75 - [STDERR_REDIRECT] 
2026-10-01 12:25:57,292 [ERROR] LogOutputStream:75 - [STDERR_REDIRECT] [Fatal Error] :1:1: Premature end of file.
2026-10-01 12:25:57,294 [ERROR] LogOutputStream:75 - [STDERR_REDIRECT] 
2026-10-01 12:25:58,302 [ERROR] LogOutputStream:75 - [STDERR_REDIRECT] [Fatal Error] :1:1: Premature end of file.
2026-10-01 12:25:58,302 [ERROR] LogOutputStream:75 - [STDERR_REDIRECT] 
2026-10-01 12:25:59,302 [ERROR] LogOutputStream:75 - [STDERR_REDIRECT] [Fatal Error] :1:1: Premature end of file.
2026-10-01 12:25:59,302 [ERROR] LogOutputStream:75 - [STDERR_REDIRECT] 
2026-10-01 12:26:00,303 [ERROR] LogOutputStream:75 - [STDERR_REDIRECT] [Fatal Error] :1:1: Premature end of file.
2026-10-01 12:26:00,303 [ERROR] LogOutputStream:75 - [STDERR_REDIRECT] 
2026-10-01 12:26:01,298 [ERROR] LogOutputStream:75 - [STDERR_REDIRECT] [Fatal Error] :1:1: Premature end of file.
2026-10-01 12:26:01,298 [ERROR] LogOutputStream:75 - [STDERR_REDIRECT] 
2026-10-01 12:26:02,303 [ERROR] LogOutputStream:75 - [STDERR_REDIRECT] [Fatal Error] :1:1: Premature end of file.
2026-10-01 12:26:02,303 [ERROR] LogOutputStream:75 - [STDERR_REDIRECT] 
2026-10-01 12:26:03,308 [ERROR] LogOutputStream:75 - [STDERR_REDIRECT] [Fatal Error] :1:1: Premature end of file.
2026-10-01 12:26:03,323 [ERROR] LogOutputStream:75 - [STDERR_REDIRECT] 
2026-10-01 12:26:04,303 [ERROR] LogOutputStream:75 - [STDERR_REDIRECT] [Fatal Error] :1:1: Premature end of file.
2026-10-01 12:26:04,303 [ERROR] LogOutputStream:75 - [STDERR_REDIRECT] 
2026-10-01 12:26:05,303 [ERROR] LogOutputStream:75 - [STDERR_REDIRECT] [Fatal Error] :1:1: Premature end of file.
2026-10-01 12:26:05,303 [ERROR] LogOutputStream:75 - [STDERR_REDIRECT] 
2026-10-01 12:26:06,297 [ERROR] LogOutputStream:75 - [STDERR_REDIRECT] [Fatal Error] :1:1: Premature end of file.
2026-10-01 12:26:06,297 [ERROR] LogOutputStream:75 - [STDERR_REDIRECT] 
2026-10-01 12:26:07,303 [ERROR] LogOutputStream:75 - [STDERR_REDIRECT] [Fatal Error] :1:1: Premature end of file.
2026-10-01 12:26:07,303 [ERROR] LogOutputStream:75 - [STDERR_REDIRECT] 
2026-10-01 12:26:08,311 [ERROR] LogOutputStream:75 - [STDERR_REDIRECT] [Fatal Error] :1:1: Premature end of file.
2026-10-01 12:26:08,311 [ERROR] LogOutputStream:75 - [STDERR_REDIRECT] 
2026-10-01 12:26:09,298 [ERROR] LogOutputStream:75 - [STDERR_REDIRECT] [Fatal Error] :1:1: Premature end of file.
2026-10-01 12:26:09,298 [ERROR] LogOutputStream:75 - [STDERR_REDIRECT] 
2026-10-01 12:26:10,302 [ERROR] LogOutputStream:75 - [STDERR_REDIRECT] [Fatal Error] :1:1: Premature end of file.
2026-10-01 12:26:10,302 [ERROR] LogOutputStream:75 - [STDERR_REDIRECT] 
2026-10-01 12:26:11,295 [ERROR] LogOutputStream:75 - [STDERR_REDIRECT] [Fatal Error] :1:1: Premature end of file.
2026-10-01 12:26:11,295 [ERROR] LogOutputStream:75 - [STDERR_REDIRECT] 
2026-10-01 12:26:12,308 [ERROR] LogOutputStream:75 - [STDERR_REDIRECT] [Fatal Error] :1:1: Premature end of file.
2026-10-01 12:26:12,308 [ERROR] LogOutputStream:75 - [STDERR_REDIRECT] 
2026-10-01 12:26:13,310 [ERROR] LogOutputStream:75 - [STDERR_REDIRECT] [Fatal Error] :1:1: Premature end of file.
2026-10-01 12:26:13,310 [ERROR] LogOutputStream:75 - [STDERR_REDIRECT] 
2026-10-01 12:26:14,303 [ERROR] LogOutputStream:75 - [STDERR_REDIRECT] [Fatal Error] :1:1: Premature end of file.
2026-10-01 12:26:14,303 [ERROR] LogOutputStream:75 - [STDERR_REDIRECT] 
2026-10-01 12:26:15,296 [ERROR] LogOutputStream:75 - [STDERR_REDIRECT] [Fatal Error] :1:1: Premature end of file.
2026-10-01 12:26:15,296 [ERROR] LogOutputStream:75 - [STDERR_REDIRECT] 
2026-10-01 12:26:16,288 [ERROR] LogOutputStream:75 - [STDERR_REDIRECT] [Fatal Error] :1:1: Premature end of file.
2026-10-01 12:26:16,288 [ERROR] LogOutputStream:75 - [STDERR_REDIRECT] 
2026-10-01 12:26:17,288 [ERROR] LogOutputStream:75 - [STDERR_REDIRECT] [Fatal Error] :1:1: Premature end of file.
2026-10-01 12:26:17,288 [ERROR] LogOutputStream:75 - [STDERR_REDIRECT] 
2026-10-01 12:26:18,304 [ERROR] LogOutputStream:75 - [STDERR_REDIRECT] [Fatal Error] :1:1: Premature end of file.
2026-10-01 12:26:18,304 [ERROR] LogOutputStream:75 - [STDERR_REDIRECT] 
2026-10-01 12:26:19,288 [ERROR] LogOutputStream:75 - [STDERR_REDIRECT] [Fatal Error] :1:1: Premature end of file.
2026-10-01 12:26:19,288 [ERROR] LogOutputStream:75 - [STDERR_REDIRECT] 
2026-10-01 12:26:20,295 [ERROR] LogOutputStream:75 - [STDERR_REDIRECT] [Fatal Error] :1:1: Premature end of file.
2026-10-01 12:26:20,295 [ERROR] LogOutputStream:75 - [STDERR_REDIRECT] 
2026-10-01 12:26:21,302 [ERROR] LogOutputStream:75 - [STDERR_REDIRECT] [Fatal Error] :1:1: Premature end of file.
2026-10-01 12:26:21,302 [ERROR] LogOutputStream:75 - [STDERR_REDIRECT] 
2026-10-01 12:26:22,298 [ERROR] LogOutputStream:75 - [STDERR_REDIRECT] [Fatal Error] :1:1: Premature end of file.
2026-10-01 12:26:22,298 [ERROR] LogOutputStream:75 - [STDERR_REDIRECT] 
2026-10-01 12:26:23,303 [ERROR] LogOutputStream:75 - [STDERR_REDIRECT] [Fatal Error] :1:1: Premature end of file.
2026-10-01 12:26:23,303 [ERROR] LogOutputStream:75 - [STDERR_REDIRECT] 
2026-10-01 12:26:24,307 [ERROR] LogOutputStream:75 - [STDERR_REDIRECT] [Fatal Error] :1:1: Premature end of file.
2026-10-01 12:26:24,307 [ERROR] LogOutputStream:75 - [STDERR_REDIRECT] 
2026-10-01 12:26:25,288 [ERROR] LogOutputStream:75 - [STDERR_REDIRECT] [Fatal Error] :1:1: Premature end of file.
2026-10-01 12:26:25,288 [ERROR] LogOutputStream:75 - [STDERR_REDIRECT] 
2026-10-01 12:26:26,303 [ERROR] LogOutputStream:75 - [STDERR_REDIRECT] [Fatal Error] :1:1: Premature end of file.
2026-10-01 12:26:26,303 [ERROR] LogOutputStream:75 - [STDERR_REDIRECT] 
2026-10-01 12:26:27,289 [ERROR] LogOutputStream:75 - [STDERR_REDIRECT] [Fatal Error] :1:1: Premature end of file.
2026-10-01 12:26:27,289 [ERROR] LogOutputStream:75 - [STDERR_REDIRECT] 
2026-10-01 12:26:28,297 [ERROR] LogOutputStream:75 - [STDERR_REDIRECT] [Fatal Error] :1:1: Premature end of file.
2026-10-01 12:26:28,297 [ERROR] LogOutputStream:75 - [STDERR_REDIRECT] 
2026-10-01 12:26:29,301 [ERROR] LogOutputStream:75 - [STDERR_REDIRECT] [Fatal Error] :1:1: Premature end of file.
2026-10-01 12:26:29,301 [ERROR] LogOutputStream:75 - [STDERR_REDIRECT] 
2026-10-01 12:26:30,303 [ERROR] LogOutputStream:75 - [STDERR_REDIRECT] [Fatal Error] :1:1: Premature end of file.
2026-10-01 12:26:30,303 [ERROR] LogOutputStream:75 - [STDERR_REDIRECT] 
2026-10-01 12:26:31,303 [ERROR] LogOutputStream:75 - [STDERR_REDIRECT] [Fatal Error] :1:1: Premature end of file.
2026-10-01 12:26:31,303 [ERROR] LogOutputStream:75 - [STDERR_REDIRECT] 
2026-10-01 12:26:32,291 [ERROR] LogOutputStream:75 - [STDERR_REDIRECT] [Fatal Error] :1:1: Premature end of file.
2026-10-01 12:26:32,291 [ERROR] LogOutputStream:75 - [STDERR_REDIRECT] 
2026-10-01 12:26:33,303 [ERROR] LogOutputStream:75 - [STDERR_REDIRECT] [Fatal Error] :1:1: Premature end of file.
2026-10-01 12:26:33,320 [ERROR] LogOutputStream:75 - [STDERR_REDIRECT] 
2026-10-01 12:26:34,288 [ERROR] LogOutputStream:75 - [STDERR_REDIRECT] [Fatal Error] :1:1: Premature end of file.
2026-10-01 12:26:34,288 [ERROR] LogOutputStream:75 - [STDERR_REDIRECT] 
2026-10-01 12:26:35,296 [ERROR] LogOutputStream:75 - [STDERR_REDIRECT] [Fatal Error] :1:1: Premature end of file.
2026-10-01 12:26:35,296 [ERROR] LogOutputStream:75 - [STDERR_REDIRECT] 
2026-10-01 12:26:36,297 [ERROR] LogOutputStream:75 - [STDERR_REDIRECT] [Fatal Error] :1:1: Premature end of file.
2026-10-01 12:26:36,297 [ERROR] LogOutputStream:75 - [STDERR_REDIRECT] 
2026-10-01 12:26:37,301 [ERROR] LogOutputStream:75 - [STDERR_REDIRECT] [Fatal Error] :1:1: Premature end of file.
2026-10-01 12:26:37,301 [ERROR] LogOutputStream:75 - [STDERR_REDIRECT] 
2026-10-01 12:26:38,291 [ERROR] LogOutputStream:75 - [STDERR_REDIRECT] [Fatal Error] :1:1: Premature end of file.
2026-10-01 12:26:38,291 [ERROR] LogOutputStream:75 - [STDERR_REDIRECT] 
2026-10-01 12:26:39,289 [ERROR] LogOutputStream:75 - [STDERR_REDIRECT] [Fatal Error] :1:1: Premature end of file.
2026-10-01 12:26:39,289 [ERROR] LogOutputStream:75 - [STDERR_REDIRECT] 
2026-10-01 12:26:40,298 [ERROR] LogOutputStream:75 - [STDERR_REDIRECT] [Fatal Error] :1:1: Premature end of file.
2026-10-01 12:26:40,298 [ERROR] LogOutputStream:75 - [STDERR_REDIRECT] 
2026-10-01 12:26:41,301 [ERROR] LogOutputStream:75 - [STDERR_REDIRECT] [Fatal Error] :1:1: Premature end of file.
2026-10-01 12:26:41,301 [ERROR] LogOutputStream:75 - [STDERR_REDIRECT] 
2026-10-01 12:26:42,288 [ERROR] LogOutputStream:75 - [STDERR_REDIRECT] [Fatal Error] :1:1: Premature end of file.
2026-10-01 12:26:42,288 [ERROR] LogOutputStream:75 - [STDERR_REDIRECT] 
2026-10-01 12:26:43,291 [ERROR] LogOutputStream:75 - [STDERR_REDIRECT] [Fatal Error] :1:1: Premature end of file.
2026-10-01 12:26:43,291 [ERROR] LogOutputStream:75 - [STDERR_REDIRECT] 
2026-10-01 12:26:44,297 [ERROR] LogOutputStream:75 - [STDERR_REDIRECT] [Fatal Error] :1:1: Premature end of file.
2026-10-01 12:26:44,297 [ERROR] LogOutputStream:75 - [STDERR_REDIRECT] 
2026-10-01 12:26:45,288 [ERROR] LogOutputStream:75 - [STDERR_REDIRECT] [Fatal Error] :1:1: Premature end of file.
2026-10-01 12:26:45,288 [ERROR] LogOutputStream:75 - [STDERR_REDIRECT] 
2026-10-01 12:26:46,303 [ERROR] LogOutputStream:75 - [STDERR_REDIRECT] [Fatal Error] :1:1: Premature end of file.
2026-10-01 12:26:46,303 [ERROR] LogOutputStream:75 - [STDERR_REDIRECT] 
2026-10-01 12:26:47,288 [ERROR] LogOutputStream:75 - [STDERR_REDIRECT] [Fatal Error] :1:1: Premature end of file.
2026-10-01 12:26:47,288 [ERROR] LogOutputStream:75 - [STDERR_REDIRECT] 
2026-10-01 12:26:48,293 [ERROR] LogOutputStream:75 - [STDERR_REDIRECT] [Fatal Error] :1:1: Premature end of file.
2026-10-01 12:26:48,303 [ERROR] LogOutputStream:75 - [STDERR_REDIRECT] 
2026-10-01 12:26:49,298 [ERROR] LogOutputStream:75 - [STDERR_REDIRECT] [Fatal Error] :1:1: Premature end of file.
2026-10-01 12:26:49,298 [ERROR] LogOutputStream:75 - [STDERR_REDIRECT] 
2026-10-01 12:26:50,288 [ERROR] LogOutputStream:75 - [STDERR_REDIRECT] [Fatal Error] :1:1: Premature end of file.
2026-10-01 12:26:50,288 [ERROR] LogOutputStream:75 - [STDERR_REDIRECT] 
2026-10-01 12:26:51,303 [ERROR] LogOutputStream:75 - [STDERR_REDIRECT] [Fatal Error] :1:1: Premature end of file.
2026-10-01 12:26:51,303 [ERROR] LogOutputStream:75 - [STDERR_REDIRECT] 
2026-10-01 12:26:52,300 [ERROR] LogOutputStream:75 - [STDERR_REDIRECT] [Fatal Error] :1:1: Premature end of file.
2026-10-01 12:26:52,300 [ERROR] LogOutputStream:75 - [STDERR_REDIRECT] 
2026-10-01 12:26:53,288 [ERROR] LogOutputStream:75 - [STDERR_REDIRECT] [Fatal Error] :1:1: Premature end of file.
2026-10-01 12:26:53,288 [ERROR] LogOutputStream:75 - [STDERR_REDIRECT] 
2026-10-01 12:26:54,287 [ERROR] LogOutputStream:75 - [STDERR_REDIRECT] [Fatal Error] :1:1: Premature end of file.
2026-10-01 12:26:54,287 [ERROR] LogOutputStream:75 - [STDERR_REDIRECT] 
2026-10-01 12:26:55,297 [ERROR] LogOutputStream:75 - [STDERR_REDIRECT] [Fatal Error] :1:1: Premature end of file.
2026-10-01 12:26:55,297 [ERROR] LogOutputStream:75 - [STDERR_REDIRECT] 
2026-10-01 12:26:56,312 [ERROR] LogOutputStream:75 - [STDERR_REDIRECT] [Fatal Error] :1:1: Premature end of file.
2026-10-01 12:26:56,312 [ERROR] LogOutputStream:75 - [STDERR_REDIRECT] 
2026-10-01 12:26:57,298 [ERROR] LogOutputStream:75 - [STDERR_REDIRECT] [Fatal Error] :1:1: Premature end of file.
2026-10-01 12:26:57,298 [ERROR] LogOutputStream:75 - [STDERR_REDIRECT] 
2026-10-01 12:26:58,288 [ERROR] LogOutputStream:75 - [STDERR_REDIRECT] [Fatal Error] :1:1: Premature end of file.
2026-10-01 12:26:58,288 [ERROR] LogOutputStream:75 - [STDERR_REDIRECT] 
2026-10-01 12:26:59,293 [ERROR] LogOutputStream:75 - [STDERR_REDIRECT] [Fatal Error] :1:1: Premature end of file.
2026-10-01 12:26:59,293 [ERROR] LogOutputStream:75 - [STDERR_REDIRECT] 
2026-10-01 12:27:00,288 [ERROR] LogOutputStream:75 - [STDERR_REDIRECT] [Fatal Error] :1:1: Premature end of file.
2026-10-01 12:27:00,288 [ERROR] LogOutputStream:75 - [STDERR_REDIRECT] 
2026-10-01 12:27:01,308 [ERROR] LogOutputStream:75 - [STDERR_REDIRECT] [Fatal Error] :1:1: Premature end of file.
2026-10-01 12:27:01,308 [ERROR] LogOutputStream:75 - [STDERR_REDIRECT] 
2026-10-01 12:27:02,288 [ERROR] LogOutputStream:75 - [STDERR_REDIRECT] [Fatal Error] :1:1: Premature end of file.
2026-10-01 12:27:02,288 [ERROR] LogOutputStream:75 - [STDERR_REDIRECT] 
2026-10-01 12:27:03,288 [ERROR] LogOutputStream:75 - [STDERR_REDIRECT] [Fatal Error] :1:1: Premature end of file.
2026-10-01 12:27:03,302 [ERROR] LogOutputStream:75 - [STDERR_REDIRECT] 
2026-10-01 12:27:04,298 [ERROR] LogOutputStream:75 - [STDERR_REDIRECT] [Fatal Error] :1:1: Premature end of file.
2026-10-01 12:27:04,298 [ERROR] LogOutputStream:75 - [STDERR_REDIRECT] 
2026-10-01 12:27:05,294 [ERROR] LogOutputStream:75 - [STDERR_REDIRECT] [Fatal Error] :1:1: Premature end of file.
2026-10-01 12:27:05,294 [ERROR] LogOutputStream:75 - [STDERR_REDIRECT] 
2026-10-01 12:27:06,305 [ERROR] LogOutputStream:75 - [STDERR_REDIRECT] [Fatal Error] :1:1: Premature end of file.
2026-10-01 12:27:06,305 [ERROR] LogOutputStream:75 - [STDERR_REDIRECT] 
2026-10-01 12:27:07,288 [ERROR] LogOutputStream:75 - [STDERR_REDIRECT] [Fatal Error] :1:1: Premature end of file.
2026-10-01 12:27:07,288 [ERROR] LogOutputStream:75 - [STDERR_REDIRECT] 
2026-10-01 12:27:08,304 [ERROR] LogOutputStream:75 - [STDERR_REDIRECT] [Fatal Error] :1:1: Premature end of file.
2026-10-01 12:27:08,304 [ERROR] LogOutputStream:75 - [STDERR_REDIRECT] 
2026-10-01 12:27:09,302 [ERROR] LogOutputStream:75 - [STDERR_REDIRECT] [Fatal Error] :1:1: Premature end of file.
2026-10-01 12:27:09,302 [ERROR] LogOutputStream:75 - [STDERR_REDIRECT] 
2026-10-01 12:27:10,321 [ERROR] LogOutputStream:75 - [STDERR_REDIRECT] [Fatal Error] :1:1: Premature end of file.
2026-10-01 12:27:10,321 [ERROR] LogOutputStream:75 - [STDERR_REDIRECT] 
2026-10-01 12:27:11,313 [ERROR] LogOutputStream:75 - [STDERR_REDIRECT] [Fatal Error] :1:1: Premature end of file.
2026-10-01 12:27:11,313 [ERROR] LogOutputStream:75 - [STDERR_REDIRECT] 
2026-10-01 12:27:12,317 [ERROR] LogOutputStream:75 - [STDERR_REDIRECT] [Fatal Error] :1:1: Premature end of file.
2026-10-01 12:27:12,317 [ERROR] LogOutputStream:75 - [STDERR_REDIRECT] 
2026-10-01 12:27:13,312 [ERROR] LogOutputStream:75 - [STDERR_REDIRECT] [Fatal Error] :1:1: Premature end of file.
2026-10-01 12:27:13,312 [ERROR] LogOutputStream:75 - [STDERR_REDIRECT] 
2026-10-01 12:27:14,295 [ERROR] LogOutputStream:75 - [STDERR_REDIRECT] [Fatal Error] :1:1: Premature end of file.
2026-10-01 12:27:14,295 [ERROR] LogOutputStream:75 - [STDERR_REDIRECT] 
2026-10-01 12:27:15,312 [ERROR] LogOutputStream:75 - [STDERR_REDIRECT] [Fatal Error] :1:1: Premature end of file.
2026-10-01 12:27:15,312 [ERROR] LogOutputStream:75 - [STDERR_REDIRECT] 
2026-10-01 12:27:16,320 [ERROR] LogOutputStream:75 - [STDERR_REDIRECT] [Fatal Error] :1:1: Premature end of file.
2026-10-01 12:27:16,320 [ERROR] LogOutputStream:75 - [STDERR_REDIRECT] 
2026-10-01 12:27:17,314 [ERROR] LogOutputStream:75 - [STDERR_REDIRECT] [Fatal Error] :1:1: Premature end of file.
2026-10-01 12:27:17,314 [ERROR] LogOutputStream:75 - [STDERR_REDIRECT] 
2026-10-01 12:27:18,298 [ERROR] LogOutputStream:75 - [STDERR_REDIRECT] [Fatal Error] :1:1: Premature end of file.
2026-10-01 12:27:18,298 [ERROR] LogOutputStream:75 - [STDERR_REDIRECT] 
2026-10-01 12:27:19,302 [ERROR] LogOutputStream:75 - [STDERR_REDIRECT] [Fatal Error] :1:1: Premature end of file.
2026-10-01 12:27:19,302 [ERROR] LogOutputStream:75 - [STDERR_REDIRECT] 
2026-10-01 12:27:20,305 [ERROR] LogOutputStream:75 - [STDERR_REDIRECT] [Fatal Error] :1:1: Premature end of file.
2026-10-01 12:27:20,305 [ERROR] LogOutputStream:75 - [STDERR_REDIRECT] 
2026-10-01 12:27:21,314 [ERROR] LogOutputStream:75 - [STDERR_REDIRECT] [Fatal Error] :1:1: Premature end of file.
2026-10-01 12:27:21,314 [ERROR] LogOutputStream:75 - [STDERR_REDIRECT] 
2026-10-01 12:27:22,285 [ERROR] LogOutputStream:75 - [STDERR_REDIRECT] [Fatal Error] :1:1: Premature end of file.
2026-10-01 12:27:22,285 [ERROR] LogOutputStream:75 - [STDERR_REDIRECT] 
2026-10-01 12:27:23,316 [ERROR] LogOutputStream:75 - [STDERR_REDIRECT] [Fatal Error] :1:1: Premature end of file.
2026-10-01 12:27:23,316 [ERROR] LogOutputStream:75 - [STDERR_REDIRECT] 
2026-10-01 12:27:24,299 [ERROR] LogOutputStream:75 - [STDERR_REDIRECT] [Fatal Error] :1:1: Premature end of file.
2026-10-01 12:27:24,299 [ERROR] LogOutputStream:75 - [STDERR_REDIRECT] 
2026-10-01 12:27:25,302 [ERROR] LogOutputStream:75 - [STDERR_REDIRECT] [Fatal Error] :1:1: Premature end of file.
2026-10-01 12:27:25,302 [ERROR] LogOutputStream:75 - [STDERR_REDIRECT] 
2026-10-01 12:27:26,285 [ERROR] LogOutputStream:75 - [STDERR_REDIRECT] [Fatal Error] :1:1: Premature end of file.
2026-10-01 12:27:26,285 [ERROR] LogOutputStream:75 - [STDERR_REDIRECT] 
2026-10-01 12:27:27,310 [ERROR] LogOutputStream:75 - [STDERR_REDIRECT] [Fatal Error] :1:1: Premature end of file.
2026-10-01 12:27:27,310 [ERROR] LogOutputStream:75 - [STDERR_REDIRECT] 
2026-10-01 12:27:28,300 [ERROR] LogOutputStream:75 - [STDERR_REDIRECT] [Fatal Error] :1:1: Premature end of file.
2026-10-01 12:27:28,300 [ERROR] LogOutputStream:75 - [STDERR_REDIRECT] 
2026-10-01 12:27:29,339 [ERROR] LogOutputStream:75 - [STDERR_REDIRECT] [Fatal Error] :1:1: Premature end of file.
2026-10-01 12:27:29,339 [ERROR] LogOutputStream:75 - [STDERR_REDIRECT] 
2026-10-01 12:27:30,297 [ERROR] LogOutputStream:75 - [STDERR_REDIRECT] [Fatal Error] :1:1: Premature end of file.
2026-10-01 12:27:30,297 [ERROR] LogOutputStream:75 - [STDERR_REDIRECT] 
2026-10-01 12:27:31,299 [ERROR] LogOutputStream:75 - [STDERR_REDIRECT] [Fatal Error] :1:1: Premature end of file.
2026-10-01 12:27:31,299 [ERROR] LogOutputStream:75 - [STDERR_REDIRECT] 
2026-10-01 12:27:32,311 [ERROR] LogOutputStream:75 - [STDERR_REDIRECT] [Fatal Error] :1:1: Premature end of file.
2026-10-01 12:27:32,311 [ERROR] LogOutputStream:75 - [STDERR_REDIRECT] 
2026-10-01 12:27:33,312 [ERROR] LogOutputStream:75 - [STDERR_REDIRECT] [Fatal Error] :1:1: Premature end of file.
2026-10-01 12:27:33,313 [ERROR] LogOutputStream:75 - [STDERR_REDIRECT] 
2026-10-01 12:27:34,314 [ERROR] LogOutputStream:75 - [STDERR_REDIRECT] [Fatal Error] :1:1: Premature end of file.
2026-10-01 12:27:34,314 [ERROR] LogOutputStream:75 - [STDERR_REDIRECT] 
2026-10-01 12:27:35,312 [ERROR] LogOutputStream:75 - [STDERR_REDIRECT] [Fatal Error] :1:1: Premature end of file.
2026-10-01 12:27:35,313 [ERROR] LogOutputStream:75 - [STDERR_REDIRECT] 
2026-10-01 12:27:36,312 [ERROR] LogOutputStream:75 - [STDERR_REDIRECT] [Fatal Error] :1:1: Premature end of file.
2026-10-01 12:27:36,312 [ERROR] LogOutputStream:75 - [STDERR_REDIRECT] 
2026-10-01 12:27:37,321 [ERROR] LogOutputStream:75 - [STDERR_REDIRECT] [Fatal Error] :1:1: Premature end of file.
2026-10-01 12:27:37,321 [ERROR] LogOutputStream:75 - [STDERR_REDIRECT] 
2026-10-01 12:27:38,300 [ERROR] LogOutputStream:75 - [STDERR_REDIRECT] [Fatal Error] :1:1: Premature end of file.
2026-10-01 12:27:38,300 [ERROR] LogOutputStream:75 - [STDERR_REDIRECT] 
2026-10-01 12:27:39,307 [ERROR] LogOutputStream:75 - [STDERR_REDIRECT] [Fatal Error] :1:1: Premature end of file.
2026-10-01 12:27:39,307 [ERROR] LogOutputStream:75 - [STDERR_REDIRECT] 
2026-10-01 12:27:40,294 [ERROR] LogOutputStream:75 - [STDERR_REDIRECT] [Fatal Error] :1:1: Premature end of file.
2026-10-01 12:27:40,294 [ERROR] LogOutputStream:75 - [STDERR_REDIRECT] 
2026-10-01 12:27:41,307 [ERROR] LogOutputStream:75 - [STDERR_REDIRECT] [Fatal Error] :1:1: Premature end of file.
2026-10-01 12:27:41,307 [ERROR] LogOutputStream:75 - [STDERR_REDIRECT] 
2026-10-01 12:27:42,302 [ERROR] LogOutputStream:75 - [STDERR_REDIRECT] [Fatal Error] :1:1: Premature end of file.
2026-10-01 12:27:42,302 [ERROR] LogOutputStream:75 - [STDERR_REDIRECT] 
2026-10-01 12:27:43,304 [ERROR] LogOutputStream:75 - [STDERR_REDIRECT] [Fatal Error] :1:1: Premature end of file.
2026-10-01 12:27:43,304 [ERROR] LogOutputStream:75 - [STDERR_REDIRECT] 
2026-10-01 12:27:44,297 [ERROR] LogOutputStream:75 - [STDERR_REDIRECT] [Fatal Error] :1:1: Premature end of file.
2026-10-01 12:27:44,297 [ERROR] LogOutputStream:75 - [STDERR_REDIRECT] 
2026-10-01 12:27:45,300 [ERROR] LogOutputStream:75 - [STDERR_REDIRECT] [Fatal Error] :1:1: Premature end of file.
2026-10-01 12:27:45,300 [ERROR] LogOutputStream:75 - [STDERR_REDIRECT] 
2026-10-01 12:27:46,296 [ERROR] LogOutputStream:75 - [STDERR_REDIRECT] [Fatal Error] :1:1: Premature end of file.
2026-10-01 12:27:46,296 [ERROR] LogOutputStream:75 - [STDERR_REDIRECT] 
2026-10-01 12:27:47,307 [ERROR] LogOutputStream:75 - [STDERR_REDIRECT] [Fatal Error] :1:1: Premature end of file.
2026-10-01 12:27:47,307 [ERROR] LogOutputStream:75 - [STDERR_REDIRECT] 
2026-10-01 12:27:48,300 [ERROR] LogOutputStream:75 - [STDERR_REDIRECT] [Fatal Error] :1:1: Premature end of file.
2026-10-01 12:27:48,300 [ERROR] LogOutputStream:75 - [STDERR_REDIRECT] 
2026-10-01 12:27:49,303 [ERROR] LogOutputStream:75 - [STDERR_REDIRECT] [Fatal Error] :1:1: Premature end of file.
2026-10-01 12:27:49,303 [ERROR] LogOutputStream:75 - [STDERR_REDIRECT] 
2026-10-01 12:27:50,297 [ERROR] LogOutputStream:75 - [STDERR_REDIRECT] [Fatal Error] :1:1: Premature end of file.
2026-10-01 12:27:50,297 [ERROR] LogOutputStream:75 - [STDERR_REDIRECT] 
2026-10-01 12:27:51,301 [ERROR] LogOutputStream:75 - [STDERR_REDIRECT] [Fatal Error] :1:1: Premature end of file.
2026-10-01 12:27:51,302 [ERROR] LogOutputStream:75 - [STDERR_REDIRECT] 
2026-10-01 12:27:52,301 [ERROR] LogOutputStream:75 - [STDERR_REDIRECT] [Fatal Error] :1:1: Premature end of file.
2026-10-01 12:27:52,301 [ERROR] LogOutputStream:75 - [STDERR_REDIRECT] 
2026-10-01 12:27:53,296 [ERROR] LogOutputStream:75 - [STDERR_REDIRECT] [Fatal Error] :1:1: Premature end of file.
2026-10-01 12:27:53,296 [ERROR] LogOutputStream:75 - [STDERR_REDIRECT] 
2026-10-01 12:27:54,297 [ERROR] LogOutputStream:75 - [STDERR_REDIRECT] [Fatal Error] :1:1: Premature end of file.
2026-10-01 12:27:54,297 [ERROR] LogOutputStream:75 - [STDERR_REDIRECT] 
2026-10-01 12:27:55,302 [ERROR] LogOutputStream:75 - [STDERR_REDIRECT] [Fatal Error] :1:1: Premature end of file.
2026-10-01 12:27:55,302 [ERROR] LogOutputStream:75 - [STDERR_REDIRECT] 
2026-10-01 12:27:56,297 [ERROR] LogOutputStream:75 - [STDERR_REDIRECT] [Fatal Error] :1:1: Premature end of file.
2026-10-01 12:27:56,299 [ERROR] LogOutputStream:75 - [STDERR_REDIRECT] 
2026-10-01 12:27:57,305 [ERROR] LogOutputStream:75 - [STDERR_REDIRECT] [Fatal Error] :1:1: Premature end of file.
2026-10-01 12:27:57,305 [ERROR] LogOutputStream:75 - [STDERR_REDIRECT] 
2026-10-01 12:27:58,302 [ERROR] LogOutputStream:75 - [STDERR_REDIRECT] [Fatal Error] :1:1: Premature end of file.
2026-10-01 12:27:58,302 [ERROR] LogOutputStream:75 - [STDERR_REDIRECT] 
2026-10-01 12:27:59,303 [ERROR] LogOutputStream:75 - [STDERR_REDIRECT] [Fatal Error] :1:1: Premature end of file.
2026-10-01 12:27:59,304 [ERROR] LogOutputStream:75 - [STDERR_REDIRECT] 
2026-10-01 12:28:00,301 [ERROR] LogOutputStream:75 - [STDERR_REDIRECT] [Fatal Error] :1:1: Premature end of file.
2026-10-01 12:28:00,301 [ERROR] LogOutputStream:75 - [STDERR_REDIRECT] 
2026-10-01 12:28:01,302 [ERROR] LogOutputStream:75 - [STDERR_REDIRECT] [Fatal Error] :1:1: Premature end of file.
2026-10-01 12:28:01,302 [ERROR] LogOutputStream:75 - [STDERR_REDIRECT] 
2026-10-01 12:28:02,303 [ERROR] LogOutputStream:75 - [STDERR_REDIRECT] [Fatal Error] :1:1: Premature end of file.
2026-10-01 12:28:02,303 [ERROR] LogOutputStream:75 - [STDERR_REDIRECT] 
2026-10-01 12:28:03,291 [ERROR] LogOutputStream:75 - [STDERR_REDIRECT] [Fatal Error] :1:1: Premature end of file.
2026-10-01 12:28:03,291 [ERROR] LogOutputStream:75 - [STDERR_REDIRECT] 
2026-10-01 12:28:04,296 [ERROR] LogOutputStream:75 - [STDERR_REDIRECT] [Fatal Error] :1:1: Premature end of file.
2026-10-01 12:28:04,296 [ERROR] LogOutputStream:75 - [STDERR_REDIRECT] 
2026-10-01 12:28:05,293 [ERROR] LogOutputStream:75 - [STDERR_REDIRECT] [Fatal Error] :1:1: Premature end of file.
2026-10-01 12:28:05,293 [ERROR] LogOutputStream:75 - [STDERR_REDIRECT] 
2026-10-01 12:28:06,301 [ERROR] LogOutputStream:75 - [STDERR_REDIRECT] [Fatal Error] :1:1: Premature end of file.
2026-10-01 12:28:06,301 [ERROR] LogOutputStream:75 - [STDERR_REDIRECT] 
2026-10-01 12:28:07,341 [ERROR] LogOutputStream:75 - [STDERR_REDIRECT] [Fatal Error] :1:1: Premature end of file.
2026-10-01 12:28:07,341 [ERROR] LogOutputStream:75 - [STDERR_REDIRECT] 
2026-10-01 12:28:08,294 [ERROR] LogOutputStream:75 - [STDERR_REDIRECT] [Fatal Error] :1:1: Premature end of file.
2026-10-01 12:28:08,294 [ERROR] LogOutputStream:75 - [STDERR_REDIRECT] 
2026-10-01 12:28:09,296 [ERROR] LogOutputStream:75 - [STDERR_REDIRECT] [Fatal Error] :1:1: Premature end of file.
2026-10-01 12:28:09,296 [ERROR] LogOutputStream:75 - [STDERR_REDIRECT] 
2026-10-01 12:28:10,312 [ERROR] LogOutputStream:75 - [STDERR_REDIRECT] [Fatal Error] :1:1: Premature end of file.
2026-10-01 12:28:10,312 [ERROR] LogOutputStream:75 - [STDERR_REDIRECT] 
2026-10-01 12:28:11,347 [ERROR] LogOutputStream:75 - [STDERR_REDIRECT] [Fatal Error] :1:1: Premature end of file.
2026-10-01 12:28:11,348 [ERROR] LogOutputStream:75 - [STDERR_REDIRECT] 
2026-10-01 12:28:12,304 [ERROR] LogOutputStream:75 - [STDERR_REDIRECT] [Fatal Error] :1:1: Premature end of file.
2026-10-01 12:28:12,304 [ERROR] LogOutputStream:75 - [STDERR_REDIRECT] 
2026-10-01 12:28:13,308 [ERROR] LogOutputStream:75 - [STDERR_REDIRECT] [Fatal Error] :1:1: Premature end of file.
2026-10-01 12:28:13,308 [ERROR] LogOutputStream:75 - [STDERR_REDIRECT] 
2026-10-01 12:28:14,300 [ERROR] LogOutputStream:75 - [STDERR_REDIRECT] [Fatal Error] :1:1: Premature end of file.
2026-10-01 12:28:14,300 [ERROR] LogOutputStream:75 - [STDERR_REDIRECT] 
2026-10-01 12:28:15,292 [ERROR] LogOutputStream:75 - [STDERR_REDIRECT] [Fatal Error] :1:1: Premature end of file.
2026-10-01 12:28:15,292 [ERROR] LogOutputStream:75 - [STDERR_REDIRECT] 
2026-10-01 12:28:16,298 [ERROR] LogOutputStream:75 - [STDERR_REDIRECT] [Fatal Error] :1:1: Premature end of file.
2026-10-01 12:28:16,298 [ERROR] LogOutputStream:75 - [STDERR_REDIRECT] 
2026-10-01 12:28:17,307 [ERROR] LogOutputStream:75 - [STDERR_REDIRECT] [Fatal Error] :1:1: Premature end of file.
2026-10-01 12:28:17,307 [ERROR] LogOutputStream:75 - [STDERR_REDIRECT] 
2026-10-01 12:28:18,296 [ERROR] LogOutputStream:75 - [STDERR_REDIRECT] [Fatal Error] :1:1: Premature end of file.
2026-10-01 12:28:18,296 [ERROR] LogOutputStream:75 - [STDERR_REDIRECT] 
2026-10-01 12:28:19,310 [ERROR] LogOutputStream:75 - [STDERR_REDIRECT] [Fatal Error] :1:1: Premature end of file.
2026-10-01 12:28:19,310 [ERROR] LogOutputStream:75 - [STDERR_REDIRECT] 
2026-10-01 12:28:20,315 [ERROR] LogOutputStream:75 - [STDERR_REDIRECT] [Fatal Error] :1:1: Premature end of file.
2026-10-01 12:28:20,315 [ERROR] LogOutputStream:75 - [STDERR_REDIRECT] 
2026-10-01 12:28:21,313 [ERROR] LogOutputStream:75 - [STDERR_REDIRECT] [Fatal Error] :1:1: Premature end of file.
2026-10-01 12:28:21,313 [ERROR] LogOutputStream:75 - [STDERR_REDIRECT] 
2026-10-01 12:28:22,296 [ERROR] LogOutputStream:75 - [STDERR_REDIRECT] [Fatal Error] :1:1: Premature end of file.
2026-10-01 12:28:22,296 [ERROR] LogOutputStream:75 - [STDERR_REDIRECT] 
2026-10-01 12:28:23,306 [ERROR] LogOutputStream:75 - [STDERR_REDIRECT] [Fatal Error] :1:1: Premature end of file.
2026-10-01 12:28:23,306 [ERROR] LogOutputStream:75 - [STDERR_REDIRECT] 
2026-10-01 12:28:24,299 [ERROR] LogOutputStream:75 - [STDERR_REDIRECT] [Fatal Error] :1:1: Premature end of file.
2026-10-01 12:28:24,300 [ERROR] LogOutputStream:75 - [STDERR_REDIRECT] 
2026-10-01 12:28:25,307 [ERROR] LogOutputStream:75 - [STDERR_REDIRECT] [Fatal Error] :1:1: Premature end of file.
2026-10-01 12:28:25,307 [ERROR] LogOutputStream:75 - [STDERR_REDIRECT] 
2026-10-01 12:28:26,306 [ERROR] LogOutputStream:75 - [STDERR_REDIRECT] [Fatal Error] :1:1: Premature end of file.
2026-10-01 12:28:26,306 [ERROR] LogOutputStream:75 - [STDERR_REDIRECT] 
2026-10-01 12:28:27,318 [ERROR] LogOutputStream:75 - [STDERR_REDIRECT] [Fatal Error] :1:1: Premature end of file.
2026-10-01 12:28:27,318 [ERROR] LogOutputStream:75 - [STDERR_REDIRECT] 
2026-10-01 12:28:28,307 [ERROR] LogOutputStream:75 - [STDERR_REDIRECT] [Fatal Error] :1:1: Premature end of file.
2026-10-01 12:28:28,308 [ERROR] LogOutputStream:75 - [STDERR_REDIRECT] 
2026-10-01 12:28:29,310 [ERROR] LogOutputStream:75 - [STDERR_REDIRECT] [Fatal Error] :1:1: Premature end of file.
2026-10-01 12:28:29,310 [ERROR] LogOutputStream:75 - [STDERR_REDIRECT] 
2026-10-01 12:28:30,316 [ERROR] LogOutputStream:75 - [STDERR_REDIRECT] [Fatal Error] :1:1: Premature end of file.
2026-10-01 12:28:30,316 [ERROR] LogOutputStream:75 - [STDERR_REDIRECT] 
2026-10-01 12:28:31,304 [ERROR] LogOutputStream:75 - [STDERR_REDIRECT] [Fatal Error] :1:1: Premature end of file.
2026-10-01 12:28:31,304 [ERROR] LogOutputStream:75 - [STDERR_REDIRECT] 
2026-10-01 12:28:32,314 [ERROR] LogOutputStream:75 - [STDERR_REDIRECT] [Fatal Error] :1:1: Premature end of file.
2026-10-01 12:28:32,314 [ERROR] LogOutputStream:75 - [STDERR_REDIRECT] 
2026-10-01 12:28:33,300 [ERROR] LogOutputStream:75 - [STDERR_REDIRECT] [Fatal Error] :1:1: Premature end of file.
2026-10-01 12:28:33,300 [ERROR] LogOutputStream:75 - [STDERR_REDIRECT] 
2026-10-01 12:28:34,291 [ERROR] LogOutputStream:75 - [STDERR_REDIRECT] [Fatal Error] :1:1: Premature end of file.
2026-10-01 12:28:34,291 [ERROR] LogOutputStream:75 - [STDERR_REDIRECT] 
2026-10-01 12:28:35,315 [ERROR] LogOutputStream:75 - [STDERR_REDIRECT] [Fatal Error] :1:1: Premature end of file.
2026-10-01 12:28:35,316 [ERROR] LogOutputStream:75 - [STDERR_REDIRECT] 
2026-10-01 12:28:36,296 [ERROR] LogOutputStream:75 - [STDERR_REDIRECT] [Fatal Error] :1:1: Premature end of file.
2026-10-01 12:28:36,296 [ERROR] LogOutputStream:75 - [STDERR_REDIRECT] 
2026-10-01 12:28:37,307 [ERROR] LogOutputStream:75 - [STDERR_REDIRECT] [Fatal Error] :1:1: Premature end of file.
2026-10-01 12:28:37,325 [ERROR] LogOutputStream:75 - [STDERR_REDIRECT] 
2026-10-01 12:28:38,292 [ERROR] LogOutputStream:75 - [STDERR_REDIRECT] [Fatal Error] :1:1: Premature end of file.
2026-10-01 12:28:38,292 [ERROR] LogOutputStream:75 - [STDERR_REDIRECT] 
2026-10-01 12:28:39,295 [ERROR] LogOutputStream:75 - [STDERR_REDIRECT] [Fatal Error] :1:1: Premature end of file.
2026-10-01 12:28:39,295 [ERROR] LogOutputStream:75 - [STDERR_REDIRECT] 
2026-10-01 12:28:40,300 [ERROR] LogOutputStream:75 - [STDERR_REDIRECT] [Fatal Error] :1:1: Premature end of file.
2026-10-01 12:28:40,300 [ERROR] LogOutputStream:75 - [STDERR_REDIRECT] 
2026-10-01 12:28:41,310 [ERROR] LogOutputStream:75 - [STDERR_REDIRECT] [Fatal Error] :1:1: Premature end of file.
2026-10-01 12:28:41,312 [ERROR] LogOutputStream:75 - [STDERR_REDIRECT] 
2026-10-01 12:28:42,302 [ERROR] LogOutputStream:75 - [STDERR_REDIRECT] [Fatal Error] :1:1: Premature end of file.
2026-10-01 12:28:42,302 [ERROR] LogOutputStream:75 - [STDERR_REDIRECT] 
2026-10-01 12:28:43,308 [ERROR] LogOutputStream:75 - [STDERR_REDIRECT] [Fatal Error] :1:1: Premature end of file.
2026-10-01 12:28:43,308 [ERROR] LogOutputStream:75 - [STDERR_REDIRECT] 
2026-10-01 12:28:44,293 [ERROR] LogOutputStream:75 - [STDERR_REDIRECT] [Fatal Error] :1:1: Premature end of file.
2026-10-01 12:28:44,293 [ERROR] LogOutputStream:75 - [STDERR_REDIRECT] 
2026-10-01 12:28:45,294 [ERROR] LogOutputStream:75 - [STDERR_REDIRECT] [Fatal Error] :1:1: Premature end of file.
2026-10-01 12:28:45,294 [ERROR] LogOutputStream:75 - [STDERR_REDIRECT] 
2026-10-01 12:28:46,297 [ERROR] LogOutputStream:75 - [STDERR_REDIRECT] [Fatal Error] :1:1: Premature end of file.
2026-10-01 12:28:46,297 [ERROR] LogOutputStream:75 - [STDERR_REDIRECT] 
2026-10-01 12:28:47,296 [ERROR] LogOutputStream:75 - [STDERR_REDIRECT] [Fatal Error] :1:1: Premature end of file.
2026-10-01 12:28:47,296 [ERROR] LogOutputStream:75 - [STDERR_REDIRECT] 
2026-10-01 12:28:48,314 [ERROR] LogOutputStream:75 - [STDERR_REDIRECT] [Fatal Error] :1:1: Premature end of file.
2026-10-01 12:28:48,315 [ERROR] LogOutputStream:75 - [STDERR_REDIRECT] 
2026-10-01 12:28:49,307 [ERROR] LogOutputStream:75 - [STDERR_REDIRECT] [Fatal Error] :1:1: Premature end of file.
2026-10-01 12:28:49,307 [ERROR] LogOutputStream:75 - [STDERR_REDIRECT] 
2026-10-01 12:28:50,309 [ERROR] LogOutputStream:75 - [STDERR_REDIRECT] [Fatal Error] :1:1: Premature end of file.
2026-10-01 12:28:50,309 [ERROR] LogOutputStream:75 - [STDERR_REDIRECT] 
2026-10-01 12:28:51,299 [ERROR] LogOutputStream:75 - [STDERR_REDIRECT] [Fatal Error] :1:1: Premature end of file.
2026-10-01 12:28:51,299 [ERROR] LogOutputStream:75 - [STDERR_REDIRECT] 
2026-10-01 12:28:52,296 [ERROR] LogOutputStream:75 - [STDERR_REDIRECT] [Fatal Error] :1:1: Premature end of file.
2026-10-01 12:28:52,296 [ERROR] LogOutputStream:75 - [STDERR_REDIRECT] 
2026-10-01 12:28:53,292 [ERROR] LogOutputStream:75 - [STDERR_REDIRECT] [Fatal Error] :1:1: Premature end of file.
2026-10-01 12:28:53,292 [ERROR] LogOutputStream:75 - [STDERR_REDIRECT] 
2026-10-01 12:28:54,298 [ERROR] LogOutputStream:75 - [STDERR_REDIRECT] [Fatal Error] :1:1: Premature end of file.
2026-10-01 12:28:54,298 [ERROR] LogOutputStream:75 - [STDERR_REDIRECT] 
2026-10-01 12:28:55,299 [ERROR] LogOutputStream:75 - [STDERR_REDIRECT] [Fatal Error] :1:1: Premature end of file.
2026-10-01 12:28:55,299 [ERROR] LogOutputStream:75 - [STDERR_REDIRECT] 
2026-10-01 12:28:56,296 [ERROR] LogOutputStream:75 - [STDERR_REDIRECT] [Fatal Error] :1:1: Premature end of file.
2026-10-01 12:28:56,296 [ERROR] LogOutputStream:75 - [STDERR_REDIRECT] 
2026-10-01 12:28:57,304 [ERROR] LogOutputStream:75 - [STDERR_REDIRECT] [Fatal Error] :1:1: Premature end of file.
2026-10-01 12:28:57,304 [ERROR] LogOutputStream:75 - [STDERR_REDIRECT] 
2026-10-01 12:28:58,294 [ERROR] LogOutputStream:75 - [STDERR_REDIRECT] [Fatal Error] :1:1: Premature end of file.
2026-10-01 12:28:58,294 [ERROR] LogOutputStream:75 - [STDERR_REDIRECT] 
2026-10-01 12:28:59,297 [ERROR] LogOutputStream:75 - [STDERR_REDIRECT] [Fatal Error] :1:1: Premature end of file.
2026-10-01 12:28:59,297 [ERROR] LogOutputStream:75 - [STDERR_REDIRECT] 
2026-10-01 12:29:00,298 [ERROR] LogOutputStream:75 - [STDERR_REDIRECT] [Fatal Error] :1:1: Premature end of file.
2026-10-01 12:29:00,298 [ERROR] LogOutputStream:75 - [STDERR_REDIRECT] 
2026-10-01 12:29:01,296 [ERROR] LogOutputStream:75 - [STDERR_REDIRECT] [Fatal Error] :1:1: Premature end of file.
2026-10-01 12:29:01,296 [ERROR] LogOutputStream:75 - [STDERR_REDIRECT] 
2026-10-01 12:29:02,320 [ERROR] LogOutputStream:75 - [STDERR_REDIRECT] [Fatal Error] :1:1: Premature end of file.
2026-10-01 12:29:02,320 [ERROR] LogOutputStream:75 - [STDERR_REDIRECT] 
2026-10-01 12:29:03,291 [ERROR] LogOutputStream:75 - [STDERR_REDIRECT] [Fatal Error] :1:1: Premature end of file.
2026-10-01 12:29:03,291 [ERROR] LogOutputStream:75 - [STDERR_REDIRECT] 
2026-10-01 12:29:04,299 [ERROR] LogOutputStream:75 - [STDERR_REDIRECT] [Fatal Error] :1:1: Premature end of file.
2026-10-01 12:29:04,299 [ERROR] LogOutputStream:75 - [STDERR_REDIRECT] 
2026-10-01 12:29:05,308 [ERROR] LogOutputStream:75 - [STDERR_REDIRECT] [Fatal Error] :1:1: Premature end of file.
2026-10-01 12:29:05,308 [ERROR] LogOutputStream:75 - [STDERR_REDIRECT] 
2026-10-01 12:29:06,292 [ERROR] LogOutputStream:75 - [STDERR_REDIRECT] [Fatal Error] :1:1: Premature end of file.
2026-10-01 12:29:06,292 [ERROR] LogOutputStream:75 - [STDERR_REDIRECT] 
2026-10-01 12:29:07,300 [ERROR] LogOutputStream:75 - [STDERR_REDIRECT] [Fatal Error] :1:1: Premature end of file.
2026-10-01 12:29:07,300 [ERROR] LogOutputStream:75 - [STDERR_REDIRECT] 
2026-10-01 12:29:08,302 [ERROR] LogOutputStream:75 - [STDERR_REDIRECT] [Fatal Error] :1:1: Premature end of file.
2026-10-01 12:29:08,302 [ERROR] LogOutputStream:75 - [STDERR_REDIRECT] 
2026-10-01 12:29:09,301 [ERROR] LogOutputStream:75 - [STDERR_REDIRECT] [Fatal Error] :1:1: Premature end of file.
2026-10-01 12:29:09,301 [ERROR] LogOutputStream:75 - [STDERR_REDIRECT] 
2026-10-01 12:29:10,300 [ERROR] LogOutputStream:75 - [STDERR_REDIRECT] [Fatal Error] :1:1: Premature end of file.
2026-10-01 12:29:10,301 [ERROR] LogOutputStream:75 - [STDERR_REDIRECT] 
2026-10-01 12:29:11,299 [ERROR] LogOutputStream:75 - [STDERR_REDIRECT] [Fatal Error] :1:1: Premature end of file.
2026-10-01 12:29:11,299 [ERROR] LogOutputStream:75 - [STDERR_REDIRECT] 
2026-10-01 12:29:12,311 [ERROR] LogOutputStream:75 - [STDERR_REDIRECT] [Fatal Error] :1:1: Premature end of file.
2026-10-01 12:29:12,311 [ERROR] LogOutputStream:75 - [STDERR_REDIRECT] 
2026-10-01 12:29:13,302 [ERROR] LogOutputStream:75 - [STDERR_REDIRECT] [Fatal Error] :1:1: Premature end of file.
2026-10-01 12:29:13,302 [ERROR] LogOutputStream:75 - [STDERR_REDIRECT] 
2026-10-01 12:29:14,322 [ERROR] LogOutputStream:75 - [STDERR_REDIRECT] [Fatal Error] :1:1: Premature end of file.
2026-10-01 12:29:14,322 [ERROR] LogOutputStream:75 - [STDERR_REDIRECT] 
2026-10-01 12:29:15,302 [ERROR] LogOutputStream:75 - [STDERR_REDIRECT] [Fatal Error] :1:1: Premature end of file.
2026-10-01 12:29:15,302 [ERROR] LogOutputStream:75 - [STDERR_REDIRECT] 
2026-10-01 12:29:16,301 [ERROR] LogOutputStream:75 - [STDERR_REDIRECT] [Fatal Error] :1:1: Premature end of file.
2026-10-01 12:29:16,301 [ERROR] LogOutputStream:75 - [STDERR_REDIRECT] 
2026-10-01 12:29:17,294 [ERROR] LogOutputStream:75 - [STDERR_REDIRECT] [Fatal Error] :1:1: Premature end of file.
2026-10-01 12:29:17,294 [ERROR] LogOutputStream:75 - [STDERR_REDIRECT] 
2026-10-01 12:29:18,295 [ERROR] LogOutputStream:75 - [STDERR_REDIRECT] [Fatal Error] :1:1: Premature end of file.
2026-10-01 12:29:18,295 [ERROR] LogOutputStream:75 - [STDERR_REDIRECT] 
2026-10-01 12:29:19,307 [ERROR] LogOutputStream:75 - [STDERR_REDIRECT] [Fatal Error] :1:1: Premature end of file.
2026-10-01 12:29:19,307 [ERROR] LogOutputStream:75 - [STDERR_REDIRECT] 
2026-10-01 12:29:20,307 [ERROR] LogOutputStream:75 - [STDERR_REDIRECT] [Fatal Error] :1:1: Premature end of file.
2026-10-01 12:29:20,307 [ERROR] LogOutputStream:75 - [STDERR_REDIRECT] 
2026-10-01 12:29:21,307 [ERROR] LogOutputStream:75 - [STDERR_REDIRECT] [Fatal Error] :1:1: Premature end of file.
2026-10-01 12:29:21,307 [ERROR] LogOutputStream:75 - [STDERR_REDIRECT] 
2026-10-01 12:29:22,302 [ERROR] LogOutputStream:75 - [STDERR_REDIRECT] [Fatal Error] :1:1: Premature end of file.
2026-10-01 12:29:22,335 [ERROR] LogOutputStream:75 - [STDERR_REDIRECT] 
2026-10-01 12:29:23,299 [ERROR] LogOutputStream:75 - [STDERR_REDIRECT] [Fatal Error] :1:1: Premature end of file.
2026-10-01 12:29:23,299 [ERROR] LogOutputStream:75 - [STDERR_REDIRECT] 
2026-10-01 12:29:24,291 [ERROR] LogOutputStream:75 - [STDERR_REDIRECT] [Fatal Error] :1:1: Premature end of file.
2026-10-01 12:29:24,291 [ERROR] LogOutputStream:75 - [STDERR_REDIRECT] 
2026-10-01 12:29:25,296 [ERROR] LogOutputStream:75 - [STDERR_REDIRECT] [Fatal Error] :1:1: Premature end of file.
2026-10-01 12:29:25,298 [ERROR] LogOutputStream:75 - [STDERR_REDIRECT] 
2026-10-01 12:29:26,295 [ERROR] LogOutputStream:75 - [STDERR_REDIRECT] [Fatal Error] :1:1: Premature end of file.
2026-10-01 12:29:26,295 [ERROR] LogOutputStream:75 - [STDERR_REDIRECT] 
2026-10-01 12:29:27,301 [ERROR] LogOutputStream:75 - [STDERR_REDIRECT] [Fatal Error] :1:1: Premature end of file.
2026-10-01 12:29:27,301 [ERROR] LogOutputStream:75 - [STDERR_REDIRECT] 
2026-10-01 12:29:28,296 [ERROR] LogOutputStream:75 - [STDERR_REDIRECT] [Fatal Error] :1:1: Premature end of file.
2026-10-01 12:29:28,296 [ERROR] LogOutputStream:75 - [STDERR_REDIRECT] 
2026-10-01 12:29:29,291 [ERROR] LogOutputStream:75 - [STDERR_REDIRECT] [Fatal Error] :1:1: Premature end of file.
2026-10-01 12:29:29,291 [ERROR] LogOutputStream:75 - [STDERR_REDIRECT] 
2026-10-01 12:29:30,311 [ERROR] LogOutputStream:75 - [STDERR_REDIRECT] [Fatal Error] :1:1: Premature end of file.
2026-10-01 12:29:30,311 [ERROR] LogOutputStream:75 - [STDERR_REDIRECT] 
2026-10-01 12:29:31,294 [ERROR] LogOutputStream:75 - [STDERR_REDIRECT] [Fatal Error] :1:1: Premature end of file.
2026-10-01 12:29:31,294 [ERROR] LogOutputStream:75 - [STDERR_REDIRECT] 
2026-10-01 12:29:32,292 [ERROR] LogOutputStream:75 - [STDERR_REDIRECT] [Fatal Error] :1:1: Premature end of file.
2026-10-01 12:29:32,292 [ERROR] LogOutputStream:75 - [STDERR_REDIRECT] 
2026-10-01 12:29:33,291 [ERROR] LogOutputStream:75 - [STDERR_REDIRECT] [Fatal Error] :1:1: Premature end of file.
2026-10-01 12:29:33,291 [ERROR] LogOutputStream:75 - [STDERR_REDIRECT] 
2026-10-01 12:29:34,302 [ERROR] LogOutputStream:75 - [STDERR_REDIRECT] [Fatal Error] :1:1: Premature end of file.
2026-10-01 12:29:34,302 [ERROR] LogOutputStream:75 - [STDERR_REDIRECT] 
2026-10-01 12:29:35,293 [ERROR] LogOutputStream:75 - [STDERR_REDIRECT] [Fatal Error] :1:1: Premature end of file.
2026-10-01 12:29:35,293 [ERROR] LogOutputStream:75 - [STDERR_REDIRECT] 
2026-10-01 12:29:36,318 [ERROR] LogOutputStream:75 - [STDERR_REDIRECT] [Fatal Error] :1:1: Premature end of file.
2026-10-01 12:29:36,319 [ERROR] LogOutputStream:75 - [STDERR_REDIRECT] 
2026-10-01 12:29:37,291 [ERROR] LogOutputStream:75 - [STDERR_REDIRECT] [Fatal Error] :1:1: Premature end of file.
2026-10-01 12:29:37,297 [ERROR] LogOutputStream:75 - [STDERR_REDIRECT] 
2026-10-01 12:29:38,291 [ERROR] LogOutputStream:75 - [STDERR_REDIRECT] [Fatal Error] :1:1: Premature end of file.
2026-10-01 12:29:38,291 [ERROR] LogOutputStream:75 - [STDERR_REDIRECT] 
2026-10-01 12:29:39,302 [ERROR] LogOutputStream:75 - [STDERR_REDIRECT] [Fatal Error] :1:1: Premature end of file.
2026-10-01 12:29:39,302 [ERROR] LogOutputStream:75 - [STDERR_REDIRECT] 
2026-10-01 12:29:40,306 [ERROR] LogOutputStream:75 - [STDERR_REDIRECT] [Fatal Error] :1:1: Premature end of file.
2026-10-01 12:29:40,307 [ERROR] LogOutputStream:75 - [STDERR_REDIRECT] 
2026-10-01 12:29:41,308 [ERROR] LogOutputStream:75 - [STDERR_REDIRECT] [Fatal Error] :1:1: Premature end of file.
2026-10-01 12:29:41,308 [ERROR] LogOutputStream:75 - [STDERR_REDIRECT] 
2026-10-01 12:29:42,292 [ERROR] LogOutputStream:75 - [STDERR_REDIRECT] [Fatal Error] :1:1: Premature end of file.
2026-10-01 12:29:42,292 [ERROR] LogOutputStream:75 - [STDERR_REDIRECT] 
2026-10-01 12:29:43,300 [ERROR] LogOutputStream:75 - [STDERR_REDIRECT] [Fatal Error] :1:1: Premature end of file.
2026-10-01 12:29:43,300 [ERROR] LogOutputStream:75 - [STDERR_REDIRECT] 
2026-10-01 12:29:44,303 [ERROR] LogOutputStream:75 - [STDERR_REDIRECT] [Fatal Error] :1:1: Premature end of file.
2026-10-01 12:29:44,303 [ERROR] LogOutputStream:75 - [STDERR_REDIRECT] 
2026-10-01 12:29:45,305 [ERROR] LogOutputStream:75 - [STDERR_REDIRECT] [Fatal Error] :1:1: Premature end of file.
2026-10-01 12:29:45,305 [ERROR] LogOutputStream:75 - [STDERR_REDIRECT] 
2026-10-01 12:29:46,302 [ERROR] LogOutputStream:75 - [STDERR_REDIRECT] [Fatal Error] :1:1: Premature end of file.
2026-10-01 12:29:46,302 [ERROR] LogOutputStream:75 - [STDERR_REDIRECT] 
2026-10-01 12:29:47,296 [ERROR] LogOutputStream:75 - [STDERR_REDIRECT] [Fatal Error] :1:1: Premature end of file.
2026-10-01 12:29:47,296 [ERROR] LogOutputStream:75 - [STDERR_REDIRECT] 
2026-10-01 12:29:48,310 [ERROR] LogOutputStream:75 - [STDERR_REDIRECT] [Fatal Error] :1:1: Premature end of file.
2026-10-01 12:29:48,311 [ERROR] LogOutputStream:75 - [STDERR_REDIRECT] 
2026-10-01 12:29:49,311 [ERROR] LogOutputStream:75 - [STDERR_REDIRECT] [Fatal Error] :1:1: Premature end of file.
2026-10-01 12:29:49,311 [ERROR] LogOutputStream:75 - [STDERR_REDIRECT] 
2026-10-01 12:29:50,291 [ERROR] LogOutputStream:75 - [STDERR_REDIRECT] [Fatal Error] :1:1: Premature end of file.
2026-10-01 12:29:50,291 [ERROR] LogOutputStream:75 - [STDERR_REDIRECT] 
2026-10-01 12:29:51,314 [ERROR] LogOutputStream:75 - [STDERR_REDIRECT] [Fatal Error] :1:1: Premature end of file.
2026-10-01 12:29:51,314 [ERROR] LogOutputStream:75 - [STDERR_REDIRECT] 
2026-10-01 12:29:52,320 [ERROR] LogOutputStream:75 - [STDERR_REDIRECT] [Fatal Error] :1:1: Premature end of file.
2026-10-01 12:29:52,335 [ERROR] LogOutputStream:75 - [STDERR_REDIRECT] 
2026-10-01 12:29:53,297 [ERROR] LogOutputStream:75 - [STDERR_REDIRECT] [Fatal Error] :1:1: Premature end of file.
2026-10-01 12:29:53,297 [ERROR] LogOutputStream:75 - [STDERR_REDIRECT] 
2026-10-01 12:29:54,301 [ERROR] LogOutputStream:75 - [STDERR_REDIRECT] [Fatal Error] :1:1: Premature end of file.
2026-10-01 12:29:54,301 [ERROR] LogOutputStream:75 - [STDERR_REDIRECT] 
2026-10-01 12:29:55,296 [ERROR] LogOutputStream:75 - [STDERR_REDIRECT] [Fatal Error] :1:1: Premature end of file.
2026-10-01 12:29:55,297 [ERROR] LogOutputStream:75 - [STDERR_REDIRECT] 
2026-10-01 12:29:56,297 [ERROR] LogOutputStream:75 - [STDERR_REDIRECT] [Fatal Error] :1:1: Premature end of file.
2026-10-01 12:29:56,297 [ERROR] LogOutputStream:75 - [STDERR_REDIRECT] 
2026-10-01 12:29:57,293 [ERROR] LogOutputStream:75 - [STDERR_REDIRECT] [Fatal Error] :1:1: Premature end of file.
2026-10-01 12:29:57,293 [ERROR] LogOutputStream:75 - [STDERR_REDIRECT] 
2026-10-01 12:29:58,308 [ERROR] LogOutputStream:75 - [STDERR_REDIRECT] [Fatal Error] :1:1: Premature end of file.
2026-10-01 12:29:58,308 [ERROR] LogOutputStream:75 - [STDERR_REDIRECT] 
2026-10-01 12:29:59,294 [ERROR] LogOutputStream:75 - [STDERR_REDIRECT] [Fatal Error] :1:1: Premature end of file.
2026-10-01 12:29:59,294 [ERROR] LogOutputStream:75 - [STDERR_REDIRECT] 
2026-10-01 12:30:00,301 [ERROR] LogOutputStream:75 - [STDERR_REDIRECT] [Fatal Error] :1:1: Premature end of file.
2026-10-01 12:30:00,301 [ERROR] LogOutputStream:75 - [STDERR_REDIRECT] 
2026-10-01 12:30:01,298 [ERROR] LogOutputStream:75 - [STDERR_REDIRECT] [Fatal Error] :1:1: Premature end of file.
2026-10-01 12:30:01,298 [ERROR] LogOutputStream:75 - [STDERR_REDIRECT] 
2026-10-01 12:30:02,302 [ERROR] LogOutputStream:75 - [STDERR_REDIRECT] [Fatal Error] :1:1: Premature end of file.
2026-10-01 12:30:02,303 [ERROR] LogOutputStream:75 - [STDERR_REDIRECT] 
2026-10-01 12:30:03,291 [ERROR] LogOutputStream:75 - [STDERR_REDIRECT] [Fatal Error] :1:1: Premature end of file.
2026-10-01 12:30:03,291 [ERROR] LogOutputStream:75 - [STDERR_REDIRECT] 
2026-10-01 12:30:04,303 [ERROR] LogOutputStream:75 - [STDERR_REDIRECT] [Fatal Error] :1:1: Premature end of file.
2026-10-01 12:30:04,303 [ERROR] LogOutputStream:75 - [STDERR_REDIRECT] 
2026-10-01 12:30:05,298 [ERROR] LogOutputStream:75 - [STDERR_REDIRECT] [Fatal Error] :1:1: Premature end of file.
2026-10-01 12:30:05,299 [ERROR] LogOutputStream:75 - [STDERR_REDIRECT] 
2026-10-01 12:30:06,303 [ERROR] LogOutputStream:75 - [STDERR_REDIRECT] [Fatal Error] :1:1: Premature end of file.
2026-10-01 12:30:06,303 [ERROR] LogOutputStream:75 - [STDERR_REDIRECT] 
2026-10-01 12:30:07,296 [ERROR] LogOutputStream:75 - [STDERR_REDIRECT] [Fatal Error] :1:1: Premature end of file.
2026-10-01 12:30:07,296 [ERROR] LogOutputStream:75 - [STDERR_REDIRECT] 
2026-10-01 12:30:08,323 [ERROR] LogOutputStream:75 - [STDERR_REDIRECT] [Fatal Error] :1:1: Premature end of file.
2026-10-01 12:30:08,324 [ERROR] LogOutputStream:75 - [STDERR_REDIRECT] 
2026-10-01 12:30:09,302 [ERROR] LogOutputStream:75 - [STDERR_REDIRECT] [Fatal Error] :1:1: Premature end of file.
2026-10-01 12:30:09,302 [ERROR] LogOutputStream:75 - [STDERR_REDIRECT] 
2026-10-01 12:30:10,299 [ERROR] LogOutputStream:75 - [STDERR_REDIRECT] [Fatal Error] :1:1: Premature end of file.
2026-10-01 12:30:10,299 [ERROR] LogOutputStream:75 - [STDERR_REDIRECT] 
2026-10-01 12:30:11,294 [ERROR] LogOutputStream:75 - [STDERR_REDIRECT] [Fatal Error] :1:1: Premature end of file.
2026-10-01 12:30:11,294 [ERROR] LogOutputStream:75 - [STDERR_REDIRECT] 
2026-10-01 12:30:12,303 [ERROR] LogOutputStream:75 - [STDERR_REDIRECT] [Fatal Error] :1:1: Premature end of file.
2026-10-01 12:30:12,303 [ERROR] LogOutputStream:75 - [STDERR_REDIRECT] 
2026-10-01 12:30:13,291 [ERROR] LogOutputStream:75 - [STDERR_REDIRECT] [Fatal Error] :1:1: Premature end of file.
2026-10-01 12:30:13,291 [ERROR] LogOutputStream:75 - [STDERR_REDIRECT] 
2026-10-01 12:30:14,316 [ERROR] LogOutputStream:75 - [STDERR_REDIRECT] [Fatal Error] :1:1: Premature end of file.
2026-10-01 12:30:14,316 [ERROR] LogOutputStream:75 - [STDERR_REDIRECT] 
2026-10-01 12:30:15,303 [ERROR] LogOutputStream:75 - [STDERR_REDIRECT] [Fatal Error] :1:1: Premature end of file.
2026-10-01 12:30:15,303 [ERROR] LogOutputStream:75 - [STDERR_REDIRECT] 
2026-10-01 12:30:16,291 [ERROR] LogOutputStream:75 - [STDERR_REDIRECT] [Fatal Error] :1:1: Premature end of file.
2026-10-01 12:30:16,291 [ERROR] LogOutputStream:75 - [STDERR_REDIRECT] 
2026-10-01 12:30:17,316 [ERROR] LogOutputStream:75 - [STDERR_REDIRECT] [Fatal Error] :1:1: Premature end of file.
2026-10-01 12:30:17,317 [ERROR] LogOutputStream:75 - [STDERR_REDIRECT] 
2026-10-01 12:30:18,294 [ERROR] LogOutputStream:75 - [STDERR_REDIRECT] [Fatal Error] :1:1: Premature end of file.
2026-10-01 12:30:18,294 [ERROR] LogOutputStream:75 - [STDERR_REDIRECT] 
2026-10-01 12:30:19,305 [ERROR] LogOutputStream:75 - [STDERR_REDIRECT] [Fatal Error] :1:1: Premature end of file.
2026-10-01 12:30:19,306 [ERROR] LogOutputStream:75 - [STDERR_REDIRECT] 
2026-10-01 12:30:20,293 [ERROR] LogOutputStream:75 - [STDERR_REDIRECT] [Fatal Error] :1:1: Premature end of file.
2026-10-01 12:30:20,293 [ERROR] LogOutputStream:75 - [STDERR_REDIRECT] 
2026-10-01 12:30:21,299 [ERROR] LogOutputStream:75 - [STDERR_REDIRECT] [Fatal Error] :1:1: Premature end of file.
2026-10-01 12:30:21,299 [ERROR] LogOutputStream:75 - [STDERR_REDIRECT] 
2026-10-01 12:30:22,301 [ERROR] LogOutputStream:75 - [STDERR_REDIRECT] [Fatal Error] :1:1: Premature end of file.
2026-10-01 12:30:22,320 [ERROR] LogOutputStream:75 - [STDERR_REDIRECT] 
2026-10-01 12:30:23,298 [ERROR] LogOutputStream:75 - [STDERR_REDIRECT] [Fatal Error] :1:1: Premature end of file.
2026-10-01 12:30:23,298 [ERROR] LogOutputStream:75 - [STDERR_REDIRECT] 
2026-10-01 12:30:24,298 [ERROR] LogOutputStream:75 - [STDERR_REDIRECT] [Fatal Error] :1:1: Premature end of file.
2026-10-01 12:30:24,298 [ERROR] LogOutputStream:75 - [STDERR_REDIRECT] 
2026-10-01 12:30:25,296 [ERROR] LogOutputStream:75 - [STDERR_REDIRECT] [Fatal Error] :1:1: Premature end of file.
2026-10-01 12:30:25,296 [ERROR] LogOutputStream:75 - [STDERR_REDIRECT] 
2026-10-01 12:30:26,292 [ERROR] LogOutputStream:75 - [STDERR_REDIRECT] [Fatal Error] :1:1: Premature end of file.
2026-10-01 12:30:26,292 [ERROR] LogOutputStream:75 - [STDERR_REDIRECT] 
2026-10-01 12:30:27,296 [ERROR] LogOutputStream:75 - [STDERR_REDIRECT] [Fatal Error] :1:1: Premature end of file.
2026-10-01 12:30:27,296 [ERROR] LogOutputStream:75 - [STDERR_REDIRECT] 
2026-10-01 12:30:28,295 [ERROR] LogOutputStream:75 - [STDERR_REDIRECT] [Fatal Error] :1:1: Premature end of file.
2026-10-01 12:30:28,295 [ERROR] LogOutputStream:75 - [STDERR_REDIRECT] 
2026-10-01 12:30:29,293 [ERROR] LogOutputStream:75 - [STDERR_REDIRECT] [Fatal Error] :1:1: Premature end of file.
2026-10-01 12:30:29,293 [ERROR] LogOutputStream:75 - [STDERR_REDIRECT] 
2026-10-01 12:30:30,294 [ERROR] LogOutputStream:75 - [STDERR_REDIRECT] [Fatal Error] :1:1: Premature end of file.
2026-10-01 12:30:30,295 [ERROR] LogOutputStream:75 - [STDERR_REDIRECT] 
2026-10-01 12:30:31,296 [ERROR] LogOutputStream:75 - [STDERR_REDIRECT] [Fatal Error] :1:1: Premature end of file.
2026-10-01 12:30:31,296 [ERROR] LogOutputStream:75 - [STDERR_REDIRECT] 
2026-10-01 12:30:32,299 [ERROR] LogOutputStream:75 - [STDERR_REDIRECT] [Fatal Error] :1:1: Premature end of file.
2026-10-01 12:30:32,299 [ERROR] LogOutputStream:75 - [STDERR_REDIRECT] 
2026-10-01 12:30:33,292 [ERROR] LogOutputStream:75 - [STDERR_REDIRECT] [Fatal Error] :1:1: Premature end of file.
2026-10-01 12:30:33,292 [ERROR] LogOutputStream:75 - [STDERR_REDIRECT] 
2026-10-01 12:30:34,294 [ERROR] LogOutputStream:75 - [STDERR_REDIRECT] [Fatal Error] :1:1: Premature end of file.
2026-10-01 12:30:34,294 [ERROR] LogOutputStream:75 - [STDERR_REDIRECT] 
2026-10-01 12:30:35,294 [ERROR] LogOutputStream:75 - [STDERR_REDIRECT] [Fatal Error] :1:1: Premature end of file.
2026-10-01 12:30:35,294 [ERROR] LogOutputStream:75 - [STDERR_REDIRECT] 
2026-10-01 12:30:36,292 [ERROR] LogOutputStream:75 - [STDERR_REDIRECT] [Fatal Error] :1:1: Premature end of file.
2026-10-01 12:30:36,292 [ERROR] LogOutputStream:75 - [STDERR_REDIRECT] 
2026-10-01 12:30:37,296 [ERROR] LogOutputStream:75 - [STDERR_REDIRECT] [Fatal Error] :1:1: Premature end of file.
2026-10-01 12:30:37,296 [ERROR] LogOutputStream:75 - [STDERR_REDIRECT] 
2026-10-01 12:30:38,293 [ERROR] LogOutputStream:75 - [STDERR_REDIRECT] [Fatal Error] :1:1: Premature end of file.
2026-10-01 12:30:38,293 [ERROR] LogOutputStream:75 - [STDERR_REDIRECT] 
2026-10-01 12:30:39,293 [ERROR] LogOutputStream:75 - [STDERR_REDIRECT] [Fatal Error] :1:1: Premature end of file.
2026-10-01 12:30:39,293 [ERROR] LogOutputStream:75 - [STDERR_REDIRECT] 
2026-10-01 12:30:40,293 [ERROR] LogOutputStream:75 - [STDERR_REDIRECT] [Fatal Error] :1:1: Premature end of file.
2026-10-01 12:30:40,293 [ERROR] LogOutputStream:75 - [STDERR_REDIRECT] 
2026-10-01 12:30:41,293 [ERROR] LogOutputStream:75 - [STDERR_REDIRECT] [Fatal Error] :1:1: Premature end of file.
2026-10-01 12:30:41,293 [ERROR] LogOutputStream:75 - [STDERR_REDIRECT] 
2026-10-01 12:30:42,292 [ERROR] LogOutputStream:75 - [STDERR_REDIRECT] [Fatal Error] :1:1: Premature end of file.
2026-10-01 12:30:42,292 [ERROR] LogOutputStream:75 - [STDERR_REDIRECT] 
2026-10-01 12:30:43,295 [ERROR] LogOutputStream:75 - [STDERR_REDIRECT] [Fatal Error] :1:1: Premature end of file.
2026-10-01 12:30:43,295 [ERROR] LogOutputStream:75 - [STDERR_REDIRECT] 
2026-10-01 12:30:44,293 [ERROR] LogOutputStream:75 - [STDERR_REDIRECT] [Fatal Error] :1:1: Premature end of file.
2026-10-01 12:30:44,295 [ERROR] LogOutputStream:75 - [STDERR_REDIRECT] 
2026-10-01 12:30:45,295 [ERROR] LogOutputStream:75 - [STDERR_REDIRECT] [Fatal Error] :1:1: Premature end of file.
2026-10-01 12:30:45,295 [ERROR] LogOutputStream:75 - [STDERR_REDIRECT] 
2026-10-01 12:30:46,304 [ERROR] LogOutputStream:75 - [STDERR_REDIRECT] [Fatal Error] :1:1: Premature end of file.
2026-10-01 12:30:46,304 [ERROR] LogOutputStream:75 - [STDERR_REDIRECT] 
2026-10-01 12:30:47,295 [ERROR] LogOutputStream:75 - [STDERR_REDIRECT] [Fatal Error] :1:1: Premature end of file.
2026-10-01 12:30:47,295 [ERROR] LogOutputStream:75 - [STDERR_REDIRECT] 
2026-10-01 12:30:48,320 [ERROR] LogOutputStream:75 - [STDERR_REDIRECT] [Fatal Error] :1:1: Premature end of file.
2026-10-01 12:30:48,320 [ERROR] LogOutputStream:75 - [STDERR_REDIRECT] 
2026-10-01 12:30:49,294 [ERROR] LogOutputStream:75 - [STDERR_REDIRECT] [Fatal Error] :1:1: Premature end of file.
2026-10-01 12:30:49,294 [ERROR] LogOutputStream:75 - [STDERR_REDIRECT] 
2026-10-01 12:30:50,305 [ERROR] LogOutputStream:75 - [STDERR_REDIRECT] [Fatal Error] :1:1: Premature end of file.
2026-10-01 12:30:50,305 [ERROR] LogOutputStream:75 - [STDERR_REDIRECT] 
2026-10-01 12:30:51,301 [ERROR] LogOutputStream:75 - [STDERR_REDIRECT] [Fatal Error] :1:1: Premature end of file.
2026-10-01 12:30:51,301 [ERROR] LogOutputStream:75 - [STDERR_REDIRECT] 
2026-10-01 12:30:52,302 [ERROR] LogOutputStream:75 - [STDERR_REDIRECT] [Fatal Error] :1:1: Premature end of file.
2026-10-01 12:30:52,302 [ERROR] LogOutputStream:75 - [STDERR_REDIRECT] 
2026-10-01 12:30:53,313 [ERROR] LogOutputStream:75 - [STDERR_REDIRECT] [Fatal Error] :1:1: Premature end of file.
2026-10-01 12:30:53,313 [ERROR] LogOutputStream:75 - [STDERR_REDIRECT] 
2026-10-01 12:30:54,307 [ERROR] LogOutputStream:75 - [STDERR_REDIRECT] [Fatal Error] :1:1: Premature end of file.
2026-10-01 12:30:54,307 [ERROR] LogOutputStream:75 - [STDERR_REDIRECT] 
2026-10-01 12:30:55,300 [ERROR] LogOutputStream:75 - [STDERR_REDIRECT] [Fatal Error] :1:1: Premature end of file.
2026-10-01 12:30:55,300 [ERROR] LogOutputStream:75 - [STDERR_REDIRECT] 
2026-10-01 12:30:56,295 [ERROR] LogOutputStream:75 - [STDERR_REDIRECT] [Fatal Error] :1:1: Premature end of file.
2026-10-01 12:30:56,295 [ERROR] LogOutputStream:75 - [STDERR_REDIRECT] 
2026-10-01 12:30:57,295 [ERROR] LogOutputStream:75 - [STDERR_REDIRECT] [Fatal Error] :1:1: Premature end of file.
2026-10-01 12:30:57,295 [ERROR] LogOutputStream:75 - [STDERR_REDIRECT] 
2026-10-01 12:30:58,306 [ERROR] LogOutputStream:75 - [STDERR_REDIRECT] [Fatal Error] :1:1: Premature end of file.
2026-10-01 12:30:58,307 [ERROR] LogOutputStream:75 - [STDERR_REDIRECT] 
2026-10-01 12:30:59,293 [ERROR] LogOutputStream:75 - [STDERR_REDIRECT] [Fatal Error] :1:1: Premature end of file.
2026-10-01 12:30:59,293 [ERROR] LogOutputStream:75 - [STDERR_REDIRECT] 
2026-10-01 12:31:00,293 [ERROR] LogOutputStream:75 - [STDERR_REDIRECT] [Fatal Error] :1:1: Premature end of file.
2026-10-01 12:31:00,293 [ERROR] LogOutputStream:75 - [STDERR_REDIRECT] 
2026-10-01 12:31:01,293 [ERROR] LogOutputStream:75 - [STDERR_REDIRECT] [Fatal Error] :1:1: Premature end of file.
2026-10-01 12:31:01,293 [ERROR] LogOutputStream:75 - [STDERR_REDIRECT] 
2026-10-01 12:31:02,291 [ERROR] LogOutputStream:75 - [STDERR_REDIRECT] [Fatal Error] :1:1: Premature end of file.
2026-10-01 12:31:02,291 [ERROR] LogOutputStream:75 - [STDERR_REDIRECT] 
2026-10-01 12:31:03,291 [ERROR] LogOutputStream:75 - [STDERR_REDIRECT] [Fatal Error] :1:1: Premature end of file.
2026-10-01 12:31:03,291 [ERROR] LogOutputStream:75 - [STDERR_REDIRECT] 
2026-10-01 12:31:04,292 [ERROR] LogOutputStream:75 - [STDERR_REDIRECT] [Fatal Error] :1:1: Premature end of file.
2026-10-01 12:31:04,292 [ERROR] LogOutputStream:75 - [STDERR_REDIRECT] 
2026-10-01 12:31:05,289 [ERROR] LogOutputStream:75 - [STDERR_REDIRECT] [Fatal Error] :1:1: Premature end of file.
2026-10-01 12:31:05,289 [ERROR] LogOutputStream:75 - [STDERR_REDIRECT] 
2026-10-01 12:31:06,291 [ERROR] LogOutputStream:75 - [STDERR_REDIRECT] [Fatal Error] :1:1: Premature end of file.
2026-10-01 12:31:06,291 [ERROR] LogOutputStream:75 - [STDERR_REDIRECT] 
2026-10-01 12:31:07,295 [ERROR] LogOutputStream:75 - [STDERR_REDIRECT] [Fatal Error] :1:1: Premature end of file.
2026-10-01 12:31:07,295 [ERROR] LogOutputStream:75 - [STDERR_REDIRECT] 
2026-10-01 12:31:08,296 [ERROR] LogOutputStream:75 - [STDERR_REDIRECT] [Fatal Error] :1:1: Premature end of file.
2026-10-01 12:31:08,296 [ERROR] LogOutputStream:75 - [STDERR_REDIRECT] 
2026-10-01 12:31:09,298 [ERROR] LogOutputStream:75 - [STDERR_REDIRECT] [Fatal Error] :1:1: Premature end of file.
2026-10-01 12:31:09,299 [ERROR] LogOutputStream:75 - [STDERR_REDIRECT] 
2026-10-01 12:31:10,296 [ERROR] LogOutputStream:75 - [STDERR_REDIRECT] [Fatal Error] :1:1: Premature end of file.
2026-10-01 12:31:10,296 [ERROR] LogOutputStream:75 - [STDERR_REDIRECT] 
2026-10-01 12:31:11,297 [ERROR] LogOutputStream:75 - [STDERR_REDIRECT] [Fatal Error] :1:1: Premature end of file.
2026-10-01 12:31:11,297 [ERROR] LogOutputStream:75 - [STDERR_REDIRECT] 
2026-10-01 12:31:12,295 [ERROR] LogOutputStream:75 - [STDERR_REDIRECT] [Fatal Error] :1:1: Premature end of file.
2026-10-01 12:31:12,295 [ERROR] LogOutputStream:75 - [STDERR_REDIRECT] 
2026-10-01 12:31:13,298 [ERROR] LogOutputStream:75 - [STDERR_REDIRECT] [Fatal Error] :1:1: Premature end of file.
2026-10-01 12:31:13,298 [ERROR] LogOutputStream:75 - [STDERR_REDIRECT] 
2026-10-01 12:31:14,293 [ERROR] LogOutputStream:75 - [STDERR_REDIRECT] [Fatal Error] :1:1: Premature end of file.
2026-10-01 12:31:14,293 [ERROR] LogOutputStream:75 - [STDERR_REDIRECT] 
2026-10-01 12:31:15,294 [ERROR] LogOutputStream:75 - [STDERR_REDIRECT] [Fatal Error] :1:1: Premature end of file.
2026-10-01 12:31:15,294 [ERROR] LogOutputStream:75 - [STDERR_REDIRECT] 
2026-10-01 12:31:16,323 [ERROR] LogOutputStream:75 - [STDERR_REDIRECT] [Fatal Error] :1:1: Premature end of file.
2026-10-01 12:31:16,323 [ERROR] LogOutputStream:75 - [STDERR_REDIRECT] 
2026-10-01 12:31:17,305 [ERROR] LogOutputStream:75 - [STDERR_REDIRECT] [Fatal Error] :1:1: Premature end of file.
2026-10-01 12:31:17,305 [ERROR] LogOutputStream:75 - [STDERR_REDIRECT] 
2026-10-01 12:31:18,315 [ERROR] LogOutputStream:75 - [STDERR_REDIRECT] [Fatal Error] :1:1: Premature end of file.
2026-10-01 12:31:18,315 [ERROR] LogOutputStream:75 - [STDERR_REDIRECT] 
2026-10-01 12:31:19,310 [ERROR] LogOutputStream:75 - [STDERR_REDIRECT] [Fatal Error] :1:1: Premature end of file.
2026-10-01 12:31:19,310 [ERROR] LogOutputStream:75 - [STDERR_REDIRECT] 
2026-10-01 12:31:20,309 [ERROR] LogOutputStream:75 - [STDERR_REDIRECT] [Fatal Error] :1:1: Premature end of file.
2026-10-01 12:31:20,309 [ERROR] LogOutputStream:75 - [STDERR_REDIRECT] 
2026-10-01 12:31:21,292 [ERROR] LogOutputStream:75 - [STDERR_REDIRECT] [Fatal Error] :1:1: Premature end of file.
2026-10-01 12:31:21,292 [ERROR] LogOutputStream:75 - [STDERR_REDIRECT] 
2026-10-01 12:31:22,295 [ERROR] LogOutputStream:75 - [STDERR_REDIRECT] [Fatal Error] :1:1: Premature end of file.
2026-10-01 12:31:22,295 [ERROR] LogOutputStream:75 - [STDERR_REDIRECT] 
2026-10-01 12:31:23,297 [ERROR] LogOutputStream:75 - [STDERR_REDIRECT] [Fatal Error] :1:1: Premature end of file.
2026-10-01 12:31:23,297 [ERROR] LogOutputStream:75 - [STDERR_REDIRECT] 
2026-10-01 12:31:24,325 [ERROR] LogOutputStream:75 - [STDERR_REDIRECT] [Fatal Error] :1:1: Premature end of file.
2026-10-01 12:31:24,325 [ERROR] LogOutputStream:75 - [STDERR_REDIRECT] 
2026-10-01 12:31:25,311 [ERROR] LogOutputStream:75 - [STDERR_REDIRECT] [Fatal Error] :1:1: Premature end of file.
2026-10-01 12:31:25,311 [ERROR] LogOutputStream:75 - [STDERR_REDIRECT] 
2026-10-01 12:31:26,311 [ERROR] LogOutputStream:75 - [STDERR_REDIRECT] [Fatal Error] :1:1: Premature end of file.
2026-10-01 12:31:26,311 [ERROR] LogOutputStream:75 - [STDERR_REDIRECT] 
2026-10-01 12:31:27,314 [ERROR] LogOutputStream:75 - [STDERR_REDIRECT] [Fatal Error] :1:1: Premature end of file.
2026-10-01 12:31:27,314 [ERROR] LogOutputStream:75 - [STDERR_REDIRECT] 
2026-10-01 12:31:28,310 [ERROR] LogOutputStream:75 - [STDERR_REDIRECT] [Fatal Error] :1:1: Premature end of file.
2026-10-01 12:31:28,310 [ERROR] LogOutputStream:75 - [STDERR_REDIRECT] 
2026-10-01 12:31:29,310 [ERROR] LogOutputStream:75 - [STDERR_REDIRECT] [Fatal Error] :1:1: Premature end of file.
2026-10-01 12:31:29,310 [ERROR] LogOutputStream:75 - [STDERR_REDIRECT] 
2026-10-01 12:31:30,301 [ERROR] LogOutputStream:75 - [STDERR_REDIRECT] [Fatal Error] :1:1: Premature end of file.
2026-10-01 12:31:30,301 [ERROR] LogOutputStream:75 - [STDERR_REDIRECT] 
2026-10-01 12:31:31,301 [ERROR] LogOutputStream:75 - [STDERR_REDIRECT] [Fatal Error] :1:1: Premature end of file.
2026-10-01 12:31:31,301 [ERROR] LogOutputStream:75 - [STDERR_REDIRECT] 
2026-10-01 12:31:32,293 [ERROR] LogOutputStream:75 - [STDERR_REDIRECT] [Fatal Error] :1:1: Premature end of file.
2026-10-01 12:31:32,293 [ERROR] LogOutputStream:75 - [STDERR_REDIRECT] 
2026-10-01 12:31:33,310 [ERROR] LogOutputStream:75 - [STDERR_REDIRECT] [Fatal Error] :1:1: Premature end of file.
2026-10-01 12:31:33,310 [ERROR] LogOutputStream:75 - [STDERR_REDIRECT] 
2026-10-01 12:31:34,306 [ERROR] LogOutputStream:75 - [STDERR_REDIRECT] [Fatal Error] :1:1: Premature end of file.
2026-10-01 12:31:34,310 [ERROR] LogOutputStream:75 - [STDERR_REDIRECT] 
2026-10-01 12:31:35,310 [ERROR] LogOutputStream:75 - [STDERR_REDIRECT] [Fatal Error] :1:1: Premature end of file.
2026-10-01 12:31:35,310 [ERROR] LogOutputStream:75 - [STDERR_REDIRECT] 
2026-10-01 12:31:36,310 [ERROR] LogOutputStream:75 - [STDERR_REDIRECT] [Fatal Error] :1:1: Premature end of file.
2026-10-01 12:31:36,310 [ERROR] LogOutputStream:75 - [STDERR_REDIRECT] 
2026-10-01 12:31:37,294 [ERROR] LogOutputStream:75 - [STDERR_REDIRECT] [Fatal Error] :1:1: Premature end of file.
2026-10-01 12:31:37,294 [ERROR] LogOutputStream:75 - [STDERR_REDIRECT] 
2026-10-01 12:31:38,310 [ERROR] LogOutputStream:75 - [STDERR_REDIRECT] [Fatal Error] :1:1: Premature end of file.
2026-10-01 12:31:38,310 [ERROR] LogOutputStream:75 - [STDERR_REDIRECT] 
2026-10-01 12:31:39,310 [ERROR] LogOutputStream:75 - [STDERR_REDIRECT] [Fatal Error] :1:1: Premature end of file.
2026-10-01 12:31:39,310 [ERROR] LogOutputStream:75 - [STDERR_REDIRECT] 
2026-10-01 12:31:40,290 [ERROR] LogOutputStream:75 - [STDERR_REDIRECT] [Fatal Error] :1:1: Premature end of file.
2026-10-01 12:31:40,290 [ERROR] LogOutputStream:75 - [STDERR_REDIRECT] 
2026-10-01 12:31:41,315 [ERROR] LogOutputStream:75 - [STDERR_REDIRECT] [Fatal Error] :1:1: Premature end of file.
2026-10-01 12:31:41,315 [ERROR] LogOutputStream:75 - [STDERR_REDIRECT] 
2026-10-01 12:31:42,301 [ERROR] LogOutputStream:75 - [STDERR_REDIRECT] [Fatal Error] :1:1: Premature end of file.
2026-10-01 12:31:42,301 [ERROR] LogOutputStream:75 - [STDERR_REDIRECT] 
2026-10-01 12:31:43,317 [ERROR] LogOutputStream:75 - [STDERR_REDIRECT] [Fatal Error] :1:1: Premature end of file.
2026-10-01 12:31:43,317 [ERROR] LogOutputStream:75 - [STDERR_REDIRECT] 
2026-10-01 12:31:44,308 [ERROR] LogOutputStream:75 - [STDERR_REDIRECT] [Fatal Error] :1:1: Premature end of file.
2026-10-01 12:31:44,308 [ERROR] LogOutputStream:75 - [STDERR_REDIRECT] 
2026-10-01 12:31:45,296 [ERROR] LogOutputStream:75 - [STDERR_REDIRECT] [Fatal Error] :1:1: Premature end of file.
2026-10-01 12:31:45,297 [ERROR] LogOutputStream:75 - [STDERR_REDIRECT] 
2026-10-01 12:31:46,304 [ERROR] LogOutputStream:75 - [STDERR_REDIRECT] [Fatal Error] :1:1: Premature end of file.
2026-10-01 12:31:46,304 [ERROR] LogOutputStream:75 - [STDERR_REDIRECT] 
2026-10-01 12:31:47,310 [ERROR] LogOutputStream:75 - [STDERR_REDIRECT] [Fatal Error] :1:1: Premature end of file.
2026-10-01 12:31:47,310 [ERROR] LogOutputStream:75 - [STDERR_REDIRECT] 
2026-10-01 12:31:48,303 [ERROR] LogOutputStream:75 - [STDERR_REDIRECT] [Fatal Error] :1:1: Premature end of file.
2026-10-01 12:31:48,303 [ERROR] LogOutputStream:75 - [STDERR_REDIRECT] 
2026-10-01 12:31:49,302 [ERROR] LogOutputStream:75 - [STDERR_REDIRECT] [Fatal Error] :1:1: Premature end of file.
2026-10-01 12:31:49,302 [ERROR] LogOutputStream:75 - [STDERR_REDIRECT] 
2026-10-01 12:31:50,304 [ERROR] LogOutputStream:75 - [STDERR_REDIRECT] [Fatal Error] :1:1: Premature end of file.
2026-10-01 12:31:50,304 [ERROR] LogOutputStream:75 - [STDERR_REDIRECT] 
2026-10-01 12:31:51,310 [ERROR] LogOutputStream:75 - [STDERR_REDIRECT] [Fatal Error] :1:1: Premature end of file.
2026-10-01 12:31:51,310 [ERROR] LogOutputStream:75 - [STDERR_REDIRECT] 
2026-10-01 12:31:52,312 [ERROR] LogOutputStream:75 - [STDERR_REDIRECT] [Fatal Error] :1:1: Premature end of file.
2026-10-01 12:31:52,312 [ERROR] LogOutputStream:75 - [STDERR_REDIRECT] 
2026-10-01 12:31:53,301 [ERROR] LogOutputStream:75 - [STDERR_REDIRECT] [Fatal Error] :1:1: Premature end of file.
2026-10-01 12:31:53,301 [ERROR] LogOutputStream:75 - [STDERR_REDIRECT] 
2026-10-01 12:31:54,312 [ERROR] LogOutputStream:75 - [STDERR_REDIRECT] [Fatal Error] :1:1: Premature end of file.
2026-10-01 12:31:54,312 [ERROR] LogOutputStream:75 - [STDERR_REDIRECT] 
2026-10-01 12:31:55,306 [ERROR] LogOutputStream:75 - [STDERR_REDIRECT] [Fatal Error] :1:1: Premature end of file.
2026-10-01 12:31:55,306 [ERROR] LogOutputStream:75 - [STDERR_REDIRECT] 
2026-10-01 12:31:56,301 [ERROR] LogOutputStream:75 - [STDERR_REDIRECT] [Fatal Error] :1:1: Premature end of file.
2026-10-01 12:31:56,301 [ERROR] LogOutputStream:75 - [STDERR_REDIRECT] 
2026-10-01 12:31:57,339 [ERROR] LogOutputStream:75 - [STDERR_REDIRECT] [Fatal Error] :1:1: Premature end of file.
2026-10-01 12:31:57,339 [ERROR] LogOutputStream:75 - [STDERR_REDIRECT] 
2026-10-01 12:31:58,314 [ERROR] LogOutputStream:75 - [STDERR_REDIRECT] [Fatal Error] :1:1: Premature end of file.
2026-10-01 12:31:58,314 [ERROR] LogOutputStream:75 - [STDERR_REDIRECT] 
2026-10-01 12:31:59,292 [ERROR] LogOutputStream:75 - [STDERR_REDIRECT] [Fatal Error] :1:1: Premature end of file.
2026-10-01 12:31:59,292 [ERROR] LogOutputStream:75 - [STDERR_REDIRECT] 
2026-10-01 12:32:00,314 [ERROR] LogOutputStream:75 - [STDERR_REDIRECT] [Fatal Error] :1:1: Premature end of file.
2026-10-01 12:32:00,314 [ERROR] LogOutputStream:75 - [STDERR_REDIRECT] 
2026-10-01 12:32:01,302 [ERROR] LogOutputStream:75 - [STDERR_REDIRECT] [Fatal Error] :1:1: Premature end of file.
2026-10-01 12:32:01,302 [ERROR] LogOutputStream:75 - [STDERR_REDIRECT] 
2026-10-01 12:32:02,310 [ERROR] LogOutputStream:75 - [STDERR_REDIRECT] [Fatal Error] :1:1: Premature end of file.
2026-10-01 12:32:02,310 [ERROR] LogOutputStream:75 - [STDERR_REDIRECT] 
2026-10-01 12:32:03,310 [ERROR] LogOutputStream:75 - [STDERR_REDIRECT] [Fatal Error] :1:1: Premature end of file.
2026-10-01 12:32:03,310 [ERROR] LogOutputStream:75 - [STDERR_REDIRECT] 
2026-10-01 12:32:04,300 [ERROR] LogOutputStream:75 - [STDERR_REDIRECT] [Fatal Error] :1:1: Premature end of file.
2026-10-01 12:32:04,300 [ERROR] LogOutputStream:75 - [STDERR_REDIRECT] 
2026-10-01 12:32:05,299 [ERROR] LogOutputStream:75 - [STDERR_REDIRECT] [Fatal Error] :1:1: Premature end of file.
2026-10-01 12:32:05,299 [ERROR] LogOutputStream:75 - [STDERR_REDIRECT] 
2026-10-01 12:32:06,291 [ERROR] LogOutputStream:75 - [STDERR_REDIRECT] [Fatal Error] :1:1: Premature end of file.
2026-10-01 12:32:06,291 [ERROR] LogOutputStream:75 - [STDERR_REDIRECT] 
2026-10-01 12:32:07,291 [ERROR] LogOutputStream:75 - [STDERR_REDIRECT] [Fatal Error] :1:1: Premature end of file.
2026-10-01 12:32:07,293 [ERROR] LogOutputStream:75 - [STDERR_REDIRECT] 
2026-10-01 12:32:08,294 [ERROR] LogOutputStream:75 - [STDERR_REDIRECT] [Fatal Error] :1:1: Premature end of file.
2026-10-01 12:32:08,294 [ERROR] LogOutputStream:75 - [STDERR_REDIRECT] 
2026-10-01 12:32:09,300 [ERROR] LogOutputStream:75 - [STDERR_REDIRECT] [Fatal Error] :1:1: Premature end of file.
2026-10-01 12:32:09,300 [ERROR] LogOutputStream:75 - [STDERR_REDIRECT] 
2026-10-01 12:32:10,301 [ERROR] LogOutputStream:75 - [STDERR_REDIRECT] [Fatal Error] :1:1: Premature end of file.
2026-10-01 12:32:10,301 [ERROR] LogOutputStream:75 - [STDERR_REDIRECT] 
2026-10-01 12:32:11,291 [ERROR] LogOutputStream:75 - [STDERR_REDIRECT] [Fatal Error] :1:1: Premature end of file.
2026-10-01 12:32:11,291 [ERROR] LogOutputStream:75 - [STDERR_REDIRECT] 
2026-10-01 12:32:12,295 [ERROR] LogOutputStream:75 - [STDERR_REDIRECT] [Fatal Error] :1:1: Premature end of file.
2026-10-01 12:32:12,295 [ERROR] LogOutputStream:75 - [STDERR_REDIRECT] 
2026-10-01 12:32:13,292 [ERROR] LogOutputStream:75 - [STDERR_REDIRECT] [Fatal Error] :1:1: Premature end of file.
2026-10-01 12:32:13,292 [ERROR] LogOutputStream:75 - [STDERR_REDIRECT] 
2026-10-01 12:32:14,290 [ERROR] LogOutputStream:75 - [STDERR_REDIRECT] [Fatal Error] :1:1: Premature end of file.
2026-10-01 12:32:14,290 [ERROR] LogOutputStream:75 - [STDERR_REDIRECT] 
2026-10-01 12:32:15,293 [ERROR] LogOutputStream:75 - [STDERR_REDIRECT] [Fatal Error] :1:1: Premature end of file.
2026-10-01 12:32:15,293 [ERROR] LogOutputStream:75 - [STDERR_REDIRECT] 
2026-10-01 12:32:16,293 [ERROR] LogOutputStream:75 - [STDERR_REDIRECT] [Fatal Error] :1:1: Premature end of file.
2026-10-01 12:32:16,293 [ERROR] LogOutputStream:75 - [STDERR_REDIRECT] 
2026-10-01 12:32:17,292 [ERROR] LogOutputStream:75 - [STDERR_REDIRECT] [Fatal Error] :1:1: Premature end of file.
2026-10-01 12:32:17,292 [ERROR] LogOutputStream:75 - [STDERR_REDIRECT] 
2026-10-01 12:32:18,291 [ERROR] LogOutputStream:75 - [STDERR_REDIRECT] [Fatal Error] :1:1: Premature end of file.
2026-10-01 12:32:18,291 [ERROR] LogOutputStream:75 - [STDERR_REDIRECT] 
2026-10-01 12:32:19,293 [ERROR] LogOutputStream:75 - [STDERR_REDIRECT] [Fatal Error] :1:1: Premature end of file.
2026-10-01 12:32:19,294 [ERROR] LogOutputStream:75 - [STDERR_REDIRECT] 
2026-10-01 12:32:20,294 [ERROR] LogOutputStream:75 - [STDERR_REDIRECT] [Fatal Error] :1:1: Premature end of file.
2026-10-01 12:32:20,294 [ERROR] LogOutputStream:75 - [STDERR_REDIRECT] 
2026-10-01 12:32:21,300 [ERROR] LogOutputStream:75 - [STDERR_REDIRECT] [Fatal Error] :1:1: Premature end of file.
2026-10-01 12:32:21,300 [ERROR] LogOutputStream:75 - [STDERR_REDIRECT] 
2026-10-01 12:32:22,291 [ERROR] LogOutputStream:75 - [STDERR_REDIRECT] [Fatal Error] :1:1: Premature end of file.
2026-10-01 12:32:22,291 [ERROR] LogOutputStream:75 - [STDERR_REDIRECT] 
2026-10-01 12:32:23,306 [ERROR] LogOutputStream:75 - [STDERR_REDIRECT] [Fatal Error] :1:1: Premature end of file.
2026-10-01 12:32:23,306 [ERROR] LogOutputStream:75 - [STDERR_REDIRECT] 
2026-10-01 12:32:24,298 [ERROR] LogOutputStream:75 - [STDERR_REDIRECT] [Fatal Error] :1:1: Premature end of file.
2026-10-01 12:32:24,298 [ERROR] LogOutputStream:75 - [STDERR_REDIRECT] 
2026-10-01 12:32:25,294 [ERROR] LogOutputStream:75 - [STDERR_REDIRECT] [Fatal Error] :1:1: Premature end of file.
2026-10-01 12:32:25,294 [ERROR] LogOutputStream:75 - [STDERR_REDIRECT] 
2026-10-01 12:32:26,294 [ERROR] LogOutputStream:75 - [STDERR_REDIRECT] [Fatal Error] :1:1: Premature end of file.
2026-10-01 12:32:26,294 [ERROR] LogOutputStream:75 - [STDERR_REDIRECT] 
2026-10-01 12:32:27,292 [ERROR] LogOutputStream:75 - [STDERR_REDIRECT] [Fatal Error] :1:1: Premature end of file.
2026-10-01 12:32:27,292 [ERROR] LogOutputStream:75 - [STDERR_REDIRECT] 
2026-10-01 12:32:28,295 [ERROR] LogOutputStream:75 - [STDERR_REDIRECT] [Fatal Error] :1:1: Premature end of file.
2026-10-01 12:32:28,295 [ERROR] LogOutputStream:75 - [STDERR_REDIRECT] 
2026-10-01 12:32:29,293 [ERROR] LogOutputStream:75 - [STDERR_REDIRECT] [Fatal Error] :1:1: Premature end of file.
2026-10-01 12:32:29,293 [ERROR] LogOutputStream:75 - [STDERR_REDIRECT] 
2026-10-01 12:32:30,303 [ERROR] LogOutputStream:75 - [STDERR_REDIRECT] [Fatal Error] :1:1: Premature end of file.
2026-10-01 12:32:30,304 [ERROR] LogOutputStream:75 - [STDERR_REDIRECT] 
2026-10-01 12:32:31,295 [ERROR] LogOutputStream:75 - [STDERR_REDIRECT] [Fatal Error] :1:1: Premature end of file.
2026-10-01 12:32:31,295 [ERROR] LogOutputStream:75 - [STDERR_REDIRECT] 
2026-10-01 12:32:32,296 [ERROR] LogOutputStream:75 - [STDERR_REDIRECT] [Fatal Error] :1:1: Premature end of file.
2026-10-01 12:32:32,296 [ERROR] LogOutputStream:75 - [STDERR_REDIRECT] 
2026-10-01 12:32:33,312 [ERROR] LogOutputStream:75 - [STDERR_REDIRECT] [Fatal Error] :1:1: Premature end of file.
2026-10-01 12:32:33,312 [ERROR] LogOutputStream:75 - [STDERR_REDIRECT] 
2026-10-01 12:32:34,295 [ERROR] LogOutputStream:75 - [STDERR_REDIRECT] [Fatal Error] :1:1: Premature end of file.
2026-10-01 12:32:34,295 [ERROR] LogOutputStream:75 - [STDERR_REDIRECT] 
2026-10-01 12:32:35,305 [ERROR] LogOutputStream:75 - [STDERR_REDIRECT] [Fatal Error] :1:1: Premature end of file.
2026-10-01 12:32:35,305 [ERROR] LogOutputStream:75 - [STDERR_REDIRECT] 
2026-10-01 12:32:36,321 [ERROR] LogOutputStream:75 - [STDERR_REDIRECT] [Fatal Error] :1:1: Premature end of file.
2026-10-01 12:32:36,321 [ERROR] LogOutputStream:75 - [STDERR_REDIRECT] 
2026-10-01 12:32:37,310 [ERROR] LogOutputStream:75 - [STDERR_REDIRECT] [Fatal Error] :1:1: Premature end of file.
2026-10-01 12:32:37,310 [ERROR] LogOutputStream:75 - [STDERR_REDIRECT] 
2026-10-01 12:32:38,306 [ERROR] LogOutputStream:75 - [STDERR_REDIRECT] [Fatal Error] :1:1: Premature end of file.
2026-10-01 12:32:38,307 [ERROR] LogOutputStream:75 - [STDERR_REDIRECT] 
2026-10-01 12:32:39,319 [ERROR] LogOutputStream:75 - [STDERR_REDIRECT] [Fatal Error] :1:1: Premature end of file.
2026-10-01 12:32:39,320 [ERROR] LogOutputStream:75 - [STDERR_REDIRECT] 
2026-10-01 12:32:40,298 [ERROR] LogOutputStream:75 - [STDERR_REDIRECT] [Fatal Error] :1:1: Premature end of file.
2026-10-01 12:32:40,298 [ERROR] LogOutputStream:75 - [STDERR_REDIRECT] 
2026-10-01 12:32:41,320 [ERROR] LogOutputStream:75 - [STDERR_REDIRECT] [Fatal Error] :1:1: Premature end of file.
2026-10-01 12:32:41,326 [ERROR] LogOutputStream:75 - [STDERR_REDIRECT] 
2026-10-01 12:32:42,313 [ERROR] LogOutputStream:75 - [STDERR_REDIRECT] [Fatal Error] :1:1: Premature end of file.
2026-10-01 12:32:42,313 [ERROR] LogOutputStream:75 - [STDERR_REDIRECT] 
2026-10-01 12:32:43,305 [ERROR] LogOutputStream:75 - [STDERR_REDIRECT] [Fatal Error] :1:1: Premature end of file.
2026-10-01 12:32:43,305 [ERROR] LogOutputStream:75 - [STDERR_REDIRECT] 
2026-10-01 12:32:44,295 [ERROR] LogOutputStream:75 - [STDERR_REDIRECT] [Fatal Error] :1:1: Premature end of file.
2026-10-01 12:32:44,295 [ERROR] LogOutputStream:75 - [STDERR_REDIRECT] 
2026-10-01 12:32:45,296 [ERROR] LogOutputStream:75 - [STDERR_REDIRECT] [Fatal Error] :1:1: Premature end of file.
2026-10-01 12:32:45,296 [ERROR] LogOutputStream:75 - [STDERR_REDIRECT] 
2026-10-01 12:32:46,308 [ERROR] LogOutputStream:75 - [STDERR_REDIRECT] [Fatal Error] :1:1: Premature end of file.
2026-10-01 12:32:46,308 [ERROR] LogOutputStream:75 - [STDERR_REDIRECT] 
2026-10-01 12:32:47,306 [ERROR] LogOutputStream:75 - [STDERR_REDIRECT] [Fatal Error] :1:1: Premature end of file.
2026-10-01 12:32:47,306 [ERROR] LogOutputStream:75 - [STDERR_REDIRECT] 
2026-10-01 12:32:48,305 [ERROR] LogOutputStream:75 - [STDERR_REDIRECT] [Fatal Error] :1:1: Premature end of file.
2026-10-01 12:32:48,305 [ERROR] LogOutputStream:75 - [STDERR_REDIRECT] 
2026-10-01 12:32:49,297 [ERROR] LogOutputStream:75 - [STDERR_REDIRECT] [Fatal Error] :1:1: Premature end of file.
2026-10-01 12:32:49,297 [ERROR] LogOutputStream:75 - [STDERR_REDIRECT] 
2026-10-01 12:32:50,309 [ERROR] LogOutputStream:75 - [STDERR_REDIRECT] [Fatal Error] :1:1: Premature end of file.
2026-10-01 12:32:50,309 [ERROR] LogOutputStream:75 - [STDERR_REDIRECT] 
2026-10-01 12:32:51,306 [ERROR] LogOutputStream:75 - [STDERR_REDIRECT] [Fatal Error] :1:1: Premature end of file.
2026-10-01 12:32:51,306 [ERROR] LogOutputStream:75 - [STDERR_REDIRECT] 
2026-10-01 12:32:52,308 [ERROR] LogOutputStream:75 - [STDERR_REDIRECT] [Fatal Error] :1:1: Premature end of file.
2026-10-01 12:32:52,308 [ERROR] LogOutputStream:75 - [STDERR_REDIRECT] 
2026-10-01 12:32:53,308 [ERROR] LogOutputStream:75 - [STDERR_REDIRECT] [Fatal Error] :1:1: Premature end of file.
2026-10-01 12:32:53,308 [ERROR] LogOutputStream:75 - [STDERR_REDIRECT] 
2026-10-01 12:32:54,309 [ERROR] LogOutputStream:75 - [STDERR_REDIRECT] [Fatal Error] :1:1: Premature end of file.
2026-10-01 12:32:54,309 [ERROR] LogOutputStream:75 - [STDERR_REDIRECT] 
2026-10-01 12:32:55,313 [ERROR] LogOutputStream:75 - [STDERR_REDIRECT] [Fatal Error] :1:1: Premature end of file.
2026-10-01 12:32:55,313 [ERROR] LogOutputStream:75 - [STDERR_REDIRECT] 
2026-10-01 12:32:56,311 [ERROR] LogOutputStream:75 - [STDERR_REDIRECT] [Fatal Error] :1:1: Premature end of file.
2026-10-01 12:32:56,351 [ERROR] LogOutputStream:75 - [STDERR_REDIRECT] 
2026-10-01 12:32:57,320 [ERROR] LogOutputStream:75 - [STDERR_REDIRECT] [Fatal Error] :1:1: Premature end of file.
2026-10-01 12:32:57,320 [ERROR] LogOutputStream:75 - [STDERR_REDIRECT] 
2026-10-01 12:32:58,310 [ERROR] LogOutputStream:75 - [STDERR_REDIRECT] [Fatal Error] :1:1: Premature end of file.
2026-10-01 12:32:58,310 [ERROR] LogOutputStream:75 - [STDERR_REDIRECT] 
2026-10-01 12:32:59,309 [ERROR] LogOutputStream:75 - [STDERR_REDIRECT] [Fatal Error] :1:1: Premature end of file.
2026-10-01 12:32:59,309 [ERROR] LogOutputStream:75 - [STDERR_REDIRECT] 
2026-10-01 12:33:00,310 [ERROR] LogOutputStream:75 - [STDERR_REDIRECT] [Fatal Error] :1:1: Premature end of file.
2026-10-01 12:33:00,314 [ERROR] LogOutputStream:75 - [STDERR_REDIRECT] 
2026-10-01 12:33:01,308 [ERROR] LogOutputStream:75 - [STDERR_REDIRECT] [Fatal Error] :1:1: Premature end of file.
2026-10-01 12:33:01,308 [ERROR] LogOutputStream:75 - [STDERR_REDIRECT] 
2026-10-01 12:33:02,320 [ERROR] LogOutputStream:75 - [STDERR_REDIRECT] [Fatal Error] :1:1: Premature end of file.
2026-10-01 12:33:02,320 [ERROR] LogOutputStream:75 - [STDERR_REDIRECT] 
2026-10-01 12:33:03,301 [ERROR] LogOutputStream:75 - [STDERR_REDIRECT] [Fatal Error] :1:1: Premature end of file.
2026-10-01 12:33:03,301 [ERROR] LogOutputStream:75 - [STDERR_REDIRECT] 
2026-10-01 12:33:04,303 [ERROR] LogOutputStream:75 - [STDERR_REDIRECT] [Fatal Error] :1:1: Premature end of file.
2026-10-01 12:33:04,303 [ERROR] LogOutputStream:75 - [STDERR_REDIRECT] 
2026-10-01 12:33:05,304 [ERROR] LogOutputStream:75 - [STDERR_REDIRECT] [Fatal Error] :1:1: Premature end of file.
2026-10-01 12:33:05,304 [ERROR] LogOutputStream:75 - [STDERR_REDIRECT] 
2026-10-01 12:33:06,334 [ERROR] LogOutputStream:75 - [STDERR_REDIRECT] [Fatal Error] :1:1: Premature end of file.
2026-10-01 12:33:06,334 [ERROR] LogOutputStream:75 - [STDERR_REDIRECT] 
2026-10-01 12:33:07,313 [ERROR] LogOutputStream:75 - [STDERR_REDIRECT] [Fatal Error] :1:1: Premature end of file.
2026-10-01 12:33:07,313 [ERROR] LogOutputStream:75 - [STDERR_REDIRECT] 
2026-10-01 12:33:08,316 [ERROR] LogOutputStream:75 - [STDERR_REDIRECT] [Fatal Error] :1:1: Premature end of file.
2026-10-01 12:33:08,316 [ERROR] LogOutputStream:75 - [STDERR_REDIRECT] 
2026-10-01 12:33:09,309 [ERROR] LogOutputStream:75 - [STDERR_REDIRECT] [Fatal Error] :1:1: Premature end of file.
2026-10-01 12:33:09,309 [ERROR] LogOutputStream:75 - [STDERR_REDIRECT] 
2026-10-01 12:33:10,309 [ERROR] LogOutputStream:75 - [STDERR_REDIRECT] [Fatal Error] :1:1: Premature end of file.
2026-10-01 12:33:10,309 [ERROR] LogOutputStream:75 - [STDERR_REDIRECT] 
2026-10-01 12:33:11,322 [ERROR] LogOutputStream:75 - [STDERR_REDIRECT] [Fatal Error] :1:1: Premature end of file.
2026-10-01 12:33:11,339 [ERROR] LogOutputStream:75 - [STDERR_REDIRECT] 
2026-10-01 12:33:12,309 [ERROR] LogOutputStream:75 - [STDERR_REDIRECT] [Fatal Error] :1:1: Premature end of file.
2026-10-01 12:33:12,309 [ERROR] LogOutputStream:75 - [STDERR_REDIRECT] 
2026-10-01 12:33:13,303 [ERROR] LogOutputStream:75 - [STDERR_REDIRECT] [Fatal Error] :1:1: Premature end of file.
2026-10-01 12:33:13,303 [ERROR] LogOutputStream:75 - [STDERR_REDIRECT] 
2026-10-01 12:33:14,301 [ERROR] LogOutputStream:75 - [STDERR_REDIRECT] [Fatal Error] :1:1: Premature end of file.
2026-10-01 12:33:14,301 [ERROR] LogOutputStream:75 - [STDERR_REDIRECT] 
2026-10-01 12:33:15,301 [ERROR] LogOutputStream:75 - [STDERR_REDIRECT] [Fatal Error] :1:1: Premature end of file.
2026-10-01 12:33:15,301 [ERROR] LogOutputStream:75 - [STDERR_REDIRECT] 
2026-10-01 12:33:16,319 [ERROR] LogOutputStream:75 - [STDERR_REDIRECT] [Fatal Error] :1:1: Premature end of file.
2026-10-01 12:33:16,319 [ERROR] LogOutputStream:75 - [STDERR_REDIRECT] 
2026-10-01 12:33:17,302 [ERROR] LogOutputStream:75 - [STDERR_REDIRECT] [Fatal Error] :1:1: Premature end of file.
2026-10-01 12:33:17,303 [ERROR] LogOutputStream:75 - [STDERR_REDIRECT] 
2026-10-01 12:33:18,310 [ERROR] LogOutputStream:75 - [STDERR_REDIRECT] [Fatal Error] :1:1: Premature end of file.
2026-10-01 12:33:18,310 [ERROR] LogOutputStream:75 - [STDERR_REDIRECT] 
2026-10-01 12:33:19,301 [ERROR] LogOutputStream:75 - [STDERR_REDIRECT] [Fatal Error] :1:1: Premature end of file.
2026-10-01 12:33:19,301 [ERROR] LogOutputStream:75 - [STDERR_REDIRECT] 
2026-10-01 12:33:20,297 [ERROR] LogOutputStream:75 - [STDERR_REDIRECT] [Fatal Error] :1:1: Premature end of file.
2026-10-01 12:33:20,297 [ERROR] LogOutputStream:75 - [STDERR_REDIRECT] 
2026-10-01 12:33:21,305 [ERROR] LogOutputStream:75 - [STDERR_REDIRECT] [Fatal Error] :1:1: Premature end of file.
2026-10-01 12:33:21,305 [ERROR] LogOutputStream:75 - [STDERR_REDIRECT] 
2026-10-01 12:33:22,303 [ERROR] LogOutputStream:75 - [STDERR_REDIRECT] [Fatal Error] :1:1: Premature end of file.
2026-10-01 12:33:22,304 [ERROR] LogOutputStream:75 - [STDERR_REDIRECT] 
2026-10-01 12:33:23,322 [ERROR] LogOutputStream:75 - [STDERR_REDIRECT] [Fatal Error] :1:1: Premature end of file.
2026-10-01 12:33:23,322 [ERROR] LogOutputStream:75 - [STDERR_REDIRECT] 
2026-10-01 12:33:24,344 [ERROR] LogOutputStream:75 - [STDERR_REDIRECT] [Fatal Error] :1:1: Premature end of file.
2026-10-01 12:33:24,344 [ERROR] LogOutputStream:75 - [STDERR_REDIRECT] 
2026-10-01 12:33:25,304 [ERROR] LogOutputStream:75 - [STDERR_REDIRECT] [Fatal Error] :1:1: Premature end of file.
2026-10-01 12:33:25,304 [ERROR] LogOutputStream:75 - [STDERR_REDIRECT] 
2026-10-01 12:33:26,314 [ERROR] LogOutputStream:75 - [STDERR_REDIRECT] [Fatal Error] :1:1: Premature end of file.
2026-10-01 12:33:26,368 [ERROR] LogOutputStream:75 - [STDERR_REDIRECT] 
2026-10-01 12:33:27,303 [ERROR] LogOutputStream:75 - [STDERR_REDIRECT] [Fatal Error] :1:1: Premature end of file.
2026-10-01 12:33:27,303 [ERROR] LogOutputStream:75 - [STDERR_REDIRECT] 
2026-10-01 12:33:28,299 [ERROR] LogOutputStream:75 - [STDERR_REDIRECT] [Fatal Error] :1:1: Premature end of file.
2026-10-01 12:33:28,299 [ERROR] LogOutputStream:75 - [STDERR_REDIRECT] 
2026-10-01 12:33:29,304 [ERROR] LogOutputStream:75 - [STDERR_REDIRECT] [Fatal Error] :1:1: Premature end of file.
2026-10-01 12:33:29,304 [ERROR] LogOutputStream:75 - [STDERR_REDIRECT] 
2026-10-01 12:33:30,303 [ERROR] LogOutputStream:75 - [STDERR_REDIRECT] [Fatal Error] :1:1: Premature end of file.
2026-10-01 12:33:30,303 [ERROR] LogOutputStream:75 - [STDERR_REDIRECT] 
2026-10-01 12:33:31,297 [ERROR] LogOutputStream:75 - [STDERR_REDIRECT] [Fatal Error] :1:1: Premature end of file.
2026-10-01 12:33:31,298 [ERROR] LogOutputStream:75 - [STDERR_REDIRECT] 
2026-10-01 12:33:32,298 [ERROR] LogOutputStream:75 - [STDERR_REDIRECT] [Fatal Error] :1:1: Premature end of file.
2026-10-01 12:33:32,298 [ERROR] LogOutputStream:75 - [STDERR_REDIRECT] 
2026-10-01 12:33:33,293 [ERROR] LogOutputStream:75 - [STDERR_REDIRECT] [Fatal Error] :1:1: Premature end of file.
2026-10-01 12:33:33,293 [ERROR] LogOutputStream:75 - [STDERR_REDIRECT] 
2026-10-01 12:33:34,308 [ERROR] LogOutputStream:75 - [STDERR_REDIRECT] [Fatal Error] :1:1: Premature end of file.
2026-10-01 12:33:34,308 [ERROR] LogOutputStream:75 - [STDERR_REDIRECT] 
2026-10-01 12:33:35,309 [ERROR] LogOutputStream:75 - [STDERR_REDIRECT] [Fatal Error] :1:1: Premature end of file.
2026-10-01 12:33:35,309 [ERROR] LogOutputStream:75 - [STDERR_REDIRECT] 
2026-10-01 12:33:36,296 [ERROR] LogOutputStream:75 - [STDERR_REDIRECT] [Fatal Error] :1:1: Premature end of file.
2026-10-01 12:33:36,296 [ERROR] LogOutputStream:75 - [STDERR_REDIRECT] 
2026-10-01 12:33:37,309 [ERROR] LogOutputStream:75 - [STDERR_REDIRECT] [Fatal Error] :1:1: Premature end of file.
2026-10-01 12:33:37,309 [ERROR] LogOutputStream:75 - [STDERR_REDIRECT] 
2026-10-01 12:33:38,305 [ERROR] LogOutputStream:75 - [STDERR_REDIRECT] [Fatal Error] :1:1: Premature end of file.
2026-10-01 12:33:38,305 [ERROR] LogOutputStream:75 - [STDERR_REDIRECT] 
2026-10-01 12:33:39,307 [ERROR] LogOutputStream:75 - [STDERR_REDIRECT] [Fatal Error] :1:1: Premature end of file.
2026-10-01 12:33:39,307 [ERROR] LogOutputStream:75 - [STDERR_REDIRECT] 
2026-10-01 12:33:40,295 [ERROR] LogOutputStream:75 - [STDERR_REDIRECT] [Fatal Error] :1:1: Premature end of file.
2026-10-01 12:33:40,295 [ERROR] LogOutputStream:75 - [STDERR_REDIRECT] 
2026-10-01 12:33:41,311 [ERROR] LogOutputStream:75 - [STDERR_REDIRECT] [Fatal Error] :1:1: Premature end of file.
2026-10-01 12:33:41,346 [ERROR] LogOutputStream:75 - [STDERR_REDIRECT] 
2026-10-01 12:33:42,309 [ERROR] LogOutputStream:75 - [STDERR_REDIRECT] [Fatal Error] :1:1: Premature end of file.
2026-10-01 12:33:42,310 [ERROR] LogOutputStream:75 - [STDERR_REDIRECT] 
2026-10-01 12:33:43,308 [ERROR] LogOutputStream:75 - [STDERR_REDIRECT] [Fatal Error] :1:1: Premature end of file.
2026-10-01 12:33:43,309 [ERROR] LogOutputStream:75 - [STDERR_REDIRECT] 
2026-10-01 12:33:44,314 [ERROR] LogOutputStream:75 - [STDERR_REDIRECT] [Fatal Error] :1:1: Premature end of file.
2026-10-01 12:33:44,314 [ERROR] LogOutputStream:75 - [STDERR_REDIRECT] 
2026-10-01 12:33:45,297 [ERROR] LogOutputStream:75 - [STDERR_REDIRECT] [Fatal Error] :1:1: Premature end of file.
2026-10-01 12:33:45,297 [ERROR] LogOutputStream:75 - [STDERR_REDIRECT] 
2026-10-01 12:33:46,307 [ERROR] LogOutputStream:75 - [STDERR_REDIRECT] [Fatal Error] :1:1: Premature end of file.
2026-10-01 12:33:46,308 [ERROR] LogOutputStream:75 - [STDERR_REDIRECT] 
2026-10-01 12:33:47,315 [ERROR] LogOutputStream:75 - [STDERR_REDIRECT] [Fatal Error] :1:1: Premature end of file.
2026-10-01 12:33:47,315 [ERROR] LogOutputStream:75 - [STDERR_REDIRECT] 
2026-10-01 12:33:48,307 [ERROR] LogOutputStream:75 - [STDERR_REDIRECT] [Fatal Error] :1:1: Premature end of file.
2026-10-01 12:33:48,307 [ERROR] LogOutputStream:75 - [STDERR_REDIRECT] 
2026-10-01 12:33:49,308 [ERROR] LogOutputStream:75 - [STDERR_REDIRECT] [Fatal Error] :1:1: Premature end of file.
2026-10-01 12:33:49,308 [ERROR] LogOutputStream:75 - [STDERR_REDIRECT] 
2026-10-01 12:33:50,293 [ERROR] LogOutputStream:75 - [STDERR_REDIRECT] [Fatal Error] :1:1: Premature end of file.
2026-10-01 12:33:50,293 [ERROR] LogOutputStream:75 - [STDERR_REDIRECT] 
2026-10-01 12:33:51,301 [ERROR] LogOutputStream:75 - [STDERR_REDIRECT] [Fatal Error] :1:1: Premature end of file.
2026-10-01 12:33:51,301 [ERROR] LogOutputStream:75 - [STDERR_REDIRECT] 
2026-10-01 12:33:52,302 [ERROR] LogOutputStream:75 - [STDERR_REDIRECT] [Fatal Error] :1:1: Premature end of file.
2026-10-01 12:33:52,302 [ERROR] LogOutputStream:75 - [STDERR_REDIRECT] 
2026-10-01 12:33:53,329 [ERROR] LogOutputStream:75 - [STDERR_REDIRECT] [Fatal Error] :1:1: Premature end of file.
2026-10-01 12:33:53,329 [ERROR] LogOutputStream:75 - [STDERR_REDIRECT] 
2026-10-01 12:33:54,294 [ERROR] LogOutputStream:75 - [STDERR_REDIRECT] [Fatal Error] :1:1: Premature end of file.
2026-10-01 12:33:54,294 [ERROR] LogOutputStream:75 - [STDERR_REDIRECT] 
2026-10-01 12:33:55,308 [ERROR] LogOutputStream:75 - [STDERR_REDIRECT] [Fatal Error] :1:1: Premature end of file.
2026-10-01 12:33:55,308 [ERROR] LogOutputStream:75 - [STDERR_REDIRECT] 
2026-10-01 12:33:56,317 [ERROR] LogOutputStream:75 - [STDERR_REDIRECT] [Fatal Error] :1:1: Premature end of file.
2026-10-01 12:33:56,332 [ERROR] LogOutputStream:75 - [STDERR_REDIRECT] 
2026-10-01 12:33:57,298 [ERROR] LogOutputStream:75 - [STDERR_REDIRECT] [Fatal Error] :1:1: Premature end of file.
2026-10-01 12:33:57,298 [ERROR] LogOutputStream:75 - [STDERR_REDIRECT] 
2026-10-01 12:33:58,310 [ERROR] LogOutputStream:75 - [STDERR_REDIRECT] [Fatal Error] :1:1: Premature end of file.
2026-10-01 12:33:58,310 [ERROR] LogOutputStream:75 - [STDERR_REDIRECT] 
2026-10-01 12:33:59,299 [ERROR] LogOutputStream:75 - [STDERR_REDIRECT] [Fatal Error] :1:1: Premature end of file.
2026-10-01 12:33:59,299 [ERROR] LogOutputStream:75 - [STDERR_REDIRECT] 
2026-10-01 12:34:00,309 [ERROR] LogOutputStream:75 - [STDERR_REDIRECT] [Fatal Error] :1:1: Premature end of file.
2026-10-01 12:34:00,310 [ERROR] LogOutputStream:75 - [STDERR_REDIRECT] 
2026-10-01 12:34:01,308 [ERROR] LogOutputStream:75 - [STDERR_REDIRECT] [Fatal Error] :1:1: Premature end of file.
2026-10-01 12:34:01,308 [ERROR] LogOutputStream:75 - [STDERR_REDIRECT] 
2026-10-01 12:34:02,296 [ERROR] LogOutputStream:75 - [STDERR_REDIRECT] [Fatal Error] :1:1: Premature end of file.
2026-10-01 12:34:02,296 [ERROR] LogOutputStream:75 - [STDERR_REDIRECT] 
2026-10-01 12:34:03,310 [ERROR] LogOutputStream:75 - [STDERR_REDIRECT] [Fatal Error] :1:1: Premature end of file.
2026-10-01 12:34:03,310 [ERROR] LogOutputStream:75 - [STDERR_REDIRECT] 
2026-10-01 12:34:04,302 [ERROR] LogOutputStream:75 - [STDERR_REDIRECT] [Fatal Error] :1:1: Premature end of file.
2026-10-01 12:34:04,303 [ERROR] LogOutputStream:75 - [STDERR_REDIRECT] 
2026-10-01 12:34:05,306 [ERROR] LogOutputStream:75 - [STDERR_REDIRECT] [Fatal Error] :1:1: Premature end of file.
2026-10-01 12:34:05,306 [ERROR] LogOutputStream:75 - [STDERR_REDIRECT] 
2026-10-01 12:34:06,299 [ERROR] LogOutputStream:75 - [STDERR_REDIRECT] [Fatal Error] :1:1: Premature end of file.
2026-10-01 12:34:06,299 [ERROR] LogOutputStream:75 - [STDERR_REDIRECT] 
2026-10-01 12:34:07,301 [ERROR] LogOutputStream:75 - [STDERR_REDIRECT] [Fatal Error] :1:1: Premature end of file.
2026-10-01 12:34:07,301 [ERROR] LogOutputStream:75 - [STDERR_REDIRECT] 
2026-10-01 12:34:08,311 [ERROR] LogOutputStream:75 - [STDERR_REDIRECT] [Fatal Error] :1:1: Premature end of file.
2026-10-01 12:34:08,312 [ERROR] LogOutputStream:75 - [STDERR_REDIRECT] 
2026-10-01 12:34:09,302 [ERROR] LogOutputStream:75 - [STDERR_REDIRECT] [Fatal Error] :1:1: Premature end of file.
2026-10-01 12:34:09,302 [ERROR] LogOutputStream:75 - [STDERR_REDIRECT] 
2026-10-01 12:34:10,309 [ERROR] LogOutputStream:75 - [STDERR_REDIRECT] [Fatal Error] :1:1: Premature end of file.
2026-10-01 12:34:10,309 [ERROR] LogOutputStream:75 - [STDERR_REDIRECT] 
2026-10-01 12:34:11,319 [ERROR] LogOutputStream:75 - [STDERR_REDIRECT] [Fatal Error] :1:1: Premature end of file.
2026-10-01 12:34:11,332 [ERROR] LogOutputStream:75 - [STDERR_REDIRECT] 
2026-10-01 12:34:12,316 [ERROR] LogOutputStream:75 - [STDERR_REDIRECT] [Fatal Error] :1:1: Premature end of file.
2026-10-01 12:34:12,316 [ERROR] LogOutputStream:75 - [STDERR_REDIRECT] 
2026-10-01 12:34:13,309 [ERROR] LogOutputStream:75 - [STDERR_REDIRECT] [Fatal Error] :1:1: Premature end of file.
2026-10-01 12:34:13,309 [ERROR] LogOutputStream:75 - [STDERR_REDIRECT] 
2026-10-01 12:34:14,295 [ERROR] LogOutputStream:75 - [STDERR_REDIRECT] [Fatal Error] :1:1: Premature end of file.
2026-10-01 12:34:14,295 [ERROR] LogOutputStream:75 - [STDERR_REDIRECT] 
2026-10-01 12:34:15,319 [ERROR] LogOutputStream:75 - [STDERR_REDIRECT] [Fatal Error] :1:1: Premature end of file.
2026-10-01 12:34:15,319 [ERROR] LogOutputStream:75 - [STDERR_REDIRECT] 
2026-10-01 12:34:16,311 [ERROR] LogOutputStream:75 - [STDERR_REDIRECT] [Fatal Error] :1:1: Premature end of file.
2026-10-01 12:34:16,311 [ERROR] LogOutputStream:75 - [STDERR_REDIRECT] 
2026-10-01 12:34:17,312 [ERROR] LogOutputStream:75 - [STDERR_REDIRECT] [Fatal Error] :1:1: Premature end of file.
2026-10-01 12:34:17,312 [ERROR] LogOutputStream:75 - [STDERR_REDIRECT] 
2026-10-01 12:34:18,292 [ERROR] LogOutputStream:75 - [STDERR_REDIRECT] [Fatal Error] :1:1: Premature end of file.
2026-10-01 12:34:18,292 [ERROR] LogOutputStream:75 - [STDERR_REDIRECT] 
2026-10-01 12:34:19,301 [ERROR] LogOutputStream:75 - [STDERR_REDIRECT] [Fatal Error] :1:1: Premature end of file.
2026-10-01 12:34:19,301 [ERROR] LogOutputStream:75 - [STDERR_REDIRECT] 
2026-10-01 12:34:20,311 [ERROR] LogOutputStream:75 - [STDERR_REDIRECT] [Fatal Error] :1:1: Premature end of file.
2026-10-01 12:34:20,311 [ERROR] LogOutputStream:75 - [STDERR_REDIRECT] 
2026-10-01 12:34:21,309 [ERROR] LogOutputStream:75 - [STDERR_REDIRECT] [Fatal Error] :1:1: Premature end of file.
2026-10-01 12:34:21,309 [ERROR] LogOutputStream:75 - [STDERR_REDIRECT] 
2026-10-01 12:34:22,291 [ERROR] LogOutputStream:75 - [STDERR_REDIRECT] [Fatal Error] :1:1: Premature end of file.
2026-10-01 12:34:22,291 [ERROR] LogOutputStream:75 - [STDERR_REDIRECT] 
2026-10-01 12:34:23,309 [ERROR] LogOutputStream:75 - [STDERR_REDIRECT] [Fatal Error] :1:1: Premature end of file.
2026-10-01 12:34:23,309 [ERROR] LogOutputStream:75 - [STDERR_REDIRECT] 
2026-10-01 12:34:24,312 [ERROR] LogOutputStream:75 - [STDERR_REDIRECT] [Fatal Error] :1:1: Premature end of file.
2026-10-01 12:34:24,312 [ERROR] LogOutputStream:75 - [STDERR_REDIRECT] 
2026-10-01 12:34:25,304 [ERROR] LogOutputStream:75 - [STDERR_REDIRECT] [Fatal Error] :1:1: Premature end of file.
2026-10-01 12:34:25,304 [ERROR] LogOutputStream:75 - [STDERR_REDIRECT] 
2026-10-01 12:34:26,312 [ERROR] LogOutputStream:75 - [STDERR_REDIRECT] [Fatal Error] :1:1: Premature end of file.
2026-10-01 12:34:26,325 [ERROR] LogOutputStream:75 - [STDERR_REDIRECT] 
2026-10-01 12:34:27,311 [ERROR] LogOutputStream:75 - [STDERR_REDIRECT] [Fatal Error] :1:1: Premature end of file.
2026-10-01 12:34:27,311 [ERROR] LogOutputStream:75 - [STDERR_REDIRECT] 
2026-10-01 12:34:28,294 [ERROR] LogOutputStream:75 - [STDERR_REDIRECT] [Fatal Error] :1:1: Premature end of file.
2026-10-01 12:34:28,294 [ERROR] LogOutputStream:75 - [STDERR_REDIRECT] 
2026-10-01 12:34:29,321 [ERROR] LogOutputStream:75 - [STDERR_REDIRECT] [Fatal Error] :1:1: Premature end of file.
2026-10-01 12:34:29,321 [ERROR] LogOutputStream:75 - [STDERR_REDIRECT] 
2026-10-01 12:34:30,294 [ERROR] LogOutputStream:75 - [STDERR_REDIRECT] [Fatal Error] :1:1: Premature end of file.
2026-10-01 12:34:30,294 [ERROR] LogOutputStream:75 - [STDERR_REDIRECT] 
2026-10-01 12:34:31,319 [ERROR] LogOutputStream:75 - [STDERR_REDIRECT] [Fatal Error] :1:1: Premature end of file.
2026-10-01 12:34:31,319 [ERROR] LogOutputStream:75 - [STDERR_REDIRECT] 
2026-10-01 12:34:32,293 [ERROR] LogOutputStream:75 - [STDERR_REDIRECT] [Fatal Error] :1:1: Premature end of file.
2026-10-01 12:34:32,293 [ERROR] LogOutputStream:75 - [STDERR_REDIRECT] 
2026-10-01 12:34:33,308 [ERROR] LogOutputStream:75 - [STDERR_REDIRECT] [Fatal Error] :1:1: Premature end of file.
2026-10-01 12:34:33,309 [ERROR] LogOutputStream:75 - [STDERR_REDIRECT] 
2026-10-01 12:34:34,307 [ERROR] LogOutputStream:75 - [STDERR_REDIRECT] [Fatal Error] :1:1: Premature end of file.
2026-10-01 12:34:34,307 [ERROR] LogOutputStream:75 - [STDERR_REDIRECT] 
2026-10-01 12:34:35,309 [ERROR] LogOutputStream:75 - [STDERR_REDIRECT] [Fatal Error] :1:1: Premature end of file.
2026-10-01 12:34:35,309 [ERROR] LogOutputStream:75 - [STDERR_REDIRECT] 
2026-10-01 12:34:36,305 [ERROR] LogOutputStream:75 - [STDERR_REDIRECT] [Fatal Error] :1:1: Premature end of file.
2026-10-01 12:34:36,305 [ERROR] LogOutputStream:75 - [STDERR_REDIRECT] 
2026-10-01 12:34:37,300 [ERROR] LogOutputStream:75 - [STDERR_REDIRECT] [Fatal Error] :1:1: Premature end of file.
2026-10-01 12:34:37,301 [ERROR] LogOutputStream:75 - [STDERR_REDIRECT] 
2026-10-01 12:34:38,316 [ERROR] LogOutputStream:75 - [STDERR_REDIRECT] [Fatal Error] :1:1: Premature end of file.
2026-10-01 12:34:38,316 [ERROR] LogOutputStream:75 - [STDERR_REDIRECT] 
2026-10-01 12:34:39,304 [ERROR] LogOutputStream:75 - [STDERR_REDIRECT] [Fatal Error] :1:1: Premature end of file.
2026-10-01 12:34:39,304 [ERROR] LogOutputStream:75 - [STDERR_REDIRECT] 
2026-10-01 12:34:40,311 [ERROR] LogOutputStream:75 - [STDERR_REDIRECT] [Fatal Error] :1:1: Premature end of file.
2026-10-01 12:34:40,311 [ERROR] LogOutputStream:75 - [STDERR_REDIRECT] 
2026-10-01 12:34:41,319 [ERROR] LogOutputStream:75 - [STDERR_REDIRECT] [Fatal Error] :1:1: Premature end of file.
2026-10-01 12:34:41,319 [ERROR] LogOutputStream:75 - [STDERR_REDIRECT] 
2026-10-01 12:34:42,289 [ERROR] LogOutputStream:75 - [STDERR_REDIRECT] [Fatal Error] :1:1: Premature end of file.
2026-10-01 12:34:42,298 [ERROR] LogOutputStream:75 - [STDERR_REDIRECT] 
2026-10-01 12:34:43,308 [ERROR] LogOutputStream:75 - [STDERR_REDIRECT] [Fatal Error] :1:1: Premature end of file.
2026-10-01 12:34:43,308 [ERROR] LogOutputStream:75 - [STDERR_REDIRECT] 
2026-10-01 12:34:44,306 [ERROR] LogOutputStream:75 - [STDERR_REDIRECT] [Fatal Error] :1:1: Premature end of file.
2026-10-01 12:34:44,306 [ERROR] LogOutputStream:75 - [STDERR_REDIRECT] 
2026-10-01 12:34:45,294 [ERROR] LogOutputStream:75 - [STDERR_REDIRECT] [Fatal Error] :1:1: Premature end of file.
2026-10-01 12:34:45,294 [ERROR] LogOutputStream:75 - [STDERR_REDIRECT] 
2026-10-01 12:34:46,309 [ERROR] LogOutputStream:75 - [STDERR_REDIRECT] [Fatal Error] :1:1: Premature end of file.
2026-10-01 12:34:46,309 [ERROR] LogOutputStream:75 - [STDERR_REDIRECT] 
2026-10-01 12:34:47,313 [ERROR] LogOutputStream:75 - [STDERR_REDIRECT] [Fatal Error] :1:1: Premature end of file.
2026-10-01 12:34:47,313 [ERROR] LogOutputStream:75 - [STDERR_REDIRECT] 
2026-10-01 12:34:48,310 [ERROR] LogOutputStream:75 - [STDERR_REDIRECT] [Fatal Error] :1:1: Premature end of file.
2026-10-01 12:34:48,310 [ERROR] LogOutputStream:75 - [STDERR_REDIRECT] 
2026-10-01 12:34:49,306 [ERROR] LogOutputStream:75 - [STDERR_REDIRECT] [Fatal Error] :1:1: Premature end of file.
2026-10-01 12:34:49,307 [ERROR] LogOutputStream:75 - [STDERR_REDIRECT] 
2026-10-01 12:34:50,310 [ERROR] LogOutputStream:75 - [STDERR_REDIRECT] [Fatal Error] :1:1: Premature end of file.
2026-10-01 12:34:50,310 [ERROR] LogOutputStream:75 - [STDERR_REDIRECT] 
2026-10-01 12:34:51,309 [ERROR] LogOutputStream:75 - [STDERR_REDIRECT] [Fatal Error] :1:1: Premature end of file.
2026-10-01 12:34:51,309 [ERROR] LogOutputStream:75 - [STDERR_REDIRECT] 
2026-10-01 12:34:52,309 [ERROR] LogOutputStream:75 - [STDERR_REDIRECT] [Fatal Error] :1:1: Premature end of file.
2026-10-01 12:34:52,309 [ERROR] LogOutputStream:75 - [STDERR_REDIRECT] 
2026-10-01 12:34:53,309 [ERROR] LogOutputStream:75 - [STDERR_REDIRECT] [Fatal Error] :1:1: Premature end of file.
2026-10-01 12:34:53,309 [ERROR] LogOutputStream:75 - [STDERR_REDIRECT] 
2026-10-01 12:34:54,301 [ERROR] LogOutputStream:75 - [STDERR_REDIRECT] [Fatal Error] :1:1: Premature end of file.
2026-10-01 12:34:54,301 [ERROR] LogOutputStream:75 - [STDERR_REDIRECT] 
2026-10-01 12:34:55,296 [ERROR] LogOutputStream:75 - [STDERR_REDIRECT] [Fatal Error] :1:1: Premature end of file.
2026-10-01 12:34:55,296 [ERROR] LogOutputStream:75 - [STDERR_REDIRECT] 
2026-10-01 12:34:56,309 [ERROR] LogOutputStream:75 - [STDERR_REDIRECT] [Fatal Error] :1:1: Premature end of file.
2026-10-01 12:34:56,309 [ERROR] LogOutputStream:75 - [STDERR_REDIRECT] 
2026-10-01 12:34:57,311 [ERROR] LogOutputStream:75 - [STDERR_REDIRECT] [Fatal Error] :1:1: Premature end of file.
2026-10-01 12:34:57,311 [ERROR] LogOutputStream:75 - [STDERR_REDIRECT] 
2026-10-01 12:34:58,314 [ERROR] LogOutputStream:75 - [STDERR_REDIRECT] [Fatal Error] :1:1: Premature end of file.
2026-10-01 12:34:58,314 [ERROR] LogOutputStream:75 - [STDERR_REDIRECT] 
2026-10-01 12:34:59,299 [ERROR] LogOutputStream:75 - [STDERR_REDIRECT] [Fatal Error] :1:1: Premature end of file.
2026-10-01 12:34:59,299 [ERROR] LogOutputStream:75 - [STDERR_REDIRECT] 
2026-10-01 12:35:00,306 [ERROR] LogOutputStream:75 - [STDERR_REDIRECT] [Fatal Error] :1:1: Premature end of file.
2026-10-01 12:35:00,306 [ERROR] LogOutputStream:75 - [STDERR_REDIRECT] 
2026-10-01 12:35:01,309 [ERROR] LogOutputStream:75 - [STDERR_REDIRECT] [Fatal Error] :1:1: Premature end of file.
2026-10-01 12:35:01,309 [ERROR] LogOutputStream:75 - [STDERR_REDIRECT] 
2026-10-01 12:35:02,309 [ERROR] LogOutputStream:75 - [STDERR_REDIRECT] [Fatal Error] :1:1: Premature end of file.
2026-10-01 12:35:02,309 [ERROR] LogOutputStream:75 - [STDERR_REDIRECT] 
2026-10-01 12:35:03,309 [ERROR] LogOutputStream:75 - [STDERR_REDIRECT] [Fatal Error] :1:1: Premature end of file.
2026-10-01 12:35:03,309 [ERROR] LogOutputStream:75 - [STDERR_REDIRECT] 
2026-10-01 12:35:04,323 [ERROR] LogOutputStream:75 - [STDERR_REDIRECT] [Fatal Error] :1:1: Premature end of file.
2026-10-01 12:35:04,323 [ERROR] LogOutputStream:75 - [STDERR_REDIRECT] 
2026-10-01 12:35:05,299 [ERROR] LogOutputStream:75 - [STDERR_REDIRECT] [Fatal Error] :1:1: Premature end of file.
2026-10-01 12:35:05,299 [ERROR] LogOutputStream:75 - [STDERR_REDIRECT] 
2026-10-01 12:35:06,309 [ERROR] LogOutputStream:75 - [STDERR_REDIRECT] [Fatal Error] :1:1: Premature end of file.
2026-10-01 12:35:06,309 [ERROR] LogOutputStream:75 - [STDERR_REDIRECT] 
2026-10-01 12:35:07,301 [ERROR] LogOutputStream:75 - [STDERR_REDIRECT] [Fatal Error] :1:1: Premature end of file.
2026-10-01 12:35:07,301 [ERROR] LogOutputStream:75 - [STDERR_REDIRECT] 
2026-10-01 12:35:08,311 [ERROR] LogOutputStream:75 - [STDERR_REDIRECT] [Fatal Error] :1:1: Premature end of file.
2026-10-01 12:35:08,311 [ERROR] LogOutputStream:75 - [STDERR_REDIRECT] 
2026-10-01 12:35:09,314 [ERROR] LogOutputStream:75 - [STDERR_REDIRECT] [Fatal Error] :1:1: Premature end of file.
2026-10-01 12:35:09,314 [ERROR] LogOutputStream:75 - [STDERR_REDIRECT] 
2026-10-01 12:35:10,301 [ERROR] LogOutputStream:75 - [STDERR_REDIRECT] [Fatal Error] :1:1: Premature end of file.
2026-10-01 12:35:10,301 [ERROR] LogOutputStream:75 - [STDERR_REDIRECT] 
2026-10-01 12:35:11,309 [ERROR] LogOutputStream:75 - [STDERR_REDIRECT] [Fatal Error] :1:1: Premature end of file.
2026-10-01 12:35:11,317 [ERROR] LogOutputStream:75 - [STDERR_REDIRECT] 
2026-10-01 12:35:12,314 [ERROR] LogOutputStream:75 - [STDERR_REDIRECT] [Fatal Error] :1:1: Premature end of file.
2026-10-01 12:35:12,314 [ERROR] LogOutputStream:75 - [STDERR_REDIRECT] 
2026-10-01 12:35:13,301 [ERROR] LogOutputStream:75 - [STDERR_REDIRECT] [Fatal Error] :1:1: Premature end of file.
2026-10-01 12:35:13,301 [ERROR] LogOutputStream:75 - [STDERR_REDIRECT] 
2026-10-01 12:35:14,301 [ERROR] LogOutputStream:75 - [STDERR_REDIRECT] [Fatal Error] :1:1: Premature end of file.
2026-10-01 12:35:14,301 [ERROR] LogOutputStream:75 - [STDERR_REDIRECT] 
2026-10-01 12:35:15,309 [ERROR] LogOutputStream:75 - [STDERR_REDIRECT] [Fatal Error] :1:1: Premature end of file.
2026-10-01 12:35:15,309 [ERROR] LogOutputStream:75 - [STDERR_REDIRECT] 
2026-10-01 12:35:16,312 [ERROR] LogOutputStream:75 - [STDERR_REDIRECT] [Fatal Error] :1:1: Premature end of file.
2026-10-01 12:35:16,312 [ERROR] LogOutputStream:75 - [STDERR_REDIRECT] 
2026-10-01 12:35:17,309 [ERROR] LogOutputStream:75 - [STDERR_REDIRECT] [Fatal Error] :1:1: Premature end of file.
2026-10-01 12:35:17,309 [ERROR] LogOutputStream:75 - [STDERR_REDIRECT] 
2026-10-01 12:35:18,311 [ERROR] LogOutputStream:75 - [STDERR_REDIRECT] [Fatal Error] :1:1: Premature end of file.
2026-10-01 12:35:18,311 [ERROR] LogOutputStream:75 - [STDERR_REDIRECT] 
2026-10-01 12:35:19,301 [ERROR] LogOutputStream:75 - [STDERR_REDIRECT] [Fatal Error] :1:1: Premature end of file.
2026-10-01 12:35:19,301 [ERROR] LogOutputStream:75 - [STDERR_REDIRECT] 
2026-10-01 12:35:20,307 [ERROR] LogOutputStream:75 - [STDERR_REDIRECT] [Fatal Error] :1:1: Premature end of file.
2026-10-01 12:35:20,307 [ERROR] LogOutputStream:75 - [STDERR_REDIRECT] 
2026-10-01 12:35:21,310 [ERROR] LogOutputStream:75 - [STDERR_REDIRECT] [Fatal Error] :1:1: Premature end of file.
2026-10-01 12:35:21,310 [ERROR] LogOutputStream:75 - [STDERR_REDIRECT] 
2026-10-01 12:35:22,298 [ERROR] LogOutputStream:75 - [STDERR_REDIRECT] [Fatal Error] :1:1: Premature end of file.
2026-10-01 12:35:22,298 [ERROR] LogOutputStream:75 - [STDERR_REDIRECT] 
2026-10-01 12:35:23,298 [ERROR] LogOutputStream:75 - [STDERR_REDIRECT] [Fatal Error] :1:1: Premature end of file.
2026-10-01 12:35:23,298 [ERROR] LogOutputStream:75 - [STDERR_REDIRECT] 
2026-10-01 12:35:24,301 [ERROR] LogOutputStream:75 - [STDERR_REDIRECT] [Fatal Error] :1:1: Premature end of file.
2026-10-01 12:35:24,301 [ERROR] LogOutputStream:75 - [STDERR_REDIRECT] 
2026-10-01 12:35:25,310 [ERROR] LogOutputStream:75 - [STDERR_REDIRECT] [Fatal Error] :1:1: Premature end of file.
2026-10-01 12:35:25,310 [ERROR] LogOutputStream:75 - [STDERR_REDIRECT] 
2026-10-01 12:35:26,310 [ERROR] LogOutputStream:75 - [STDERR_REDIRECT] [Fatal Error] :1:1: Premature end of file.
2026-10-01 12:35:26,310 [ERROR] LogOutputStream:75 - [STDERR_REDIRECT] 
2026-10-01 12:35:27,317 [ERROR] LogOutputStream:75 - [STDERR_REDIRECT] [Fatal Error] :1:1: Premature end of file.
2026-10-01 12:35:27,317 [ERROR] LogOutputStream:75 - [STDERR_REDIRECT] 
2026-10-01 12:35:28,289 [ERROR] LogOutputStream:75 - [STDERR_REDIRECT] [Fatal Error] :1:1: Premature end of file.
2026-10-01 12:35:28,289 [ERROR] LogOutputStream:75 - [STDERR_REDIRECT] 
2026-10-01 12:35:29,301 [ERROR] LogOutputStream:75 - [STDERR_REDIRECT] [Fatal Error] :1:1: Premature end of file.
2026-10-01 12:35:29,301 [ERROR] LogOutputStream:75 - [STDERR_REDIRECT] 
2026-10-01 12:35:30,319 [ERROR] LogOutputStream:75 - [STDERR_REDIRECT] [Fatal Error] :1:1: Premature end of file.
2026-10-01 12:35:30,319 [ERROR] LogOutputStream:75 - [STDERR_REDIRECT] 
2026-10-01 12:35:31,310 [ERROR] LogOutputStream:75 - [STDERR_REDIRECT] [Fatal Error] :1:1: Premature end of file.
2026-10-01 12:35:31,310 [ERROR] LogOutputStream:75 - [STDERR_REDIRECT] 
2026-10-01 12:35:32,312 [ERROR] LogOutputStream:75 - [STDERR_REDIRECT] [Fatal Error] :1:1: Premature end of file.
2026-10-01 12:35:32,312 [ERROR] LogOutputStream:75 - [STDERR_REDIRECT] 
2026-10-01 12:35:33,306 [ERROR] LogOutputStream:75 - [STDERR_REDIRECT] [Fatal Error] :1:1: Premature end of file.
2026-10-01 12:35:33,306 [ERROR] LogOutputStream:75 - [STDERR_REDIRECT] 
2026-10-01 12:35:34,306 [ERROR] LogOutputStream:75 - [STDERR_REDIRECT] [Fatal Error] :1:1: Premature end of file.
2026-10-01 12:35:34,306 [ERROR] LogOutputStream:75 - [STDERR_REDIRECT] 
2026-10-01 12:35:35,301 [ERROR] LogOutputStream:75 - [STDERR_REDIRECT] [Fatal Error] :1:1: Premature end of file.
2026-10-01 12:35:35,301 [ERROR] LogOutputStream:75 - [STDERR_REDIRECT] 
2026-10-01 12:35:36,306 [ERROR] LogOutputStream:75 - [STDERR_REDIRECT] [Fatal Error] :1:1: Premature end of file.
2026-10-01 12:35:36,306 [ERROR] LogOutputStream:75 - [STDERR_REDIRECT] 
2026-10-01 12:35:37,301 [ERROR] LogOutputStream:75 - [STDERR_REDIRECT] [Fatal Error] :1:1: Premature end of file.
2026-10-01 12:35:37,301 [ERROR] LogOutputStream:75 - [STDERR_REDIRECT] 
2026-10-01 12:35:38,312 [ERROR] LogOutputStream:75 - [STDERR_REDIRECT] [Fatal Error] :1:1: Premature end of file.
2026-10-01 12:35:38,312 [ERROR] LogOutputStream:75 - [STDERR_REDIRECT] 
2026-10-01 12:35:39,319 [ERROR] LogOutputStream:75 - [STDERR_REDIRECT] [Fatal Error] :1:1: Premature end of file.
2026-10-01 12:35:39,319 [ERROR] LogOutputStream:75 - [STDERR_REDIRECT] 
2026-10-01 12:35:40,310 [ERROR] LogOutputStream:75 - [STDERR_REDIRECT] [Fatal Error] :1:1: Premature end of file.
2026-10-01 12:35:40,311 [ERROR] LogOutputStream:75 - [STDERR_REDIRECT] 
2026-10-01 12:35:41,310 [ERROR] LogOutputStream:75 - [STDERR_REDIRECT] [Fatal Error] :1:1: Premature end of file.
2026-10-01 12:35:41,383 [ERROR] LogOutputStream:75 - [STDERR_REDIRECT] 
2026-10-01 12:35:42,299 [ERROR] LogOutputStream:75 - [STDERR_REDIRECT] [Fatal Error] :1:1: Premature end of file.
2026-10-01 12:35:42,299 [ERROR] LogOutputStream:75 - [STDERR_REDIRECT] 
2026-10-01 12:35:43,301 [ERROR] LogOutputStream:75 - [STDERR_REDIRECT] [Fatal Error] :1:1: Premature end of file.
2026-10-01 12:35:43,301 [ERROR] LogOutputStream:75 - [STDERR_REDIRECT] 
2026-10-01 12:35:44,307 [ERROR] LogOutputStream:75 - [STDERR_REDIRECT] [Fatal Error] :1:1: Premature end of file.
2026-10-01 12:35:44,307 [ERROR] LogOutputStream:75 - [STDERR_REDIRECT] 
2026-10-01 12:35:45,306 [ERROR] LogOutputStream:75 - [STDERR_REDIRECT] [Fatal Error] :1:1: Premature end of file.
2026-10-01 12:35:45,306 [ERROR] LogOutputStream:75 - [STDERR_REDIRECT] 
2026-10-01 12:35:46,295 [ERROR] LogOutputStream:75 - [STDERR_REDIRECT] [Fatal Error] :1:1: Premature end of file.
2026-10-01 12:35:46,295 [ERROR] LogOutputStream:75 - [STDERR_REDIRECT] 
2026-10-01 12:35:47,316 [ERROR] LogOutputStream:75 - [STDERR_REDIRECT] [Fatal Error] :1:1: Premature end of file.
2026-10-01 12:35:47,316 [ERROR] LogOutputStream:75 - [STDERR_REDIRECT] 
2026-10-01 12:35:48,296 [ERROR] LogOutputStream:75 - [STDERR_REDIRECT] [Fatal Error] :1:1: Premature end of file.
2026-10-01 12:35:48,296 [ERROR] LogOutputStream:75 - [STDERR_REDIRECT] 
2026-10-01 12:35:49,312 [ERROR] LogOutputStream:75 - [STDERR_REDIRECT] [Fatal Error] :1:1: Premature end of file.
2026-10-01 12:35:49,312 [ERROR] LogOutputStream:75 - [STDERR_REDIRECT] 
2026-10-01 12:35:50,301 [ERROR] LogOutputStream:75 - [STDERR_REDIRECT] [Fatal Error] :1:1: Premature end of file.
2026-10-01 12:35:50,301 [ERROR] LogOutputStream:75 - [STDERR_REDIRECT] 
2026-10-01 12:35:51,304 [ERROR] LogOutputStream:75 - [STDERR_REDIRECT] [Fatal Error] :1:1: Premature end of file.
2026-10-01 12:35:51,304 [ERROR] LogOutputStream:75 - [STDERR_REDIRECT] 
2026-10-01 12:35:52,296 [ERROR] LogOutputStream:75 - [STDERR_REDIRECT] [Fatal Error] :1:1: Premature end of file.
2026-10-01 12:35:52,296 [ERROR] LogOutputStream:75 - [STDERR_REDIRECT] 
2026-10-01 12:35:53,323 [ERROR] LogOutputStream:75 - [STDERR_REDIRECT] [Fatal Error] :1:1: Premature end of file.
2026-10-01 12:35:53,323 [ERROR] LogOutputStream:75 - [STDERR_REDIRECT] 
2026-10-01 12:35:54,297 [ERROR] LogOutputStream:75 - [STDERR_REDIRECT] [Fatal Error] :1:1: Premature end of file.
2026-10-01 12:35:54,297 [ERROR] LogOutputStream:75 - [STDERR_REDIRECT] 
2026-10-01 12:35:55,301 [ERROR] LogOutputStream:75 - [STDERR_REDIRECT] [Fatal Error] :1:1: Premature end of file.
2026-10-01 12:35:55,301 [ERROR] LogOutputStream:75 - [STDERR_REDIRECT] 
2026-10-01 12:35:56,294 [ERROR] LogOutputStream:75 - [STDERR_REDIRECT] [Fatal Error] :1:1: Premature end of file.
2026-10-01 12:35:56,294 [ERROR] LogOutputStream:75 - [STDERR_REDIRECT] 
2026-10-01 12:35:57,311 [ERROR] LogOutputStream:75 - [STDERR_REDIRECT] [Fatal Error] :1:1: Premature end of file.
2026-10-01 12:35:57,312 [ERROR] LogOutputStream:75 - [STDERR_REDIRECT] 
2026-10-01 12:35:58,327 [ERROR] LogOutputStream:75 - [STDERR_REDIRECT] [Fatal Error] :1:1: Premature end of file.
2026-10-01 12:35:58,327 [ERROR] LogOutputStream:75 - [STDERR_REDIRECT] 
2026-10-01 12:35:59,304 [ERROR] LogOutputStream:75 - [STDERR_REDIRECT] [Fatal Error] :1:1: Premature end of file.
2026-10-01 12:35:59,304 [ERROR] LogOutputStream:75 - [STDERR_REDIRECT] 
2026-10-01 12:36:00,312 [ERROR] LogOutputStream:75 - [STDERR_REDIRECT] [Fatal Error] :1:1: Premature end of file.
2026-10-01 12:36:00,312 [ERROR] LogOutputStream:75 - [STDERR_REDIRECT] 
2026-10-01 12:36:01,292 [ERROR] LogOutputStream:75 - [STDERR_REDIRECT] [Fatal Error] :1:1: Premature end of file.
2026-10-01 12:36:01,292 [ERROR] LogOutputStream:75 - [STDERR_REDIRECT] 
2026-10-01 12:36:02,291 [ERROR] LogOutputStream:75 - [STDERR_REDIRECT] [Fatal Error] :1:1: Premature end of file.
2026-10-01 12:36:02,291 [ERROR] LogOutputStream:75 - [STDERR_REDIRECT] 
2026-10-01 12:36:03,301 [ERROR] LogOutputStream:75 - [STDERR_REDIRECT] [Fatal Error] :1:1: Premature end of file.
2026-10-01 12:36:03,301 [ERROR] LogOutputStream:75 - [STDERR_REDIRECT] 
2026-10-01 12:36:04,293 [ERROR] LogOutputStream:75 - [STDERR_REDIRECT] [Fatal Error] :1:1: Premature end of file.
2026-10-01 12:36:04,293 [ERROR] LogOutputStream:75 - [STDERR_REDIRECT] 
2026-10-01 12:36:05,292 [ERROR] LogOutputStream:75 - [STDERR_REDIRECT] [Fatal Error] :1:1: Premature end of file.
2026-10-01 12:36:05,292 [ERROR] LogOutputStream:75 - [STDERR_REDIRECT] 
2026-10-01 12:36:06,297 [ERROR] LogOutputStream:75 - [STDERR_REDIRECT] [Fatal Error] :1:1: Premature end of file.
2026-10-01 12:36:06,298 [ERROR] LogOutputStream:75 - [STDERR_REDIRECT] 
2026-10-01 12:36:07,305 [ERROR] LogOutputStream:75 - [STDERR_REDIRECT] [Fatal Error] :1:1: Premature end of file.
2026-10-01 12:36:07,305 [ERROR] LogOutputStream:75 - [STDERR_REDIRECT] 
2026-10-01 12:36:08,321 [ERROR] LogOutputStream:75 - [STDERR_REDIRECT] [Fatal Error] :1:1: Premature end of file.
2026-10-01 12:36:08,321 [ERROR] LogOutputStream:75 - [STDERR_REDIRECT] 
2026-10-01 12:36:09,358 [ERROR] LogOutputStream:75 - [STDERR_REDIRECT] [Fatal Error] :1:1: Premature end of file.
2026-10-01 12:36:09,358 [ERROR] LogOutputStream:75 - [STDERR_REDIRECT] 
2026-10-01 12:36:10,303 [ERROR] LogOutputStream:75 - [STDERR_REDIRECT] [Fatal Error] :1:1: Premature end of file.
2026-10-01 12:36:10,303 [ERROR] LogOutputStream:75 - [STDERR_REDIRECT] 
2026-10-01 12:36:11,301 [ERROR] LogOutputStream:75 - [STDERR_REDIRECT] [Fatal Error] :1:1: Premature end of file.
2026-10-01 12:36:11,302 [ERROR] LogOutputStream:75 - [STDERR_REDIRECT] 
2026-10-01 12:36:12,317 [ERROR] LogOutputStream:75 - [STDERR_REDIRECT] [Fatal Error] :1:1: Premature end of file.
2026-10-01 12:36:12,318 [ERROR] LogOutputStream:75 - [STDERR_REDIRECT] 
2026-10-01 12:36:13,292 [ERROR] LogOutputStream:75 - [STDERR_REDIRECT] [Fatal Error] :1:1: Premature end of file.
2026-10-01 12:36:13,292 [ERROR] LogOutputStream:75 - [STDERR_REDIRECT] 
2026-10-01 12:36:14,297 [ERROR] LogOutputStream:75 - [STDERR_REDIRECT] [Fatal Error] :1:1: Premature end of file.
2026-10-01 12:36:14,297 [ERROR] LogOutputStream:75 - [STDERR_REDIRECT] 
2026-10-01 12:36:15,300 [ERROR] LogOutputStream:75 - [STDERR_REDIRECT] [Fatal Error] :1:1: Premature end of file.
2026-10-01 12:36:15,300 [ERROR] LogOutputStream:75 - [STDERR_REDIRECT] 
2026-10-01 12:36:16,299 [ERROR] LogOutputStream:75 - [STDERR_REDIRECT] [Fatal Error] :1:1: Premature end of file.
2026-10-01 12:36:16,300 [ERROR] LogOutputStream:75 - [STDERR_REDIRECT] 
2026-10-01 12:36:17,292 [ERROR] LogOutputStream:75 - [STDERR_REDIRECT] [Fatal Error] :1:1: Premature end of file.
2026-10-01 12:36:17,292 [ERROR] LogOutputStream:75 - [STDERR_REDIRECT] 
2026-10-01 12:36:18,308 [ERROR] LogOutputStream:75 - [STDERR_REDIRECT] [Fatal Error] :1:1: Premature end of file.
2026-10-01 12:36:18,309 [ERROR] LogOutputStream:75 - [STDERR_REDIRECT] 
2026-10-01 12:36:19,296 [ERROR] LogOutputStream:75 - [STDERR_REDIRECT] [Fatal Error] :1:1: Premature end of file.
2026-10-01 12:36:19,296 [ERROR] LogOutputStream:75 - [STDERR_REDIRECT] 
2026-10-01 12:36:20,297 [ERROR] LogOutputStream:75 - [STDERR_REDIRECT] [Fatal Error] :1:1: Premature end of file.
2026-10-01 12:36:20,297 [ERROR] LogOutputStream:75 - [STDERR_REDIRECT] 
2026-10-01 12:36:20,849 [ERROR] LogOutputStream:75 - [STDERR_REDIRECT] 
2026-10-01 12:36:20,850 [ERROR] LogOutputStream:75 - [STDERR_REDIRECT] 
