2026-09-17 20:36:22,659 [INFO] Activator:176 - 


2026-09-17 20:36:22,659 [INFO] Activator:177 - !SESSION log4j initialized
2026-09-17 20:36:25,446 [INFO] LogOutputStream:77 - [STDOUT_REDIRECT] 
2026-09-17 20:36:27,286 [INFO] ApplicationProperties:184 - Using Application install path: C:\ST\STM32CubeIDE_1.19.0\STM32CubeIDE\plugins\com.st.stm32cube.common.mx_6.15.0.202507011659
2026-09-17 20:36:27,298 [INFO] DbMcusXml:78 - Set database path to: C:\ST\STM32CubeIDE_1.19.0\STM32CubeIDE\plugins\com.st.stm32cube.common.mx_6.15.0.202507011659\\db\/mcu/
2026-09-17 20:36:27,298 [INFO] ApiDb:274 - Set plugin database path to: C:\ST\STM32CubeIDE_1.19.0\STM32CubeIDE\plugins\com.st.stm32cube.common.mx_6.15.0.202507011659\\db\/plugins/boardmanager/
2026-09-17 20:36:27,346 [WARN] ApiDb:259 - Overriding images path with different value:  => C:\ST\STM32CubeIDE_1.19.0\STM32CubeIDE\plugins\com.st.stm32cube.common.mx_6.15.0.202507011659\\db\/plugins/mcufinder/images/
2026-09-17 20:36:27,363 [INFO] ApiDb:250 - Set database path to: C:\Users\alang\.stmcufinder\plugins\mcufinder//mcu/
2026-09-17 20:36:27,366 [INFO] DbMcusAds:125 - Set database path to: C:\Users\alang\.stmcufinder\plugins\mcufinder//mcu/
2026-09-17 20:36:27,366 [INFO] CrossReferenceDbSqlite:203 - Set database path to: C:\Users\alang\.stmcufinder\plugins\mcufinder//mcu/cs/
2026-09-17 20:36:27,473 [INFO] RulesReader:64 - Compatibility file has been processed (317 Rules)
2026-09-17 20:36:27,616 [INFO] DbMcusXml:78 - Set database path to: C:\ST\STM32CubeIDE_1.19.0\STM32CubeIDE\plugins\com.st.stm32cube.common.mx_6.15.0.202507011659\\db\/mcu/
2026-09-17 20:36:27,616 [INFO] ApiDb:274 - Set plugin database path to: C:\ST\STM32CubeIDE_1.19.0\STM32CubeIDE\plugins\com.st.stm32cube.common.mx_6.15.0.202507011659\\db\/plugins/boardmanager/
2026-09-17 20:36:27,616 [INFO] ApiDb:261 - Set plugin images path to: C:\ST\STM32CubeIDE_1.19.0\STM32CubeIDE\plugins\com.st.stm32cube.common.mx_6.15.0.202507011659\\db\/plugins/mcufinder/images/
2026-09-17 20:36:27,616 [WARN] DbFile:41 - Overriding database path with different value: C:\Users\alang\.stmcufinder\plugins\mcufinder/ => C:\Users\alang\.stmcufinder\plugins\mcufinder
2026-09-17 20:36:27,616 [INFO] ApiDb:250 - Set database path to: C:\Users\alang\.stmcufinder\plugins\mcufinder//mcu/
2026-09-17 20:36:27,616 [WARN] DbFile:41 - Overriding database path with different value: C:\Users\alang\.stmcufinder\plugins\mcufinder/ => C:\Users\alang\.stmcufinder\plugins\mcufinder
2026-09-17 20:36:27,616 [INFO] DbMcusAds:125 - Set database path to: C:\Users\alang\.stmcufinder\plugins\mcufinder//mcu/
2026-09-17 20:36:27,616 [WARN] DbFile:41 - Overriding database path with different value: C:\Users\alang\.stmcufinder\plugins\mcufinder/ => C:\Users\alang\.stmcufinder\plugins\mcufinder
2026-09-17 20:36:27,616 [WARN] DbFile:41 - Overriding database path with different value: C:\Users\alang\.stmcufinder\plugins\mcufinder/ => C:\Users\alang\.stmcufinder\plugins\mcufinder
2026-09-17 20:36:27,616 [INFO] CrossReferenceDbSqlite:203 - Set database path to: C:\Users\alang\.stmcufinder\plugins\mcufinder//mcu/cs/
2026-09-17 20:36:27,676 [INFO] MainPanel:274 - HeapMemory: 268435456
2026-09-17 20:36:27,740 [INFO] DbMcusXml:78 - Set database path to: C:\ST\STM32CubeIDE_1.19.0\STM32CubeIDE\plugins\com.st.stm32cube.common.mx_6.15.0.202507011659\\db\/mcu/
2026-09-17 20:36:27,740 [INFO] ApiDb:274 - Set plugin database path to: C:\ST\STM32CubeIDE_1.19.0\STM32CubeIDE\plugins\com.st.stm32cube.common.mx_6.15.0.202507011659\\db\/plugins/boardmanager/
2026-09-17 20:36:27,740 [INFO] ApiDb:261 - Set plugin images path to: C:\ST\STM32CubeIDE_1.19.0\STM32CubeIDE\plugins\com.st.stm32cube.common.mx_6.15.0.202507011659\\db\/plugins/mcufinder/images/
2026-09-17 20:36:27,740 [WARN] DbFile:41 - Overriding database path with different value: C:\Users\alang\.stmcufinder\plugins\mcufinder/ => C:\Users\alang\.stmcufinder\plugins\mcufinder
2026-09-17 20:36:27,740 [INFO] ApiDb:250 - Set database path to: C:\Users\alang\.stmcufinder\plugins\mcufinder//mcu/
2026-09-17 20:36:27,740 [WARN] DbFile:41 - Overriding database path with different value: C:\Users\alang\.stmcufinder\plugins\mcufinder/ => C:\Users\alang\.stmcufinder\plugins\mcufinder
2026-09-17 20:36:27,740 [INFO] DbMcusAds:125 - Set database path to: C:\Users\alang\.stmcufinder\plugins\mcufinder//mcu/
2026-09-17 20:36:27,740 [WARN] DbFile:41 - Overriding database path with different value: C:\Users\alang\.stmcufinder\plugins\mcufinder/ => C:\Users\alang\.stmcufinder\plugins\mcufinder
2026-09-17 20:36:27,740 [WARN] DbFile:41 - Overriding database path with different value: C:\Users\alang\.stmcufinder\plugins\mcufinder/ => C:\Users\alang\.stmcufinder\plugins\mcufinder
2026-09-17 20:36:27,740 [INFO] CrossReferenceDbSqlite:203 - Set database path to: C:\Users\alang\.stmcufinder\plugins\mcufinder//mcu/cs/
2026-09-17 20:36:27,753 [INFO] ApplicationProperties:184 - Using Application install path: C:\ST\STM32CubeIDE_1.19.0\STM32CubeIDE\plugins\com.st.stm32cube.common.mx_6.15.0.202507011659
2026-09-17 20:36:27,753 [INFO] PluginManage:196 - Search for loadable plugins [exclusion list=, ]
2026-09-17 20:36:27,753 [INFO] PluginManage:310 - Check plugin analytics
2026-09-17 20:36:27,927 [INFO] AnalyticsPlugin:253 - Accepted Software Licenses: 
2026-09-17 20:36:27,930 [INFO] AnalyticsPlugin:255 - Accepted CMSIS Pack Licenses: 
2026-09-17 20:36:27,930 [INFO] AnalyticsPlugin:257 - Accepted Firmware Licenses: FW.F4.1.28.0
2026-09-17 20:36:27,933 [INFO] PluginManage:359 - Loaded plugin analytics (category:tool,tabindex:-1)
2026-09-17 20:36:27,933 [INFO] PluginManage:310 - Check plugin cadmodel
2026-09-17 20:36:27,939 [INFO] CADModel:105 - Init CAD model plugin
2026-09-17 20:36:27,939 [INFO] PluginManage:359 - Loaded plugin cadmodel (category:power,tabindex:5)
2026-09-17 20:36:27,939 [INFO] PluginManage:310 - Check plugin clock
2026-09-17 20:36:27,948 [INFO] PluginManage:359 - Loaded plugin clock (category:base,tabindex:2)
2026-09-17 20:36:27,948 [INFO] PluginManage:310 - Check plugin ddr
2026-09-17 20:36:27,948 [INFO] PluginManage:359 - Loaded plugin ddr (category:tool,tabindex:6)
2026-09-17 20:36:27,948 [INFO] PluginManage:310 - Check plugin filemanager
2026-09-17 20:36:28,168 [INFO] PluginManage:359 - Loaded plugin filemanager (category:base,tabindex:10)
2026-09-17 20:36:28,174 [INFO] PluginManage:310 - Check plugin ipmanager
2026-09-17 20:36:28,182 [INFO] PluginManage:359 - Loaded plugin ipmanager (category:base,tabindex:5)
2026-09-17 20:36:28,182 [INFO] PluginManage:310 - Check plugin lpbam
2026-09-17 20:36:28,182 [INFO] PluginManage:359 - Loaded plugin lpbam (category:base,tabindex:0)
2026-09-17 20:36:28,182 [INFO] PluginManage:310 - Check plugin memorymap
2026-09-17 20:36:28,198 [INFO] PluginManage:359 - Loaded plugin memorymap (category:base,tabindex:4)
2026-09-17 20:36:28,198 [INFO] PluginManage:310 - Check plugin pinoutandconfiguration
2026-09-17 20:36:28,205 [INFO] PluginManage:359 - Loaded plugin pinoutandconfiguration (category:base,tabindex:1)
2026-09-17 20:36:28,205 [INFO] PluginManage:310 - Check plugin pinoutconfig
2026-09-17 20:36:28,350 [WARN] SupportedApi:132 - Cannot load RTOS API schema: s4s-elt-must-match.1: The content of 'definitions' must match (annotation?, (simpleType | complexType)?, (unique | key | keyref)*)). A problem was found starting at: attribute.
2026-09-17 20:36:28,436 [INFO] PluginManage:359 - Loaded plugin pinoutconfig (category:base,tabindex:0)
2026-09-17 20:36:28,468 [INFO] PluginManage:310 - Check plugin power
2026-09-17 20:36:28,487 [INFO] PluginManage:359 - Loaded plugin power (category:power,tabindex:4)
2026-09-17 20:36:28,487 [INFO] PluginManage:310 - Check plugin projectmanager
2026-09-17 20:36:28,508 [INFO] PluginManage:359 - Loaded plugin projectmanager (category:projectmanager,tabindex:4)
2026-09-17 20:36:28,508 [INFO] PluginManage:310 - Check plugin rif
2026-09-17 20:36:28,520 [INFO] PluginManage:359 - Loaded plugin rif (category:base,tabindex:3)
2026-09-17 20:36:28,520 [INFO] PluginManage:310 - Check plugin thirdparty
2026-09-17 20:36:28,622 [INFO] PluginManage:359 - Loaded plugin thirdparty (category:base,tabindex:-1)
2026-09-17 20:36:28,625 [INFO] PluginManage:310 - Check plugin tools
2026-09-17 20:36:28,622 [WARN] IntegrityCheckThread:84 - waiting for thirdparty lock release [integrity check]
2026-09-17 20:36:28,625 [INFO] IntegrityCheckThread:86 - entering critical section [integrity check]
2026-09-17 20:36:28,625 [INFO] ThirdPartyUpdaterWithRetryManager:70 - Updater plugin not ready yet. [1/15]
2026-09-17 20:36:28,628 [INFO] PluginManage:359 - Loaded plugin tools (category:base,tabindex:7)
2026-09-17 20:36:28,628 [INFO] PluginManage:310 - Check plugin tutovideos
2026-09-17 20:36:28,793 [INFO] PluginManage:359 - Loaded plugin tutovideos (category:base,tabindex:-1)
2026-09-17 20:36:28,793 [INFO] PluginManage:310 - Check plugin updater
2026-09-17 20:36:28,811 [INFO] PluginManage:359 - Loaded plugin updater (category:base,tabindex:12)
2026-09-17 20:36:28,811 [INFO] PluginManage:310 - Check plugin userauth
2026-09-17 20:36:28,816 [INFO] UserAuth:118 - Init User Auth plugin
2026-09-17 20:36:28,818 [INFO] PluginManage:359 - Loaded plugin userauth (category:base,tabindex:14)
2026-09-17 20:36:28,818 [INFO] PluginManage:283 - PluginManage : Loaded plugins [18]
2026-09-17 20:36:29,035 [INFO] PinOutPanel:1589 - setPackage(No Configuration,No Configuration)
2026-09-17 20:36:29,100 [INFO] CADModel:165 - CPN selected for project level
2026-09-17 20:36:29,100 [INFO] CADModel:114 - Register for checkConnection events
2026-09-17 20:36:29,111 [INFO] IPUIPlugin:80 - create IPUIPlugin
2026-09-17 20:36:29,111 [INFO] PluginManager:220 - loadIPPluginJar : add adc
2026-09-17 20:36:29,113 [INFO] IPUIPlugin:80 - create IPUIPlugin
2026-09-17 20:36:29,113 [INFO] PluginManager:220 - loadIPPluginJar : add aes
2026-09-17 20:36:29,114 [INFO] IPUIPlugin:80 - create IPUIPlugin
2026-09-17 20:36:29,116 [INFO] PluginManager:220 - loadIPPluginJar : add can
2026-09-17 20:36:29,117 [INFO] IPUIPlugin:80 - create IPUIPlugin
2026-09-17 20:36:29,117 [INFO] PluginManager:220 - loadIPPluginJar : add comp
2026-09-17 20:36:29,119 [INFO] IPUIPlugin:80 - create IPUIPlugin
2026-09-17 20:36:29,119 [INFO] PluginManager:220 - loadIPPluginJar : add cryp
2026-09-17 20:36:29,121 [INFO] IPUIPlugin:80 - create IPUIPlugin
2026-09-17 20:36:29,121 [INFO] PluginManager:220 - loadIPPluginJar : add ddr_ctrl_phy
2026-09-17 20:36:29,122 [INFO] IPUIPlugin:80 - create IPUIPlugin
2026-09-17 20:36:29,123 [INFO] PluginManager:220 - loadIPPluginJar : add dfsdm
2026-09-17 20:36:29,125 [INFO] IPUIPlugin:80 - create IPUIPlugin
2026-09-17 20:36:29,126 [INFO] PluginManager:220 - loadIPPluginJar : add dma
2026-09-17 20:36:29,128 [INFO] IPUIPlugin:80 - create IPUIPlugin
2026-09-17 20:36:29,128 [INFO] PluginManager:220 - loadIPPluginJar : add dma3
2026-09-17 20:36:29,129 [INFO] IPUIPlugin:80 - create IPUIPlugin
2026-09-17 20:36:29,129 [INFO] PluginManager:220 - loadIPPluginJar : add extmemmanager
2026-09-17 20:36:29,130 [INFO] IPUIPlugin:80 - create IPUIPlugin
2026-09-17 20:36:29,130 [INFO] PluginManager:220 - loadIPPluginJar : add fatfs
2026-09-17 20:36:29,133 [INFO] IPUIPlugin:80 - create IPUIPlugin
2026-09-17 20:36:29,134 [INFO] PluginManager:220 - loadIPPluginJar : add fmc
2026-09-17 20:36:29,138 [INFO] IPUIPlugin:80 - create IPUIPlugin
2026-09-17 20:36:29,138 [INFO] PluginManager:220 - loadIPPluginJar : add freertos
2026-09-17 20:36:29,139 [INFO] IPUIPlugin:80 - create IPUIPlugin
2026-09-17 20:36:29,139 [INFO] PluginManager:220 - loadIPPluginJar : add genericplugin
2026-09-17 20:36:29,140 [INFO] IPUIPlugin:80 - create IPUIPlugin
2026-09-17 20:36:29,141 [INFO] PluginManager:220 - loadIPPluginJar : add gfxmmu
2026-09-17 20:36:29,143 [INFO] IPUIPlugin:80 - create IPUIPlugin
2026-09-17 20:36:29,144 [INFO] PluginManager:220 - loadIPPluginJar : add gic
2026-09-17 20:36:29,146 [INFO] IPUIPlugin:80 - create IPUIPlugin
2026-09-17 20:36:29,146 [INFO] PluginManager:220 - loadIPPluginJar : add gpio
2026-09-17 20:36:29,147 [INFO] IPUIPlugin:80 - create IPUIPlugin
2026-09-17 20:36:29,148 [INFO] PluginManager:220 - loadIPPluginJar : add gtzc
2026-09-17 20:36:29,149 [INFO] IPUIPlugin:80 - create IPUIPlugin
2026-09-17 20:36:29,149 [INFO] PluginManager:220 - loadIPPluginJar : add hash
2026-09-17 20:36:29,151 [INFO] IPUIPlugin:80 - create IPUIPlugin
2026-09-17 20:36:29,151 [INFO] PluginManager:220 - loadIPPluginJar : add i2c
2026-09-17 20:36:29,153 [INFO] IPUIPlugin:80 - create IPUIPlugin
2026-09-17 20:36:29,153 [INFO] PluginManager:220 - loadIPPluginJar : add i2s
2026-09-17 20:36:29,155 [INFO] IPUIPlugin:80 - create IPUIPlugin
2026-09-17 20:36:29,155 [INFO] PluginManager:220 - loadIPPluginJar : add i3c
2026-09-17 20:36:29,157 [INFO] IPUIPlugin:80 - create IPUIPlugin
2026-09-17 20:36:29,157 [INFO] PluginManager:220 - loadIPPluginJar : add ipddr
2026-09-17 20:36:29,161 [INFO] IPUIPlugin:80 - create IPUIPlugin
2026-09-17 20:36:29,161 [INFO] PluginManager:220 - loadIPPluginJar : add linkedlist
2026-09-17 20:36:29,163 [INFO] IPUIPlugin:80 - create IPUIPlugin
2026-09-17 20:36:29,163 [INFO] PluginManager:220 - loadIPPluginJar : add lorawan
2026-09-17 20:36:29,164 [INFO] IPUIPlugin:80 - create IPUIPlugin
2026-09-17 20:36:29,164 [INFO] PluginManager:220 - loadIPPluginJar : add ltdc
2026-09-17 20:36:29,168 [INFO] IPUIPlugin:80 - create IPUIPlugin
2026-09-17 20:36:29,168 [INFO] PluginManager:220 - loadIPPluginJar : add mdma
2026-09-17 20:36:29,171 [INFO] IPUIPlugin:80 - create IPUIPlugin
2026-09-17 20:36:29,171 [INFO] PluginManager:220 - loadIPPluginJar : add nvic
2026-09-17 20:36:29,173 [INFO] IPUIPlugin:80 - create IPUIPlugin
2026-09-17 20:36:29,173 [INFO] PluginManager:220 - loadIPPluginJar : add opamp
2026-09-17 20:36:29,175 [INFO] IPUIPlugin:80 - create IPUIPlugin
2026-09-17 20:36:29,176 [INFO] PluginManager:220 - loadIPPluginJar : add openamp
2026-09-17 20:36:29,178 [INFO] IPUIPlugin:80 - create IPUIPlugin
2026-09-17 20:36:29,178 [INFO] PluginManager:220 - loadIPPluginJar : add pdm2pcm
2026-09-17 20:36:29,187 [INFO] IPUIPlugin:80 - create IPUIPlugin
2026-09-17 20:36:29,189 [INFO] PluginManager:220 - loadIPPluginJar : add plateformsettings
2026-09-17 20:36:29,190 [INFO] IPUIPlugin:80 - create IPUIPlugin
2026-09-17 20:36:29,191 [INFO] PluginManager:220 - loadIPPluginJar : add quadspi
2026-09-17 20:36:29,192 [INFO] IPUIPlugin:80 - create IPUIPlugin
2026-09-17 20:36:29,193 [INFO] PluginManager:220 - loadIPPluginJar : add radio
2026-09-17 20:36:29,195 [INFO] IPUIPlugin:80 - create IPUIPlugin
2026-09-17 20:36:29,195 [INFO] PluginManager:220 - loadIPPluginJar : add resmgrutility
2026-09-17 20:36:29,197 [INFO] IPUIPlugin:80 - create IPUIPlugin
2026-09-17 20:36:29,197 [INFO] PluginManager:220 - loadIPPluginJar : add sai
2026-09-17 20:36:29,199 [INFO] IPUIPlugin:80 - create IPUIPlugin
2026-09-17 20:36:29,199 [INFO] PluginManager:220 - loadIPPluginJar : add spi
2026-09-17 20:36:29,206 [INFO] IPUIPlugin:80 - create IPUIPlugin
2026-09-17 20:36:29,206 [INFO] PluginManager:220 - loadIPPluginJar : add stm32_wpan
2026-09-17 20:36:29,207 [INFO] IPUIPlugin:80 - create IPUIPlugin
2026-09-17 20:36:29,207 [INFO] PluginManager:220 - loadIPPluginJar : add tim
2026-09-17 20:36:29,209 [INFO] IPUIPlugin:80 - create IPUIPlugin
2026-09-17 20:36:29,209 [INFO] PluginManager:220 - loadIPPluginJar : add touchsensing
2026-09-17 20:36:29,211 [INFO] IPUIPlugin:80 - create IPUIPlugin
2026-09-17 20:36:29,211 [INFO] PluginManager:220 - loadIPPluginJar : add tracer_emb
2026-09-17 20:36:29,212 [INFO] IPUIPlugin:80 - create IPUIPlugin
2026-09-17 20:36:29,212 [INFO] PluginManager:220 - loadIPPluginJar : add ts
2026-09-17 20:36:29,213 [INFO] IPUIPlugin:80 - create IPUIPlugin
2026-09-17 20:36:29,213 [INFO] PluginManager:220 - loadIPPluginJar : add tsc
2026-09-17 20:36:29,214 [INFO] IPUIPlugin:80 - create IPUIPlugin
2026-09-17 20:36:29,214 [INFO] PluginManager:220 - loadIPPluginJar : add ucpd
2026-09-17 20:36:29,216 [INFO] IPUIPlugin:80 - create IPUIPlugin
2026-09-17 20:36:29,216 [INFO] PluginManager:220 - loadIPPluginJar : add usart
2026-09-17 20:36:29,219 [INFO] IPUIPlugin:80 - create IPUIPlugin
2026-09-17 20:36:29,219 [INFO] PluginManager:220 - loadIPPluginJar : add usbx
2026-09-17 20:36:29,406 [FATAL] Updater:351 - Updater called before beeing initialized
2026-09-17 20:36:29,439 [INFO] RulesReader:64 - Compatibility file has been processed (317 Rules)
2026-09-17 20:36:29,454 [INFO] RulesReader:64 - Compatibility file has been processed (317 Rules)
2026-09-17 20:36:29,461 [INFO] CADModel:165 - CPN selected for project level
2026-09-17 20:36:29,461 [INFO] CADModel:114 - Register for checkConnection events
2026-09-17 20:36:29,461 [FATAL] Updater:351 - Updater called before beeing initialized
2026-09-17 20:36:29,461 [ERROR] CADModel:125 - Updater not yet initialized, retry later 
2026-09-17 20:36:29,604 [FATAL] Updater:351 - Updater called before beeing initialized
2026-09-17 20:36:29,605 [INFO] CADModel:165 - CPN selected for project level
2026-09-17 20:36:29,606 [INFO] CADModel:114 - Register for checkConnection events
2026-09-17 20:36:29,606 [FATAL] Updater:351 - Updater called before beeing initialized
2026-09-17 20:36:29,606 [ERROR] CADModel:125 - Updater not yet initialized, retry later 
2026-09-17 20:36:29,608 [FATAL] Updater:351 - Updater called before beeing initialized
2026-09-17 20:36:29,705 [FATAL] Updater:351 - Updater called before beeing initialized
2026-09-17 20:36:29,708 [INFO] DbMcusAds:53 - JSON generation date=Wed Jul 15 06:44:54 ART 2026 (1784108694001)
2026-09-17 20:36:29,708 [FATAL] Updater:351 - Updater called before beeing initialized
2026-09-17 20:36:29,739 [WARN] DetailPanel:346 - Failed to get advertising image, set to default
2026-09-17 20:36:29,861 [FATAL] Updater:351 - Updater called before beeing initialized
2026-09-17 20:36:29,863 [FATAL] Updater:351 - Updater called before beeing initialized
2026-09-17 20:36:29,863 [FATAL] Updater:351 - Updater called before beeing initialized
2026-09-17 20:36:29,863 [WARN] DetailPanel:346 - Failed to get advertising image, set to default
2026-09-17 20:36:29,864 [FATAL] Updater:351 - Updater called before beeing initialized
2026-09-17 20:36:29,900 [ERROR] Updater:1198 - MainUpdater not yet initialized. External WinMGr cannot be set.
2026-09-17 20:36:29,902 [INFO] Updater:1134 - Updater Version found : 6.15.0
2026-09-17 20:36:29,913 [INFO] ApplicationProperties:184 - Using Application install path: C:\ST\STM32CubeIDE_1.19.0\STM32CubeIDE\plugins\com.st.stm32cube.common.mx_6.15.0.202507011659
2026-09-17 20:36:31,487 [ERROR] LogOutputStream:75 - [STDERR_REDIRECT] Sep 17, 2026 8:36:31 PM java.util.prefs.WindowsPreferences <init>
2026-09-17 20:36:31,488 [ERROR] LogOutputStream:75 - [STDERR_REDIRECT] WARNING: Could not open/create prefs root node Software\JavaSoft\Prefs at root 0xffffffff80000002. Windows RegCreateKeyEx(...) returned error code 5.
2026-09-17 20:36:31,488 [ERROR] LogOutputStream:75 - [STDERR_REDIRECT] 
2026-09-17 20:36:31,641 [INFO] ThirdPartyUpdaterWithRetryManager:70 - Updater plugin not ready yet. [2/15]
2026-09-17 20:36:32,839 [INFO] MainUpdater:2872 - connection check result : 10
2026-09-17 20:36:32,840 [INFO] MainUpdater:289 - Updater Check For Update Now.
2026-09-17 20:36:32,840 [INFO] MicroXplorer:498 - Change Database Version : DB.6.0.150
2026-09-17 20:36:32,844 [INFO] McuFinderGlobals:63 - Set McuFinder mode to 2 (CubeIDE integrated)
2026-09-17 20:36:32,845 [INFO] UserAuth:487 - Internet connection configuration mode: 1
2026-09-17 20:36:32,865 [INFO] JxBrowserEngine:152 - Initiate JxBrowser Engine with user profile folder
2026-09-17 20:36:33,032 [INFO] CheckServerUpdateThread:120 - End of CheckServer Thread
2026-09-17 20:36:33,376 [INFO] WebApp:169 - Instantiating new browser for Auth
2026-09-17 20:36:33,939 [INFO] WebApp:463 - Apply proxy settings
2026-09-17 20:36:33,939 [INFO] WebApp:548 - Chromium requires no authentication
2026-09-17 20:36:33,944 [INFO] WebApp:491 - Direct internet connection detected
2026-09-17 20:36:33,958 [INFO] WebApp:900 - Register for checkConnection events
2026-09-17 20:36:33,958 [INFO] WebApp:463 - Apply proxy settings
2026-09-17 20:36:33,958 [INFO] WebApp:548 - Chromium requires no authentication
2026-09-17 20:36:33,958 [INFO] WebApp:491 - Direct internet connection detected
2026-09-17 20:36:34,086 [INFO] WebApp:225 - Starting web application
2026-09-17 20:36:34,086 [INFO] WebApp:593 - Web application path used C:\ST\STM32CubeIDE_1.19.0\STM32CubeIDE\plugins\com.st.stm32cube.common.mx_6.15.0.202507011659\db\plugins\mcufinder\reactClient1\index.html
2026-09-17 20:36:34,189 [INFO] UserAuth:487 - Internet connection configuration mode: 1
2026-09-17 20:36:34,286 [ERROR] LogOutputStream:75 - [STDERR_REDIRECT] [Fatal Error] :1:1: Premature end of file.
2026-09-17 20:36:34,287 [ERROR] LogOutputStream:75 - [STDERR_REDIRECT] 
2026-09-17 20:36:34,900 [WARN] PackLoader:240 - Cannot read IP mode file for STMicroelectronics.X-CUBE-AZRTOS-H7.3.5.0
2026-09-17 20:36:34,913 [WARN] PackLoader:240 - Cannot read IP mode file for STMicroelectronics.FP-ATR-ASTRA1.2.0.3
2026-09-17 20:36:34,921 [ERROR] Engine:466 - C:\Users\alang\.stm32cubemx\thirdparties\pdsc\STMicroelectronics.X-CUBE-SMBUS.2.1.1.pdsc: PDSC version is not supported
2026-09-17 20:36:34,998 [WARN] PackLoader:240 - Cannot read IP mode file for STMicroelectronics.X-CUBE-AZRTOS-F7.1.1.0
2026-09-17 20:36:35,010 [WARN] PackLoader:240 - Cannot read IP mode file for STMicroelectronics.X-CUBE-FREERTOS.1.6.0
2026-09-17 20:36:35,016 [WARN] PackLoader:240 - Cannot read IP mode file for STMicroelectronics.FP-SNS-MOTENV1.5.1.0
2026-09-17 20:36:35,038 [WARN] PackLoader:240 - Cannot read IP mode file for STMicroelectronics.X-CUBE-AZRTOS-H7RS.1.3.0
2026-09-17 20:36:35,051 [WARN] PackLoader:240 - Cannot read IP mode file for WES.I-CUBE-Cesium.1.4.0
2026-09-17 20:36:35,059 [WARN] PackLoader:240 - Cannot read IP mode file for STMicroelectronics.X-CUBE-DISPLAY.3.0.0
2026-09-17 20:36:35,071 [WARN] PackLoader:240 - Cannot read IP mode file for STMicroelectronics.X-CUBE-GNSS1.7.1.1
2026-09-17 20:36:35,076 [WARN] PackLoader:240 - Cannot read IP mode file for STMicroelectronics.FP-SNS-MOTENVWB1.1.5.0
2026-09-17 20:36:35,082 [WARN] PackLoader:240 - Cannot read IP mode file for STMicroelectronics.X-CUBE-NFC10.1.0.0
2026-09-17 20:36:35,089 [WARN] PackLoader:240 - Cannot read IP mode file for STMicroelectronics.X-CUBE-ST60.1.1.0
2026-09-17 20:36:35,094 [WARN] PackLoader:240 - Cannot read IP mode file for emotas.I-CUBE-CANOPEN.1.3.0
2026-09-17 20:36:35,098 [WARN] PackLoader:240 - Cannot read IP mode file for wolfSSL.I-CUBE-wolfSSL.5.9.2
2026-09-17 20:36:35,101 [ERROR] Engine:466 - C:\Users\alang\.stm32cubemx\thirdparties\pdsc\STMicroelectronics.X-CUBE-WBA.1.1.0.pdsc: PDSC version is not supported
2026-09-17 20:36:35,105 [WARN] PackLoader:240 - Cannot read IP mode file for STMicroelectronics.FP-SNS-STBOX1.2.1.0
2026-09-17 20:36:35,111 [WARN] PackLoader:240 - Cannot read IP mode file for STMicroelectronics.FP-SNS-SMARTAG2.1.2.0
2026-09-17 20:36:35,115 [WARN] PackLoader:240 - Cannot read IP mode file for STMicroelectronics.FP-SNS-FLIGHT1.5.1.0
2026-09-17 20:36:35,125 [INFO] LogOutputStream:77 - [STDOUT_REDIRECT] 1 : Invalid condition id : UX_CORESTACK_Condition cause : null
2026-09-17 20:36:35,126 [INFO] LogOutputStream:77 - [STDOUT_REDIRECT] 1 : Invalid condition id : UX_CORESTACK_Condition cause : null
2026-09-17 20:36:35,127 [INFO] LogOutputStream:77 - [STDOUT_REDIRECT] 1 : Invalid condition id : UX_CORESTACK_Condition cause : null
2026-09-17 20:36:35,127 [INFO] LogOutputStream:77 - [STDOUT_REDIRECT] 1 : Invalid condition id : UX_CORESTACK_Condition cause : null
2026-09-17 20:36:35,128 [INFO] LogOutputStream:77 - [STDOUT_REDIRECT] 1 : Invalid condition id : UX_CORESTACK_Condition cause : null
2026-09-17 20:36:35,130 [WARN] PackLoader:240 - Cannot read IP mode file for STMicroelectronics.X-CUBE-AZRTOS-WL.2.0.0
2026-09-17 20:36:35,137 [WARN] PackLoader:240 - Cannot read IP mode file for STMicroelectronics.X-CUBE-BLE2.3.3.0
2026-09-17 20:36:35,254 [WARN] PackLoader:240 - Cannot read IP mode file for Infineon.AIROC-Wi-Fi-Bluetooth-STM32.1.8.0
2026-09-17 20:36:35,270 [ERROR] LogOutputStream:75 - [STDERR_REDIRECT] [Fatal Error] :1:1: Premature end of file.
2026-09-17 20:36:35,270 [ERROR] LogOutputStream:75 - [STDERR_REDIRECT] 
2026-09-17 20:36:35,276 [WARN] PackLoader:240 - Cannot read IP mode file for STMicroelectronics.X-CUBE-NFC9.1.0.0
2026-09-17 20:36:35,282 [WARN] PackLoader:240 - Cannot read IP mode file for STMicroelectronics.X-CUBE-BLE1.7.1.0
2026-09-17 20:36:35,287 [WARN] PackLoader:240 - Cannot read IP mode file for wolfSSL.I-CUBE-wolfMQTT.1.19.2
2026-09-17 20:36:35,292 [WARN] PackLoader:240 - Cannot read IP mode file for STMicroelectronics.X-CUBE-EEPRMA1.5.2.0
2026-09-17 20:36:35,300 [WARN] PackLoader:240 - Cannot read IP mode file for STMicroelectronics.FP-SNS-STAIOTCFT.1.1.0
2026-09-17 20:36:35,312 [WARN] PackLoader:240 - Cannot read IP mode file for STMicroelectronics.X-CUBE-AZRTOS-G0.1.1.0
2026-09-17 20:36:35,320 [WARN] PackLoader:240 - Cannot read IP mode file for STMicroelectronics.X-CUBE-NFC4.3.0.0
2026-09-17 20:36:35,330 [WARN] PackLoader:240 - Cannot read IP mode file for EmbeddedOffice.I-CUBE-FS-RTOS.1.0.1
2026-09-17 20:36:35,335 [WARN] PackLoader:240 - Cannot read IP mode file for wolfSSL.I-CUBE-wolfTPM.3.8.0
2026-09-17 20:36:35,342 [WARN] PackLoader:240 - Cannot read IP mode file for STMicroelectronics.X-CUBE-TCPP.4.2.0
2026-09-17 20:36:35,349 [WARN] PackLoader:240 - Cannot read IP mode file for RealThread.X-CUBE-RT-Thread_Nano.4.1.1
2026-09-17 20:36:35,353 [WARN] PackLoader:240 - Cannot read IP mode file for STMicroelectronics.FP-ATR-SIGFOX1.3.2.0
2026-09-17 20:36:35,359 [WARN] PackLoader:240 - Cannot read IP mode file for ITTIA_DB.I-CUBE-ITTIADB.8.9.0
2026-09-17 20:36:35,363 [WARN] PackLoader:240 - Cannot read IP mode file for Cesanta.I-CUBE-Mongoose.7.21.7
2026-09-17 20:36:35,370 [WARN] PackLoader:240 - Cannot read IP mode file for STMicroelectronics.X-CUBE-NFC6.3.2.0
2026-09-17 20:36:35,376 [WARN] PackLoader:240 - Cannot read IP mode file for STMicroelectronics.X-CUBE-AI.10.2.1
2026-09-17 20:36:35,401 [WARN] PackLoader:240 - Cannot read IP mode file for SEGGER.I-CUBE-embOS.1.3.1
2026-09-17 20:36:35,440 [ERROR] Engine:466 - C:\Users\alang\.stm32cubemx\thirdparties\pdsc\STMicroelectronics.FP-SNS-STAIOTCFT.2.0.0.pdsc: PDSC version is not supported
2026-09-17 20:36:35,444 [INFO] WebApp:191 - Connection restablished
2026-09-17 20:36:35,446 [WARN] PackLoader:240 - Cannot read IP mode file for STMicroelectronics.X-CUBE-NFC13.1.0.0
2026-09-17 20:36:35,454 [WARN] PackLoader:240 - Cannot read IP mode file for STMicroelectronics.X-CUBE-PM33A1.1.0.0
2026-09-17 20:36:35,470 [WARN] PackLoader:240 - Cannot read IP mode file for STMicroelectronics.X-CUBE-AZRTOS-F4.1.1.0
2026-09-17 20:36:35,476 [WARN] PackLoader:240 - Cannot read IP mode file for STMicroelectronics.X-CUBE-ISPU.2.1.0
2026-09-17 20:36:35,488 [WARN] PackLoader:240 - Cannot read IP mode file for STMicroelectronics.X-CUBE-IPS.3.2.0
2026-09-17 20:36:35,496 [WARN] PackLoader:240 - Cannot read IP mode file for STMicroelectronics.eDS-WB_DPC_TT-BIDIR.2.1.1
2026-09-17 20:36:35,502 [WARN] PackLoader:240 - Cannot read IP mode file for STMicroelectronics.X-CUBE-NFC12.1.0.0
2026-09-17 20:36:35,513 [WARN] PackLoader:240 - Cannot read IP mode file for STMicroelectronics.X-CUBE-AZRTOS-L5.2.0.0
2026-09-17 20:36:35,520 [WARN] PackLoader:240 - Cannot read IP mode file for STMicroelectronics.X-CUBE-ALGOBUILD.1.5.0
2026-09-17 20:36:35,524 [WARN] PackLoader:240 - Cannot read IP mode file for STMicroelectronics.eDS-WB_DPC_VIENNA.1.2.0
2026-09-17 20:36:35,565 [WARN] PackLoader:240 - Cannot read IP mode file for STMicroelectronics.X-CUBE-MEMS1.13.0.0
2026-09-17 20:36:35,675 [WARN] PackLoader:240 - Cannot read IP mode file for STMicroelectronics.eDS-WB_DPC_3PH2L-BIDIR.1.1.1
2026-09-17 20:36:35,677 [ERROR] Engine:466 - C:\Users\alang\.stm32cubemx\thirdparties\pdsc\STMicroelectronics.X-CUBE-ST67W61.1.3.0.pdsc: PDSC version is not supported
2026-09-17 20:36:35,681 [WARN] PackLoader:240 - Cannot read IP mode file for STMicroelectronics.X-CUBE-TOUCHGFX.4.26.1
2026-09-17 20:36:35,686 [WARN] PackLoader:240 - Cannot read IP mode file for STMicroelectronics.X-CUBE-DPower.1.3.0
2026-09-17 20:36:35,695 [WARN] ConditionMgr:438 - getConditionDescription Invalid condition id : LAN8742 Phy interface Condition cause : null
2026-09-17 20:36:35,695 [WARN] PackLoader:240 - Cannot read IP mode file for STMicroelectronics.X-CUBE-AZRTOS-L4.2.0.0
2026-09-17 20:36:35,696 [WARN] ConditionMgr:1044 - genDependencies : Invalid condition id : LAN8742 Phy interface Condition cause : null
2026-09-17 20:36:35,696 [WARN] ConditionMgr:1044 - genDependencies : Invalid condition id : LAN8742 Phy interface Condition cause : null
2026-09-17 20:36:35,696 [WARN] ConditionMgr:1044 - genDependencies : Invalid condition id : LAN8742 Phy interface Condition cause : null
2026-09-17 20:36:35,757 [WARN] PackLoader:240 - Cannot read IP mode file for STMicroelectronics.X-CUBE-SFXS2LP1.4.0.0
2026-09-17 20:36:35,763 [WARN] PackLoader:240 - Cannot read IP mode file for STMicroelectronics.X-CUBE-WB05N.2.1.0
2026-09-17 20:36:35,774 [WARN] ConditionMgr:438 - getConditionDescription Invalid condition id : UX DEVICE CLASS RTOS Condition cause : null
2026-09-17 20:36:35,774 [WARN] ConditionMgr:438 - getConditionDescription Invalid condition id : UX DEVICE CLASS RTOS Condition cause : null
2026-09-17 20:36:35,776 [WARN] PackLoader:240 - Cannot read IP mode file for STMicroelectronics.X-CUBE-AZRTOS-WB.2.0.0
2026-09-17 20:36:35,777 [WARN] ConditionMgr:1044 - genDependencies : Invalid condition id : UX DEVICE CLASS RTOS Condition cause : null
2026-09-17 20:36:35,777 [WARN] ConditionMgr:1044 - genDependencies : Invalid condition id : UX DEVICE CLASS RTOS Condition cause : null
2026-09-17 20:36:35,777 [WARN] ConditionMgr:1044 - genDependencies : Invalid condition id : UX DEVICE CLASS RTOS Condition cause : null
2026-09-17 20:36:35,777 [WARN] ConditionMgr:1044 - genDependencies : Invalid condition id : UX DEVICE CLASS RTOS Condition cause : null
2026-09-17 20:36:35,777 [WARN] ConditionMgr:1044 - genDependencies : Invalid condition id : UX DEVICE CLASS RTOS Condition cause : null
2026-09-17 20:36:35,782 [WARN] ConditionMgr:438 - getConditionDescription Invalid condition id : Cortex-A Device cause : null
2026-09-17 20:36:35,806 [WARN] ConditionMgr:1044 - genDependencies : Invalid condition id : Cortex-A Device cause : null
2026-09-17 20:36:35,807 [WARN] ConditionMgr:1044 - genDependencies : Invalid condition id : Cortex-A Device cause : null
2026-09-17 20:36:35,807 [WARN] ConditionMgr:1044 - genDependencies : Invalid condition id : Cortex-A Device cause : null
2026-09-17 20:36:35,813 [WARN] PackLoader:240 - Cannot read IP mode file for STMicroelectronics.X-CUBE-STSE01.2.0.0
2026-09-17 20:36:35,825 [WARN] PackLoader:240 - Cannot read IP mode file for STMicroelectronics.X-CUBE-SUBG2.5.0.0
2026-09-17 20:36:35,843 [WARN] PackLoader:240 - Cannot read IP mode file for STMicroelectronics.X-CUBE-AZRTOS-G4.2.0.0
2026-09-17 20:36:35,849 [WARN] PackLoader:240 - Cannot read IP mode file for wolfSSL.I-CUBE-wolfSSH.1.4.20
2026-09-17 20:36:35,854 [WARN] PackLoader:240 - Cannot read IP mode file for STMicroelectronics.X-CUBE-NFC7.2.0.0
2026-09-17 20:36:35,858 [ERROR] Engine:466 - C:\Users\alang\.stm32cubemx\thirdparties\pdsc\STMicroelectronics.X-CUBE-BLEMGR.4.2.0.pdsc: PDSC version is not supported
2026-09-17 20:36:35,862 [WARN] PackLoader:240 - Cannot read IP mode file for STMicroelectronics.X-CUBE-ALS.1.0.2
2026-09-17 20:36:35,888 [WARN] PackLoader:240 - Cannot read IP mode file for STMicroelectronics.X-CUBE-TOF1.3.4.3
2026-09-17 20:36:35,904 [INFO] ThirdParty:978 - Integrity check success = true
2026-09-17 20:36:35,904 [INFO] IntegrityCheckThread:100 - exiting critical section [integrity check]
2026-09-17 20:36:35,904 [INFO] IntegrityCheckThread:103 - End integrity checks thread
2026-09-17 20:36:36,247 [ERROR] LogOutputStream:75 - [STDERR_REDIRECT] [Fatal Error] :1:1: Premature end of file.
2026-09-17 20:36:36,247 [ERROR] LogOutputStream:75 - [STDERR_REDIRECT] 
2026-09-17 20:36:37,261 [ERROR] LogOutputStream:75 - [STDERR_REDIRECT] [Fatal Error] :1:1: Premature end of file.
2026-09-17 20:36:37,261 [ERROR] LogOutputStream:75 - [STDERR_REDIRECT] 
2026-09-17 20:36:38,255 [ERROR] LogOutputStream:75 - [STDERR_REDIRECT] [Fatal Error] :1:1: Premature end of file.
2026-09-17 20:36:38,256 [ERROR] LogOutputStream:75 - [STDERR_REDIRECT] 
2026-09-17 20:36:39,293 [ERROR] LogOutputStream:75 - [STDERR_REDIRECT] [Fatal Error] :1:1: Premature end of file.
2026-09-17 20:36:39,294 [ERROR] LogOutputStream:75 - [STDERR_REDIRECT] 
2026-09-17 20:36:40,252 [ERROR] LogOutputStream:75 - [STDERR_REDIRECT] [Fatal Error] :1:1: Premature end of file.
2026-09-17 20:36:40,252 [ERROR] LogOutputStream:75 - [STDERR_REDIRECT] 
2026-09-17 20:36:41,262 [ERROR] LogOutputStream:75 - [STDERR_REDIRECT] [Fatal Error] :1:1: Premature end of file.
2026-09-17 20:36:41,263 [ERROR] LogOutputStream:75 - [STDERR_REDIRECT] 
2026-09-17 20:36:42,266 [ERROR] LogOutputStream:75 - [STDERR_REDIRECT] [Fatal Error] :1:1: Premature end of file.
2026-09-17 20:36:42,267 [ERROR] LogOutputStream:75 - [STDERR_REDIRECT] 
2026-09-17 20:36:43,252 [ERROR] LogOutputStream:75 - [STDERR_REDIRECT] [Fatal Error] :1:1: Premature end of file.
2026-09-17 20:36:43,252 [ERROR] LogOutputStream:75 - [STDERR_REDIRECT] 
2026-09-17 20:36:44,244 [ERROR] LogOutputStream:75 - [STDERR_REDIRECT] [Fatal Error] :1:1: Premature end of file.
2026-09-17 20:36:44,244 [ERROR] LogOutputStream:75 - [STDERR_REDIRECT] 
2026-09-17 20:36:45,255 [ERROR] LogOutputStream:75 - [STDERR_REDIRECT] [Fatal Error] :1:1: Premature end of file.
2026-09-17 20:36:45,256 [ERROR] LogOutputStream:75 - [STDERR_REDIRECT] 
2026-09-17 20:36:46,257 [ERROR] LogOutputStream:75 - [STDERR_REDIRECT] [Fatal Error] :1:1: Premature end of file.
2026-09-17 20:36:46,257 [ERROR] LogOutputStream:75 - [STDERR_REDIRECT] 
2026-09-17 20:36:47,257 [ERROR] LogOutputStream:75 - [STDERR_REDIRECT] [Fatal Error] :1:1: Premature end of file.
2026-09-17 20:36:47,257 [ERROR] LogOutputStream:75 - [STDERR_REDIRECT] 
2026-09-17 20:36:48,254 [ERROR] LogOutputStream:75 - [STDERR_REDIRECT] [Fatal Error] :1:1: Premature end of file.
2026-09-17 20:36:48,254 [ERROR] LogOutputStream:75 - [STDERR_REDIRECT] 
2026-09-17 20:36:49,254 [ERROR] LogOutputStream:75 - [STDERR_REDIRECT] [Fatal Error] :1:1: Premature end of file.
2026-09-17 20:36:49,254 [ERROR] LogOutputStream:75 - [STDERR_REDIRECT] 
2026-09-17 20:36:50,262 [ERROR] LogOutputStream:75 - [STDERR_REDIRECT] [Fatal Error] :1:1: Premature end of file.
2026-09-17 20:36:50,262 [ERROR] LogOutputStream:75 - [STDERR_REDIRECT] 
2026-09-17 20:36:51,243 [ERROR] LogOutputStream:75 - [STDERR_REDIRECT] [Fatal Error] :1:1: Premature end of file.
2026-09-17 20:36:51,243 [ERROR] LogOutputStream:75 - [STDERR_REDIRECT] 
2026-09-17 20:36:52,252 [ERROR] LogOutputStream:75 - [STDERR_REDIRECT] [Fatal Error] :1:1: Premature end of file.
2026-09-17 20:36:52,253 [ERROR] LogOutputStream:75 - [STDERR_REDIRECT] 
2026-09-17 20:36:53,258 [ERROR] LogOutputStream:75 - [STDERR_REDIRECT] [Fatal Error] :1:1: Premature end of file.
2026-09-17 20:36:53,258 [ERROR] LogOutputStream:75 - [STDERR_REDIRECT] 
2026-09-17 20:36:54,256 [ERROR] LogOutputStream:75 - [STDERR_REDIRECT] [Fatal Error] :1:1: Premature end of file.
2026-09-17 20:36:54,258 [ERROR] LogOutputStream:75 - [STDERR_REDIRECT] 
2026-09-17 20:36:55,243 [ERROR] LogOutputStream:75 - [STDERR_REDIRECT] [Fatal Error] :1:1: Premature end of file.
2026-09-17 20:36:55,243 [ERROR] LogOutputStream:75 - [STDERR_REDIRECT] 
2026-09-17 20:36:55,577 [ERROR] LogOutputStream:75 - [STDERR_REDIRECT] 
2026-09-17 20:36:55,577 [ERROR] LogOutputStream:75 - [STDERR_REDIRECT] 
2026-09-17 20:37:00,336 [INFO] Activator:176 - 


2026-09-17 20:37:00,336 [INFO] Activator:177 - !SESSION log4j initialized
2026-09-17 20:37:04,516 [INFO] LogOutputStream:77 - [STDOUT_REDIRECT] 
2026-09-17 20:37:06,535 [INFO] ApplicationProperties:184 - Using Application install path: C:\ST\STM32CubeIDE_1.19.0\STM32CubeIDE\plugins\com.st.stm32cube.common.mx_6.15.0.202507011659
2026-09-17 20:37:06,548 [INFO] DbMcusXml:78 - Set database path to: C:\ST\STM32CubeIDE_1.19.0\STM32CubeIDE\plugins\com.st.stm32cube.common.mx_6.15.0.202507011659\\db\/mcu/
2026-09-17 20:37:06,548 [INFO] ApiDb:274 - Set plugin database path to: C:\ST\STM32CubeIDE_1.19.0\STM32CubeIDE\plugins\com.st.stm32cube.common.mx_6.15.0.202507011659\\db\/plugins/boardmanager/
2026-09-17 20:37:06,549 [WARN] ApiDb:259 - Overriding images path with different value:  => C:\ST\STM32CubeIDE_1.19.0\STM32CubeIDE\plugins\com.st.stm32cube.common.mx_6.15.0.202507011659\\db\/plugins/mcufinder/images/
2026-09-17 20:37:06,555 [INFO] ApiDb:250 - Set database path to: C:\Users\alang\.stmcufinder\plugins\mcufinder//mcu/
2026-09-17 20:37:06,556 [INFO] DbMcusAds:125 - Set database path to: C:\Users\alang\.stmcufinder\plugins\mcufinder//mcu/
2026-09-17 20:37:06,559 [INFO] CrossReferenceDbSqlite:203 - Set database path to: C:\Users\alang\.stmcufinder\plugins\mcufinder//mcu/cs/
2026-09-17 20:37:06,675 [INFO] RulesReader:64 - Compatibility file has been processed (317 Rules)
2026-09-17 20:37:06,742 [INFO] DbMcusXml:78 - Set database path to: C:\ST\STM32CubeIDE_1.19.0\STM32CubeIDE\plugins\com.st.stm32cube.common.mx_6.15.0.202507011659\\db\/mcu/
2026-09-17 20:37:06,742 [INFO] ApiDb:274 - Set plugin database path to: C:\ST\STM32CubeIDE_1.19.0\STM32CubeIDE\plugins\com.st.stm32cube.common.mx_6.15.0.202507011659\\db\/plugins/boardmanager/
2026-09-17 20:37:06,743 [INFO] ApiDb:261 - Set plugin images path to: C:\ST\STM32CubeIDE_1.19.0\STM32CubeIDE\plugins\com.st.stm32cube.common.mx_6.15.0.202507011659\\db\/plugins/mcufinder/images/
2026-09-17 20:37:06,743 [WARN] DbFile:41 - Overriding database path with different value: C:\Users\alang\.stmcufinder\plugins\mcufinder/ => C:\Users\alang\.stmcufinder\plugins\mcufinder
2026-09-17 20:37:06,743 [INFO] ApiDb:250 - Set database path to: C:\Users\alang\.stmcufinder\plugins\mcufinder//mcu/
2026-09-17 20:37:06,743 [WARN] DbFile:41 - Overriding database path with different value: C:\Users\alang\.stmcufinder\plugins\mcufinder/ => C:\Users\alang\.stmcufinder\plugins\mcufinder
2026-09-17 20:37:06,743 [INFO] DbMcusAds:125 - Set database path to: C:\Users\alang\.stmcufinder\plugins\mcufinder//mcu/
2026-09-17 20:37:06,743 [WARN] DbFile:41 - Overriding database path with different value: C:\Users\alang\.stmcufinder\plugins\mcufinder/ => C:\Users\alang\.stmcufinder\plugins\mcufinder
2026-09-17 20:37:06,743 [WARN] DbFile:41 - Overriding database path with different value: C:\Users\alang\.stmcufinder\plugins\mcufinder/ => C:\Users\alang\.stmcufinder\plugins\mcufinder
2026-09-17 20:37:06,743 [INFO] CrossReferenceDbSqlite:203 - Set database path to: C:\Users\alang\.stmcufinder\plugins\mcufinder//mcu/cs/
2026-09-17 20:37:06,802 [INFO] MainPanel:274 - HeapMemory: 268435456
2026-09-17 20:37:06,868 [INFO] DbMcusXml:78 - Set database path to: C:\ST\STM32CubeIDE_1.19.0\STM32CubeIDE\plugins\com.st.stm32cube.common.mx_6.15.0.202507011659\\db\/mcu/
2026-09-17 20:37:06,868 [INFO] ApiDb:274 - Set plugin database path to: C:\ST\STM32CubeIDE_1.19.0\STM32CubeIDE\plugins\com.st.stm32cube.common.mx_6.15.0.202507011659\\db\/plugins/boardmanager/
2026-09-17 20:37:06,868 [INFO] ApiDb:261 - Set plugin images path to: C:\ST\STM32CubeIDE_1.19.0\STM32CubeIDE\plugins\com.st.stm32cube.common.mx_6.15.0.202507011659\\db\/plugins/mcufinder/images/
2026-09-17 20:37:06,869 [WARN] DbFile:41 - Overriding database path with different value: C:\Users\alang\.stmcufinder\plugins\mcufinder/ => C:\Users\alang\.stmcufinder\plugins\mcufinder
2026-09-17 20:37:06,869 [INFO] ApiDb:250 - Set database path to: C:\Users\alang\.stmcufinder\plugins\mcufinder//mcu/
2026-09-17 20:37:06,869 [WARN] DbFile:41 - Overriding database path with different value: C:\Users\alang\.stmcufinder\plugins\mcufinder/ => C:\Users\alang\.stmcufinder\plugins\mcufinder
2026-09-17 20:37:06,869 [INFO] DbMcusAds:125 - Set database path to: C:\Users\alang\.stmcufinder\plugins\mcufinder//mcu/
2026-09-17 20:37:06,869 [WARN] DbFile:41 - Overriding database path with different value: C:\Users\alang\.stmcufinder\plugins\mcufinder/ => C:\Users\alang\.stmcufinder\plugins\mcufinder
2026-09-17 20:37:06,869 [WARN] DbFile:41 - Overriding database path with different value: C:\Users\alang\.stmcufinder\plugins\mcufinder/ => C:\Users\alang\.stmcufinder\plugins\mcufinder
2026-09-17 20:37:06,869 [INFO] CrossReferenceDbSqlite:203 - Set database path to: C:\Users\alang\.stmcufinder\plugins\mcufinder//mcu/cs/
2026-09-17 20:37:06,882 [INFO] ApplicationProperties:184 - Using Application install path: C:\ST\STM32CubeIDE_1.19.0\STM32CubeIDE\plugins\com.st.stm32cube.common.mx_6.15.0.202507011659
2026-09-17 20:37:06,883 [INFO] PluginManage:196 - Search for loadable plugins [exclusion list=, ]
2026-09-17 20:37:06,884 [INFO] PluginManage:310 - Check plugin analytics
2026-09-17 20:37:07,053 [INFO] AnalyticsPlugin:253 - Accepted Software Licenses: 
2026-09-17 20:37:07,053 [INFO] AnalyticsPlugin:255 - Accepted CMSIS Pack Licenses: 
2026-09-17 20:37:07,053 [INFO] AnalyticsPlugin:257 - Accepted Firmware Licenses: FW.F4.1.28.0
2026-09-17 20:37:07,055 [INFO] PluginManage:359 - Loaded plugin analytics (category:tool,tabindex:-1)
2026-09-17 20:37:07,056 [INFO] PluginManage:310 - Check plugin cadmodel
2026-09-17 20:37:07,059 [INFO] CADModel:105 - Init CAD model plugin
2026-09-17 20:37:07,059 [INFO] PluginManage:359 - Loaded plugin cadmodel (category:power,tabindex:5)
2026-09-17 20:37:07,060 [INFO] PluginManage:310 - Check plugin clock
2026-09-17 20:37:07,069 [INFO] PluginManage:359 - Loaded plugin clock (category:base,tabindex:2)
2026-09-17 20:37:07,069 [INFO] PluginManage:310 - Check plugin ddr
2026-09-17 20:37:07,071 [INFO] PluginManage:359 - Loaded plugin ddr (category:tool,tabindex:6)
2026-09-17 20:37:07,071 [INFO] PluginManage:310 - Check plugin filemanager
2026-09-17 20:37:07,300 [INFO] PluginManage:359 - Loaded plugin filemanager (category:base,tabindex:10)
2026-09-17 20:37:07,300 [INFO] PluginManage:310 - Check plugin ipmanager
2026-09-17 20:37:07,318 [INFO] PluginManage:359 - Loaded plugin ipmanager (category:base,tabindex:5)
2026-09-17 20:37:07,318 [INFO] PluginManage:310 - Check plugin lpbam
2026-09-17 20:37:07,326 [INFO] PluginManage:359 - Loaded plugin lpbam (category:base,tabindex:0)
2026-09-17 20:37:07,326 [INFO] PluginManage:310 - Check plugin memorymap
2026-09-17 20:37:07,336 [INFO] PluginManage:359 - Loaded plugin memorymap (category:base,tabindex:4)
2026-09-17 20:37:07,336 [INFO] PluginManage:310 - Check plugin pinoutandconfiguration
2026-09-17 20:37:07,343 [INFO] PluginManage:359 - Loaded plugin pinoutandconfiguration (category:base,tabindex:1)
2026-09-17 20:37:07,343 [INFO] PluginManage:310 - Check plugin pinoutconfig
2026-09-17 20:37:07,489 [WARN] SupportedApi:132 - Cannot load RTOS API schema: s4s-elt-must-match.1: The content of 'definitions' must match (annotation?, (simpleType | complexType)?, (unique | key | keyref)*)). A problem was found starting at: attribute.
2026-09-17 20:37:07,585 [INFO] PluginManage:359 - Loaded plugin pinoutconfig (category:base,tabindex:0)
2026-09-17 20:37:07,585 [INFO] PluginManage:310 - Check plugin power
2026-09-17 20:37:07,597 [INFO] PluginManage:359 - Loaded plugin power (category:power,tabindex:4)
2026-09-17 20:37:07,597 [INFO] PluginManage:310 - Check plugin projectmanager
2026-09-17 20:37:07,620 [INFO] PluginManage:359 - Loaded plugin projectmanager (category:projectmanager,tabindex:4)
2026-09-17 20:37:07,620 [INFO] PluginManage:310 - Check plugin rif
2026-09-17 20:37:07,626 [INFO] PluginManage:359 - Loaded plugin rif (category:base,tabindex:3)
2026-09-17 20:37:07,626 [INFO] PluginManage:310 - Check plugin thirdparty
2026-09-17 20:37:07,724 [INFO] PluginManage:359 - Loaded plugin thirdparty (category:base,tabindex:-1)
2026-09-17 20:37:07,724 [INFO] PluginManage:310 - Check plugin tools
2026-09-17 20:37:07,724 [WARN] IntegrityCheckThread:84 - waiting for thirdparty lock release [integrity check]
2026-09-17 20:37:07,724 [INFO] IntegrityCheckThread:86 - entering critical section [integrity check]
2026-09-17 20:37:07,724 [INFO] ThirdPartyUpdaterWithRetryManager:70 - Updater plugin not ready yet. [1/15]
2026-09-17 20:37:07,727 [INFO] PluginManage:359 - Loaded plugin tools (category:base,tabindex:7)
2026-09-17 20:37:07,727 [INFO] PluginManage:310 - Check plugin tutovideos
2026-09-17 20:37:07,864 [INFO] PluginManage:359 - Loaded plugin tutovideos (category:base,tabindex:-1)
2026-09-17 20:37:07,866 [INFO] PluginManage:310 - Check plugin updater
2026-09-17 20:37:07,888 [INFO] PluginManage:359 - Loaded plugin updater (category:base,tabindex:12)
2026-09-17 20:37:07,888 [INFO] PluginManage:310 - Check plugin userauth
2026-09-17 20:37:07,890 [INFO] UserAuth:118 - Init User Auth plugin
2026-09-17 20:37:07,891 [INFO] PluginManage:359 - Loaded plugin userauth (category:base,tabindex:14)
2026-09-17 20:37:07,891 [INFO] PluginManage:283 - PluginManage : Loaded plugins [18]
2026-09-17 20:37:08,105 [INFO] PinOutPanel:1589 - setPackage(No Configuration,No Configuration)
2026-09-17 20:37:08,169 [INFO] CADModel:165 - CPN selected for project level
2026-09-17 20:37:08,169 [INFO] CADModel:114 - Register for checkConnection events
2026-09-17 20:37:08,182 [INFO] IPUIPlugin:80 - create IPUIPlugin
2026-09-17 20:37:08,183 [INFO] PluginManager:220 - loadIPPluginJar : add adc
2026-09-17 20:37:08,186 [INFO] IPUIPlugin:80 - create IPUIPlugin
2026-09-17 20:37:08,186 [INFO] PluginManager:220 - loadIPPluginJar : add aes
2026-09-17 20:37:08,189 [INFO] IPUIPlugin:80 - create IPUIPlugin
2026-09-17 20:37:08,189 [INFO] PluginManager:220 - loadIPPluginJar : add can
2026-09-17 20:37:08,190 [INFO] IPUIPlugin:80 - create IPUIPlugin
2026-09-17 20:37:08,190 [INFO] PluginManager:220 - loadIPPluginJar : add comp
2026-09-17 20:37:08,191 [INFO] IPUIPlugin:80 - create IPUIPlugin
2026-09-17 20:37:08,191 [INFO] PluginManager:220 - loadIPPluginJar : add cryp
2026-09-17 20:37:08,193 [INFO] IPUIPlugin:80 - create IPUIPlugin
2026-09-17 20:37:08,193 [INFO] PluginManager:220 - loadIPPluginJar : add ddr_ctrl_phy
2026-09-17 20:37:08,194 [INFO] IPUIPlugin:80 - create IPUIPlugin
2026-09-17 20:37:08,195 [INFO] PluginManager:220 - loadIPPluginJar : add dfsdm
2026-09-17 20:37:08,198 [INFO] IPUIPlugin:80 - create IPUIPlugin
2026-09-17 20:37:08,199 [INFO] PluginManager:220 - loadIPPluginJar : add dma
2026-09-17 20:37:08,201 [INFO] IPUIPlugin:80 - create IPUIPlugin
2026-09-17 20:37:08,201 [INFO] PluginManager:220 - loadIPPluginJar : add dma3
2026-09-17 20:37:08,203 [INFO] IPUIPlugin:80 - create IPUIPlugin
2026-09-17 20:37:08,203 [INFO] PluginManager:220 - loadIPPluginJar : add extmemmanager
2026-09-17 20:37:08,204 [INFO] IPUIPlugin:80 - create IPUIPlugin
2026-09-17 20:37:08,204 [INFO] PluginManager:220 - loadIPPluginJar : add fatfs
2026-09-17 20:37:08,207 [INFO] IPUIPlugin:80 - create IPUIPlugin
2026-09-17 20:37:08,207 [INFO] PluginManager:220 - loadIPPluginJar : add fmc
2026-09-17 20:37:08,213 [INFO] IPUIPlugin:80 - create IPUIPlugin
2026-09-17 20:37:08,214 [INFO] PluginManager:220 - loadIPPluginJar : add freertos
2026-09-17 20:37:08,216 [INFO] IPUIPlugin:80 - create IPUIPlugin
2026-09-17 20:37:08,216 [INFO] PluginManager:220 - loadIPPluginJar : add genericplugin
2026-09-17 20:37:08,217 [INFO] IPUIPlugin:80 - create IPUIPlugin
2026-09-17 20:37:08,218 [INFO] PluginManager:220 - loadIPPluginJar : add gfxmmu
2026-09-17 20:37:08,220 [INFO] IPUIPlugin:80 - create IPUIPlugin
2026-09-17 20:37:08,221 [INFO] PluginManager:220 - loadIPPluginJar : add gic
2026-09-17 20:37:08,222 [INFO] IPUIPlugin:80 - create IPUIPlugin
2026-09-17 20:37:08,223 [INFO] PluginManager:220 - loadIPPluginJar : add gpio
2026-09-17 20:37:08,224 [INFO] IPUIPlugin:80 - create IPUIPlugin
2026-09-17 20:37:08,224 [INFO] PluginManager:220 - loadIPPluginJar : add gtzc
2026-09-17 20:37:08,226 [INFO] IPUIPlugin:80 - create IPUIPlugin
2026-09-17 20:37:08,226 [INFO] PluginManager:220 - loadIPPluginJar : add hash
2026-09-17 20:37:08,228 [INFO] IPUIPlugin:80 - create IPUIPlugin
2026-09-17 20:37:08,228 [INFO] PluginManager:220 - loadIPPluginJar : add i2c
2026-09-17 20:37:08,230 [INFO] IPUIPlugin:80 - create IPUIPlugin
2026-09-17 20:37:08,230 [INFO] PluginManager:220 - loadIPPluginJar : add i2s
2026-09-17 20:37:08,233 [INFO] IPUIPlugin:80 - create IPUIPlugin
2026-09-17 20:37:08,233 [INFO] PluginManager:220 - loadIPPluginJar : add i3c
2026-09-17 20:37:08,236 [INFO] IPUIPlugin:80 - create IPUIPlugin
2026-09-17 20:37:08,236 [INFO] PluginManager:220 - loadIPPluginJar : add ipddr
2026-09-17 20:37:08,240 [INFO] IPUIPlugin:80 - create IPUIPlugin
2026-09-17 20:37:08,240 [INFO] PluginManager:220 - loadIPPluginJar : add linkedlist
2026-09-17 20:37:08,243 [INFO] IPUIPlugin:80 - create IPUIPlugin
2026-09-17 20:37:08,243 [INFO] PluginManager:220 - loadIPPluginJar : add lorawan
2026-09-17 20:37:08,244 [INFO] IPUIPlugin:80 - create IPUIPlugin
2026-09-17 20:37:08,244 [INFO] PluginManager:220 - loadIPPluginJar : add ltdc
2026-09-17 20:37:08,247 [INFO] IPUIPlugin:80 - create IPUIPlugin
2026-09-17 20:37:08,248 [INFO] PluginManager:220 - loadIPPluginJar : add mdma
2026-09-17 20:37:08,251 [INFO] IPUIPlugin:80 - create IPUIPlugin
2026-09-17 20:37:08,251 [INFO] PluginManager:220 - loadIPPluginJar : add nvic
2026-09-17 20:37:08,253 [INFO] IPUIPlugin:80 - create IPUIPlugin
2026-09-17 20:37:08,254 [INFO] PluginManager:220 - loadIPPluginJar : add opamp
2026-09-17 20:37:08,256 [INFO] IPUIPlugin:80 - create IPUIPlugin
2026-09-17 20:37:08,256 [INFO] PluginManager:220 - loadIPPluginJar : add openamp
2026-09-17 20:37:08,258 [INFO] IPUIPlugin:80 - create IPUIPlugin
2026-09-17 20:37:08,258 [INFO] PluginManager:220 - loadIPPluginJar : add pdm2pcm
2026-09-17 20:37:08,263 [INFO] IPUIPlugin:80 - create IPUIPlugin
2026-09-17 20:37:08,264 [INFO] PluginManager:220 - loadIPPluginJar : add plateformsettings
2026-09-17 20:37:08,267 [INFO] IPUIPlugin:80 - create IPUIPlugin
2026-09-17 20:37:08,267 [INFO] PluginManager:220 - loadIPPluginJar : add quadspi
2026-09-17 20:37:08,268 [INFO] IPUIPlugin:80 - create IPUIPlugin
2026-09-17 20:37:08,269 [INFO] PluginManager:220 - loadIPPluginJar : add radio
2026-09-17 20:37:08,272 [INFO] IPUIPlugin:80 - create IPUIPlugin
2026-09-17 20:37:08,272 [INFO] PluginManager:220 - loadIPPluginJar : add resmgrutility
2026-09-17 20:37:08,274 [INFO] IPUIPlugin:80 - create IPUIPlugin
2026-09-17 20:37:08,274 [INFO] PluginManager:220 - loadIPPluginJar : add sai
2026-09-17 20:37:08,275 [INFO] IPUIPlugin:80 - create IPUIPlugin
2026-09-17 20:37:08,275 [INFO] PluginManager:220 - loadIPPluginJar : add spi
2026-09-17 20:37:08,280 [INFO] IPUIPlugin:80 - create IPUIPlugin
2026-09-17 20:37:08,280 [INFO] PluginManager:220 - loadIPPluginJar : add stm32_wpan
2026-09-17 20:37:08,281 [INFO] IPUIPlugin:80 - create IPUIPlugin
2026-09-17 20:37:08,281 [INFO] PluginManager:220 - loadIPPluginJar : add tim
2026-09-17 20:37:08,285 [INFO] IPUIPlugin:80 - create IPUIPlugin
2026-09-17 20:37:08,285 [INFO] PluginManager:220 - loadIPPluginJar : add touchsensing
2026-09-17 20:37:08,286 [INFO] IPUIPlugin:80 - create IPUIPlugin
2026-09-17 20:37:08,286 [INFO] PluginManager:220 - loadIPPluginJar : add tracer_emb
2026-09-17 20:37:08,288 [INFO] IPUIPlugin:80 - create IPUIPlugin
2026-09-17 20:37:08,288 [INFO] PluginManager:220 - loadIPPluginJar : add ts
2026-09-17 20:37:08,289 [INFO] IPUIPlugin:80 - create IPUIPlugin
2026-09-17 20:37:08,289 [INFO] PluginManager:220 - loadIPPluginJar : add tsc
2026-09-17 20:37:08,290 [INFO] IPUIPlugin:80 - create IPUIPlugin
2026-09-17 20:37:08,291 [INFO] PluginManager:220 - loadIPPluginJar : add ucpd
2026-09-17 20:37:08,293 [INFO] IPUIPlugin:80 - create IPUIPlugin
2026-09-17 20:37:08,293 [INFO] PluginManager:220 - loadIPPluginJar : add usart
2026-09-17 20:37:08,296 [INFO] IPUIPlugin:80 - create IPUIPlugin
2026-09-17 20:37:08,296 [INFO] PluginManager:220 - loadIPPluginJar : add usbx
2026-09-17 20:37:08,461 [FATAL] Updater:351 - Updater called before beeing initialized
2026-09-17 20:37:08,495 [INFO] RulesReader:64 - Compatibility file has been processed (317 Rules)
2026-09-17 20:37:08,511 [INFO] RulesReader:64 - Compatibility file has been processed (317 Rules)
2026-09-17 20:37:08,519 [INFO] CADModel:165 - CPN selected for project level
2026-09-17 20:37:08,519 [INFO] CADModel:114 - Register for checkConnection events
2026-09-17 20:37:08,519 [FATAL] Updater:351 - Updater called before beeing initialized
2026-09-17 20:37:08,519 [ERROR] CADModel:125 - Updater not yet initialized, retry later 
2026-09-17 20:37:08,690 [FATAL] Updater:351 - Updater called before beeing initialized
2026-09-17 20:37:08,691 [INFO] CADModel:165 - CPN selected for project level
2026-09-17 20:37:08,691 [INFO] CADModel:114 - Register for checkConnection events
2026-09-17 20:37:08,691 [FATAL] Updater:351 - Updater called before beeing initialized
2026-09-17 20:37:08,691 [ERROR] CADModel:125 - Updater not yet initialized, retry later 
2026-09-17 20:37:08,693 [FATAL] Updater:351 - Updater called before beeing initialized
2026-09-17 20:37:08,795 [FATAL] Updater:351 - Updater called before beeing initialized
2026-09-17 20:37:08,797 [INFO] DbMcusAds:53 - JSON generation date=Wed Jul 15 06:44:54 ART 2026 (1784108694001)
2026-09-17 20:37:08,798 [FATAL] Updater:351 - Updater called before beeing initialized
2026-09-17 20:37:08,822 [WARN] DetailPanel:346 - Failed to get advertising image, set to default
2026-09-17 20:37:08,887 [FATAL] Updater:351 - Updater called before beeing initialized
2026-09-17 20:37:08,889 [FATAL] Updater:351 - Updater called before beeing initialized
2026-09-17 20:37:08,889 [FATAL] Updater:351 - Updater called before beeing initialized
2026-09-17 20:37:08,890 [WARN] DetailPanel:346 - Failed to get advertising image, set to default
2026-09-17 20:37:08,891 [FATAL] Updater:351 - Updater called before beeing initialized
2026-09-17 20:37:08,929 [ERROR] Updater:1198 - MainUpdater not yet initialized. External WinMGr cannot be set.
2026-09-17 20:37:08,930 [INFO] Updater:1134 - Updater Version found : 6.15.0
2026-09-17 20:37:08,941 [INFO] ApplicationProperties:184 - Using Application install path: C:\ST\STM32CubeIDE_1.19.0\STM32CubeIDE\plugins\com.st.stm32cube.common.mx_6.15.0.202507011659
2026-09-17 20:37:10,511 [ERROR] LogOutputStream:75 - [STDERR_REDIRECT] Sep 17, 2026 8:37:10 PM java.util.prefs.WindowsPreferences <init>
2026-09-17 20:37:10,512 [ERROR] LogOutputStream:75 - [STDERR_REDIRECT] WARNING: Could not open/create prefs root node Software\JavaSoft\Prefs at root 0xffffffff80000002. Windows RegCreateKeyEx(...) returned error code 5.
2026-09-17 20:37:10,512 [ERROR] LogOutputStream:75 - [STDERR_REDIRECT] 
2026-09-17 20:37:10,726 [INFO] ThirdPartyUpdaterWithRetryManager:70 - Updater plugin not ready yet. [2/15]
2026-09-17 20:37:11,605 [INFO] MainUpdater:2872 - connection check result : 10
2026-09-17 20:37:11,606 [INFO] MainUpdater:289 - Updater Check For Update Now.
2026-09-17 20:37:11,606 [INFO] MicroXplorer:498 - Change Database Version : DB.6.0.150
2026-09-17 20:37:11,611 [INFO] McuFinderGlobals:63 - Set McuFinder mode to 2 (CubeIDE integrated)
2026-09-17 20:37:11,611 [INFO] UserAuth:487 - Internet connection configuration mode: 1
2026-09-17 20:37:11,657 [INFO] JxBrowserEngine:152 - Initiate JxBrowser Engine with user profile folder
2026-09-17 20:37:11,804 [INFO] CheckServerUpdateThread:120 - End of CheckServer Thread
2026-09-17 20:37:12,161 [INFO] WebApp:169 - Instantiating new browser for Auth
2026-09-17 20:37:12,841 [INFO] WebApp:463 - Apply proxy settings
2026-09-17 20:37:12,841 [INFO] WebApp:548 - Chromium requires no authentication
2026-09-17 20:37:12,847 [INFO] WebApp:491 - Direct internet connection detected
2026-09-17 20:37:12,863 [INFO] WebApp:900 - Register for checkConnection events
2026-09-17 20:37:12,864 [INFO] WebApp:463 - Apply proxy settings
2026-09-17 20:37:12,864 [INFO] WebApp:548 - Chromium requires no authentication
2026-09-17 20:37:12,865 [INFO] WebApp:491 - Direct internet connection detected
2026-09-17 20:37:12,985 [INFO] WebApp:225 - Starting web application
2026-09-17 20:37:12,985 [INFO] WebApp:593 - Web application path used C:\ST\STM32CubeIDE_1.19.0\STM32CubeIDE\plugins\com.st.stm32cube.common.mx_6.15.0.202507011659\db\plugins\mcufinder\reactClient1\index.html
2026-09-17 20:37:13,061 [INFO] UserAuth:487 - Internet connection configuration mode: 1
2026-09-17 20:37:13,130 [ERROR] LogOutputStream:75 - [STDERR_REDIRECT] [Fatal Error] :1:1: Premature end of file.
2026-09-17 20:37:13,130 [ERROR] LogOutputStream:75 - [STDERR_REDIRECT] 
2026-09-17 20:37:13,642 [INFO] WebApp:191 - Connection restablished
2026-09-17 20:37:14,047 [WARN] PackLoader:240 - Cannot read IP mode file for STMicroelectronics.X-CUBE-AZRTOS-H7.3.5.0
2026-09-17 20:37:14,060 [WARN] PackLoader:240 - Cannot read IP mode file for STMicroelectronics.FP-ATR-ASTRA1.2.0.3
2026-09-17 20:37:14,066 [ERROR] Engine:466 - C:\Users\alang\.stm32cubemx\thirdparties\pdsc\STMicroelectronics.X-CUBE-SMBUS.2.1.1.pdsc: PDSC version is not supported
2026-09-17 20:37:14,093 [WARN] PackLoader:240 - Cannot read IP mode file for STMicroelectronics.X-CUBE-AZRTOS-F7.1.1.0
2026-09-17 20:37:14,105 [WARN] PackLoader:240 - Cannot read IP mode file for STMicroelectronics.X-CUBE-FREERTOS.1.6.0
2026-09-17 20:37:14,109 [WARN] PackLoader:240 - Cannot read IP mode file for STMicroelectronics.FP-SNS-MOTENV1.5.1.0
2026-09-17 20:37:14,122 [ERROR] LogOutputStream:75 - [STDERR_REDIRECT] [Fatal Error] :1:1: Premature end of file.
2026-09-17 20:37:14,122 [ERROR] LogOutputStream:75 - [STDERR_REDIRECT] 
2026-09-17 20:37:14,129 [WARN] PackLoader:240 - Cannot read IP mode file for STMicroelectronics.X-CUBE-AZRTOS-H7RS.1.3.0
2026-09-17 20:37:14,140 [WARN] PackLoader:240 - Cannot read IP mode file for WES.I-CUBE-Cesium.1.4.0
2026-09-17 20:37:14,149 [WARN] PackLoader:240 - Cannot read IP mode file for STMicroelectronics.X-CUBE-DISPLAY.3.0.0
2026-09-17 20:37:14,161 [WARN] PackLoader:240 - Cannot read IP mode file for STMicroelectronics.X-CUBE-GNSS1.7.1.1
2026-09-17 20:37:14,166 [WARN] PackLoader:240 - Cannot read IP mode file for STMicroelectronics.FP-SNS-MOTENVWB1.1.5.0
2026-09-17 20:37:14,171 [WARN] PackLoader:240 - Cannot read IP mode file for STMicroelectronics.X-CUBE-NFC10.1.0.0
2026-09-17 20:37:14,176 [WARN] PackLoader:240 - Cannot read IP mode file for STMicroelectronics.X-CUBE-ST60.1.1.0
2026-09-17 20:37:14,181 [WARN] PackLoader:240 - Cannot read IP mode file for emotas.I-CUBE-CANOPEN.1.3.0
2026-09-17 20:37:14,186 [WARN] PackLoader:240 - Cannot read IP mode file for wolfSSL.I-CUBE-wolfSSL.5.9.2
2026-09-17 20:37:14,188 [ERROR] Engine:466 - C:\Users\alang\.stm32cubemx\thirdparties\pdsc\STMicroelectronics.X-CUBE-WBA.1.1.0.pdsc: PDSC version is not supported
2026-09-17 20:37:14,194 [WARN] PackLoader:240 - Cannot read IP mode file for STMicroelectronics.FP-SNS-STBOX1.2.1.0
2026-09-17 20:37:14,200 [WARN] PackLoader:240 - Cannot read IP mode file for STMicroelectronics.FP-SNS-SMARTAG2.1.2.0
2026-09-17 20:37:14,203 [WARN] PackLoader:240 - Cannot read IP mode file for STMicroelectronics.FP-SNS-FLIGHT1.5.1.0
2026-09-17 20:37:14,209 [INFO] LogOutputStream:77 - [STDOUT_REDIRECT] 1 : Invalid condition id : UX_CORESTACK_Condition cause : null
2026-09-17 20:37:14,210 [INFO] LogOutputStream:77 - [STDOUT_REDIRECT] 1 : Invalid condition id : UX_CORESTACK_Condition cause : null
2026-09-17 20:37:14,211 [INFO] LogOutputStream:77 - [STDOUT_REDIRECT] 1 : Invalid condition id : UX_CORESTACK_Condition cause : null
2026-09-17 20:37:14,212 [INFO] LogOutputStream:77 - [STDOUT_REDIRECT] 1 : Invalid condition id : UX_CORESTACK_Condition cause : null
2026-09-17 20:37:14,212 [INFO] LogOutputStream:77 - [STDOUT_REDIRECT] 1 : Invalid condition id : UX_CORESTACK_Condition cause : null
2026-09-17 20:37:14,216 [WARN] PackLoader:240 - Cannot read IP mode file for STMicroelectronics.X-CUBE-AZRTOS-WL.2.0.0
2026-09-17 20:37:14,221 [WARN] PackLoader:240 - Cannot read IP mode file for STMicroelectronics.X-CUBE-BLE2.3.3.0
2026-09-17 20:37:14,333 [WARN] PackLoader:240 - Cannot read IP mode file for Infineon.AIROC-Wi-Fi-Bluetooth-STM32.1.8.0
2026-09-17 20:37:14,343 [WARN] PackLoader:240 - Cannot read IP mode file for STMicroelectronics.X-CUBE-NFC9.1.0.0
2026-09-17 20:37:14,350 [WARN] PackLoader:240 - Cannot read IP mode file for STMicroelectronics.X-CUBE-BLE1.7.1.0
2026-09-17 20:37:14,354 [WARN] PackLoader:240 - Cannot read IP mode file for wolfSSL.I-CUBE-wolfMQTT.1.19.2
2026-09-17 20:37:14,359 [WARN] PackLoader:240 - Cannot read IP mode file for STMicroelectronics.X-CUBE-EEPRMA1.5.2.0
2026-09-17 20:37:14,365 [WARN] PackLoader:240 - Cannot read IP mode file for STMicroelectronics.FP-SNS-STAIOTCFT.1.1.0
2026-09-17 20:37:14,373 [WARN] PackLoader:240 - Cannot read IP mode file for STMicroelectronics.X-CUBE-AZRTOS-G0.1.1.0
2026-09-17 20:37:14,380 [WARN] PackLoader:240 - Cannot read IP mode file for STMicroelectronics.X-CUBE-NFC4.3.0.0
2026-09-17 20:37:14,387 [WARN] PackLoader:240 - Cannot read IP mode file for EmbeddedOffice.I-CUBE-FS-RTOS.1.0.1
2026-09-17 20:37:14,391 [WARN] PackLoader:240 - Cannot read IP mode file for wolfSSL.I-CUBE-wolfTPM.3.8.0
2026-09-17 20:37:14,395 [WARN] PackLoader:240 - Cannot read IP mode file for STMicroelectronics.X-CUBE-TCPP.4.2.0
2026-09-17 20:37:14,401 [WARN] PackLoader:240 - Cannot read IP mode file for RealThread.X-CUBE-RT-Thread_Nano.4.1.1
2026-09-17 20:37:14,404 [WARN] PackLoader:240 - Cannot read IP mode file for STMicroelectronics.FP-ATR-SIGFOX1.3.2.0
2026-09-17 20:37:14,409 [WARN] PackLoader:240 - Cannot read IP mode file for ITTIA_DB.I-CUBE-ITTIADB.8.9.0
2026-09-17 20:37:14,412 [WARN] PackLoader:240 - Cannot read IP mode file for Cesanta.I-CUBE-Mongoose.7.21.7
2026-09-17 20:37:14,417 [WARN] PackLoader:240 - Cannot read IP mode file for STMicroelectronics.X-CUBE-NFC6.3.2.0
2026-09-17 20:37:14,433 [WARN] PackLoader:240 - Cannot read IP mode file for STMicroelectronics.X-CUBE-AI.10.2.1
2026-09-17 20:37:14,453 [WARN] PackLoader:240 - Cannot read IP mode file for SEGGER.I-CUBE-embOS.1.3.1
2026-09-17 20:37:14,490 [ERROR] Engine:466 - C:\Users\alang\.stm32cubemx\thirdparties\pdsc\STMicroelectronics.FP-SNS-STAIOTCFT.2.0.0.pdsc: PDSC version is not supported
2026-09-17 20:37:14,514 [WARN] PackLoader:240 - Cannot read IP mode file for STMicroelectronics.X-CUBE-NFC13.1.0.0
2026-09-17 20:37:14,523 [WARN] PackLoader:240 - Cannot read IP mode file for STMicroelectronics.X-CUBE-PM33A1.1.0.0
2026-09-17 20:37:14,538 [WARN] PackLoader:240 - Cannot read IP mode file for STMicroelectronics.X-CUBE-AZRTOS-F4.1.1.0
2026-09-17 20:37:14,545 [WARN] PackLoader:240 - Cannot read IP mode file for STMicroelectronics.X-CUBE-ISPU.2.1.0
2026-09-17 20:37:14,565 [WARN] PackLoader:240 - Cannot read IP mode file for STMicroelectronics.X-CUBE-IPS.3.2.0
2026-09-17 20:37:14,572 [WARN] PackLoader:240 - Cannot read IP mode file for STMicroelectronics.eDS-WB_DPC_TT-BIDIR.2.1.1
2026-09-17 20:37:14,577 [WARN] PackLoader:240 - Cannot read IP mode file for STMicroelectronics.X-CUBE-NFC12.1.0.0
2026-09-17 20:37:14,594 [WARN] PackLoader:240 - Cannot read IP mode file for STMicroelectronics.X-CUBE-AZRTOS-L5.2.0.0
2026-09-17 20:37:14,651 [WARN] PackLoader:240 - Cannot read IP mode file for STMicroelectronics.X-CUBE-ALGOBUILD.1.5.0
2026-09-17 20:37:14,655 [WARN] PackLoader:240 - Cannot read IP mode file for STMicroelectronics.eDS-WB_DPC_VIENNA.1.2.0
2026-09-17 20:37:14,715 [WARN] PackLoader:240 - Cannot read IP mode file for STMicroelectronics.X-CUBE-MEMS1.13.0.0
2026-09-17 20:37:14,784 [WARN] PackLoader:240 - Cannot read IP mode file for STMicroelectronics.eDS-WB_DPC_3PH2L-BIDIR.1.1.1
2026-09-17 20:37:14,787 [ERROR] Engine:466 - C:\Users\alang\.stm32cubemx\thirdparties\pdsc\STMicroelectronics.X-CUBE-ST67W61.1.3.0.pdsc: PDSC version is not supported
2026-09-17 20:37:14,792 [WARN] PackLoader:240 - Cannot read IP mode file for STMicroelectronics.X-CUBE-TOUCHGFX.4.26.1
2026-09-17 20:37:14,797 [WARN] PackLoader:240 - Cannot read IP mode file for STMicroelectronics.X-CUBE-DPower.1.3.0
2026-09-17 20:37:14,817 [WARN] ConditionMgr:438 - getConditionDescription Invalid condition id : LAN8742 Phy interface Condition cause : null
2026-09-17 20:37:14,817 [WARN] PackLoader:240 - Cannot read IP mode file for STMicroelectronics.X-CUBE-AZRTOS-L4.2.0.0
2026-09-17 20:37:14,819 [WARN] ConditionMgr:1044 - genDependencies : Invalid condition id : LAN8742 Phy interface Condition cause : null
2026-09-17 20:37:14,819 [WARN] ConditionMgr:1044 - genDependencies : Invalid condition id : LAN8742 Phy interface Condition cause : null
2026-09-17 20:37:14,820 [WARN] ConditionMgr:1044 - genDependencies : Invalid condition id : LAN8742 Phy interface Condition cause : null
2026-09-17 20:37:14,830 [WARN] PackLoader:240 - Cannot read IP mode file for STMicroelectronics.X-CUBE-SFXS2LP1.4.0.0
2026-09-17 20:37:14,836 [WARN] PackLoader:240 - Cannot read IP mode file for STMicroelectronics.X-CUBE-WB05N.2.1.0
2026-09-17 20:37:14,848 [WARN] ConditionMgr:438 - getConditionDescription Invalid condition id : UX DEVICE CLASS RTOS Condition cause : null
2026-09-17 20:37:14,848 [WARN] ConditionMgr:438 - getConditionDescription Invalid condition id : UX DEVICE CLASS RTOS Condition cause : null
2026-09-17 20:37:14,850 [WARN] PackLoader:240 - Cannot read IP mode file for STMicroelectronics.X-CUBE-AZRTOS-WB.2.0.0
2026-09-17 20:37:14,850 [WARN] ConditionMgr:1044 - genDependencies : Invalid condition id : UX DEVICE CLASS RTOS Condition cause : null
2026-09-17 20:37:14,850 [WARN] ConditionMgr:1044 - genDependencies : Invalid condition id : UX DEVICE CLASS RTOS Condition cause : null
2026-09-17 20:37:14,852 [WARN] ConditionMgr:1044 - genDependencies : Invalid condition id : UX DEVICE CLASS RTOS Condition cause : null
2026-09-17 20:37:14,852 [WARN] ConditionMgr:1044 - genDependencies : Invalid condition id : UX DEVICE CLASS RTOS Condition cause : null
2026-09-17 20:37:14,852 [WARN] ConditionMgr:1044 - genDependencies : Invalid condition id : UX DEVICE CLASS RTOS Condition cause : null
2026-09-17 20:37:14,858 [WARN] ConditionMgr:438 - getConditionDescription Invalid condition id : Cortex-A Device cause : null
2026-09-17 20:37:14,873 [WARN] ConditionMgr:1044 - genDependencies : Invalid condition id : Cortex-A Device cause : null
2026-09-17 20:37:14,873 [WARN] ConditionMgr:1044 - genDependencies : Invalid condition id : Cortex-A Device cause : null
2026-09-17 20:37:14,873 [WARN] ConditionMgr:1044 - genDependencies : Invalid condition id : Cortex-A Device cause : null
2026-09-17 20:37:14,879 [WARN] PackLoader:240 - Cannot read IP mode file for STMicroelectronics.X-CUBE-STSE01.2.0.0
2026-09-17 20:37:14,891 [WARN] PackLoader:240 - Cannot read IP mode file for STMicroelectronics.X-CUBE-SUBG2.5.0.0
2026-09-17 20:37:14,903 [WARN] PackLoader:240 - Cannot read IP mode file for STMicroelectronics.X-CUBE-AZRTOS-G4.2.0.0
2026-09-17 20:37:14,910 [WARN] PackLoader:240 - Cannot read IP mode file for wolfSSL.I-CUBE-wolfSSH.1.4.20
2026-09-17 20:37:14,915 [WARN] PackLoader:240 - Cannot read IP mode file for STMicroelectronics.X-CUBE-NFC7.2.0.0
2026-09-17 20:37:14,919 [ERROR] Engine:466 - C:\Users\alang\.stm32cubemx\thirdparties\pdsc\STMicroelectronics.X-CUBE-BLEMGR.4.2.0.pdsc: PDSC version is not supported
2026-09-17 20:37:14,923 [WARN] PackLoader:240 - Cannot read IP mode file for STMicroelectronics.X-CUBE-ALS.1.0.2
2026-09-17 20:37:14,931 [WARN] PackLoader:240 - Cannot read IP mode file for STMicroelectronics.X-CUBE-TOF1.3.4.3
2026-09-17 20:37:14,941 [INFO] ThirdParty:978 - Integrity check success = true
2026-09-17 20:37:14,941 [INFO] IntegrityCheckThread:100 - exiting critical section [integrity check]
2026-09-17 20:37:14,941 [INFO] IntegrityCheckThread:103 - End integrity checks thread
2026-09-17 20:37:15,114 [ERROR] LogOutputStream:75 - [STDERR_REDIRECT] [Fatal Error] :1:1: Premature end of file.
2026-09-17 20:37:15,114 [ERROR] LogOutputStream:75 - [STDERR_REDIRECT] 
2026-09-17 20:37:16,158 [ERROR] LogOutputStream:75 - [STDERR_REDIRECT] [Fatal Error] :1:1: Premature end of file.
2026-09-17 20:37:16,158 [ERROR] LogOutputStream:75 - [STDERR_REDIRECT] 
2026-09-17 20:37:17,112 [ERROR] LogOutputStream:75 - [STDERR_REDIRECT] [Fatal Error] :1:1: Premature end of file.
2026-09-17 20:37:17,112 [ERROR] LogOutputStream:75 - [STDERR_REDIRECT] 
2026-09-17 20:37:18,148 [ERROR] LogOutputStream:75 - [STDERR_REDIRECT] [Fatal Error] :1:1: Premature end of file.
2026-09-17 20:37:18,149 [ERROR] LogOutputStream:75 - [STDERR_REDIRECT] 
2026-09-17 20:37:19,123 [ERROR] LogOutputStream:75 - [STDERR_REDIRECT] [Fatal Error] :1:1: Premature end of file.
2026-09-17 20:37:19,123 [ERROR] LogOutputStream:75 - [STDERR_REDIRECT] 
2026-09-17 20:37:20,121 [ERROR] LogOutputStream:75 - [STDERR_REDIRECT] [Fatal Error] :1:1: Premature end of file.
2026-09-17 20:37:20,122 [ERROR] LogOutputStream:75 - [STDERR_REDIRECT] 
2026-09-17 20:37:21,126 [ERROR] LogOutputStream:75 - [STDERR_REDIRECT] [Fatal Error] :1:1: Premature end of file.
2026-09-17 20:37:21,126 [ERROR] LogOutputStream:75 - [STDERR_REDIRECT] 
2026-09-17 20:37:22,120 [ERROR] LogOutputStream:75 - [STDERR_REDIRECT] [Fatal Error] :1:1: Premature end of file.
2026-09-17 20:37:22,120 [ERROR] LogOutputStream:75 - [STDERR_REDIRECT] 
2026-09-17 20:37:23,128 [ERROR] LogOutputStream:75 - [STDERR_REDIRECT] [Fatal Error] :1:1: Premature end of file.
2026-09-17 20:37:23,128 [ERROR] LogOutputStream:75 - [STDERR_REDIRECT] 
2026-09-17 20:37:24,125 [ERROR] LogOutputStream:75 - [STDERR_REDIRECT] [Fatal Error] :1:1: Premature end of file.
2026-09-17 20:37:24,125 [ERROR] LogOutputStream:75 - [STDERR_REDIRECT] 
2026-09-17 20:37:25,125 [ERROR] LogOutputStream:75 - [STDERR_REDIRECT] [Fatal Error] :1:1: Premature end of file.
2026-09-17 20:37:25,125 [ERROR] LogOutputStream:75 - [STDERR_REDIRECT] 
2026-09-17 20:37:26,123 [ERROR] LogOutputStream:75 - [STDERR_REDIRECT] [Fatal Error] :1:1: Premature end of file.
2026-09-17 20:37:26,124 [ERROR] LogOutputStream:75 - [STDERR_REDIRECT] 
2026-09-17 20:37:27,118 [ERROR] LogOutputStream:75 - [STDERR_REDIRECT] [Fatal Error] :1:1: Premature end of file.
2026-09-17 20:37:27,119 [ERROR] LogOutputStream:75 - [STDERR_REDIRECT] 
2026-09-17 20:37:28,124 [ERROR] LogOutputStream:75 - [STDERR_REDIRECT] [Fatal Error] :1:1: Premature end of file.
2026-09-17 20:37:28,124 [ERROR] LogOutputStream:75 - [STDERR_REDIRECT] 
2026-09-17 20:37:29,127 [ERROR] LogOutputStream:75 - [STDERR_REDIRECT] [Fatal Error] :1:1: Premature end of file.
2026-09-17 20:37:29,127 [ERROR] LogOutputStream:75 - [STDERR_REDIRECT] 
2026-09-17 20:37:30,123 [ERROR] LogOutputStream:75 - [STDERR_REDIRECT] [Fatal Error] :1:1: Premature end of file.
2026-09-17 20:37:30,123 [ERROR] LogOutputStream:75 - [STDERR_REDIRECT] 
2026-09-17 20:37:31,124 [ERROR] LogOutputStream:75 - [STDERR_REDIRECT] [Fatal Error] :1:1: Premature end of file.
2026-09-17 20:37:31,124 [ERROR] LogOutputStream:75 - [STDERR_REDIRECT] 
2026-09-17 20:37:32,124 [ERROR] LogOutputStream:75 - [STDERR_REDIRECT] [Fatal Error] :1:1: Premature end of file.
2026-09-17 20:37:32,124 [ERROR] LogOutputStream:75 - [STDERR_REDIRECT] 
2026-09-17 20:37:33,126 [ERROR] LogOutputStream:75 - [STDERR_REDIRECT] [Fatal Error] :1:1: Premature end of file.
2026-09-17 20:37:33,126 [ERROR] LogOutputStream:75 - [STDERR_REDIRECT] 
2026-09-17 20:37:34,126 [ERROR] LogOutputStream:75 - [STDERR_REDIRECT] [Fatal Error] :1:1: Premature end of file.
2026-09-17 20:37:34,126 [ERROR] LogOutputStream:75 - [STDERR_REDIRECT] 
2026-09-17 20:37:35,119 [ERROR] LogOutputStream:75 - [STDERR_REDIRECT] [Fatal Error] :1:1: Premature end of file.
2026-09-17 20:37:35,119 [ERROR] LogOutputStream:75 - [STDERR_REDIRECT] 
2026-09-17 20:37:36,119 [ERROR] LogOutputStream:75 - [STDERR_REDIRECT] [Fatal Error] :1:1: Premature end of file.
2026-09-17 20:37:36,120 [ERROR] LogOutputStream:75 - [STDERR_REDIRECT] 
2026-09-17 20:37:37,131 [ERROR] LogOutputStream:75 - [STDERR_REDIRECT] [Fatal Error] :1:1: Premature end of file.
2026-09-17 20:37:37,131 [ERROR] LogOutputStream:75 - [STDERR_REDIRECT] 
2026-09-17 20:37:38,127 [ERROR] LogOutputStream:75 - [STDERR_REDIRECT] [Fatal Error] :1:1: Premature end of file.
2026-09-17 20:37:38,129 [ERROR] LogOutputStream:75 - [STDERR_REDIRECT] 
2026-09-17 20:37:39,133 [ERROR] LogOutputStream:75 - [STDERR_REDIRECT] [Fatal Error] :1:1: Premature end of file.
2026-09-17 20:37:39,133 [ERROR] LogOutputStream:75 - [STDERR_REDIRECT] 
2026-09-17 20:37:40,123 [ERROR] LogOutputStream:75 - [STDERR_REDIRECT] [Fatal Error] :1:1: Premature end of file.
2026-09-17 20:37:40,123 [ERROR] LogOutputStream:75 - [STDERR_REDIRECT] 
2026-09-17 20:37:41,116 [ERROR] LogOutputStream:75 - [STDERR_REDIRECT] [Fatal Error] :1:1: Premature end of file.
2026-09-17 20:37:41,116 [ERROR] LogOutputStream:75 - [STDERR_REDIRECT] 
2026-09-17 20:37:42,118 [ERROR] LogOutputStream:75 - [STDERR_REDIRECT] [Fatal Error] :1:1: Premature end of file.
2026-09-17 20:37:42,118 [ERROR] LogOutputStream:75 - [STDERR_REDIRECT] 
2026-09-17 20:37:43,134 [ERROR] LogOutputStream:75 - [STDERR_REDIRECT] [Fatal Error] :1:1: Premature end of file.
2026-09-17 20:37:43,134 [ERROR] LogOutputStream:75 - [STDERR_REDIRECT] 
2026-09-17 20:37:44,117 [ERROR] LogOutputStream:75 - [STDERR_REDIRECT] [Fatal Error] :1:1: Premature end of file.
2026-09-17 20:37:44,117 [ERROR] LogOutputStream:75 - [STDERR_REDIRECT] 
2026-09-17 20:37:45,125 [ERROR] LogOutputStream:75 - [STDERR_REDIRECT] [Fatal Error] :1:1: Premature end of file.
2026-09-17 20:37:45,125 [ERROR] LogOutputStream:75 - [STDERR_REDIRECT] 
2026-09-17 20:37:46,124 [ERROR] LogOutputStream:75 - [STDERR_REDIRECT] [Fatal Error] :1:1: Premature end of file.
2026-09-17 20:37:46,155 [ERROR] LogOutputStream:75 - [STDERR_REDIRECT] 
2026-09-17 20:37:47,114 [ERROR] LogOutputStream:75 - [STDERR_REDIRECT] [Fatal Error] :1:1: Premature end of file.
2026-09-17 20:37:47,114 [ERROR] LogOutputStream:75 - [STDERR_REDIRECT] 
2026-09-17 20:37:48,120 [ERROR] LogOutputStream:75 - [STDERR_REDIRECT] [Fatal Error] :1:1: Premature end of file.
2026-09-17 20:37:48,121 [ERROR] LogOutputStream:75 - [STDERR_REDIRECT] 
2026-09-17 20:37:49,127 [ERROR] LogOutputStream:75 - [STDERR_REDIRECT] [Fatal Error] :1:1: Premature end of file.
2026-09-17 20:37:49,127 [ERROR] LogOutputStream:75 - [STDERR_REDIRECT] 
2026-09-17 20:37:50,127 [ERROR] LogOutputStream:75 - [STDERR_REDIRECT] [Fatal Error] :1:1: Premature end of file.
2026-09-17 20:37:50,128 [ERROR] LogOutputStream:75 - [STDERR_REDIRECT] 
2026-09-17 20:37:51,125 [ERROR] LogOutputStream:75 - [STDERR_REDIRECT] [Fatal Error] :1:1: Premature end of file.
2026-09-17 20:37:51,125 [ERROR] LogOutputStream:75 - [STDERR_REDIRECT] 
2026-09-17 20:37:52,117 [ERROR] LogOutputStream:75 - [STDERR_REDIRECT] [Fatal Error] :1:1: Premature end of file.
2026-09-17 20:37:52,117 [ERROR] LogOutputStream:75 - [STDERR_REDIRECT] 
2026-09-17 20:37:53,133 [ERROR] LogOutputStream:75 - [STDERR_REDIRECT] [Fatal Error] :1:1: Premature end of file.
2026-09-17 20:37:53,133 [ERROR] LogOutputStream:75 - [STDERR_REDIRECT] 
2026-09-17 20:37:54,128 [ERROR] LogOutputStream:75 - [STDERR_REDIRECT] [Fatal Error] :1:1: Premature end of file.
2026-09-17 20:37:54,130 [ERROR] LogOutputStream:75 - [STDERR_REDIRECT] 
2026-09-17 20:37:55,133 [ERROR] LogOutputStream:75 - [STDERR_REDIRECT] [Fatal Error] :1:1: Premature end of file.
2026-09-17 20:37:55,133 [ERROR] LogOutputStream:75 - [STDERR_REDIRECT] 
2026-09-17 20:37:56,124 [ERROR] LogOutputStream:75 - [STDERR_REDIRECT] [Fatal Error] :1:1: Premature end of file.
2026-09-17 20:37:56,124 [ERROR] LogOutputStream:75 - [STDERR_REDIRECT] 
2026-09-17 20:37:57,113 [ERROR] LogOutputStream:75 - [STDERR_REDIRECT] [Fatal Error] :1:1: Premature end of file.
2026-09-17 20:37:57,114 [ERROR] LogOutputStream:75 - [STDERR_REDIRECT] 
2026-09-17 20:37:58,133 [ERROR] LogOutputStream:75 - [STDERR_REDIRECT] [Fatal Error] :1:1: Premature end of file.
2026-09-17 20:37:58,133 [ERROR] LogOutputStream:75 - [STDERR_REDIRECT] 
2026-09-17 20:37:59,123 [ERROR] LogOutputStream:75 - [STDERR_REDIRECT] [Fatal Error] :1:1: Premature end of file.
2026-09-17 20:37:59,123 [ERROR] LogOutputStream:75 - [STDERR_REDIRECT] 
2026-09-17 20:38:00,126 [ERROR] LogOutputStream:75 - [STDERR_REDIRECT] [Fatal Error] :1:1: Premature end of file.
2026-09-17 20:38:00,126 [ERROR] LogOutputStream:75 - [STDERR_REDIRECT] 
2026-09-17 20:38:01,124 [ERROR] LogOutputStream:75 - [STDERR_REDIRECT] [Fatal Error] :1:1: Premature end of file.
2026-09-17 20:38:01,141 [ERROR] LogOutputStream:75 - [STDERR_REDIRECT] 
2026-09-17 20:38:02,119 [ERROR] LogOutputStream:75 - [STDERR_REDIRECT] [Fatal Error] :1:1: Premature end of file.
2026-09-17 20:38:02,119 [ERROR] LogOutputStream:75 - [STDERR_REDIRECT] 
2026-09-17 20:38:03,124 [ERROR] LogOutputStream:75 - [STDERR_REDIRECT] [Fatal Error] :1:1: Premature end of file.
2026-09-17 20:38:03,125 [ERROR] LogOutputStream:75 - [STDERR_REDIRECT] 
2026-09-17 20:38:04,117 [ERROR] LogOutputStream:75 - [STDERR_REDIRECT] [Fatal Error] :1:1: Premature end of file.
2026-09-17 20:38:04,117 [ERROR] LogOutputStream:75 - [STDERR_REDIRECT] 
2026-09-17 20:38:05,124 [ERROR] LogOutputStream:75 - [STDERR_REDIRECT] [Fatal Error] :1:1: Premature end of file.
2026-09-17 20:38:05,124 [ERROR] LogOutputStream:75 - [STDERR_REDIRECT] 
2026-09-17 20:38:06,134 [ERROR] LogOutputStream:75 - [STDERR_REDIRECT] [Fatal Error] :1:1: Premature end of file.
2026-09-17 20:38:06,134 [ERROR] LogOutputStream:75 - [STDERR_REDIRECT] 
2026-09-17 20:38:07,124 [ERROR] LogOutputStream:75 - [STDERR_REDIRECT] [Fatal Error] :1:1: Premature end of file.
2026-09-17 20:38:07,124 [ERROR] LogOutputStream:75 - [STDERR_REDIRECT] 
2026-09-17 20:38:08,120 [ERROR] LogOutputStream:75 - [STDERR_REDIRECT] [Fatal Error] :1:1: Premature end of file.
2026-09-17 20:38:08,120 [ERROR] LogOutputStream:75 - [STDERR_REDIRECT] 
2026-09-17 20:38:09,123 [ERROR] LogOutputStream:75 - [STDERR_REDIRECT] [Fatal Error] :1:1: Premature end of file.
2026-09-17 20:38:09,123 [ERROR] LogOutputStream:75 - [STDERR_REDIRECT] 
2026-09-17 20:38:10,125 [ERROR] LogOutputStream:75 - [STDERR_REDIRECT] [Fatal Error] :1:1: Premature end of file.
2026-09-17 20:38:10,126 [ERROR] LogOutputStream:75 - [STDERR_REDIRECT] 
2026-09-17 20:38:11,113 [ERROR] LogOutputStream:75 - [STDERR_REDIRECT] [Fatal Error] :1:1: Premature end of file.
2026-09-17 20:38:11,114 [ERROR] LogOutputStream:75 - [STDERR_REDIRECT] 
2026-09-17 20:38:12,117 [ERROR] LogOutputStream:75 - [STDERR_REDIRECT] [Fatal Error] :1:1: Premature end of file.
2026-09-17 20:38:12,117 [ERROR] LogOutputStream:75 - [STDERR_REDIRECT] 
2026-09-17 20:38:13,122 [ERROR] LogOutputStream:75 - [STDERR_REDIRECT] [Fatal Error] :1:1: Premature end of file.
2026-09-17 20:38:13,122 [ERROR] LogOutputStream:75 - [STDERR_REDIRECT] 
2026-09-17 20:38:14,121 [ERROR] LogOutputStream:75 - [STDERR_REDIRECT] [Fatal Error] :1:1: Premature end of file.
2026-09-17 20:38:14,121 [ERROR] LogOutputStream:75 - [STDERR_REDIRECT] 
2026-09-17 20:38:15,116 [ERROR] LogOutputStream:75 - [STDERR_REDIRECT] [Fatal Error] :1:1: Premature end of file.
2026-09-17 20:38:15,117 [ERROR] LogOutputStream:75 - [STDERR_REDIRECT] 
2026-09-17 20:38:16,121 [ERROR] LogOutputStream:75 - [STDERR_REDIRECT] [Fatal Error] :1:1: Premature end of file.
2026-09-17 20:38:16,132 [ERROR] LogOutputStream:75 - [STDERR_REDIRECT] 
2026-09-17 20:38:17,127 [ERROR] LogOutputStream:75 - [STDERR_REDIRECT] [Fatal Error] :1:1: Premature end of file.
2026-09-17 20:38:17,127 [ERROR] LogOutputStream:75 - [STDERR_REDIRECT] 
2026-09-17 20:38:18,135 [ERROR] LogOutputStream:75 - [STDERR_REDIRECT] [Fatal Error] :1:1: Premature end of file.
2026-09-17 20:38:18,135 [ERROR] LogOutputStream:75 - [STDERR_REDIRECT] 
2026-09-17 20:38:19,120 [ERROR] LogOutputStream:75 - [STDERR_REDIRECT] [Fatal Error] :1:1: Premature end of file.
2026-09-17 20:38:19,120 [ERROR] LogOutputStream:75 - [STDERR_REDIRECT] 
2026-09-17 20:38:20,126 [ERROR] LogOutputStream:75 - [STDERR_REDIRECT] [Fatal Error] :1:1: Premature end of file.
2026-09-17 20:38:20,127 [ERROR] LogOutputStream:75 - [STDERR_REDIRECT] 
2026-09-17 20:38:21,119 [ERROR] LogOutputStream:75 - [STDERR_REDIRECT] [Fatal Error] :1:1: Premature end of file.
2026-09-17 20:38:21,121 [ERROR] LogOutputStream:75 - [STDERR_REDIRECT] 
2026-09-17 20:38:22,118 [ERROR] LogOutputStream:75 - [STDERR_REDIRECT] [Fatal Error] :1:1: Premature end of file.
2026-09-17 20:38:22,118 [ERROR] LogOutputStream:75 - [STDERR_REDIRECT] 
2026-09-17 20:38:23,132 [ERROR] LogOutputStream:75 - [STDERR_REDIRECT] [Fatal Error] :1:1: Premature end of file.
2026-09-17 20:38:23,132 [ERROR] LogOutputStream:75 - [STDERR_REDIRECT] 
2026-09-17 20:38:24,124 [ERROR] LogOutputStream:75 - [STDERR_REDIRECT] [Fatal Error] :1:1: Premature end of file.
2026-09-17 20:38:24,124 [ERROR] LogOutputStream:75 - [STDERR_REDIRECT] 
2026-09-17 20:38:25,134 [ERROR] LogOutputStream:75 - [STDERR_REDIRECT] [Fatal Error] :1:1: Premature end of file.
2026-09-17 20:38:25,134 [ERROR] LogOutputStream:75 - [STDERR_REDIRECT] 
2026-09-17 20:38:26,128 [ERROR] LogOutputStream:75 - [STDERR_REDIRECT] [Fatal Error] :1:1: Premature end of file.
2026-09-17 20:38:26,129 [ERROR] LogOutputStream:75 - [STDERR_REDIRECT] 
2026-09-17 20:38:27,122 [ERROR] LogOutputStream:75 - [STDERR_REDIRECT] [Fatal Error] :1:1: Premature end of file.
2026-09-17 20:38:27,122 [ERROR] LogOutputStream:75 - [STDERR_REDIRECT] 
2026-09-17 20:38:28,130 [ERROR] LogOutputStream:75 - [STDERR_REDIRECT] [Fatal Error] :1:1: Premature end of file.
2026-09-17 20:38:28,131 [ERROR] LogOutputStream:75 - [STDERR_REDIRECT] 
2026-09-17 20:38:29,124 [ERROR] LogOutputStream:75 - [STDERR_REDIRECT] [Fatal Error] :1:1: Premature end of file.
2026-09-17 20:38:29,124 [ERROR] LogOutputStream:75 - [STDERR_REDIRECT] 
2026-09-17 20:38:30,119 [ERROR] LogOutputStream:75 - [STDERR_REDIRECT] [Fatal Error] :1:1: Premature end of file.
2026-09-17 20:38:30,119 [ERROR] LogOutputStream:75 - [STDERR_REDIRECT] 
2026-09-17 20:38:31,129 [ERROR] LogOutputStream:75 - [STDERR_REDIRECT] [Fatal Error] :1:1: Premature end of file.
2026-09-17 20:38:31,129 [ERROR] LogOutputStream:75 - [STDERR_REDIRECT] 
2026-09-17 20:38:32,121 [ERROR] LogOutputStream:75 - [STDERR_REDIRECT] [Fatal Error] :1:1: Premature end of file.
2026-09-17 20:38:32,121 [ERROR] LogOutputStream:75 - [STDERR_REDIRECT] 
2026-09-17 20:38:33,126 [ERROR] LogOutputStream:75 - [STDERR_REDIRECT] [Fatal Error] :1:1: Premature end of file.
2026-09-17 20:38:33,126 [ERROR] LogOutputStream:75 - [STDERR_REDIRECT] 
2026-09-17 20:38:34,135 [ERROR] LogOutputStream:75 - [STDERR_REDIRECT] [Fatal Error] :1:1: Premature end of file.
2026-09-17 20:38:34,135 [ERROR] LogOutputStream:75 - [STDERR_REDIRECT] 
2026-09-17 20:38:35,124 [ERROR] LogOutputStream:75 - [STDERR_REDIRECT] [Fatal Error] :1:1: Premature end of file.
2026-09-17 20:38:35,125 [ERROR] LogOutputStream:75 - [STDERR_REDIRECT] 
2026-09-17 20:38:36,131 [ERROR] LogOutputStream:75 - [STDERR_REDIRECT] [Fatal Error] :1:1: Premature end of file.
2026-09-17 20:38:36,131 [ERROR] LogOutputStream:75 - [STDERR_REDIRECT] 
2026-09-17 20:38:37,125 [ERROR] LogOutputStream:75 - [STDERR_REDIRECT] [Fatal Error] :1:1: Premature end of file.
2026-09-17 20:38:37,126 [ERROR] LogOutputStream:75 - [STDERR_REDIRECT] 
2026-09-17 20:38:38,122 [ERROR] LogOutputStream:75 - [STDERR_REDIRECT] [Fatal Error] :1:1: Premature end of file.
2026-09-17 20:38:38,122 [ERROR] LogOutputStream:75 - [STDERR_REDIRECT] 
2026-09-17 20:38:39,124 [ERROR] LogOutputStream:75 - [STDERR_REDIRECT] [Fatal Error] :1:1: Premature end of file.
2026-09-17 20:38:39,124 [ERROR] LogOutputStream:75 - [STDERR_REDIRECT] 
2026-09-17 20:38:40,121 [ERROR] LogOutputStream:75 - [STDERR_REDIRECT] [Fatal Error] :1:1: Premature end of file.
2026-09-17 20:38:40,121 [ERROR] LogOutputStream:75 - [STDERR_REDIRECT] 
2026-09-17 20:38:41,119 [ERROR] LogOutputStream:75 - [STDERR_REDIRECT] [Fatal Error] :1:1: Premature end of file.
2026-09-17 20:38:41,119 [ERROR] LogOutputStream:75 - [STDERR_REDIRECT] 
2026-09-17 20:38:42,117 [ERROR] LogOutputStream:75 - [STDERR_REDIRECT] [Fatal Error] :1:1: Premature end of file.
2026-09-17 20:38:42,117 [ERROR] LogOutputStream:75 - [STDERR_REDIRECT] 
2026-09-17 20:38:43,130 [ERROR] LogOutputStream:75 - [STDERR_REDIRECT] [Fatal Error] :1:1: Premature end of file.
2026-09-17 20:38:43,130 [ERROR] LogOutputStream:75 - [STDERR_REDIRECT] 
2026-09-17 20:38:44,119 [ERROR] LogOutputStream:75 - [STDERR_REDIRECT] [Fatal Error] :1:1: Premature end of file.
2026-09-17 20:38:44,119 [ERROR] LogOutputStream:75 - [STDERR_REDIRECT] 
2026-09-17 20:38:45,119 [ERROR] LogOutputStream:75 - [STDERR_REDIRECT] [Fatal Error] :1:1: Premature end of file.
2026-09-17 20:38:45,119 [ERROR] LogOutputStream:75 - [STDERR_REDIRECT] 
2026-09-17 20:38:46,118 [ERROR] LogOutputStream:75 - [STDERR_REDIRECT] [Fatal Error] :1:1: Premature end of file.
2026-09-17 20:38:46,144 [ERROR] LogOutputStream:75 - [STDERR_REDIRECT] 
2026-09-17 20:38:47,115 [ERROR] LogOutputStream:75 - [STDERR_REDIRECT] [Fatal Error] :1:1: Premature end of file.
2026-09-17 20:38:47,115 [ERROR] LogOutputStream:75 - [STDERR_REDIRECT] 
2026-09-17 20:38:48,117 [ERROR] LogOutputStream:75 - [STDERR_REDIRECT] [Fatal Error] :1:1: Premature end of file.
2026-09-17 20:38:48,117 [ERROR] LogOutputStream:75 - [STDERR_REDIRECT] 
2026-09-17 20:38:49,132 [ERROR] LogOutputStream:75 - [STDERR_REDIRECT] [Fatal Error] :1:1: Premature end of file.
2026-09-17 20:38:49,132 [ERROR] LogOutputStream:75 - [STDERR_REDIRECT] 
2026-09-17 20:38:50,149 [ERROR] LogOutputStream:75 - [STDERR_REDIRECT] [Fatal Error] :1:1: Premature end of file.
2026-09-17 20:38:50,150 [ERROR] LogOutputStream:75 - [STDERR_REDIRECT] 
2026-09-17 20:38:51,125 [ERROR] LogOutputStream:75 - [STDERR_REDIRECT] [Fatal Error] :1:1: Premature end of file.
2026-09-17 20:38:51,125 [ERROR] LogOutputStream:75 - [STDERR_REDIRECT] 
2026-09-17 20:38:52,132 [ERROR] LogOutputStream:75 - [STDERR_REDIRECT] [Fatal Error] :1:1: Premature end of file.
2026-09-17 20:38:52,132 [ERROR] LogOutputStream:75 - [STDERR_REDIRECT] 
2026-09-17 20:38:53,118 [ERROR] LogOutputStream:75 - [STDERR_REDIRECT] [Fatal Error] :1:1: Premature end of file.
2026-09-17 20:38:53,118 [ERROR] LogOutputStream:75 - [STDERR_REDIRECT] 
2026-09-17 20:38:54,116 [ERROR] LogOutputStream:75 - [STDERR_REDIRECT] [Fatal Error] :1:1: Premature end of file.
2026-09-17 20:38:54,116 [ERROR] LogOutputStream:75 - [STDERR_REDIRECT] 
2026-09-17 20:38:55,131 [ERROR] LogOutputStream:75 - [STDERR_REDIRECT] [Fatal Error] :1:1: Premature end of file.
2026-09-17 20:38:55,131 [ERROR] LogOutputStream:75 - [STDERR_REDIRECT] 
2026-09-17 20:38:56,126 [ERROR] LogOutputStream:75 - [STDERR_REDIRECT] [Fatal Error] :1:1: Premature end of file.
2026-09-17 20:38:56,126 [ERROR] LogOutputStream:75 - [STDERR_REDIRECT] 
2026-09-17 20:38:57,123 [ERROR] LogOutputStream:75 - [STDERR_REDIRECT] [Fatal Error] :1:1: Premature end of file.
2026-09-17 20:38:57,123 [ERROR] LogOutputStream:75 - [STDERR_REDIRECT] 
2026-09-17 20:38:58,130 [ERROR] LogOutputStream:75 - [STDERR_REDIRECT] [Fatal Error] :1:1: Premature end of file.
2026-09-17 20:38:58,130 [ERROR] LogOutputStream:75 - [STDERR_REDIRECT] 
2026-09-17 20:38:59,116 [ERROR] LogOutputStream:75 - [STDERR_REDIRECT] [Fatal Error] :1:1: Premature end of file.
2026-09-17 20:38:59,117 [ERROR] LogOutputStream:75 - [STDERR_REDIRECT] 
2026-09-17 20:39:00,128 [ERROR] LogOutputStream:75 - [STDERR_REDIRECT] [Fatal Error] :1:1: Premature end of file.
2026-09-17 20:39:00,129 [ERROR] LogOutputStream:75 - [STDERR_REDIRECT] 
2026-09-17 20:39:01,131 [ERROR] LogOutputStream:75 - [STDERR_REDIRECT] [Fatal Error] :1:1: Premature end of file.
2026-09-17 20:39:01,148 [ERROR] LogOutputStream:75 - [STDERR_REDIRECT] 
2026-09-17 20:39:02,123 [ERROR] LogOutputStream:75 - [STDERR_REDIRECT] [Fatal Error] :1:1: Premature end of file.
2026-09-17 20:39:02,123 [ERROR] LogOutputStream:75 - [STDERR_REDIRECT] 
2026-09-17 20:39:03,115 [ERROR] LogOutputStream:75 - [STDERR_REDIRECT] [Fatal Error] :1:1: Premature end of file.
2026-09-17 20:39:03,115 [ERROR] LogOutputStream:75 - [STDERR_REDIRECT] 
2026-09-17 20:39:04,126 [ERROR] LogOutputStream:75 - [STDERR_REDIRECT] [Fatal Error] :1:1: Premature end of file.
2026-09-17 20:39:04,126 [ERROR] LogOutputStream:75 - [STDERR_REDIRECT] 
2026-09-17 20:39:05,124 [ERROR] LogOutputStream:75 - [STDERR_REDIRECT] [Fatal Error] :1:1: Premature end of file.
2026-09-17 20:39:05,124 [ERROR] LogOutputStream:75 - [STDERR_REDIRECT] 
2026-09-17 20:39:06,118 [ERROR] LogOutputStream:75 - [STDERR_REDIRECT] [Fatal Error] :1:1: Premature end of file.
2026-09-17 20:39:06,118 [ERROR] LogOutputStream:75 - [STDERR_REDIRECT] 
2026-09-17 20:39:07,119 [ERROR] LogOutputStream:75 - [STDERR_REDIRECT] [Fatal Error] :1:1: Premature end of file.
2026-09-17 20:39:07,119 [ERROR] LogOutputStream:75 - [STDERR_REDIRECT] 
2026-09-17 20:39:08,118 [ERROR] LogOutputStream:75 - [STDERR_REDIRECT] [Fatal Error] :1:1: Premature end of file.
2026-09-17 20:39:08,118 [ERROR] LogOutputStream:75 - [STDERR_REDIRECT] 
2026-09-17 20:39:09,131 [ERROR] LogOutputStream:75 - [STDERR_REDIRECT] [Fatal Error] :1:1: Premature end of file.
2026-09-17 20:39:09,131 [ERROR] LogOutputStream:75 - [STDERR_REDIRECT] 
2026-09-17 20:39:10,124 [ERROR] LogOutputStream:75 - [STDERR_REDIRECT] [Fatal Error] :1:1: Premature end of file.
2026-09-17 20:39:10,124 [ERROR] LogOutputStream:75 - [STDERR_REDIRECT] 
2026-09-17 20:39:11,124 [ERROR] LogOutputStream:75 - [STDERR_REDIRECT] [Fatal Error] :1:1: Premature end of file.
2026-09-17 20:39:11,124 [ERROR] LogOutputStream:75 - [STDERR_REDIRECT] 
2026-09-17 20:39:12,120 [ERROR] LogOutputStream:75 - [STDERR_REDIRECT] [Fatal Error] :1:1: Premature end of file.
2026-09-17 20:39:12,120 [ERROR] LogOutputStream:75 - [STDERR_REDIRECT] 
2026-09-17 20:39:12,982 [ERROR] LogOutputStream:75 - [STDERR_REDIRECT] 
2026-09-17 20:39:12,984 [ERROR] LogOutputStream:75 - [STDERR_REDIRECT] 
2026-09-17 20:39:17,715 [INFO] Activator:176 - 


2026-09-17 20:39:17,716 [INFO] Activator:177 - !SESSION log4j initialized
2026-09-17 20:39:30,943 [INFO] LogOutputStream:77 - [STDOUT_REDIRECT] 
2026-09-17 20:39:33,069 [INFO] ApplicationProperties:184 - Using Application install path: C:\ST\STM32CubeIDE_1.19.0\STM32CubeIDE\plugins\com.st.stm32cube.common.mx_6.15.0.202507011659
2026-09-17 20:39:33,090 [INFO] DbMcusXml:78 - Set database path to: C:\ST\STM32CubeIDE_1.19.0\STM32CubeIDE\plugins\com.st.stm32cube.common.mx_6.15.0.202507011659\\db\/mcu/
2026-09-17 20:39:33,090 [INFO] ApiDb:274 - Set plugin database path to: C:\ST\STM32CubeIDE_1.19.0\STM32CubeIDE\plugins\com.st.stm32cube.common.mx_6.15.0.202507011659\\db\/plugins/boardmanager/
2026-09-17 20:39:33,090 [WARN] ApiDb:259 - Overriding images path with different value:  => C:\ST\STM32CubeIDE_1.19.0\STM32CubeIDE\plugins\com.st.stm32cube.common.mx_6.15.0.202507011659\\db\/plugins/mcufinder/images/
2026-09-17 20:39:33,108 [INFO] ApiDb:250 - Set database path to: C:\Users\alang\.stmcufinder\plugins\mcufinder//mcu/
2026-09-17 20:39:33,108 [INFO] DbMcusAds:125 - Set database path to: C:\Users\alang\.stmcufinder\plugins\mcufinder//mcu/
2026-09-17 20:39:33,114 [INFO] CrossReferenceDbSqlite:203 - Set database path to: C:\Users\alang\.stmcufinder\plugins\mcufinder//mcu/cs/
2026-09-17 20:39:33,239 [INFO] DbMcusXml:78 - Set database path to: C:\ST\STM32CubeIDE_1.19.0\STM32CubeIDE\plugins\com.st.stm32cube.common.mx_6.15.0.202507011659\\db\/mcu/
2026-09-17 20:39:33,239 [INFO] ApiDb:274 - Set plugin database path to: C:\ST\STM32CubeIDE_1.19.0\STM32CubeIDE\plugins\com.st.stm32cube.common.mx_6.15.0.202507011659\\db\/plugins/boardmanager/
2026-09-17 20:39:33,240 [INFO] ApiDb:261 - Set plugin images path to: C:\ST\STM32CubeIDE_1.19.0\STM32CubeIDE\plugins\com.st.stm32cube.common.mx_6.15.0.202507011659\\db\/plugins/mcufinder/images/
2026-09-17 20:39:33,240 [WARN] DbFile:41 - Overriding database path with different value: C:\Users\alang\.stmcufinder\plugins\mcufinder/ => C:\Users\alang\.stmcufinder\plugins\mcufinder
2026-09-17 20:39:33,240 [INFO] ApiDb:250 - Set database path to: C:\Users\alang\.stmcufinder\plugins\mcufinder//mcu/
2026-09-17 20:39:33,240 [WARN] DbFile:41 - Overriding database path with different value: C:\Users\alang\.stmcufinder\plugins\mcufinder/ => C:\Users\alang\.stmcufinder\plugins\mcufinder
2026-09-17 20:39:33,240 [INFO] DbMcusAds:125 - Set database path to: C:\Users\alang\.stmcufinder\plugins\mcufinder//mcu/
2026-09-17 20:39:33,240 [WARN] DbFile:41 - Overriding database path with different value: C:\Users\alang\.stmcufinder\plugins\mcufinder/ => C:\Users\alang\.stmcufinder\plugins\mcufinder
2026-09-17 20:39:33,240 [WARN] DbFile:41 - Overriding database path with different value: C:\Users\alang\.stmcufinder\plugins\mcufinder/ => C:\Users\alang\.stmcufinder\plugins\mcufinder
2026-09-17 20:39:33,240 [INFO] CrossReferenceDbSqlite:203 - Set database path to: C:\Users\alang\.stmcufinder\plugins\mcufinder//mcu/cs/
2026-09-17 20:39:33,289 [INFO] MainPanel:274 - HeapMemory: 268435456
2026-09-17 20:39:33,377 [INFO] DbMcusXml:78 - Set database path to: C:\ST\STM32CubeIDE_1.19.0\STM32CubeIDE\plugins\com.st.stm32cube.common.mx_6.15.0.202507011659\\db\/mcu/
2026-09-17 20:39:33,377 [INFO] ApiDb:274 - Set plugin database path to: C:\ST\STM32CubeIDE_1.19.0\STM32CubeIDE\plugins\com.st.stm32cube.common.mx_6.15.0.202507011659\\db\/plugins/boardmanager/
2026-09-17 20:39:33,377 [INFO] ApiDb:261 - Set plugin images path to: C:\ST\STM32CubeIDE_1.19.0\STM32CubeIDE\plugins\com.st.stm32cube.common.mx_6.15.0.202507011659\\db\/plugins/mcufinder/images/
2026-09-17 20:39:33,377 [WARN] DbFile:41 - Overriding database path with different value: C:\Users\alang\.stmcufinder\plugins\mcufinder/ => C:\Users\alang\.stmcufinder\plugins\mcufinder
2026-09-17 20:39:33,377 [INFO] ApiDb:250 - Set database path to: C:\Users\alang\.stmcufinder\plugins\mcufinder//mcu/
2026-09-17 20:39:33,377 [WARN] DbFile:41 - Overriding database path with different value: C:\Users\alang\.stmcufinder\plugins\mcufinder/ => C:\Users\alang\.stmcufinder\plugins\mcufinder
2026-09-17 20:39:33,377 [INFO] DbMcusAds:125 - Set database path to: C:\Users\alang\.stmcufinder\plugins\mcufinder//mcu/
2026-09-17 20:39:33,377 [WARN] DbFile:41 - Overriding database path with different value: C:\Users\alang\.stmcufinder\plugins\mcufinder/ => C:\Users\alang\.stmcufinder\plugins\mcufinder
2026-09-17 20:39:33,377 [WARN] DbFile:41 - Overriding database path with different value: C:\Users\alang\.stmcufinder\plugins\mcufinder/ => C:\Users\alang\.stmcufinder\plugins\mcufinder
2026-09-17 20:39:33,377 [INFO] CrossReferenceDbSqlite:203 - Set database path to: C:\Users\alang\.stmcufinder\plugins\mcufinder//mcu/cs/
2026-09-17 20:39:33,394 [INFO] ApplicationProperties:184 - Using Application install path: C:\ST\STM32CubeIDE_1.19.0\STM32CubeIDE\plugins\com.st.stm32cube.common.mx_6.15.0.202507011659
2026-09-17 20:39:33,395 [INFO] PluginManage:196 - Search for loadable plugins [exclusion list=, ]
2026-09-17 20:39:33,396 [INFO] PluginManage:310 - Check plugin analytics
2026-09-17 20:39:33,568 [INFO] AnalyticsPlugin:253 - Accepted Software Licenses: 
2026-09-17 20:39:33,569 [INFO] AnalyticsPlugin:255 - Accepted CMSIS Pack Licenses: 
2026-09-17 20:39:33,569 [INFO] AnalyticsPlugin:257 - Accepted Firmware Licenses: FW.F4.1.28.0
2026-09-17 20:39:33,571 [INFO] PluginManage:359 - Loaded plugin analytics (category:tool,tabindex:-1)
2026-09-17 20:39:33,572 [INFO] PluginManage:310 - Check plugin cadmodel
2026-09-17 20:39:33,576 [INFO] CADModel:105 - Init CAD model plugin
2026-09-17 20:39:33,577 [INFO] PluginManage:359 - Loaded plugin cadmodel (category:power,tabindex:5)
2026-09-17 20:39:33,577 [INFO] PluginManage:310 - Check plugin clock
2026-09-17 20:39:33,585 [INFO] PluginManage:359 - Loaded plugin clock (category:base,tabindex:2)
2026-09-17 20:39:33,585 [INFO] PluginManage:310 - Check plugin ddr
2026-09-17 20:39:33,586 [INFO] PluginManage:359 - Loaded plugin ddr (category:tool,tabindex:6)
2026-09-17 20:39:33,586 [INFO] PluginManage:310 - Check plugin filemanager
2026-09-17 20:39:33,713 [INFO] PluginManage:359 - Loaded plugin filemanager (category:base,tabindex:10)
2026-09-17 20:39:33,713 [INFO] PluginManage:310 - Check plugin ipmanager
2026-09-17 20:39:33,718 [INFO] PluginManage:359 - Loaded plugin ipmanager (category:base,tabindex:5)
2026-09-17 20:39:33,718 [INFO] PluginManage:310 - Check plugin lpbam
2026-09-17 20:39:33,726 [INFO] PluginManage:359 - Loaded plugin lpbam (category:base,tabindex:0)
2026-09-17 20:39:33,726 [INFO] PluginManage:310 - Check plugin memorymap
2026-09-17 20:39:33,736 [INFO] PluginManage:359 - Loaded plugin memorymap (category:base,tabindex:4)
2026-09-17 20:39:33,736 [INFO] PluginManage:310 - Check plugin pinoutandconfiguration
2026-09-17 20:39:33,745 [INFO] PluginManage:359 - Loaded plugin pinoutandconfiguration (category:base,tabindex:1)
2026-09-17 20:39:33,745 [INFO] PluginManage:310 - Check plugin pinoutconfig
2026-09-17 20:39:33,909 [WARN] SupportedApi:132 - Cannot load RTOS API schema: s4s-elt-must-match.1: The content of 'definitions' must match (annotation?, (simpleType | complexType)?, (unique | key | keyref)*)). A problem was found starting at: attribute.
2026-09-17 20:39:34,018 [INFO] PluginManage:359 - Loaded plugin pinoutconfig (category:base,tabindex:0)
2026-09-17 20:39:34,018 [INFO] PluginManage:310 - Check plugin power
2026-09-17 20:39:34,025 [INFO] PluginManage:359 - Loaded plugin power (category:power,tabindex:4)
2026-09-17 20:39:34,025 [INFO] PluginManage:310 - Check plugin projectmanager
2026-09-17 20:39:34,042 [INFO] PluginManage:359 - Loaded plugin projectmanager (category:projectmanager,tabindex:4)
2026-09-17 20:39:34,042 [INFO] PluginManage:310 - Check plugin rif
2026-09-17 20:39:34,050 [INFO] PluginManage:359 - Loaded plugin rif (category:base,tabindex:3)
2026-09-17 20:39:34,050 [INFO] PluginManage:310 - Check plugin thirdparty
2026-09-17 20:39:34,149 [INFO] PluginManage:359 - Loaded plugin thirdparty (category:base,tabindex:-1)
2026-09-17 20:39:34,149 [WARN] IntegrityCheckThread:84 - waiting for thirdparty lock release [integrity check]
2026-09-17 20:39:34,150 [INFO] PluginManage:310 - Check plugin tools
2026-09-17 20:39:34,150 [INFO] IntegrityCheckThread:86 - entering critical section [integrity check]
2026-09-17 20:39:34,150 [INFO] ThirdPartyUpdaterWithRetryManager:70 - Updater plugin not ready yet. [1/15]
2026-09-17 20:39:34,152 [INFO] PluginManage:359 - Loaded plugin tools (category:base,tabindex:7)
2026-09-17 20:39:34,152 [INFO] PluginManage:310 - Check plugin tutovideos
2026-09-17 20:39:34,303 [INFO] PluginManage:359 - Loaded plugin tutovideos (category:base,tabindex:-1)
2026-09-17 20:39:34,304 [INFO] PluginManage:310 - Check plugin updater
2026-09-17 20:39:34,326 [INFO] PluginManage:359 - Loaded plugin updater (category:base,tabindex:12)
2026-09-17 20:39:34,326 [INFO] PluginManage:310 - Check plugin userauth
2026-09-17 20:39:34,329 [INFO] UserAuth:118 - Init User Auth plugin
2026-09-17 20:39:34,330 [INFO] PluginManage:359 - Loaded plugin userauth (category:base,tabindex:14)
2026-09-17 20:39:34,330 [INFO] PluginManage:283 - PluginManage : Loaded plugins [18]
2026-09-17 20:39:34,563 [INFO] PinOutPanel:1589 - setPackage(No Configuration,No Configuration)
2026-09-17 20:39:34,631 [INFO] CADModel:165 - CPN selected for project level
2026-09-17 20:39:34,631 [INFO] CADModel:114 - Register for checkConnection events
2026-09-17 20:39:34,648 [INFO] IPUIPlugin:80 - create IPUIPlugin
2026-09-17 20:39:34,648 [INFO] PluginManager:220 - loadIPPluginJar : add adc
2026-09-17 20:39:34,651 [INFO] IPUIPlugin:80 - create IPUIPlugin
2026-09-17 20:39:34,651 [INFO] PluginManager:220 - loadIPPluginJar : add aes
2026-09-17 20:39:34,654 [INFO] IPUIPlugin:80 - create IPUIPlugin
2026-09-17 20:39:34,654 [INFO] PluginManager:220 - loadIPPluginJar : add can
2026-09-17 20:39:34,655 [INFO] IPUIPlugin:80 - create IPUIPlugin
2026-09-17 20:39:34,655 [INFO] PluginManager:220 - loadIPPluginJar : add comp
2026-09-17 20:39:34,659 [INFO] IPUIPlugin:80 - create IPUIPlugin
2026-09-17 20:39:34,659 [INFO] PluginManager:220 - loadIPPluginJar : add cryp
2026-09-17 20:39:34,662 [INFO] IPUIPlugin:80 - create IPUIPlugin
2026-09-17 20:39:34,662 [INFO] PluginManager:220 - loadIPPluginJar : add ddr_ctrl_phy
2026-09-17 20:39:34,665 [INFO] IPUIPlugin:80 - create IPUIPlugin
2026-09-17 20:39:34,666 [INFO] PluginManager:220 - loadIPPluginJar : add dfsdm
2026-09-17 20:39:34,671 [INFO] IPUIPlugin:80 - create IPUIPlugin
2026-09-17 20:39:34,672 [INFO] PluginManager:220 - loadIPPluginJar : add dma
2026-09-17 20:39:34,675 [INFO] IPUIPlugin:80 - create IPUIPlugin
2026-09-17 20:39:34,675 [INFO] PluginManager:220 - loadIPPluginJar : add dma3
2026-09-17 20:39:34,678 [INFO] IPUIPlugin:80 - create IPUIPlugin
2026-09-17 20:39:34,678 [INFO] PluginManager:220 - loadIPPluginJar : add extmemmanager
2026-09-17 20:39:34,679 [INFO] IPUIPlugin:80 - create IPUIPlugin
2026-09-17 20:39:34,679 [INFO] PluginManager:220 - loadIPPluginJar : add fatfs
2026-09-17 20:39:34,683 [INFO] IPUIPlugin:80 - create IPUIPlugin
2026-09-17 20:39:34,683 [INFO] PluginManager:220 - loadIPPluginJar : add fmc
2026-09-17 20:39:34,689 [INFO] IPUIPlugin:80 - create IPUIPlugin
2026-09-17 20:39:34,689 [INFO] PluginManager:220 - loadIPPluginJar : add freertos
2026-09-17 20:39:34,691 [INFO] IPUIPlugin:80 - create IPUIPlugin
2026-09-17 20:39:34,691 [INFO] PluginManager:220 - loadIPPluginJar : add genericplugin
2026-09-17 20:39:34,693 [INFO] IPUIPlugin:80 - create IPUIPlugin
2026-09-17 20:39:34,693 [INFO] PluginManager:220 - loadIPPluginJar : add gfxmmu
2026-09-17 20:39:34,696 [INFO] IPUIPlugin:80 - create IPUIPlugin
2026-09-17 20:39:34,697 [INFO] PluginManager:220 - loadIPPluginJar : add gic
2026-09-17 20:39:34,700 [INFO] IPUIPlugin:80 - create IPUIPlugin
2026-09-17 20:39:34,700 [INFO] PluginManager:220 - loadIPPluginJar : add gpio
2026-09-17 20:39:34,702 [INFO] IPUIPlugin:80 - create IPUIPlugin
2026-09-17 20:39:34,702 [INFO] PluginManager:220 - loadIPPluginJar : add gtzc
2026-09-17 20:39:34,703 [INFO] IPUIPlugin:80 - create IPUIPlugin
2026-09-17 20:39:34,704 [INFO] PluginManager:220 - loadIPPluginJar : add hash
2026-09-17 20:39:34,706 [INFO] IPUIPlugin:80 - create IPUIPlugin
2026-09-17 20:39:34,706 [INFO] PluginManager:220 - loadIPPluginJar : add i2c
2026-09-17 20:39:34,708 [INFO] IPUIPlugin:80 - create IPUIPlugin
2026-09-17 20:39:34,708 [INFO] PluginManager:220 - loadIPPluginJar : add i2s
2026-09-17 20:39:34,710 [INFO] IPUIPlugin:80 - create IPUIPlugin
2026-09-17 20:39:34,710 [INFO] PluginManager:220 - loadIPPluginJar : add i3c
2026-09-17 20:39:34,713 [INFO] IPUIPlugin:80 - create IPUIPlugin
2026-09-17 20:39:34,713 [INFO] PluginManager:220 - loadIPPluginJar : add ipddr
2026-09-17 20:39:34,725 [INFO] IPUIPlugin:80 - create IPUIPlugin
2026-09-17 20:39:34,725 [INFO] PluginManager:220 - loadIPPluginJar : add linkedlist
2026-09-17 20:39:34,728 [INFO] IPUIPlugin:80 - create IPUIPlugin
2026-09-17 20:39:34,728 [INFO] PluginManager:220 - loadIPPluginJar : add lorawan
2026-09-17 20:39:34,729 [INFO] IPUIPlugin:80 - create IPUIPlugin
2026-09-17 20:39:34,729 [INFO] PluginManager:220 - loadIPPluginJar : add ltdc
2026-09-17 20:39:34,733 [INFO] IPUIPlugin:80 - create IPUIPlugin
2026-09-17 20:39:34,733 [INFO] PluginManager:220 - loadIPPluginJar : add mdma
2026-09-17 20:39:34,735 [INFO] IPUIPlugin:80 - create IPUIPlugin
2026-09-17 20:39:34,735 [INFO] PluginManager:220 - loadIPPluginJar : add nvic
2026-09-17 20:39:34,738 [INFO] IPUIPlugin:80 - create IPUIPlugin
2026-09-17 20:39:34,738 [INFO] PluginManager:220 - loadIPPluginJar : add opamp
2026-09-17 20:39:34,740 [INFO] IPUIPlugin:80 - create IPUIPlugin
2026-09-17 20:39:34,740 [INFO] PluginManager:220 - loadIPPluginJar : add openamp
2026-09-17 20:39:34,743 [INFO] IPUIPlugin:80 - create IPUIPlugin
2026-09-17 20:39:34,743 [INFO] PluginManager:220 - loadIPPluginJar : add pdm2pcm
2026-09-17 20:39:34,747 [INFO] IPUIPlugin:80 - create IPUIPlugin
2026-09-17 20:39:34,749 [INFO] PluginManager:220 - loadIPPluginJar : add plateformsettings
2026-09-17 20:39:34,750 [INFO] IPUIPlugin:80 - create IPUIPlugin
2026-09-17 20:39:34,750 [INFO] PluginManager:220 - loadIPPluginJar : add quadspi
2026-09-17 20:39:34,752 [INFO] IPUIPlugin:80 - create IPUIPlugin
2026-09-17 20:39:34,753 [INFO] PluginManager:220 - loadIPPluginJar : add radio
2026-09-17 20:39:34,755 [INFO] IPUIPlugin:80 - create IPUIPlugin
2026-09-17 20:39:34,755 [INFO] PluginManager:220 - loadIPPluginJar : add resmgrutility
2026-09-17 20:39:34,759 [INFO] IPUIPlugin:80 - create IPUIPlugin
2026-09-17 20:39:34,759 [INFO] PluginManager:220 - loadIPPluginJar : add sai
2026-09-17 20:39:34,762 [INFO] IPUIPlugin:80 - create IPUIPlugin
2026-09-17 20:39:34,762 [INFO] PluginManager:220 - loadIPPluginJar : add spi
2026-09-17 20:39:34,768 [INFO] IPUIPlugin:80 - create IPUIPlugin
2026-09-17 20:39:34,768 [INFO] PluginManager:220 - loadIPPluginJar : add stm32_wpan
2026-09-17 20:39:34,769 [INFO] IPUIPlugin:80 - create IPUIPlugin
2026-09-17 20:39:34,769 [INFO] PluginManager:220 - loadIPPluginJar : add tim
2026-09-17 20:39:34,772 [INFO] IPUIPlugin:80 - create IPUIPlugin
2026-09-17 20:39:34,772 [INFO] PluginManager:220 - loadIPPluginJar : add touchsensing
2026-09-17 20:39:34,773 [INFO] IPUIPlugin:80 - create IPUIPlugin
2026-09-17 20:39:34,773 [INFO] PluginManager:220 - loadIPPluginJar : add tracer_emb
2026-09-17 20:39:34,775 [INFO] IPUIPlugin:80 - create IPUIPlugin
2026-09-17 20:39:34,775 [INFO] PluginManager:220 - loadIPPluginJar : add ts
2026-09-17 20:39:34,776 [INFO] IPUIPlugin:80 - create IPUIPlugin
2026-09-17 20:39:34,777 [INFO] PluginManager:220 - loadIPPluginJar : add tsc
2026-09-17 20:39:34,778 [INFO] IPUIPlugin:80 - create IPUIPlugin
2026-09-17 20:39:34,778 [INFO] PluginManager:220 - loadIPPluginJar : add ucpd
2026-09-17 20:39:34,780 [INFO] IPUIPlugin:80 - create IPUIPlugin
2026-09-17 20:39:34,780 [INFO] PluginManager:220 - loadIPPluginJar : add usart
2026-09-17 20:39:34,782 [INFO] IPUIPlugin:80 - create IPUIPlugin
2026-09-17 20:39:34,782 [INFO] PluginManager:220 - loadIPPluginJar : add usbx
2026-09-17 20:39:34,989 [FATAL] Updater:351 - Updater called before beeing initialized
2026-09-17 20:39:35,011 [ERROR] ConfigurationRetriever:142 - IOException on connection: Read timed out
2026-09-17 20:39:35,064 [INFO] RulesReader:64 - Compatibility file has been processed (317 Rules)
2026-09-17 20:39:35,080 [INFO] RulesReader:64 - Compatibility file has been processed (317 Rules)
2026-09-17 20:39:35,089 [INFO] CADModel:165 - CPN selected for project level
2026-09-17 20:39:35,089 [INFO] CADModel:114 - Register for checkConnection events
2026-09-17 20:39:35,089 [FATAL] Updater:351 - Updater called before beeing initialized
2026-09-17 20:39:35,090 [ERROR] CADModel:125 - Updater not yet initialized, retry later 
2026-09-17 20:39:35,225 [FATAL] Updater:351 - Updater called before beeing initialized
2026-09-17 20:39:35,227 [INFO] CADModel:165 - CPN selected for project level
2026-09-17 20:39:35,227 [INFO] CADModel:114 - Register for checkConnection events
2026-09-17 20:39:35,227 [FATAL] Updater:351 - Updater called before beeing initialized
2026-09-17 20:39:35,227 [ERROR] CADModel:125 - Updater not yet initialized, retry later 
2026-09-17 20:39:35,232 [FATAL] Updater:351 - Updater called before beeing initialized
2026-09-17 20:39:35,332 [FATAL] Updater:351 - Updater called before beeing initialized
2026-09-17 20:39:35,335 [INFO] DbMcusAds:53 - JSON generation date=Wed Jul 15 06:44:54 ART 2026 (1784108694001)
2026-09-17 20:39:35,335 [FATAL] Updater:351 - Updater called before beeing initialized
2026-09-17 20:39:35,363 [WARN] DetailPanel:346 - Failed to get advertising image, set to default
2026-09-17 20:39:35,437 [FATAL] Updater:351 - Updater called before beeing initialized
2026-09-17 20:39:35,439 [FATAL] Updater:351 - Updater called before beeing initialized
2026-09-17 20:39:35,439 [FATAL] Updater:351 - Updater called before beeing initialized
2026-09-17 20:39:35,439 [WARN] DetailPanel:346 - Failed to get advertising image, set to default
2026-09-17 20:39:35,440 [FATAL] Updater:351 - Updater called before beeing initialized
2026-09-17 20:39:35,471 [ERROR] Updater:1198 - MainUpdater not yet initialized. External WinMGr cannot be set.
2026-09-17 20:39:35,472 [INFO] Updater:1134 - Updater Version found : 6.15.0
2026-09-17 20:39:35,484 [INFO] ApplicationProperties:184 - Using Application install path: C:\ST\STM32CubeIDE_1.19.0\STM32CubeIDE\plugins\com.st.stm32cube.common.mx_6.15.0.202507011659
2026-09-17 20:39:37,013 [ERROR] ConfigurationRetriever:142 - IOException on connection: Connect timed out
2026-09-17 20:39:37,061 [ERROR] LogOutputStream:75 - [STDERR_REDIRECT] Sep 17, 2026 8:39:37 PM java.util.prefs.WindowsPreferences <init>
2026-09-17 20:39:37,064 [ERROR] LogOutputStream:75 - [STDERR_REDIRECT] WARNING: Could not open/create prefs root node Software\JavaSoft\Prefs at root 0xffffffff80000002. Windows RegCreateKeyEx(...) returned error code 5.
2026-09-17 20:39:37,064 [ERROR] LogOutputStream:75 - [STDERR_REDIRECT] 
2026-09-17 20:39:37,152 [INFO] ThirdPartyUpdaterWithRetryManager:70 - Updater plugin not ready yet. [2/15]
2026-09-17 20:39:37,786 [INFO] MainUpdater:2872 - connection check result : 10
2026-09-17 20:39:37,786 [INFO] MainUpdater:289 - Updater Check For Update Now.
2026-09-17 20:39:37,787 [INFO] MicroXplorer:498 - Change Database Version : DB.6.0.150
2026-09-17 20:39:37,792 [INFO] McuFinderGlobals:63 - Set McuFinder mode to 2 (CubeIDE integrated)
2026-09-17 20:39:37,792 [INFO] UserAuth:487 - Internet connection configuration mode: 1
2026-09-17 20:39:37,825 [INFO] JxBrowserEngine:152 - Initiate JxBrowser Engine with user profile folder
2026-09-17 20:39:37,992 [INFO] CheckServerUpdateThread:120 - End of CheckServer Thread
2026-09-17 20:39:38,372 [INFO] WebApp:169 - Instantiating new browser for Auth
2026-09-17 20:39:39,126 [INFO] WebApp:463 - Apply proxy settings
2026-09-17 20:39:39,126 [INFO] WebApp:548 - Chromium requires no authentication
2026-09-17 20:39:39,133 [INFO] WebApp:491 - Direct internet connection detected
2026-09-17 20:39:39,148 [INFO] WebApp:900 - Register for checkConnection events
2026-09-17 20:39:39,148 [INFO] WebApp:463 - Apply proxy settings
2026-09-17 20:39:39,149 [INFO] WebApp:548 - Chromium requires no authentication
2026-09-17 20:39:39,149 [INFO] WebApp:491 - Direct internet connection detected
2026-09-17 20:39:39,278 [INFO] WebApp:225 - Starting web application
2026-09-17 20:39:39,278 [INFO] WebApp:593 - Web application path used C:\ST\STM32CubeIDE_1.19.0\STM32CubeIDE\plugins\com.st.stm32cube.common.mx_6.15.0.202507011659\db\plugins\mcufinder\reactClient1\index.html
2026-09-17 20:39:39,369 [INFO] UserAuth:487 - Internet connection configuration mode: 1
2026-09-17 20:39:39,435 [ERROR] LogOutputStream:75 - [STDERR_REDIRECT] [Fatal Error] :1:1: Premature end of file.
2026-09-17 20:39:39,435 [ERROR] LogOutputStream:75 - [STDERR_REDIRECT] 
2026-09-17 20:39:40,397 [WARN] PackLoader:240 - Cannot read IP mode file for STMicroelectronics.X-CUBE-AZRTOS-H7.3.5.0
2026-09-17 20:39:40,409 [WARN] PackLoader:240 - Cannot read IP mode file for STMicroelectronics.FP-ATR-ASTRA1.2.0.3
2026-09-17 20:39:40,419 [ERROR] Engine:466 - C:\Users\alang\.stm32cubemx\thirdparties\pdsc\STMicroelectronics.X-CUBE-SMBUS.2.1.1.pdsc: PDSC version is not supported
2026-09-17 20:39:40,440 [ERROR] LogOutputStream:75 - [STDERR_REDIRECT] [Fatal Error] :1:1: Premature end of file.
2026-09-17 20:39:40,440 [ERROR] LogOutputStream:75 - [STDERR_REDIRECT] 
2026-09-17 20:39:40,503 [WARN] PackLoader:240 - Cannot read IP mode file for STMicroelectronics.X-CUBE-AZRTOS-F7.1.1.0
2026-09-17 20:39:40,522 [WARN] PackLoader:240 - Cannot read IP mode file for STMicroelectronics.X-CUBE-FREERTOS.1.6.0
2026-09-17 20:39:40,529 [WARN] PackLoader:240 - Cannot read IP mode file for STMicroelectronics.FP-SNS-MOTENV1.5.1.0
2026-09-17 20:39:40,548 [WARN] PackLoader:240 - Cannot read IP mode file for STMicroelectronics.X-CUBE-AZRTOS-H7RS.1.3.0
2026-09-17 20:39:40,561 [WARN] PackLoader:240 - Cannot read IP mode file for WES.I-CUBE-Cesium.1.4.0
2026-09-17 20:39:40,566 [WARN] PackLoader:240 - Cannot read IP mode file for STMicroelectronics.X-CUBE-DISPLAY.3.0.0
2026-09-17 20:39:40,574 [WARN] PackLoader:240 - Cannot read IP mode file for STMicroelectronics.X-CUBE-GNSS1.7.1.1
2026-09-17 20:39:40,577 [WARN] PackLoader:240 - Cannot read IP mode file for STMicroelectronics.FP-SNS-MOTENVWB1.1.5.0
2026-09-17 20:39:40,583 [WARN] PackLoader:240 - Cannot read IP mode file for STMicroelectronics.X-CUBE-NFC10.1.0.0
2026-09-17 20:39:40,590 [WARN] PackLoader:240 - Cannot read IP mode file for STMicroelectronics.X-CUBE-ST60.1.1.0
2026-09-17 20:39:40,596 [WARN] PackLoader:240 - Cannot read IP mode file for emotas.I-CUBE-CANOPEN.1.3.0
2026-09-17 20:39:40,646 [WARN] PackLoader:240 - Cannot read IP mode file for wolfSSL.I-CUBE-wolfSSL.5.9.2
2026-09-17 20:39:40,648 [ERROR] Engine:466 - C:\Users\alang\.stm32cubemx\thirdparties\pdsc\STMicroelectronics.X-CUBE-WBA.1.1.0.pdsc: PDSC version is not supported
2026-09-17 20:39:40,652 [WARN] PackLoader:240 - Cannot read IP mode file for STMicroelectronics.FP-SNS-STBOX1.2.1.0
2026-09-17 20:39:40,658 [WARN] PackLoader:240 - Cannot read IP mode file for STMicroelectronics.FP-SNS-SMARTAG2.1.2.0
2026-09-17 20:39:40,663 [WARN] PackLoader:240 - Cannot read IP mode file for STMicroelectronics.FP-SNS-FLIGHT1.5.1.0
2026-09-17 20:39:40,676 [INFO] LogOutputStream:77 - [STDOUT_REDIRECT] 1 : Invalid condition id : UX_CORESTACK_Condition cause : null
2026-09-17 20:39:40,677 [INFO] LogOutputStream:77 - [STDOUT_REDIRECT] 1 : Invalid condition id : UX_CORESTACK_Condition cause : null
2026-09-17 20:39:40,678 [INFO] LogOutputStream:77 - [STDOUT_REDIRECT] 1 : Invalid condition id : UX_CORESTACK_Condition cause : null
2026-09-17 20:39:40,679 [INFO] LogOutputStream:77 - [STDOUT_REDIRECT] 1 : Invalid condition id : UX_CORESTACK_Condition cause : null
2026-09-17 20:39:40,681 [INFO] LogOutputStream:77 - [STDOUT_REDIRECT] 1 : Invalid condition id : UX_CORESTACK_Condition cause : null
2026-09-17 20:39:40,689 [WARN] PackLoader:240 - Cannot read IP mode file for STMicroelectronics.X-CUBE-AZRTOS-WL.2.0.0
2026-09-17 20:39:40,731 [WARN] PackLoader:240 - Cannot read IP mode file for STMicroelectronics.X-CUBE-BLE2.3.3.0
2026-09-17 20:39:40,820 [WARN] PackLoader:240 - Cannot read IP mode file for Infineon.AIROC-Wi-Fi-Bluetooth-STM32.1.8.0
2026-09-17 20:39:40,837 [WARN] PackLoader:240 - Cannot read IP mode file for STMicroelectronics.X-CUBE-NFC9.1.0.0
2026-09-17 20:39:40,846 [WARN] PackLoader:240 - Cannot read IP mode file for STMicroelectronics.X-CUBE-BLE1.7.1.0
2026-09-17 20:39:40,868 [WARN] PackLoader:240 - Cannot read IP mode file for wolfSSL.I-CUBE-wolfMQTT.1.19.2
2026-09-17 20:39:40,877 [WARN] PackLoader:240 - Cannot read IP mode file for STMicroelectronics.X-CUBE-EEPRMA1.5.2.0
2026-09-17 20:39:40,887 [WARN] PackLoader:240 - Cannot read IP mode file for STMicroelectronics.FP-SNS-STAIOTCFT.1.1.0
2026-09-17 20:39:40,931 [WARN] PackLoader:240 - Cannot read IP mode file for STMicroelectronics.X-CUBE-AZRTOS-G0.1.1.0
2026-09-17 20:39:40,950 [WARN] PackLoader:240 - Cannot read IP mode file for STMicroelectronics.X-CUBE-NFC4.3.0.0
2026-09-17 20:39:41,003 [WARN] PackLoader:240 - Cannot read IP mode file for EmbeddedOffice.I-CUBE-FS-RTOS.1.0.1
2026-09-17 20:39:41,064 [WARN] PackLoader:240 - Cannot read IP mode file for wolfSSL.I-CUBE-wolfTPM.3.8.0
2026-09-17 20:39:41,080 [WARN] PackLoader:240 - Cannot read IP mode file for STMicroelectronics.X-CUBE-TCPP.4.2.0
2026-09-17 20:39:41,098 [WARN] PackLoader:240 - Cannot read IP mode file for RealThread.X-CUBE-RT-Thread_Nano.4.1.1
2026-09-17 20:39:41,104 [WARN] PackLoader:240 - Cannot read IP mode file for STMicroelectronics.FP-ATR-SIGFOX1.3.2.0
2026-09-17 20:39:41,182 [WARN] PackLoader:240 - Cannot read IP mode file for ITTIA_DB.I-CUBE-ITTIADB.8.9.0
2026-09-17 20:39:41,208 [WARN] PackLoader:240 - Cannot read IP mode file for Cesanta.I-CUBE-Mongoose.7.21.7
2026-09-17 20:39:41,241 [WARN] PackLoader:240 - Cannot read IP mode file for STMicroelectronics.X-CUBE-NFC6.3.2.0
2026-09-17 20:39:41,250 [WARN] PackLoader:240 - Cannot read IP mode file for STMicroelectronics.X-CUBE-AI.10.2.1
2026-09-17 20:39:41,303 [WARN] PackLoader:240 - Cannot read IP mode file for SEGGER.I-CUBE-embOS.1.3.1
2026-09-17 20:39:41,379 [ERROR] ConfigurationRetriever:142 - IOException on connection: Read timed out
2026-09-17 20:39:41,399 [ERROR] Engine:466 - C:\Users\alang\.stm32cubemx\thirdparties\pdsc\STMicroelectronics.FP-SNS-STAIOTCFT.2.0.0.pdsc: PDSC version is not supported
2026-09-17 20:39:41,411 [WARN] PackLoader:240 - Cannot read IP mode file for STMicroelectronics.X-CUBE-NFC13.1.0.0
2026-09-17 20:39:41,435 [WARN] PackLoader:240 - Cannot read IP mode file for STMicroelectronics.X-CUBE-PM33A1.1.0.0
2026-09-17 20:39:41,474 [WARN] PackLoader:240 - Cannot read IP mode file for STMicroelectronics.X-CUBE-AZRTOS-F4.1.1.0
2026-09-17 20:39:41,512 [WARN] PackLoader:240 - Cannot read IP mode file for STMicroelectronics.X-CUBE-ISPU.2.1.0
2026-09-17 20:39:41,569 [WARN] PackLoader:240 - Cannot read IP mode file for STMicroelectronics.X-CUBE-IPS.3.2.0
2026-09-17 20:39:41,597 [WARN] PackLoader:240 - Cannot read IP mode file for STMicroelectronics.eDS-WB_DPC_TT-BIDIR.2.1.1
2026-09-17 20:39:41,605 [WARN] PackLoader:240 - Cannot read IP mode file for STMicroelectronics.X-CUBE-NFC12.1.0.0
2026-09-17 20:39:41,653 [WARN] PackLoader:240 - Cannot read IP mode file for STMicroelectronics.X-CUBE-AZRTOS-L5.2.0.0
2026-09-17 20:39:41,687 [WARN] PackLoader:240 - Cannot read IP mode file for STMicroelectronics.X-CUBE-ALGOBUILD.1.5.0
2026-09-17 20:39:41,694 [WARN] PackLoader:240 - Cannot read IP mode file for STMicroelectronics.eDS-WB_DPC_VIENNA.1.2.0
2026-09-17 20:39:41,717 [ERROR] LogOutputStream:75 - [STDERR_REDIRECT] [Fatal Error] :1:1: Premature end of file.
2026-09-17 20:39:41,717 [ERROR] LogOutputStream:75 - [STDERR_REDIRECT] 
2026-09-17 20:39:41,808 [WARN] PackLoader:240 - Cannot read IP mode file for STMicroelectronics.X-CUBE-MEMS1.13.0.0
2026-09-17 20:39:41,960 [WARN] PackLoader:240 - Cannot read IP mode file for STMicroelectronics.eDS-WB_DPC_3PH2L-BIDIR.1.1.1
2026-09-17 20:39:41,979 [ERROR] Engine:466 - C:\Users\alang\.stm32cubemx\thirdparties\pdsc\STMicroelectronics.X-CUBE-ST67W61.1.3.0.pdsc: PDSC version is not supported
2026-09-17 20:39:41,985 [WARN] PackLoader:240 - Cannot read IP mode file for STMicroelectronics.X-CUBE-TOUCHGFX.4.26.1
2026-09-17 20:39:42,001 [WARN] PackLoader:240 - Cannot read IP mode file for STMicroelectronics.X-CUBE-DPower.1.3.0
2026-09-17 20:39:42,036 [WARN] ConditionMgr:438 - getConditionDescription Invalid condition id : LAN8742 Phy interface Condition cause : null
2026-09-17 20:39:42,037 [WARN] PackLoader:240 - Cannot read IP mode file for STMicroelectronics.X-CUBE-AZRTOS-L4.2.0.0
2026-09-17 20:39:42,038 [WARN] ConditionMgr:1044 - genDependencies : Invalid condition id : LAN8742 Phy interface Condition cause : null
2026-09-17 20:39:42,040 [WARN] ConditionMgr:1044 - genDependencies : Invalid condition id : LAN8742 Phy interface Condition cause : null
2026-09-17 20:39:42,041 [WARN] ConditionMgr:1044 - genDependencies : Invalid condition id : LAN8742 Phy interface Condition cause : null
2026-09-17 20:39:42,055 [WARN] PackLoader:240 - Cannot read IP mode file for STMicroelectronics.X-CUBE-SFXS2LP1.4.0.0
2026-09-17 20:39:42,067 [WARN] PackLoader:240 - Cannot read IP mode file for STMicroelectronics.X-CUBE-WB05N.2.1.0
2026-09-17 20:39:42,099 [WARN] ConditionMgr:438 - getConditionDescription Invalid condition id : UX DEVICE CLASS RTOS Condition cause : null
2026-09-17 20:39:42,100 [WARN] ConditionMgr:438 - getConditionDescription Invalid condition id : UX DEVICE CLASS RTOS Condition cause : null
2026-09-17 20:39:42,103 [WARN] PackLoader:240 - Cannot read IP mode file for STMicroelectronics.X-CUBE-AZRTOS-WB.2.0.0
2026-09-17 20:39:42,106 [WARN] ConditionMgr:1044 - genDependencies : Invalid condition id : UX DEVICE CLASS RTOS Condition cause : null
2026-09-17 20:39:42,107 [WARN] ConditionMgr:1044 - genDependencies : Invalid condition id : UX DEVICE CLASS RTOS Condition cause : null
2026-09-17 20:39:42,109 [WARN] ConditionMgr:1044 - genDependencies : Invalid condition id : UX DEVICE CLASS RTOS Condition cause : null
2026-09-17 20:39:42,109 [WARN] ConditionMgr:1044 - genDependencies : Invalid condition id : UX DEVICE CLASS RTOS Condition cause : null
2026-09-17 20:39:42,110 [WARN] ConditionMgr:1044 - genDependencies : Invalid condition id : UX DEVICE CLASS RTOS Condition cause : null
2026-09-17 20:39:42,136 [WARN] ConditionMgr:438 - getConditionDescription Invalid condition id : Cortex-A Device cause : null
2026-09-17 20:39:42,171 [WARN] ConditionMgr:1044 - genDependencies : Invalid condition id : Cortex-A Device cause : null
2026-09-17 20:39:42,171 [WARN] ConditionMgr:1044 - genDependencies : Invalid condition id : Cortex-A Device cause : null
2026-09-17 20:39:42,173 [WARN] ConditionMgr:1044 - genDependencies : Invalid condition id : Cortex-A Device cause : null
2026-09-17 20:39:42,184 [WARN] PackLoader:240 - Cannot read IP mode file for STMicroelectronics.X-CUBE-STSE01.2.0.0
2026-09-17 20:39:42,227 [WARN] PackLoader:240 - Cannot read IP mode file for STMicroelectronics.X-CUBE-SUBG2.5.0.0
2026-09-17 20:39:42,254 [WARN] PackLoader:240 - Cannot read IP mode file for STMicroelectronics.X-CUBE-AZRTOS-G4.2.0.0
2026-09-17 20:39:42,266 [WARN] PackLoader:240 - Cannot read IP mode file for wolfSSL.I-CUBE-wolfSSH.1.4.20
2026-09-17 20:39:42,277 [WARN] PackLoader:240 - Cannot read IP mode file for STMicroelectronics.X-CUBE-NFC7.2.0.0
2026-09-17 20:39:42,282 [ERROR] Engine:466 - C:\Users\alang\.stm32cubemx\thirdparties\pdsc\STMicroelectronics.X-CUBE-BLEMGR.4.2.0.pdsc: PDSC version is not supported
2026-09-17 20:39:42,288 [WARN] PackLoader:240 - Cannot read IP mode file for STMicroelectronics.X-CUBE-ALS.1.0.2
2026-09-17 20:39:42,308 [WARN] PackLoader:240 - Cannot read IP mode file for STMicroelectronics.X-CUBE-TOF1.3.4.3
2026-09-17 20:39:42,321 [INFO] ThirdParty:978 - Integrity check success = true
2026-09-17 20:39:42,323 [INFO] IntegrityCheckThread:100 - exiting critical section [integrity check]
2026-09-17 20:39:42,323 [INFO] IntegrityCheckThread:103 - End integrity checks thread
2026-09-17 20:39:42,437 [ERROR] LogOutputStream:75 - [STDERR_REDIRECT] [Fatal Error] :1:1: Premature end of file.
2026-09-17 20:39:42,439 [ERROR] LogOutputStream:75 - [STDERR_REDIRECT] 
2026-09-17 20:39:42,779 [ERROR] LogOutputStream:75 - [STDERR_REDIRECT] 
2026-09-17 20:50:23,217 [INFO] Activator:176 - 


2026-09-17 20:50:23,218 [INFO] Activator:177 - !SESSION log4j initialized
2026-09-17 20:50:31,174 [INFO] LogOutputStream:77 - [STDOUT_REDIRECT] 
2026-09-17 20:50:32,466 [INFO] ApplicationProperties:184 - Using Application install path: C:\ST\STM32CubeIDE_1.19.0\STM32CubeIDE\plugins\com.st.stm32cube.common.mx_6.15.0.202507011659
2026-09-17 20:50:32,474 [INFO] DbMcusXml:78 - Set database path to: C:\ST\STM32CubeIDE_1.19.0\STM32CubeIDE\plugins\com.st.stm32cube.common.mx_6.15.0.202507011659\\db\/mcu/
2026-09-17 20:50:32,474 [INFO] ApiDb:274 - Set plugin database path to: C:\ST\STM32CubeIDE_1.19.0\STM32CubeIDE\plugins\com.st.stm32cube.common.mx_6.15.0.202507011659\\db\/plugins/boardmanager/
2026-09-17 20:50:32,474 [WARN] ApiDb:259 - Overriding images path with different value:  => C:\ST\STM32CubeIDE_1.19.0\STM32CubeIDE\plugins\com.st.stm32cube.common.mx_6.15.0.202507011659\\db\/plugins/mcufinder/images/
2026-09-17 20:50:32,479 [INFO] ApiDb:250 - Set database path to: C:\Users\alang\.stmcufinder\plugins\mcufinder//mcu/
2026-09-17 20:50:32,480 [INFO] DbMcusAds:125 - Set database path to: C:\Users\alang\.stmcufinder\plugins\mcufinder//mcu/
2026-09-17 20:50:32,482 [INFO] CrossReferenceDbSqlite:203 - Set database path to: C:\Users\alang\.stmcufinder\plugins\mcufinder//mcu/cs/
2026-09-17 20:50:32,603 [INFO] DbMcusXml:78 - Set database path to: C:\ST\STM32CubeIDE_1.19.0\STM32CubeIDE\plugins\com.st.stm32cube.common.mx_6.15.0.202507011659\\db\/mcu/
2026-09-17 20:50:32,603 [INFO] ApiDb:274 - Set plugin database path to: C:\ST\STM32CubeIDE_1.19.0\STM32CubeIDE\plugins\com.st.stm32cube.common.mx_6.15.0.202507011659\\db\/plugins/boardmanager/
2026-09-17 20:50:32,603 [INFO] ApiDb:261 - Set plugin images path to: C:\ST\STM32CubeIDE_1.19.0\STM32CubeIDE\plugins\com.st.stm32cube.common.mx_6.15.0.202507011659\\db\/plugins/mcufinder/images/
2026-09-17 20:50:32,603 [WARN] DbFile:41 - Overriding database path with different value: C:\Users\alang\.stmcufinder\plugins\mcufinder/ => C:\Users\alang\.stmcufinder\plugins\mcufinder
2026-09-17 20:50:32,603 [INFO] ApiDb:250 - Set database path to: C:\Users\alang\.stmcufinder\plugins\mcufinder//mcu/
2026-09-17 20:50:32,603 [WARN] DbFile:41 - Overriding database path with different value: C:\Users\alang\.stmcufinder\plugins\mcufinder/ => C:\Users\alang\.stmcufinder\plugins\mcufinder
2026-09-17 20:50:32,603 [INFO] DbMcusAds:125 - Set database path to: C:\Users\alang\.stmcufinder\plugins\mcufinder//mcu/
2026-09-17 20:50:32,604 [WARN] DbFile:41 - Overriding database path with different value: C:\Users\alang\.stmcufinder\plugins\mcufinder/ => C:\Users\alang\.stmcufinder\plugins\mcufinder
2026-09-17 20:50:32,604 [WARN] DbFile:41 - Overriding database path with different value: C:\Users\alang\.stmcufinder\plugins\mcufinder/ => C:\Users\alang\.stmcufinder\plugins\mcufinder
2026-09-17 20:50:32,604 [INFO] CrossReferenceDbSqlite:203 - Set database path to: C:\Users\alang\.stmcufinder\plugins\mcufinder//mcu/cs/
2026-09-17 20:50:32,670 [INFO] MainPanel:274 - HeapMemory: 268435456
2026-09-17 20:50:32,749 [INFO] DbMcusXml:78 - Set database path to: C:\ST\STM32CubeIDE_1.19.0\STM32CubeIDE\plugins\com.st.stm32cube.common.mx_6.15.0.202507011659\\db\/mcu/
2026-09-17 20:50:32,749 [INFO] ApiDb:274 - Set plugin database path to: C:\ST\STM32CubeIDE_1.19.0\STM32CubeIDE\plugins\com.st.stm32cube.common.mx_6.15.0.202507011659\\db\/plugins/boardmanager/
2026-09-17 20:50:32,749 [INFO] ApiDb:261 - Set plugin images path to: C:\ST\STM32CubeIDE_1.19.0\STM32CubeIDE\plugins\com.st.stm32cube.common.mx_6.15.0.202507011659\\db\/plugins/mcufinder/images/
2026-09-17 20:50:32,749 [WARN] DbFile:41 - Overriding database path with different value: C:\Users\alang\.stmcufinder\plugins\mcufinder/ => C:\Users\alang\.stmcufinder\plugins\mcufinder
2026-09-17 20:50:32,750 [INFO] ApiDb:250 - Set database path to: C:\Users\alang\.stmcufinder\plugins\mcufinder//mcu/
2026-09-17 20:50:32,750 [WARN] DbFile:41 - Overriding database path with different value: C:\Users\alang\.stmcufinder\plugins\mcufinder/ => C:\Users\alang\.stmcufinder\plugins\mcufinder
2026-09-17 20:50:32,750 [INFO] DbMcusAds:125 - Set database path to: C:\Users\alang\.stmcufinder\plugins\mcufinder//mcu/
2026-09-17 20:50:32,750 [WARN] DbFile:41 - Overriding database path with different value: C:\Users\alang\.stmcufinder\plugins\mcufinder/ => C:\Users\alang\.stmcufinder\plugins\mcufinder
2026-09-17 20:50:32,750 [WARN] DbFile:41 - Overriding database path with different value: C:\Users\alang\.stmcufinder\plugins\mcufinder/ => C:\Users\alang\.stmcufinder\plugins\mcufinder
2026-09-17 20:50:32,750 [INFO] CrossReferenceDbSqlite:203 - Set database path to: C:\Users\alang\.stmcufinder\plugins\mcufinder//mcu/cs/
2026-09-17 20:50:32,764 [INFO] ApplicationProperties:184 - Using Application install path: C:\ST\STM32CubeIDE_1.19.0\STM32CubeIDE\plugins\com.st.stm32cube.common.mx_6.15.0.202507011659
2026-09-17 20:50:32,765 [INFO] PluginManage:196 - Search for loadable plugins [exclusion list=, ]
2026-09-17 20:50:32,766 [INFO] PluginManage:310 - Check plugin analytics
2026-09-17 20:50:32,923 [INFO] AnalyticsPlugin:253 - Accepted Software Licenses: 
2026-09-17 20:50:32,924 [INFO] AnalyticsPlugin:255 - Accepted CMSIS Pack Licenses: 
2026-09-17 20:50:32,924 [INFO] AnalyticsPlugin:257 - Accepted Firmware Licenses: FW.F4.1.28.0
2026-09-17 20:50:32,926 [INFO] PluginManage:359 - Loaded plugin analytics (category:tool,tabindex:-1)
2026-09-17 20:50:32,926 [INFO] PluginManage:310 - Check plugin cadmodel
2026-09-17 20:50:32,930 [INFO] CADModel:105 - Init CAD model plugin
2026-09-17 20:50:32,931 [INFO] PluginManage:359 - Loaded plugin cadmodel (category:power,tabindex:5)
2026-09-17 20:50:32,931 [INFO] PluginManage:310 - Check plugin clock
2026-09-17 20:50:32,938 [INFO] PluginManage:359 - Loaded plugin clock (category:base,tabindex:2)
2026-09-17 20:50:32,938 [INFO] PluginManage:310 - Check plugin ddr
2026-09-17 20:50:32,939 [INFO] PluginManage:359 - Loaded plugin ddr (category:tool,tabindex:6)
2026-09-17 20:50:32,940 [INFO] PluginManage:310 - Check plugin filemanager
2026-09-17 20:50:33,049 [INFO] PluginManage:359 - Loaded plugin filemanager (category:base,tabindex:10)
2026-09-17 20:50:33,049 [INFO] PluginManage:310 - Check plugin ipmanager
2026-09-17 20:50:33,054 [INFO] PluginManage:359 - Loaded plugin ipmanager (category:base,tabindex:5)
2026-09-17 20:50:33,054 [INFO] PluginManage:310 - Check plugin lpbam
2026-09-17 20:50:33,061 [INFO] PluginManage:359 - Loaded plugin lpbam (category:base,tabindex:0)
2026-09-17 20:50:33,061 [INFO] PluginManage:310 - Check plugin memorymap
2026-09-17 20:50:33,069 [INFO] PluginManage:359 - Loaded plugin memorymap (category:base,tabindex:4)
2026-09-17 20:50:33,070 [INFO] PluginManage:310 - Check plugin pinoutandconfiguration
2026-09-17 20:50:33,077 [INFO] PluginManage:359 - Loaded plugin pinoutandconfiguration (category:base,tabindex:1)
2026-09-17 20:50:33,077 [INFO] PluginManage:310 - Check plugin pinoutconfig
2026-09-17 20:50:33,159 [WARN] SupportedApi:132 - Cannot load RTOS API schema: s4s-elt-must-match.1: The content of 'definitions' must match (annotation?, (simpleType | complexType)?, (unique | key | keyref)*)). A problem was found starting at: attribute.
2026-09-17 20:50:33,266 [INFO] PluginManage:359 - Loaded plugin pinoutconfig (category:base,tabindex:0)
2026-09-17 20:50:33,266 [INFO] PluginManage:310 - Check plugin power
2026-09-17 20:50:33,275 [INFO] PluginManage:359 - Loaded plugin power (category:power,tabindex:4)
2026-09-17 20:50:33,275 [INFO] PluginManage:310 - Check plugin projectmanager
2026-09-17 20:50:33,290 [INFO] PluginManage:359 - Loaded plugin projectmanager (category:projectmanager,tabindex:4)
2026-09-17 20:50:33,290 [INFO] PluginManage:310 - Check plugin rif
2026-09-17 20:50:33,298 [INFO] PluginManage:359 - Loaded plugin rif (category:base,tabindex:3)
2026-09-17 20:50:33,298 [INFO] PluginManage:310 - Check plugin thirdparty
2026-09-17 20:50:33,394 [INFO] PluginManage:359 - Loaded plugin thirdparty (category:base,tabindex:-1)
2026-09-17 20:50:33,395 [INFO] PluginManage:310 - Check plugin tools
2026-09-17 20:50:33,394 [WARN] IntegrityCheckThread:84 - waiting for thirdparty lock release [integrity check]
2026-09-17 20:50:33,395 [INFO] IntegrityCheckThread:86 - entering critical section [integrity check]
2026-09-17 20:50:33,395 [INFO] ThirdPartyUpdaterWithRetryManager:70 - Updater plugin not ready yet. [1/15]
2026-09-17 20:50:33,397 [INFO] PluginManage:359 - Loaded plugin tools (category:base,tabindex:7)
2026-09-17 20:50:33,397 [INFO] PluginManage:310 - Check plugin tutovideos
2026-09-17 20:50:33,553 [INFO] PluginManage:359 - Loaded plugin tutovideos (category:base,tabindex:-1)
2026-09-17 20:50:33,553 [INFO] PluginManage:310 - Check plugin updater
2026-09-17 20:50:33,575 [INFO] PluginManage:359 - Loaded plugin updater (category:base,tabindex:12)
2026-09-17 20:50:33,575 [INFO] PluginManage:310 - Check plugin userauth
2026-09-17 20:50:33,579 [INFO] UserAuth:118 - Init User Auth plugin
2026-09-17 20:50:33,580 [INFO] PluginManage:359 - Loaded plugin userauth (category:base,tabindex:14)
2026-09-17 20:50:33,580 [INFO] PluginManage:283 - PluginManage : Loaded plugins [18]
2026-09-17 20:50:33,797 [INFO] PinOutPanel:1589 - setPackage(No Configuration,No Configuration)
2026-09-17 20:50:33,861 [INFO] CADModel:165 - CPN selected for project level
2026-09-17 20:50:33,861 [INFO] CADModel:114 - Register for checkConnection events
2026-09-17 20:50:33,873 [INFO] IPUIPlugin:80 - create IPUIPlugin
2026-09-17 20:50:33,873 [INFO] PluginManager:220 - loadIPPluginJar : add adc
2026-09-17 20:50:33,875 [INFO] IPUIPlugin:80 - create IPUIPlugin
2026-09-17 20:50:33,875 [INFO] PluginManager:220 - loadIPPluginJar : add aes
2026-09-17 20:50:33,878 [INFO] IPUIPlugin:80 - create IPUIPlugin
2026-09-17 20:50:33,878 [INFO] PluginManager:220 - loadIPPluginJar : add can
2026-09-17 20:50:33,879 [INFO] IPUIPlugin:80 - create IPUIPlugin
2026-09-17 20:50:33,879 [INFO] PluginManager:220 - loadIPPluginJar : add comp
2026-09-17 20:50:33,881 [INFO] IPUIPlugin:80 - create IPUIPlugin
2026-09-17 20:50:33,881 [INFO] PluginManager:220 - loadIPPluginJar : add cryp
2026-09-17 20:50:33,883 [INFO] IPUIPlugin:80 - create IPUIPlugin
2026-09-17 20:50:33,883 [INFO] PluginManager:220 - loadIPPluginJar : add ddr_ctrl_phy
2026-09-17 20:50:33,885 [INFO] IPUIPlugin:80 - create IPUIPlugin
2026-09-17 20:50:33,885 [INFO] PluginManager:220 - loadIPPluginJar : add dfsdm
2026-09-17 20:50:33,889 [INFO] IPUIPlugin:80 - create IPUIPlugin
2026-09-17 20:50:33,890 [INFO] PluginManager:220 - loadIPPluginJar : add dma
2026-09-17 20:50:33,891 [INFO] IPUIPlugin:80 - create IPUIPlugin
2026-09-17 20:50:33,891 [INFO] PluginManager:220 - loadIPPluginJar : add dma3
2026-09-17 20:50:33,893 [INFO] IPUIPlugin:80 - create IPUIPlugin
2026-09-17 20:50:33,893 [INFO] PluginManager:220 - loadIPPluginJar : add extmemmanager
2026-09-17 20:50:33,894 [INFO] IPUIPlugin:80 - create IPUIPlugin
2026-09-17 20:50:33,894 [INFO] PluginManager:220 - loadIPPluginJar : add fatfs
2026-09-17 20:50:33,897 [INFO] IPUIPlugin:80 - create IPUIPlugin
2026-09-17 20:50:33,897 [INFO] PluginManager:220 - loadIPPluginJar : add fmc
2026-09-17 20:50:33,901 [INFO] IPUIPlugin:80 - create IPUIPlugin
2026-09-17 20:50:33,901 [INFO] PluginManager:220 - loadIPPluginJar : add freertos
2026-09-17 20:50:33,902 [INFO] IPUIPlugin:80 - create IPUIPlugin
2026-09-17 20:50:33,902 [INFO] PluginManager:220 - loadIPPluginJar : add genericplugin
2026-09-17 20:50:33,904 [INFO] IPUIPlugin:80 - create IPUIPlugin
2026-09-17 20:50:33,904 [INFO] PluginManager:220 - loadIPPluginJar : add gfxmmu
2026-09-17 20:50:33,908 [INFO] IPUIPlugin:80 - create IPUIPlugin
2026-09-17 20:50:33,908 [INFO] PluginManager:220 - loadIPPluginJar : add gic
2026-09-17 20:50:33,912 [INFO] IPUIPlugin:80 - create IPUIPlugin
2026-09-17 20:50:33,912 [INFO] PluginManager:220 - loadIPPluginJar : add gpio
2026-09-17 20:50:33,914 [INFO] IPUIPlugin:80 - create IPUIPlugin
2026-09-17 20:50:33,914 [INFO] PluginManager:220 - loadIPPluginJar : add gtzc
2026-09-17 20:50:33,917 [INFO] IPUIPlugin:80 - create IPUIPlugin
2026-09-17 20:50:33,917 [INFO] PluginManager:220 - loadIPPluginJar : add hash
2026-09-17 20:50:33,919 [INFO] IPUIPlugin:80 - create IPUIPlugin
2026-09-17 20:50:33,919 [INFO] PluginManager:220 - loadIPPluginJar : add i2c
2026-09-17 20:50:33,921 [INFO] IPUIPlugin:80 - create IPUIPlugin
2026-09-17 20:50:33,921 [INFO] PluginManager:220 - loadIPPluginJar : add i2s
2026-09-17 20:50:33,924 [INFO] IPUIPlugin:80 - create IPUIPlugin
2026-09-17 20:50:33,924 [INFO] PluginManager:220 - loadIPPluginJar : add i3c
2026-09-17 20:50:33,926 [INFO] IPUIPlugin:80 - create IPUIPlugin
2026-09-17 20:50:33,927 [INFO] PluginManager:220 - loadIPPluginJar : add ipddr
2026-09-17 20:50:33,933 [INFO] IPUIPlugin:80 - create IPUIPlugin
2026-09-17 20:50:33,933 [INFO] PluginManager:220 - loadIPPluginJar : add linkedlist
2026-09-17 20:50:33,935 [INFO] IPUIPlugin:80 - create IPUIPlugin
2026-09-17 20:50:33,936 [INFO] PluginManager:220 - loadIPPluginJar : add lorawan
2026-09-17 20:50:33,937 [INFO] IPUIPlugin:80 - create IPUIPlugin
2026-09-17 20:50:33,937 [INFO] PluginManager:220 - loadIPPluginJar : add ltdc
2026-09-17 20:50:33,942 [INFO] IPUIPlugin:80 - create IPUIPlugin
2026-09-17 20:50:33,942 [INFO] PluginManager:220 - loadIPPluginJar : add mdma
2026-09-17 20:50:33,945 [INFO] IPUIPlugin:80 - create IPUIPlugin
2026-09-17 20:50:33,945 [INFO] PluginManager:220 - loadIPPluginJar : add nvic
2026-09-17 20:50:33,945 [INFO] IPUIPlugin:80 - create IPUIPlugin
2026-09-17 20:50:33,945 [INFO] PluginManager:220 - loadIPPluginJar : add opamp
2026-09-17 20:50:33,950 [INFO] IPUIPlugin:80 - create IPUIPlugin
2026-09-17 20:50:33,950 [INFO] PluginManager:220 - loadIPPluginJar : add openamp
2026-09-17 20:50:33,952 [INFO] IPUIPlugin:80 - create IPUIPlugin
2026-09-17 20:50:33,953 [INFO] PluginManager:220 - loadIPPluginJar : add pdm2pcm
2026-09-17 20:50:33,958 [INFO] IPUIPlugin:80 - create IPUIPlugin
2026-09-17 20:50:33,960 [INFO] PluginManager:220 - loadIPPluginJar : add plateformsettings
2026-09-17 20:50:33,962 [INFO] IPUIPlugin:80 - create IPUIPlugin
2026-09-17 20:50:33,962 [INFO] PluginManager:220 - loadIPPluginJar : add quadspi
2026-09-17 20:50:33,963 [INFO] IPUIPlugin:80 - create IPUIPlugin
2026-09-17 20:50:33,964 [INFO] PluginManager:220 - loadIPPluginJar : add radio
2026-09-17 20:50:33,966 [INFO] IPUIPlugin:80 - create IPUIPlugin
2026-09-17 20:50:33,966 [INFO] PluginManager:220 - loadIPPluginJar : add resmgrutility
2026-09-17 20:50:33,969 [INFO] IPUIPlugin:80 - create IPUIPlugin
2026-09-17 20:50:33,969 [INFO] PluginManager:220 - loadIPPluginJar : add sai
2026-09-17 20:50:33,971 [INFO] IPUIPlugin:80 - create IPUIPlugin
2026-09-17 20:50:33,971 [INFO] PluginManager:220 - loadIPPluginJar : add spi
2026-09-17 20:50:33,982 [INFO] IPUIPlugin:80 - create IPUIPlugin
2026-09-17 20:50:33,982 [INFO] PluginManager:220 - loadIPPluginJar : add stm32_wpan
2026-09-17 20:50:33,984 [INFO] IPUIPlugin:80 - create IPUIPlugin
2026-09-17 20:50:33,984 [INFO] PluginManager:220 - loadIPPluginJar : add tim
2026-09-17 20:50:33,986 [INFO] IPUIPlugin:80 - create IPUIPlugin
2026-09-17 20:50:33,986 [INFO] PluginManager:220 - loadIPPluginJar : add touchsensing
2026-09-17 20:50:33,987 [INFO] IPUIPlugin:80 - create IPUIPlugin
2026-09-17 20:50:33,987 [INFO] PluginManager:220 - loadIPPluginJar : add tracer_emb
2026-09-17 20:50:33,988 [INFO] IPUIPlugin:80 - create IPUIPlugin
2026-09-17 20:50:33,988 [INFO] PluginManager:220 - loadIPPluginJar : add ts
2026-09-17 20:50:33,990 [INFO] IPUIPlugin:80 - create IPUIPlugin
2026-09-17 20:50:33,990 [INFO] PluginManager:220 - loadIPPluginJar : add tsc
2026-09-17 20:50:33,992 [INFO] IPUIPlugin:80 - create IPUIPlugin
2026-09-17 20:50:33,992 [INFO] PluginManager:220 - loadIPPluginJar : add ucpd
2026-09-17 20:50:33,996 [INFO] IPUIPlugin:80 - create IPUIPlugin
2026-09-17 20:50:33,996 [INFO] PluginManager:220 - loadIPPluginJar : add usart
2026-09-17 20:50:33,999 [INFO] IPUIPlugin:80 - create IPUIPlugin
2026-09-17 20:50:34,000 [INFO] PluginManager:220 - loadIPPluginJar : add usbx
2026-09-17 20:50:34,172 [FATAL] Updater:351 - Updater called before beeing initialized
2026-09-17 20:50:34,238 [INFO] RulesReader:64 - Compatibility file has been processed (317 Rules)
2026-09-17 20:50:34,318 [INFO] RulesReader:64 - Compatibility file has been processed (317 Rules)
2026-09-17 20:50:34,324 [INFO] CADModel:165 - CPN selected for project level
2026-09-17 20:50:34,324 [INFO] CADModel:114 - Register for checkConnection events
2026-09-17 20:50:34,324 [FATAL] Updater:351 - Updater called before beeing initialized
2026-09-17 20:50:34,324 [ERROR] CADModel:125 - Updater not yet initialized, retry later 
2026-09-17 20:50:34,417 [FATAL] Updater:351 - Updater called before beeing initialized
2026-09-17 20:50:34,418 [INFO] CADModel:165 - CPN selected for project level
2026-09-17 20:50:34,418 [INFO] CADModel:114 - Register for checkConnection events
2026-09-17 20:50:34,418 [FATAL] Updater:351 - Updater called before beeing initialized
2026-09-17 20:50:34,418 [ERROR] CADModel:125 - Updater not yet initialized, retry later 
2026-09-17 20:50:34,420 [FATAL] Updater:351 - Updater called before beeing initialized
2026-09-17 20:50:34,506 [FATAL] Updater:351 - Updater called before beeing initialized
2026-09-17 20:50:34,509 [INFO] DbMcusAds:53 - JSON generation date=Wed Jul 15 06:44:54 ART 2026 (1784108694001)
2026-09-17 20:50:34,509 [FATAL] Updater:351 - Updater called before beeing initialized
2026-09-17 20:50:34,535 [WARN] DetailPanel:346 - Failed to get advertising image, set to default
2026-09-17 20:50:34,608 [FATAL] Updater:351 - Updater called before beeing initialized
2026-09-17 20:50:34,609 [FATAL] Updater:351 - Updater called before beeing initialized
2026-09-17 20:50:34,609 [FATAL] Updater:351 - Updater called before beeing initialized
2026-09-17 20:50:34,609 [WARN] DetailPanel:346 - Failed to get advertising image, set to default
2026-09-17 20:50:34,610 [FATAL] Updater:351 - Updater called before beeing initialized
2026-09-17 20:50:34,668 [ERROR] Updater:1198 - MainUpdater not yet initialized. External WinMGr cannot be set.
2026-09-17 20:50:34,670 [INFO] Updater:1134 - Updater Version found : 6.15.0
2026-09-17 20:50:34,688 [INFO] ApplicationProperties:184 - Using Application install path: C:\ST\STM32CubeIDE_1.19.0\STM32CubeIDE\plugins\com.st.stm32cube.common.mx_6.15.0.202507011659
2026-09-17 20:50:36,263 [ERROR] LogOutputStream:75 - [STDERR_REDIRECT] Sep 17, 2026 8:50:36 PM java.util.prefs.WindowsPreferences <init>
2026-09-17 20:50:36,266 [ERROR] LogOutputStream:75 - [STDERR_REDIRECT] WARNING: Could not open/create prefs root node Software\JavaSoft\Prefs at root 0xffffffff80000002. Windows RegCreateKeyEx(...) returned error code 5.
2026-09-17 20:50:36,266 [ERROR] LogOutputStream:75 - [STDERR_REDIRECT] 
2026-09-17 20:50:36,396 [INFO] ThirdPartyUpdaterWithRetryManager:70 - Updater plugin not ready yet. [2/15]
2026-09-17 20:50:38,981 [INFO] MainUpdater:2872 - connection check result : 10
2026-09-17 20:50:38,982 [INFO] MainUpdater:289 - Updater Check For Update Now.
2026-09-17 20:50:38,982 [INFO] MicroXplorer:498 - Change Database Version : DB.6.0.150
2026-09-17 20:50:38,986 [INFO] McuFinderGlobals:63 - Set McuFinder mode to 2 (CubeIDE integrated)
2026-09-17 20:50:38,987 [INFO] UserAuth:487 - Internet connection configuration mode: 1
2026-09-17 20:50:39,001 [INFO] JxBrowserEngine:152 - Initiate JxBrowser Engine with user profile folder
2026-09-17 20:50:39,173 [INFO] CheckServerUpdateThread:120 - End of CheckServer Thread
2026-09-17 20:50:39,592 [INFO] WebApp:169 - Instantiating new browser for Auth
2026-09-17 20:50:39,877 [WARN] PackLoader:240 - Cannot read IP mode file for STMicroelectronics.X-CUBE-AZRTOS-H7.3.5.0
2026-09-17 20:50:39,894 [WARN] PackLoader:240 - Cannot read IP mode file for STMicroelectronics.FP-ATR-ASTRA1.2.0.3
2026-09-17 20:50:39,904 [ERROR] Engine:466 - C:\Users\alang\.stm32cubemx\thirdparties\pdsc\STMicroelectronics.X-CUBE-SMBUS.2.1.1.pdsc: PDSC version is not supported
2026-09-17 20:50:39,964 [WARN] PackLoader:240 - Cannot read IP mode file for STMicroelectronics.X-CUBE-AZRTOS-F7.1.1.0
2026-09-17 20:50:39,974 [WARN] PackLoader:240 - Cannot read IP mode file for STMicroelectronics.X-CUBE-FREERTOS.1.6.0
2026-09-17 20:50:39,981 [WARN] PackLoader:240 - Cannot read IP mode file for STMicroelectronics.FP-SNS-MOTENV1.5.1.0
2026-09-17 20:50:40,025 [WARN] PackLoader:240 - Cannot read IP mode file for STMicroelectronics.X-CUBE-AZRTOS-H7RS.1.3.0
2026-09-17 20:50:40,072 [WARN] PackLoader:240 - Cannot read IP mode file for WES.I-CUBE-Cesium.1.4.0
2026-09-17 20:50:40,092 [WARN] PackLoader:240 - Cannot read IP mode file for STMicroelectronics.X-CUBE-DISPLAY.3.0.0
2026-09-17 20:50:40,104 [WARN] PackLoader:240 - Cannot read IP mode file for STMicroelectronics.X-CUBE-GNSS1.7.1.1
2026-09-17 20:50:40,108 [WARN] PackLoader:240 - Cannot read IP mode file for STMicroelectronics.FP-SNS-MOTENVWB1.1.5.0
2026-09-17 20:50:40,114 [WARN] PackLoader:240 - Cannot read IP mode file for STMicroelectronics.X-CUBE-NFC10.1.0.0
2026-09-17 20:50:40,121 [WARN] PackLoader:240 - Cannot read IP mode file for STMicroelectronics.X-CUBE-ST60.1.1.0
2026-09-17 20:50:40,126 [WARN] PackLoader:240 - Cannot read IP mode file for emotas.I-CUBE-CANOPEN.1.3.0
2026-09-17 20:50:40,136 [WARN] PackLoader:240 - Cannot read IP mode file for wolfSSL.I-CUBE-wolfSSL.5.9.2
2026-09-17 20:50:40,138 [ERROR] Engine:466 - C:\Users\alang\.stm32cubemx\thirdparties\pdsc\STMicroelectronics.X-CUBE-WBA.1.1.0.pdsc: PDSC version is not supported
2026-09-17 20:50:40,142 [WARN] PackLoader:240 - Cannot read IP mode file for STMicroelectronics.FP-SNS-STBOX1.2.1.0
2026-09-17 20:50:40,148 [WARN] PackLoader:240 - Cannot read IP mode file for STMicroelectronics.FP-SNS-SMARTAG2.1.2.0
2026-09-17 20:50:40,160 [WARN] PackLoader:240 - Cannot read IP mode file for STMicroelectronics.FP-SNS-FLIGHT1.5.1.0
2026-09-17 20:50:40,167 [INFO] LogOutputStream:77 - [STDOUT_REDIRECT] 1 : Invalid condition id : UX_CORESTACK_Condition cause : null
2026-09-17 20:50:40,168 [INFO] LogOutputStream:77 - [STDOUT_REDIRECT] 1 : Invalid condition id : UX_CORESTACK_Condition cause : null
2026-09-17 20:50:40,170 [INFO] LogOutputStream:77 - [STDOUT_REDIRECT] 1 : Invalid condition id : UX_CORESTACK_Condition cause : null
2026-09-17 20:50:40,171 [INFO] LogOutputStream:77 - [STDOUT_REDIRECT] 1 : Invalid condition id : UX_CORESTACK_Condition cause : null
2026-09-17 20:50:40,172 [INFO] LogOutputStream:77 - [STDOUT_REDIRECT] 1 : Invalid condition id : UX_CORESTACK_Condition cause : null
2026-09-17 20:50:40,175 [WARN] PackLoader:240 - Cannot read IP mode file for STMicroelectronics.X-CUBE-AZRTOS-WL.2.0.0
2026-09-17 20:50:40,204 [WARN] PackLoader:240 - Cannot read IP mode file for STMicroelectronics.X-CUBE-BLE2.3.3.0
2026-09-17 20:50:40,314 [WARN] PackLoader:240 - Cannot read IP mode file for Infineon.AIROC-Wi-Fi-Bluetooth-STM32.1.8.0
2026-09-17 20:50:40,327 [WARN] PackLoader:240 - Cannot read IP mode file for STMicroelectronics.X-CUBE-NFC9.1.0.0
2026-09-17 20:50:40,345 [WARN] PackLoader:240 - Cannot read IP mode file for STMicroelectronics.X-CUBE-BLE1.7.1.0
2026-09-17 20:50:40,350 [WARN] PackLoader:240 - Cannot read IP mode file for wolfSSL.I-CUBE-wolfMQTT.1.19.2
2026-09-17 20:50:40,370 [WARN] PackLoader:240 - Cannot read IP mode file for STMicroelectronics.X-CUBE-EEPRMA1.5.2.0
2026-09-17 20:50:40,376 [WARN] PackLoader:240 - Cannot read IP mode file for STMicroelectronics.FP-SNS-STAIOTCFT.1.1.0
2026-09-17 20:50:40,389 [WARN] PackLoader:240 - Cannot read IP mode file for STMicroelectronics.X-CUBE-AZRTOS-G0.1.1.0
2026-09-17 20:50:40,397 [WARN] PackLoader:240 - Cannot read IP mode file for STMicroelectronics.X-CUBE-NFC4.3.0.0
2026-09-17 20:50:40,414 [WARN] PackLoader:240 - Cannot read IP mode file for EmbeddedOffice.I-CUBE-FS-RTOS.1.0.1
2026-09-17 20:50:40,425 [WARN] PackLoader:240 - Cannot read IP mode file for wolfSSL.I-CUBE-wolfTPM.3.8.0
2026-09-17 20:50:40,431 [WARN] PackLoader:240 - Cannot read IP mode file for STMicroelectronics.X-CUBE-TCPP.4.2.0
2026-09-17 20:50:40,453 [WARN] PackLoader:240 - Cannot read IP mode file for RealThread.X-CUBE-RT-Thread_Nano.4.1.1
2026-09-17 20:50:40,465 [WARN] PackLoader:240 - Cannot read IP mode file for STMicroelectronics.FP-ATR-SIGFOX1.3.2.0
2026-09-17 20:50:40,487 [WARN] PackLoader:240 - Cannot read IP mode file for ITTIA_DB.I-CUBE-ITTIADB.8.9.0
2026-09-17 20:50:40,494 [WARN] PackLoader:240 - Cannot read IP mode file for Cesanta.I-CUBE-Mongoose.7.21.7
2026-09-17 20:50:40,511 [WARN] PackLoader:240 - Cannot read IP mode file for STMicroelectronics.X-CUBE-NFC6.3.2.0
2026-09-17 20:50:40,531 [WARN] PackLoader:240 - Cannot read IP mode file for STMicroelectronics.X-CUBE-AI.10.2.1
2026-09-17 20:50:40,595 [WARN] PackLoader:240 - Cannot read IP mode file for SEGGER.I-CUBE-embOS.1.3.1
2026-09-17 20:50:40,687 [INFO] WebApp:463 - Apply proxy settings
2026-09-17 20:50:40,688 [INFO] WebApp:548 - Chromium requires no authentication
2026-09-17 20:50:40,689 [ERROR] Engine:466 - C:\Users\alang\.stm32cubemx\thirdparties\pdsc\STMicroelectronics.FP-SNS-STAIOTCFT.2.0.0.pdsc: PDSC version is not supported
2026-09-17 20:50:40,701 [WARN] PackLoader:240 - Cannot read IP mode file for STMicroelectronics.X-CUBE-NFC13.1.0.0
2026-09-17 20:50:40,759 [INFO] WebApp:491 - Direct internet connection detected
2026-09-17 20:50:40,792 [INFO] WebApp:900 - Register for checkConnection events
2026-09-17 20:50:40,792 [INFO] WebApp:463 - Apply proxy settings
2026-09-17 20:50:40,793 [INFO] WebApp:548 - Chromium requires no authentication
2026-09-17 20:50:40,793 [INFO] WebApp:491 - Direct internet connection detected
2026-09-17 20:50:40,799 [WARN] PackLoader:240 - Cannot read IP mode file for STMicroelectronics.X-CUBE-PM33A1.1.0.0
2026-09-17 20:50:40,868 [WARN] PackLoader:240 - Cannot read IP mode file for STMicroelectronics.X-CUBE-AZRTOS-F4.1.1.0
2026-09-17 20:50:40,884 [WARN] PackLoader:240 - Cannot read IP mode file for STMicroelectronics.X-CUBE-ISPU.2.1.0
2026-09-17 20:50:40,896 [WARN] PackLoader:240 - Cannot read IP mode file for STMicroelectronics.X-CUBE-IPS.3.2.0
2026-09-17 20:50:40,905 [WARN] PackLoader:240 - Cannot read IP mode file for STMicroelectronics.eDS-WB_DPC_TT-BIDIR.2.1.1
2026-09-17 20:50:40,938 [WARN] PackLoader:240 - Cannot read IP mode file for STMicroelectronics.X-CUBE-NFC12.1.0.0
2026-09-17 20:50:40,966 [WARN] PackLoader:240 - Cannot read IP mode file for STMicroelectronics.X-CUBE-AZRTOS-L5.2.0.0
2026-09-17 20:50:40,985 [INFO] WebApp:225 - Starting web application
2026-09-17 20:50:40,985 [INFO] WebApp:593 - Web application path used C:\ST\STM32CubeIDE_1.19.0\STM32CubeIDE\plugins\com.st.stm32cube.common.mx_6.15.0.202507011659\db\plugins\mcufinder\reactClient1\index.html
2026-09-17 20:50:40,989 [WARN] PackLoader:240 - Cannot read IP mode file for STMicroelectronics.X-CUBE-ALGOBUILD.1.5.0
2026-09-17 20:50:40,994 [WARN] PackLoader:240 - Cannot read IP mode file for STMicroelectronics.eDS-WB_DPC_VIENNA.1.2.0
2026-09-17 20:50:41,064 [WARN] PackLoader:240 - Cannot read IP mode file for STMicroelectronics.X-CUBE-MEMS1.13.0.0
2026-09-17 20:50:41,091 [INFO] UserAuth:487 - Internet connection configuration mode: 1
2026-09-17 20:50:41,143 [WARN] PackLoader:240 - Cannot read IP mode file for STMicroelectronics.eDS-WB_DPC_3PH2L-BIDIR.1.1.1
2026-09-17 20:50:41,146 [ERROR] Engine:466 - C:\Users\alang\.stm32cubemx\thirdparties\pdsc\STMicroelectronics.X-CUBE-ST67W61.1.3.0.pdsc: PDSC version is not supported
2026-09-17 20:50:41,175 [ERROR] LogOutputStream:75 - [STDERR_REDIRECT] [Fatal Error] :1:1: Premature end of file.
2026-09-17 20:50:41,175 [ERROR] LogOutputStream:75 - [STDERR_REDIRECT] 
2026-09-17 20:50:41,198 [WARN] PackLoader:240 - Cannot read IP mode file for STMicroelectronics.X-CUBE-TOUCHGFX.4.26.1
2026-09-17 20:50:41,276 [WARN] PackLoader:240 - Cannot read IP mode file for STMicroelectronics.X-CUBE-DPower.1.3.0
2026-09-17 20:50:41,286 [WARN] ConditionMgr:438 - getConditionDescription Invalid condition id : LAN8742 Phy interface Condition cause : null
2026-09-17 20:50:41,287 [WARN] PackLoader:240 - Cannot read IP mode file for STMicroelectronics.X-CUBE-AZRTOS-L4.2.0.0
2026-09-17 20:50:41,288 [WARN] ConditionMgr:1044 - genDependencies : Invalid condition id : LAN8742 Phy interface Condition cause : null
2026-09-17 20:50:41,288 [WARN] ConditionMgr:1044 - genDependencies : Invalid condition id : LAN8742 Phy interface Condition cause : null
2026-09-17 20:50:41,288 [WARN] ConditionMgr:1044 - genDependencies : Invalid condition id : LAN8742 Phy interface Condition cause : null
2026-09-17 20:50:41,325 [WARN] PackLoader:240 - Cannot read IP mode file for STMicroelectronics.X-CUBE-SFXS2LP1.4.0.0
2026-09-17 20:50:41,328 [WARN] PackLoader:240 - Cannot read IP mode file for STMicroelectronics.X-CUBE-WB05N.2.1.0
2026-09-17 20:50:41,348 [WARN] ConditionMgr:438 - getConditionDescription Invalid condition id : UX DEVICE CLASS RTOS Condition cause : null
2026-09-17 20:50:41,349 [WARN] ConditionMgr:438 - getConditionDescription Invalid condition id : UX DEVICE CLASS RTOS Condition cause : null
2026-09-17 20:50:41,350 [WARN] PackLoader:240 - Cannot read IP mode file for STMicroelectronics.X-CUBE-AZRTOS-WB.2.0.0
2026-09-17 20:50:41,350 [WARN] ConditionMgr:1044 - genDependencies : Invalid condition id : UX DEVICE CLASS RTOS Condition cause : null
2026-09-17 20:50:41,350 [WARN] ConditionMgr:1044 - genDependencies : Invalid condition id : UX DEVICE CLASS RTOS Condition cause : null
2026-09-17 20:50:41,350 [WARN] ConditionMgr:1044 - genDependencies : Invalid condition id : UX DEVICE CLASS RTOS Condition cause : null
2026-09-17 20:50:41,351 [WARN] ConditionMgr:1044 - genDependencies : Invalid condition id : UX DEVICE CLASS RTOS Condition cause : null
2026-09-17 20:50:41,351 [WARN] ConditionMgr:1044 - genDependencies : Invalid condition id : UX DEVICE CLASS RTOS Condition cause : null
2026-09-17 20:50:41,359 [WARN] ConditionMgr:438 - getConditionDescription Invalid condition id : Cortex-A Device cause : null
2026-09-17 20:50:41,402 [WARN] ConditionMgr:1044 - genDependencies : Invalid condition id : Cortex-A Device cause : null
2026-09-17 20:50:41,403 [WARN] ConditionMgr:1044 - genDependencies : Invalid condition id : Cortex-A Device cause : null
2026-09-17 20:50:41,403 [WARN] ConditionMgr:1044 - genDependencies : Invalid condition id : Cortex-A Device cause : null
2026-09-17 20:50:41,408 [WARN] PackLoader:240 - Cannot read IP mode file for STMicroelectronics.X-CUBE-STSE01.2.0.0
2026-09-17 20:50:41,482 [INFO] WebApp:191 - Connection restablished
2026-09-17 20:50:41,484 [WARN] PackLoader:240 - Cannot read IP mode file for STMicroelectronics.X-CUBE-SUBG2.5.0.0
2026-09-17 20:50:41,521 [WARN] PackLoader:240 - Cannot read IP mode file for STMicroelectronics.X-CUBE-AZRTOS-G4.2.0.0
2026-09-17 20:50:41,531 [WARN] PackLoader:240 - Cannot read IP mode file for wolfSSL.I-CUBE-wolfSSH.1.4.20
2026-09-17 20:50:41,534 [WARN] PackLoader:240 - Cannot read IP mode file for STMicroelectronics.X-CUBE-NFC7.2.0.0
2026-09-17 20:50:41,536 [ERROR] Engine:466 - C:\Users\alang\.stm32cubemx\thirdparties\pdsc\STMicroelectronics.X-CUBE-BLEMGR.4.2.0.pdsc: PDSC version is not supported
2026-09-17 20:50:41,542 [WARN] PackLoader:240 - Cannot read IP mode file for STMicroelectronics.X-CUBE-ALS.1.0.2
2026-09-17 20:50:41,550 [WARN] PackLoader:240 - Cannot read IP mode file for STMicroelectronics.X-CUBE-TOF1.3.4.3
2026-09-17 20:50:41,558 [INFO] ThirdParty:978 - Integrity check success = true
2026-09-17 20:50:41,558 [INFO] IntegrityCheckThread:100 - exiting critical section [integrity check]
2026-09-17 20:50:41,558 [INFO] IntegrityCheckThread:103 - End integrity checks thread
2026-09-17 20:50:42,176 [ERROR] LogOutputStream:75 - [STDERR_REDIRECT] [Fatal Error] :1:1: Premature end of file.
2026-09-17 20:50:42,176 [ERROR] LogOutputStream:75 - [STDERR_REDIRECT] 
2026-09-17 20:50:43,161 [ERROR] LogOutputStream:75 - [STDERR_REDIRECT] [Fatal Error] :1:1: Premature end of file.
2026-09-17 20:50:43,161 [ERROR] LogOutputStream:75 - [STDERR_REDIRECT] 
2026-09-17 20:50:44,151 [ERROR] LogOutputStream:75 - [STDERR_REDIRECT] [Fatal Error] :1:1: Premature end of file.
2026-09-17 20:50:44,152 [ERROR] LogOutputStream:75 - [STDERR_REDIRECT] 
2026-09-17 20:50:45,162 [ERROR] LogOutputStream:75 - [STDERR_REDIRECT] [Fatal Error] :1:1: Premature end of file.
2026-09-17 20:50:45,163 [ERROR] LogOutputStream:75 - [STDERR_REDIRECT] 
2026-09-17 20:50:46,158 [ERROR] LogOutputStream:75 - [STDERR_REDIRECT] [Fatal Error] :1:1: Premature end of file.
2026-09-17 20:50:46,158 [ERROR] LogOutputStream:75 - [STDERR_REDIRECT] 
2026-09-17 20:50:47,157 [ERROR] LogOutputStream:75 - [STDERR_REDIRECT] [Fatal Error] :1:1: Premature end of file.
2026-09-17 20:50:47,157 [ERROR] LogOutputStream:75 - [STDERR_REDIRECT] 
2026-09-17 20:50:48,164 [ERROR] LogOutputStream:75 - [STDERR_REDIRECT] [Fatal Error] :1:1: Premature end of file.
2026-09-17 20:50:48,164 [ERROR] LogOutputStream:75 - [STDERR_REDIRECT] 
2026-09-17 20:50:49,157 [ERROR] LogOutputStream:75 - [STDERR_REDIRECT] [Fatal Error] :1:1: Premature end of file.
2026-09-17 20:50:49,158 [ERROR] LogOutputStream:75 - [STDERR_REDIRECT] 
2026-09-17 20:50:50,159 [ERROR] LogOutputStream:75 - [STDERR_REDIRECT] [Fatal Error] :1:1: Premature end of file.
2026-09-17 20:50:50,159 [ERROR] LogOutputStream:75 - [STDERR_REDIRECT] 
2026-09-17 20:50:51,152 [ERROR] LogOutputStream:75 - [STDERR_REDIRECT] [Fatal Error] :1:1: Premature end of file.
2026-09-17 20:50:51,153 [ERROR] LogOutputStream:75 - [STDERR_REDIRECT] 
2026-09-17 20:50:52,155 [ERROR] LogOutputStream:75 - [STDERR_REDIRECT] [Fatal Error] :1:1: Premature end of file.
2026-09-17 20:50:52,155 [ERROR] LogOutputStream:75 - [STDERR_REDIRECT] 
2026-09-17 20:50:53,166 [ERROR] LogOutputStream:75 - [STDERR_REDIRECT] [Fatal Error] :1:1: Premature end of file.
2026-09-17 20:50:53,167 [ERROR] LogOutputStream:75 - [STDERR_REDIRECT] 
2026-09-17 20:50:54,151 [ERROR] LogOutputStream:75 - [STDERR_REDIRECT] [Fatal Error] :1:1: Premature end of file.
2026-09-17 20:50:54,151 [ERROR] LogOutputStream:75 - [STDERR_REDIRECT] 
2026-09-17 20:50:55,154 [ERROR] LogOutputStream:75 - [STDERR_REDIRECT] [Fatal Error] :1:1: Premature end of file.
2026-09-17 20:50:55,154 [ERROR] LogOutputStream:75 - [STDERR_REDIRECT] 
2026-09-17 20:50:56,146 [ERROR] LogOutputStream:75 - [STDERR_REDIRECT] [Fatal Error] :1:1: Premature end of file.
2026-09-17 20:50:56,146 [ERROR] LogOutputStream:75 - [STDERR_REDIRECT] 
2026-09-17 20:50:57,150 [ERROR] LogOutputStream:75 - [STDERR_REDIRECT] [Fatal Error] :1:1: Premature end of file.
2026-09-17 20:50:57,150 [ERROR] LogOutputStream:75 - [STDERR_REDIRECT] 
2026-09-17 20:50:58,148 [ERROR] LogOutputStream:75 - [STDERR_REDIRECT] [Fatal Error] :1:1: Premature end of file.
2026-09-17 20:50:58,148 [ERROR] LogOutputStream:75 - [STDERR_REDIRECT] 
2026-09-17 20:50:59,148 [ERROR] LogOutputStream:75 - [STDERR_REDIRECT] [Fatal Error] :1:1: Premature end of file.
2026-09-17 20:50:59,148 [ERROR] LogOutputStream:75 - [STDERR_REDIRECT] 
2026-09-17 20:51:00,188 [ERROR] LogOutputStream:75 - [STDERR_REDIRECT] [Fatal Error] :1:1: Premature end of file.
2026-09-17 20:51:00,189 [ERROR] LogOutputStream:75 - [STDERR_REDIRECT] 
2026-09-17 20:51:01,230 [ERROR] LogOutputStream:75 - [STDERR_REDIRECT] [Fatal Error] :1:1: Premature end of file.
2026-09-17 20:51:01,230 [ERROR] LogOutputStream:75 - [STDERR_REDIRECT] 
2026-09-17 20:51:02,200 [ERROR] LogOutputStream:75 - [STDERR_REDIRECT] [Fatal Error] :1:1: Premature end of file.
2026-09-17 20:51:02,200 [ERROR] LogOutputStream:75 - [STDERR_REDIRECT] 
2026-09-17 20:51:03,169 [ERROR] LogOutputStream:75 - [STDERR_REDIRECT] [Fatal Error] :1:1: Premature end of file.
2026-09-17 20:51:03,169 [ERROR] LogOutputStream:75 - [STDERR_REDIRECT] 
2026-09-17 20:51:04,161 [ERROR] LogOutputStream:75 - [STDERR_REDIRECT] [Fatal Error] :1:1: Premature end of file.
2026-09-17 20:51:04,162 [ERROR] LogOutputStream:75 - [STDERR_REDIRECT] 
2026-09-17 20:51:05,157 [ERROR] LogOutputStream:75 - [STDERR_REDIRECT] [Fatal Error] :1:1: Premature end of file.
2026-09-17 20:51:05,157 [ERROR] LogOutputStream:75 - [STDERR_REDIRECT] 
2026-09-17 20:51:06,153 [ERROR] LogOutputStream:75 - [STDERR_REDIRECT] [Fatal Error] :1:1: Premature end of file.
2026-09-17 20:51:06,153 [ERROR] LogOutputStream:75 - [STDERR_REDIRECT] 
2026-09-17 20:51:06,671 [ERROR] ConfigurationRetriever:142 - IOException on connection: Read timed out
2026-09-17 20:51:07,145 [ERROR] LogOutputStream:75 - [STDERR_REDIRECT] [Fatal Error] :1:1: Premature end of file.
2026-09-17 20:51:07,145 [ERROR] LogOutputStream:75 - [STDERR_REDIRECT] 
2026-09-17 20:51:08,166 [ERROR] LogOutputStream:75 - [STDERR_REDIRECT] [Fatal Error] :1:1: Premature end of file.
2026-09-17 20:51:08,167 [ERROR] LogOutputStream:75 - [STDERR_REDIRECT] 
2026-09-17 20:51:09,158 [ERROR] LogOutputStream:75 - [STDERR_REDIRECT] [Fatal Error] :1:1: Premature end of file.
2026-09-17 20:51:09,158 [ERROR] LogOutputStream:75 - [STDERR_REDIRECT] 
2026-09-17 20:51:10,152 [ERROR] LogOutputStream:75 - [STDERR_REDIRECT] [Fatal Error] :1:1: Premature end of file.
2026-09-17 20:51:10,152 [ERROR] LogOutputStream:75 - [STDERR_REDIRECT] 
2026-09-17 20:51:11,151 [ERROR] LogOutputStream:75 - [STDERR_REDIRECT] [Fatal Error] :1:1: Premature end of file.
2026-09-17 20:51:11,151 [ERROR] LogOutputStream:75 - [STDERR_REDIRECT] 
2026-09-17 20:51:12,154 [ERROR] LogOutputStream:75 - [STDERR_REDIRECT] [Fatal Error] :1:1: Premature end of file.
2026-09-17 20:51:12,154 [ERROR] LogOutputStream:75 - [STDERR_REDIRECT] 
2026-09-17 20:51:12,333 [ERROR] ConfigurationRetriever:142 - IOException on connection: Read timed out
2026-09-17 20:51:13,151 [ERROR] LogOutputStream:75 - [STDERR_REDIRECT] [Fatal Error] :1:1: Premature end of file.
2026-09-17 20:51:13,152 [ERROR] LogOutputStream:75 - [STDERR_REDIRECT] 
2026-09-17 20:51:14,149 [ERROR] LogOutputStream:75 - [STDERR_REDIRECT] [Fatal Error] :1:1: Premature end of file.
2026-09-17 20:51:14,149 [ERROR] LogOutputStream:75 - [STDERR_REDIRECT] 
2026-09-17 20:51:15,152 [ERROR] LogOutputStream:75 - [STDERR_REDIRECT] [Fatal Error] :1:1: Premature end of file.
2026-09-17 20:51:15,155 [ERROR] LogOutputStream:75 - [STDERR_REDIRECT] 
2026-09-17 20:51:16,155 [ERROR] LogOutputStream:75 - [STDERR_REDIRECT] [Fatal Error] :1:1: Premature end of file.
2026-09-17 20:51:16,155 [ERROR] LogOutputStream:75 - [STDERR_REDIRECT] 
2026-09-17 20:51:17,156 [ERROR] LogOutputStream:75 - [STDERR_REDIRECT] [Fatal Error] :1:1: Premature end of file.
2026-09-17 20:51:17,156 [ERROR] LogOutputStream:75 - [STDERR_REDIRECT] 
2026-09-17 20:51:18,164 [ERROR] LogOutputStream:75 - [STDERR_REDIRECT] [Fatal Error] :1:1: Premature end of file.
2026-09-17 20:51:18,164 [ERROR] LogOutputStream:75 - [STDERR_REDIRECT] 
2026-09-17 20:51:19,149 [ERROR] LogOutputStream:75 - [STDERR_REDIRECT] [Fatal Error] :1:1: Premature end of file.
2026-09-17 20:51:19,150 [ERROR] LogOutputStream:75 - [STDERR_REDIRECT] 
2026-09-17 20:51:20,153 [ERROR] LogOutputStream:75 - [STDERR_REDIRECT] [Fatal Error] :1:1: Premature end of file.
2026-09-17 20:51:20,153 [ERROR] LogOutputStream:75 - [STDERR_REDIRECT] 
2026-09-17 20:51:21,160 [ERROR] LogOutputStream:75 - [STDERR_REDIRECT] [Fatal Error] :1:1: Premature end of file.
2026-09-17 20:51:21,160 [ERROR] LogOutputStream:75 - [STDERR_REDIRECT] 
2026-09-17 20:51:22,153 [ERROR] LogOutputStream:75 - [STDERR_REDIRECT] [Fatal Error] :1:1: Premature end of file.
2026-09-17 20:51:22,153 [ERROR] LogOutputStream:75 - [STDERR_REDIRECT] 
2026-09-17 20:51:23,150 [ERROR] LogOutputStream:75 - [STDERR_REDIRECT] [Fatal Error] :1:1: Premature end of file.
2026-09-17 20:51:23,150 [ERROR] LogOutputStream:75 - [STDERR_REDIRECT] 
2026-09-17 20:51:24,153 [ERROR] LogOutputStream:75 - [STDERR_REDIRECT] [Fatal Error] :1:1: Premature end of file.
2026-09-17 20:51:24,153 [ERROR] LogOutputStream:75 - [STDERR_REDIRECT] 
2026-09-17 20:51:25,192 [ERROR] LogOutputStream:75 - [STDERR_REDIRECT] [Fatal Error] :1:1: Premature end of file.
2026-09-17 20:51:25,192 [ERROR] LogOutputStream:75 - [STDERR_REDIRECT] 
2026-09-17 20:51:26,158 [ERROR] LogOutputStream:75 - [STDERR_REDIRECT] [Fatal Error] :1:1: Premature end of file.
2026-09-17 20:51:26,158 [ERROR] LogOutputStream:75 - [STDERR_REDIRECT] 
2026-09-17 20:51:27,163 [ERROR] LogOutputStream:75 - [STDERR_REDIRECT] [Fatal Error] :1:1: Premature end of file.
2026-09-17 20:51:27,164 [ERROR] LogOutputStream:75 - [STDERR_REDIRECT] 
2026-09-17 20:51:28,162 [ERROR] LogOutputStream:75 - [STDERR_REDIRECT] [Fatal Error] :1:1: Premature end of file.
2026-09-17 20:51:28,162 [ERROR] LogOutputStream:75 - [STDERR_REDIRECT] 
2026-09-17 20:51:29,155 [ERROR] LogOutputStream:75 - [STDERR_REDIRECT] [Fatal Error] :1:1: Premature end of file.
2026-09-17 20:51:29,156 [ERROR] LogOutputStream:75 - [STDERR_REDIRECT] 
2026-09-17 20:51:30,155 [ERROR] LogOutputStream:75 - [STDERR_REDIRECT] [Fatal Error] :1:1: Premature end of file.
2026-09-17 20:51:30,199 [ERROR] LogOutputStream:75 - [STDERR_REDIRECT] 
2026-09-17 20:51:31,163 [ERROR] LogOutputStream:75 - [STDERR_REDIRECT] [Fatal Error] :1:1: Premature end of file.
2026-09-17 20:51:31,163 [ERROR] LogOutputStream:75 - [STDERR_REDIRECT] 
2026-09-17 20:51:32,148 [ERROR] LogOutputStream:75 - [STDERR_REDIRECT] [Fatal Error] :1:1: Premature end of file.
2026-09-17 20:51:32,148 [ERROR] LogOutputStream:75 - [STDERR_REDIRECT] 
2026-09-17 20:51:33,158 [ERROR] LogOutputStream:75 - [STDERR_REDIRECT] [Fatal Error] :1:1: Premature end of file.
2026-09-17 20:51:33,159 [ERROR] LogOutputStream:75 - [STDERR_REDIRECT] 
2026-09-17 20:51:34,159 [ERROR] LogOutputStream:75 - [STDERR_REDIRECT] [Fatal Error] :1:1: Premature end of file.
2026-09-17 20:51:34,159 [ERROR] LogOutputStream:75 - [STDERR_REDIRECT] 
2026-09-17 20:51:35,155 [ERROR] LogOutputStream:75 - [STDERR_REDIRECT] [Fatal Error] :1:1: Premature end of file.
2026-09-17 20:51:35,155 [ERROR] LogOutputStream:75 - [STDERR_REDIRECT] 
2026-09-17 20:51:36,157 [ERROR] LogOutputStream:75 - [STDERR_REDIRECT] [Fatal Error] :1:1: Premature end of file.
2026-09-17 20:51:36,157 [ERROR] LogOutputStream:75 - [STDERR_REDIRECT] 
2026-09-17 20:51:37,158 [ERROR] LogOutputStream:75 - [STDERR_REDIRECT] [Fatal Error] :1:1: Premature end of file.
2026-09-17 20:51:37,158 [ERROR] LogOutputStream:75 - [STDERR_REDIRECT] 
2026-09-17 20:51:38,155 [ERROR] LogOutputStream:75 - [STDERR_REDIRECT] [Fatal Error] :1:1: Premature end of file.
2026-09-17 20:51:38,157 [ERROR] LogOutputStream:75 - [STDERR_REDIRECT] 
2026-09-17 20:51:39,157 [ERROR] LogOutputStream:75 - [STDERR_REDIRECT] [Fatal Error] :1:1: Premature end of file.
2026-09-17 20:51:39,157 [ERROR] LogOutputStream:75 - [STDERR_REDIRECT] 
2026-09-17 20:51:40,153 [ERROR] LogOutputStream:75 - [STDERR_REDIRECT] [Fatal Error] :1:1: Premature end of file.
2026-09-17 20:51:40,154 [ERROR] LogOutputStream:75 - [STDERR_REDIRECT] 
2026-09-17 20:51:41,163 [ERROR] LogOutputStream:75 - [STDERR_REDIRECT] [Fatal Error] :1:1: Premature end of file.
2026-09-17 20:51:41,163 [ERROR] LogOutputStream:75 - [STDERR_REDIRECT] 
2026-09-17 20:51:42,164 [ERROR] LogOutputStream:75 - [STDERR_REDIRECT] [Fatal Error] :1:1: Premature end of file.
2026-09-17 20:51:42,164 [ERROR] LogOutputStream:75 - [STDERR_REDIRECT] 
2026-09-17 20:51:43,156 [ERROR] LogOutputStream:75 - [STDERR_REDIRECT] [Fatal Error] :1:1: Premature end of file.
2026-09-17 20:51:43,156 [ERROR] LogOutputStream:75 - [STDERR_REDIRECT] 
2026-09-17 20:51:44,153 [ERROR] LogOutputStream:75 - [STDERR_REDIRECT] [Fatal Error] :1:1: Premature end of file.
2026-09-17 20:51:44,153 [ERROR] LogOutputStream:75 - [STDERR_REDIRECT] 
2026-09-17 20:51:45,164 [ERROR] LogOutputStream:75 - [STDERR_REDIRECT] [Fatal Error] :1:1: Premature end of file.
2026-09-17 20:51:45,203 [ERROR] LogOutputStream:75 - [STDERR_REDIRECT] 
2026-09-17 20:51:46,152 [ERROR] LogOutputStream:75 - [STDERR_REDIRECT] [Fatal Error] :1:1: Premature end of file.
2026-09-17 20:51:46,152 [ERROR] LogOutputStream:75 - [STDERR_REDIRECT] 
2026-09-17 20:51:47,157 [ERROR] LogOutputStream:75 - [STDERR_REDIRECT] [Fatal Error] :1:1: Premature end of file.
2026-09-17 20:51:47,157 [ERROR] LogOutputStream:75 - [STDERR_REDIRECT] 
2026-09-17 20:51:48,158 [ERROR] LogOutputStream:75 - [STDERR_REDIRECT] [Fatal Error] :1:1: Premature end of file.
2026-09-17 20:51:48,159 [ERROR] LogOutputStream:75 - [STDERR_REDIRECT] 
2026-09-17 20:51:49,165 [ERROR] LogOutputStream:75 - [STDERR_REDIRECT] [Fatal Error] :1:1: Premature end of file.
2026-09-17 20:51:49,165 [ERROR] LogOutputStream:75 - [STDERR_REDIRECT] 
2026-09-17 20:51:50,162 [ERROR] LogOutputStream:75 - [STDERR_REDIRECT] [Fatal Error] :1:1: Premature end of file.
2026-09-17 20:51:50,162 [ERROR] LogOutputStream:75 - [STDERR_REDIRECT] 
2026-09-17 20:51:51,156 [ERROR] LogOutputStream:75 - [STDERR_REDIRECT] [Fatal Error] :1:1: Premature end of file.
2026-09-17 20:51:51,156 [ERROR] LogOutputStream:75 - [STDERR_REDIRECT] 
2026-09-17 20:51:52,166 [ERROR] LogOutputStream:75 - [STDERR_REDIRECT] [Fatal Error] :1:1: Premature end of file.
2026-09-17 20:51:52,166 [ERROR] LogOutputStream:75 - [STDERR_REDIRECT] 
2026-09-17 20:51:53,157 [ERROR] LogOutputStream:75 - [STDERR_REDIRECT] [Fatal Error] :1:1: Premature end of file.
2026-09-17 20:51:53,157 [ERROR] LogOutputStream:75 - [STDERR_REDIRECT] 
2026-09-17 20:51:54,158 [ERROR] LogOutputStream:75 - [STDERR_REDIRECT] [Fatal Error] :1:1: Premature end of file.
2026-09-17 20:51:54,158 [ERROR] LogOutputStream:75 - [STDERR_REDIRECT] 
2026-09-17 20:51:55,156 [ERROR] LogOutputStream:75 - [STDERR_REDIRECT] [Fatal Error] :1:1: Premature end of file.
2026-09-17 20:51:55,156 [ERROR] LogOutputStream:75 - [STDERR_REDIRECT] 
2026-09-17 20:51:56,152 [ERROR] LogOutputStream:75 - [STDERR_REDIRECT] [Fatal Error] :1:1: Premature end of file.
2026-09-17 20:51:56,152 [ERROR] LogOutputStream:75 - [STDERR_REDIRECT] 
2026-09-17 20:51:57,149 [ERROR] LogOutputStream:75 - [STDERR_REDIRECT] [Fatal Error] :1:1: Premature end of file.
2026-09-17 20:51:57,149 [ERROR] LogOutputStream:75 - [STDERR_REDIRECT] 
2026-09-17 20:51:58,163 [ERROR] LogOutputStream:75 - [STDERR_REDIRECT] [Fatal Error] :1:1: Premature end of file.
2026-09-17 20:51:58,163 [ERROR] LogOutputStream:75 - [STDERR_REDIRECT] 
2026-09-17 20:51:59,158 [ERROR] LogOutputStream:75 - [STDERR_REDIRECT] [Fatal Error] :1:1: Premature end of file.
2026-09-17 20:51:59,158 [ERROR] LogOutputStream:75 - [STDERR_REDIRECT] 
2026-09-17 20:52:00,158 [ERROR] LogOutputStream:75 - [STDERR_REDIRECT] [Fatal Error] :1:1: Premature end of file.
2026-09-17 20:52:00,158 [ERROR] LogOutputStream:75 - [STDERR_REDIRECT] 
2026-09-17 20:52:01,160 [ERROR] LogOutputStream:75 - [STDERR_REDIRECT] [Fatal Error] :1:1: Premature end of file.
2026-09-17 20:52:01,160 [ERROR] LogOutputStream:75 - [STDERR_REDIRECT] 
2026-09-17 20:52:02,161 [ERROR] LogOutputStream:75 - [STDERR_REDIRECT] [Fatal Error] :1:1: Premature end of file.
2026-09-17 20:52:02,161 [ERROR] LogOutputStream:75 - [STDERR_REDIRECT] 
2026-09-17 20:52:03,168 [ERROR] LogOutputStream:75 - [STDERR_REDIRECT] [Fatal Error] :1:1: Premature end of file.
2026-09-17 20:52:03,168 [ERROR] LogOutputStream:75 - [STDERR_REDIRECT] 
2026-09-17 20:52:04,166 [ERROR] LogOutputStream:75 - [STDERR_REDIRECT] [Fatal Error] :1:1: Premature end of file.
2026-09-17 20:52:04,166 [ERROR] LogOutputStream:75 - [STDERR_REDIRECT] 
2026-09-17 20:52:05,156 [ERROR] LogOutputStream:75 - [STDERR_REDIRECT] [Fatal Error] :1:1: Premature end of file.
2026-09-17 20:52:05,156 [ERROR] LogOutputStream:75 - [STDERR_REDIRECT] 
2026-09-17 20:52:06,155 [ERROR] LogOutputStream:75 - [STDERR_REDIRECT] [Fatal Error] :1:1: Premature end of file.
2026-09-17 20:52:06,155 [ERROR] LogOutputStream:75 - [STDERR_REDIRECT] 
2026-09-17 20:52:07,158 [ERROR] LogOutputStream:75 - [STDERR_REDIRECT] [Fatal Error] :1:1: Premature end of file.
2026-09-17 20:52:07,158 [ERROR] LogOutputStream:75 - [STDERR_REDIRECT] 
2026-09-17 20:52:08,158 [ERROR] LogOutputStream:75 - [STDERR_REDIRECT] [Fatal Error] :1:1: Premature end of file.
2026-09-17 20:52:08,158 [ERROR] LogOutputStream:75 - [STDERR_REDIRECT] 
2026-09-17 20:52:09,158 [ERROR] LogOutputStream:75 - [STDERR_REDIRECT] [Fatal Error] :1:1: Premature end of file.
2026-09-17 20:52:09,159 [ERROR] LogOutputStream:75 - [STDERR_REDIRECT] 
2026-09-17 20:52:10,150 [ERROR] LogOutputStream:75 - [STDERR_REDIRECT] [Fatal Error] :1:1: Premature end of file.
2026-09-17 20:52:10,150 [ERROR] LogOutputStream:75 - [STDERR_REDIRECT] 
2026-09-17 20:52:11,151 [ERROR] LogOutputStream:75 - [STDERR_REDIRECT] [Fatal Error] :1:1: Premature end of file.
2026-09-17 20:52:11,151 [ERROR] LogOutputStream:75 - [STDERR_REDIRECT] 
2026-09-17 20:52:12,157 [ERROR] LogOutputStream:75 - [STDERR_REDIRECT] [Fatal Error] :1:1: Premature end of file.
2026-09-17 20:52:12,157 [ERROR] LogOutputStream:75 - [STDERR_REDIRECT] 
2026-09-17 20:52:13,167 [ERROR] LogOutputStream:75 - [STDERR_REDIRECT] [Fatal Error] :1:1: Premature end of file.
2026-09-17 20:52:13,167 [ERROR] LogOutputStream:75 - [STDERR_REDIRECT] 
2026-09-17 20:52:14,155 [ERROR] LogOutputStream:75 - [STDERR_REDIRECT] [Fatal Error] :1:1: Premature end of file.
2026-09-17 20:52:14,155 [ERROR] LogOutputStream:75 - [STDERR_REDIRECT] 
2026-09-17 20:52:15,164 [ERROR] LogOutputStream:75 - [STDERR_REDIRECT] [Fatal Error] :1:1: Premature end of file.
2026-09-17 20:52:15,208 [ERROR] LogOutputStream:75 - [STDERR_REDIRECT] 
2026-09-17 20:52:16,158 [ERROR] LogOutputStream:75 - [STDERR_REDIRECT] [Fatal Error] :1:1: Premature end of file.
2026-09-17 20:52:16,158 [ERROR] LogOutputStream:75 - [STDERR_REDIRECT] 
2026-09-17 20:52:17,154 [ERROR] LogOutputStream:75 - [STDERR_REDIRECT] [Fatal Error] :1:1: Premature end of file.
2026-09-17 20:52:17,154 [ERROR] LogOutputStream:75 - [STDERR_REDIRECT] 
2026-09-17 20:52:18,159 [ERROR] LogOutputStream:75 - [STDERR_REDIRECT] [Fatal Error] :1:1: Premature end of file.
2026-09-17 20:52:18,159 [ERROR] LogOutputStream:75 - [STDERR_REDIRECT] 
2026-09-17 20:52:19,164 [ERROR] LogOutputStream:75 - [STDERR_REDIRECT] [Fatal Error] :1:1: Premature end of file.
2026-09-17 20:52:19,164 [ERROR] LogOutputStream:75 - [STDERR_REDIRECT] 
2026-09-17 20:52:20,157 [ERROR] LogOutputStream:75 - [STDERR_REDIRECT] [Fatal Error] :1:1: Premature end of file.
2026-09-17 20:52:20,158 [ERROR] LogOutputStream:75 - [STDERR_REDIRECT] 
2026-09-17 20:52:21,155 [ERROR] LogOutputStream:75 - [STDERR_REDIRECT] [Fatal Error] :1:1: Premature end of file.
2026-09-17 20:52:21,156 [ERROR] LogOutputStream:75 - [STDERR_REDIRECT] 
2026-09-17 20:52:22,152 [ERROR] LogOutputStream:75 - [STDERR_REDIRECT] [Fatal Error] :1:1: Premature end of file.
2026-09-17 20:52:22,152 [ERROR] LogOutputStream:75 - [STDERR_REDIRECT] 
2026-09-17 20:52:23,164 [ERROR] LogOutputStream:75 - [STDERR_REDIRECT] [Fatal Error] :1:1: Premature end of file.
2026-09-17 20:52:23,164 [ERROR] LogOutputStream:75 - [STDERR_REDIRECT] 
2026-09-17 20:52:24,159 [ERROR] LogOutputStream:75 - [STDERR_REDIRECT] [Fatal Error] :1:1: Premature end of file.
2026-09-17 20:52:24,159 [ERROR] LogOutputStream:75 - [STDERR_REDIRECT] 
2026-09-17 20:52:25,150 [ERROR] LogOutputStream:75 - [STDERR_REDIRECT] [Fatal Error] :1:1: Premature end of file.
2026-09-17 20:52:25,150 [ERROR] LogOutputStream:75 - [STDERR_REDIRECT] 
2026-09-17 20:52:26,165 [ERROR] LogOutputStream:75 - [STDERR_REDIRECT] [Fatal Error] :1:1: Premature end of file.
2026-09-17 20:52:26,165 [ERROR] LogOutputStream:75 - [STDERR_REDIRECT] 
2026-09-17 20:52:27,163 [ERROR] LogOutputStream:75 - [STDERR_REDIRECT] [Fatal Error] :1:1: Premature end of file.
2026-09-17 20:52:27,163 [ERROR] LogOutputStream:75 - [STDERR_REDIRECT] 
2026-09-17 20:52:28,147 [ERROR] LogOutputStream:75 - [STDERR_REDIRECT] [Fatal Error] :1:1: Premature end of file.
2026-09-17 20:52:28,147 [ERROR] LogOutputStream:75 - [STDERR_REDIRECT] 
2026-09-17 20:52:29,151 [ERROR] LogOutputStream:75 - [STDERR_REDIRECT] [Fatal Error] :1:1: Premature end of file.
2026-09-17 20:52:29,151 [ERROR] LogOutputStream:75 - [STDERR_REDIRECT] 
2026-09-17 20:52:30,152 [ERROR] LogOutputStream:75 - [STDERR_REDIRECT] [Fatal Error] :1:1: Premature end of file.
2026-09-17 20:52:30,182 [ERROR] LogOutputStream:75 - [STDERR_REDIRECT] 
2026-09-17 20:52:31,149 [ERROR] LogOutputStream:75 - [STDERR_REDIRECT] [Fatal Error] :1:1: Premature end of file.
2026-09-17 20:52:31,149 [ERROR] LogOutputStream:75 - [STDERR_REDIRECT] 
2026-09-17 20:52:32,163 [ERROR] LogOutputStream:75 - [STDERR_REDIRECT] [Fatal Error] :1:1: Premature end of file.
2026-09-17 20:52:32,164 [ERROR] LogOutputStream:75 - [STDERR_REDIRECT] 
2026-09-17 20:52:33,160 [ERROR] LogOutputStream:75 - [STDERR_REDIRECT] [Fatal Error] :1:1: Premature end of file.
2026-09-17 20:52:33,160 [ERROR] LogOutputStream:75 - [STDERR_REDIRECT] 
2026-09-17 20:52:34,150 [ERROR] LogOutputStream:75 - [STDERR_REDIRECT] [Fatal Error] :1:1: Premature end of file.
2026-09-17 20:52:34,150 [ERROR] LogOutputStream:75 - [STDERR_REDIRECT] 
2026-09-17 20:52:35,158 [ERROR] LogOutputStream:75 - [STDERR_REDIRECT] [Fatal Error] :1:1: Premature end of file.
2026-09-17 20:52:35,158 [ERROR] LogOutputStream:75 - [STDERR_REDIRECT] 
2026-09-17 20:52:36,167 [ERROR] LogOutputStream:75 - [STDERR_REDIRECT] [Fatal Error] :1:1: Premature end of file.
2026-09-17 20:52:36,167 [ERROR] LogOutputStream:75 - [STDERR_REDIRECT] 
2026-09-17 20:52:37,157 [ERROR] LogOutputStream:75 - [STDERR_REDIRECT] [Fatal Error] :1:1: Premature end of file.
2026-09-17 20:52:37,158 [ERROR] LogOutputStream:75 - [STDERR_REDIRECT] 
2026-09-17 20:52:38,157 [ERROR] LogOutputStream:75 - [STDERR_REDIRECT] [Fatal Error] :1:1: Premature end of file.
2026-09-17 20:52:38,158 [ERROR] LogOutputStream:75 - [STDERR_REDIRECT] 
2026-09-17 20:52:39,156 [ERROR] LogOutputStream:75 - [STDERR_REDIRECT] [Fatal Error] :1:1: Premature end of file.
2026-09-17 20:52:39,157 [ERROR] LogOutputStream:75 - [STDERR_REDIRECT] 
2026-09-17 20:52:40,151 [ERROR] LogOutputStream:75 - [STDERR_REDIRECT] [Fatal Error] :1:1: Premature end of file.
2026-09-17 20:52:40,151 [ERROR] LogOutputStream:75 - [STDERR_REDIRECT] 
2026-09-17 20:52:41,147 [ERROR] LogOutputStream:75 - [STDERR_REDIRECT] [Fatal Error] :1:1: Premature end of file.
2026-09-17 20:52:41,147 [ERROR] LogOutputStream:75 - [STDERR_REDIRECT] 
2026-09-17 20:52:42,150 [ERROR] LogOutputStream:75 - [STDERR_REDIRECT] [Fatal Error] :1:1: Premature end of file.
2026-09-17 20:52:42,151 [ERROR] LogOutputStream:75 - [STDERR_REDIRECT] 
2026-09-17 20:52:43,153 [ERROR] LogOutputStream:75 - [STDERR_REDIRECT] [Fatal Error] :1:1: Premature end of file.
2026-09-17 20:52:43,153 [ERROR] LogOutputStream:75 - [STDERR_REDIRECT] 
2026-09-17 20:52:44,149 [ERROR] LogOutputStream:75 - [STDERR_REDIRECT] [Fatal Error] :1:1: Premature end of file.
2026-09-17 20:52:44,149 [ERROR] LogOutputStream:75 - [STDERR_REDIRECT] 
2026-09-17 20:52:45,164 [ERROR] LogOutputStream:75 - [STDERR_REDIRECT] [Fatal Error] :1:1: Premature end of file.
2026-09-17 20:52:45,173 [ERROR] LogOutputStream:75 - [STDERR_REDIRECT] 
2026-09-17 20:52:46,151 [ERROR] LogOutputStream:75 - [STDERR_REDIRECT] [Fatal Error] :1:1: Premature end of file.
2026-09-17 20:52:46,151 [ERROR] LogOutputStream:75 - [STDERR_REDIRECT] 
2026-09-17 20:52:47,149 [ERROR] LogOutputStream:75 - [STDERR_REDIRECT] [Fatal Error] :1:1: Premature end of file.
2026-09-17 20:52:47,149 [ERROR] LogOutputStream:75 - [STDERR_REDIRECT] 
2026-09-17 20:52:48,160 [ERROR] LogOutputStream:75 - [STDERR_REDIRECT] [Fatal Error] :1:1: Premature end of file.
2026-09-17 20:52:48,160 [ERROR] LogOutputStream:75 - [STDERR_REDIRECT] 
2026-09-17 20:52:49,156 [ERROR] LogOutputStream:75 - [STDERR_REDIRECT] [Fatal Error] :1:1: Premature end of file.
2026-09-17 20:52:49,156 [ERROR] LogOutputStream:75 - [STDERR_REDIRECT] 
2026-09-17 20:52:50,153 [ERROR] LogOutputStream:75 - [STDERR_REDIRECT] [Fatal Error] :1:1: Premature end of file.
2026-09-17 20:52:50,153 [ERROR] LogOutputStream:75 - [STDERR_REDIRECT] 
2026-09-17 20:52:51,164 [ERROR] LogOutputStream:75 - [STDERR_REDIRECT] [Fatal Error] :1:1: Premature end of file.
2026-09-17 20:52:51,164 [ERROR] LogOutputStream:75 - [STDERR_REDIRECT] 
2026-09-17 20:52:52,148 [ERROR] LogOutputStream:75 - [STDERR_REDIRECT] [Fatal Error] :1:1: Premature end of file.
2026-09-17 20:52:52,148 [ERROR] LogOutputStream:75 - [STDERR_REDIRECT] 
2026-09-17 20:52:53,156 [ERROR] LogOutputStream:75 - [STDERR_REDIRECT] [Fatal Error] :1:1: Premature end of file.
2026-09-17 20:52:53,156 [ERROR] LogOutputStream:75 - [STDERR_REDIRECT] 
2026-09-17 20:52:54,156 [ERROR] LogOutputStream:75 - [STDERR_REDIRECT] [Fatal Error] :1:1: Premature end of file.
2026-09-17 20:52:54,156 [ERROR] LogOutputStream:75 - [STDERR_REDIRECT] 
2026-09-17 20:52:55,160 [ERROR] LogOutputStream:75 - [STDERR_REDIRECT] [Fatal Error] :1:1: Premature end of file.
2026-09-17 20:52:55,160 [ERROR] LogOutputStream:75 - [STDERR_REDIRECT] 
2026-09-17 20:52:56,171 [ERROR] LogOutputStream:75 - [STDERR_REDIRECT] [Fatal Error] :1:1: Premature end of file.
2026-09-17 20:52:56,171 [ERROR] LogOutputStream:75 - [STDERR_REDIRECT] 
2026-09-17 20:52:57,172 [ERROR] LogOutputStream:75 - [STDERR_REDIRECT] [Fatal Error] :1:1: Premature end of file.
2026-09-17 20:52:57,172 [ERROR] LogOutputStream:75 - [STDERR_REDIRECT] 
2026-09-17 20:52:58,190 [ERROR] LogOutputStream:75 - [STDERR_REDIRECT] [Fatal Error] :1:1: Premature end of file.
2026-09-17 20:52:58,192 [ERROR] LogOutputStream:75 - [STDERR_REDIRECT] 
2026-09-17 20:52:59,190 [ERROR] LogOutputStream:75 - [STDERR_REDIRECT] [Fatal Error] :1:1: Premature end of file.
2026-09-17 20:52:59,190 [ERROR] LogOutputStream:75 - [STDERR_REDIRECT] 
2026-09-17 20:53:00,175 [ERROR] LogOutputStream:75 - [STDERR_REDIRECT] [Fatal Error] :1:1: Premature end of file.
2026-09-17 20:53:00,175 [ERROR] LogOutputStream:75 - [STDERR_REDIRECT] 
2026-09-17 20:53:01,183 [ERROR] LogOutputStream:75 - [STDERR_REDIRECT] [Fatal Error] :1:1: Premature end of file.
2026-09-17 20:53:01,183 [ERROR] LogOutputStream:75 - [STDERR_REDIRECT] 
2026-09-17 20:53:02,167 [ERROR] LogOutputStream:75 - [STDERR_REDIRECT] [Fatal Error] :1:1: Premature end of file.
2026-09-17 20:53:02,167 [ERROR] LogOutputStream:75 - [STDERR_REDIRECT] 
2026-09-17 20:53:03,158 [ERROR] LogOutputStream:75 - [STDERR_REDIRECT] [Fatal Error] :1:1: Premature end of file.
2026-09-17 20:53:03,158 [ERROR] LogOutputStream:75 - [STDERR_REDIRECT] 
2026-09-17 20:53:04,167 [ERROR] LogOutputStream:75 - [STDERR_REDIRECT] [Fatal Error] :1:1: Premature end of file.
2026-09-17 20:53:04,167 [ERROR] LogOutputStream:75 - [STDERR_REDIRECT] 
2026-09-17 20:53:05,169 [ERROR] LogOutputStream:75 - [STDERR_REDIRECT] [Fatal Error] :1:1: Premature end of file.
2026-09-17 20:53:05,169 [ERROR] LogOutputStream:75 - [STDERR_REDIRECT] 
2026-09-17 20:53:06,200 [ERROR] LogOutputStream:75 - [STDERR_REDIRECT] [Fatal Error] :1:1: Premature end of file.
2026-09-17 20:53:06,200 [ERROR] LogOutputStream:75 - [STDERR_REDIRECT] 
2026-09-17 20:53:07,166 [ERROR] LogOutputStream:75 - [STDERR_REDIRECT] [Fatal Error] :1:1: Premature end of file.
2026-09-17 20:53:07,166 [ERROR] LogOutputStream:75 - [STDERR_REDIRECT] 
2026-09-17 20:53:08,166 [ERROR] LogOutputStream:75 - [STDERR_REDIRECT] [Fatal Error] :1:1: Premature end of file.
2026-09-17 20:53:08,166 [ERROR] LogOutputStream:75 - [STDERR_REDIRECT] 
2026-09-17 20:53:09,170 [ERROR] LogOutputStream:75 - [STDERR_REDIRECT] [Fatal Error] :1:1: Premature end of file.
2026-09-17 20:53:09,170 [ERROR] LogOutputStream:75 - [STDERR_REDIRECT] 
2026-09-17 20:53:10,160 [ERROR] LogOutputStream:75 - [STDERR_REDIRECT] [Fatal Error] :1:1: Premature end of file.
2026-09-17 20:53:10,160 [ERROR] LogOutputStream:75 - [STDERR_REDIRECT] 
2026-09-17 20:53:11,177 [ERROR] LogOutputStream:75 - [STDERR_REDIRECT] [Fatal Error] :1:1: Premature end of file.
2026-09-17 20:53:11,177 [ERROR] LogOutputStream:75 - [STDERR_REDIRECT] 
2026-09-17 20:53:12,170 [ERROR] LogOutputStream:75 - [STDERR_REDIRECT] [Fatal Error] :1:1: Premature end of file.
2026-09-17 20:53:12,170 [ERROR] LogOutputStream:75 - [STDERR_REDIRECT] 
2026-09-17 20:53:13,186 [ERROR] LogOutputStream:75 - [STDERR_REDIRECT] [Fatal Error] :1:1: Premature end of file.
2026-09-17 20:53:13,186 [ERROR] LogOutputStream:75 - [STDERR_REDIRECT] 
2026-09-17 20:53:14,170 [ERROR] LogOutputStream:75 - [STDERR_REDIRECT] [Fatal Error] :1:1: Premature end of file.
2026-09-17 20:53:14,170 [ERROR] LogOutputStream:75 - [STDERR_REDIRECT] 
2026-09-17 20:53:15,160 [ERROR] LogOutputStream:75 - [STDERR_REDIRECT] [Fatal Error] :1:1: Premature end of file.
2026-09-17 20:53:15,163 [ERROR] LogOutputStream:75 - [STDERR_REDIRECT] 
2026-09-17 20:53:16,166 [ERROR] LogOutputStream:75 - [STDERR_REDIRECT] [Fatal Error] :1:1: Premature end of file.
2026-09-17 20:53:16,166 [ERROR] LogOutputStream:75 - [STDERR_REDIRECT] 
2026-09-17 20:53:17,163 [ERROR] LogOutputStream:75 - [STDERR_REDIRECT] [Fatal Error] :1:1: Premature end of file.
2026-09-17 20:53:17,163 [ERROR] LogOutputStream:75 - [STDERR_REDIRECT] 
2026-09-17 20:53:18,163 [ERROR] LogOutputStream:75 - [STDERR_REDIRECT] [Fatal Error] :1:1: Premature end of file.
2026-09-17 20:53:18,163 [ERROR] LogOutputStream:75 - [STDERR_REDIRECT] 
2026-09-17 20:53:19,158 [ERROR] LogOutputStream:75 - [STDERR_REDIRECT] [Fatal Error] :1:1: Premature end of file.
2026-09-17 20:53:19,158 [ERROR] LogOutputStream:75 - [STDERR_REDIRECT] 
2026-09-17 20:53:20,173 [ERROR] LogOutputStream:75 - [STDERR_REDIRECT] [Fatal Error] :1:1: Premature end of file.
2026-09-17 20:53:20,173 [ERROR] LogOutputStream:75 - [STDERR_REDIRECT] 
2026-09-17 20:53:21,177 [ERROR] LogOutputStream:75 - [STDERR_REDIRECT] [Fatal Error] :1:1: Premature end of file.
2026-09-17 20:53:21,177 [ERROR] LogOutputStream:75 - [STDERR_REDIRECT] 
2026-09-17 20:53:22,166 [ERROR] LogOutputStream:75 - [STDERR_REDIRECT] [Fatal Error] :1:1: Premature end of file.
2026-09-17 20:53:22,166 [ERROR] LogOutputStream:75 - [STDERR_REDIRECT] 
2026-09-17 20:53:23,169 [ERROR] LogOutputStream:75 - [STDERR_REDIRECT] [Fatal Error] :1:1: Premature end of file.
2026-09-17 20:53:23,170 [ERROR] LogOutputStream:75 - [STDERR_REDIRECT] 
2026-09-17 20:53:24,159 [ERROR] LogOutputStream:75 - [STDERR_REDIRECT] [Fatal Error] :1:1: Premature end of file.
2026-09-17 20:53:24,159 [ERROR] LogOutputStream:75 - [STDERR_REDIRECT] 
2026-09-17 20:53:25,159 [ERROR] LogOutputStream:75 - [STDERR_REDIRECT] [Fatal Error] :1:1: Premature end of file.
2026-09-17 20:53:25,160 [ERROR] LogOutputStream:75 - [STDERR_REDIRECT] 
2026-09-17 20:53:26,147 [ERROR] LogOutputStream:75 - [STDERR_REDIRECT] [Fatal Error] :1:1: Premature end of file.
2026-09-17 20:53:26,147 [ERROR] LogOutputStream:75 - [STDERR_REDIRECT] 
2026-09-17 20:53:27,146 [ERROR] LogOutputStream:75 - [STDERR_REDIRECT] [Fatal Error] :1:1: Premature end of file.
2026-09-17 20:53:27,146 [ERROR] LogOutputStream:75 - [STDERR_REDIRECT] 
2026-09-17 20:53:28,177 [ERROR] LogOutputStream:75 - [STDERR_REDIRECT] [Fatal Error] :1:1: Premature end of file.
2026-09-17 20:53:28,177 [ERROR] LogOutputStream:75 - [STDERR_REDIRECT] 
2026-09-17 20:53:29,145 [ERROR] LogOutputStream:75 - [STDERR_REDIRECT] [Fatal Error] :1:1: Premature end of file.
2026-09-17 20:53:29,145 [ERROR] LogOutputStream:75 - [STDERR_REDIRECT] 
2026-09-17 20:53:30,154 [ERROR] LogOutputStream:75 - [STDERR_REDIRECT] [Fatal Error] :1:1: Premature end of file.
2026-09-17 20:53:30,180 [ERROR] LogOutputStream:75 - [STDERR_REDIRECT] 
2026-09-17 20:53:31,160 [ERROR] LogOutputStream:75 - [STDERR_REDIRECT] [Fatal Error] :1:1: Premature end of file.
2026-09-17 20:53:31,160 [ERROR] LogOutputStream:75 - [STDERR_REDIRECT] 
2026-09-17 20:53:32,149 [ERROR] LogOutputStream:75 - [STDERR_REDIRECT] [Fatal Error] :1:1: Premature end of file.
2026-09-17 20:53:32,149 [ERROR] LogOutputStream:75 - [STDERR_REDIRECT] 
2026-09-17 20:53:33,171 [ERROR] LogOutputStream:75 - [STDERR_REDIRECT] [Fatal Error] :1:1: Premature end of file.
2026-09-17 20:53:33,172 [ERROR] LogOutputStream:75 - [STDERR_REDIRECT] 
2026-09-17 20:53:34,159 [ERROR] LogOutputStream:75 - [STDERR_REDIRECT] [Fatal Error] :1:1: Premature end of file.
2026-09-17 20:53:34,159 [ERROR] LogOutputStream:75 - [STDERR_REDIRECT] 
2026-09-17 20:53:35,155 [ERROR] LogOutputStream:75 - [STDERR_REDIRECT] [Fatal Error] :1:1: Premature end of file.
2026-09-17 20:53:35,155 [ERROR] LogOutputStream:75 - [STDERR_REDIRECT] 
2026-09-17 20:53:36,157 [ERROR] LogOutputStream:75 - [STDERR_REDIRECT] [Fatal Error] :1:1: Premature end of file.
2026-09-17 20:53:36,157 [ERROR] LogOutputStream:75 - [STDERR_REDIRECT] 
2026-09-17 20:53:37,160 [ERROR] LogOutputStream:75 - [STDERR_REDIRECT] [Fatal Error] :1:1: Premature end of file.
2026-09-17 20:53:37,160 [ERROR] LogOutputStream:75 - [STDERR_REDIRECT] 
2026-09-17 20:53:38,154 [ERROR] LogOutputStream:75 - [STDERR_REDIRECT] [Fatal Error] :1:1: Premature end of file.
2026-09-17 20:53:38,154 [ERROR] LogOutputStream:75 - [STDERR_REDIRECT] 
2026-09-17 20:53:39,142 [ERROR] LogOutputStream:75 - [STDERR_REDIRECT] [Fatal Error] :1:1: Premature end of file.
2026-09-17 20:53:39,142 [ERROR] LogOutputStream:75 - [STDERR_REDIRECT] 
2026-09-17 20:53:40,145 [ERROR] LogOutputStream:75 - [STDERR_REDIRECT] [Fatal Error] :1:1: Premature end of file.
2026-09-17 20:53:40,145 [ERROR] LogOutputStream:75 - [STDERR_REDIRECT] 
2026-09-17 20:53:41,164 [ERROR] LogOutputStream:75 - [STDERR_REDIRECT] [Fatal Error] :1:1: Premature end of file.
2026-09-17 20:53:41,164 [ERROR] LogOutputStream:75 - [STDERR_REDIRECT] 
2026-09-17 20:53:42,155 [ERROR] LogOutputStream:75 - [STDERR_REDIRECT] [Fatal Error] :1:1: Premature end of file.
2026-09-17 20:53:42,156 [ERROR] LogOutputStream:75 - [STDERR_REDIRECT] 
2026-09-17 20:53:43,156 [ERROR] LogOutputStream:75 - [STDERR_REDIRECT] [Fatal Error] :1:1: Premature end of file.
2026-09-17 20:53:43,156 [ERROR] LogOutputStream:75 - [STDERR_REDIRECT] 
2026-09-17 20:53:44,167 [ERROR] LogOutputStream:75 - [STDERR_REDIRECT] [Fatal Error] :1:1: Premature end of file.
2026-09-17 20:53:44,167 [ERROR] LogOutputStream:75 - [STDERR_REDIRECT] 
2026-09-17 20:53:45,150 [ERROR] LogOutputStream:75 - [STDERR_REDIRECT] [Fatal Error] :1:1: Premature end of file.
2026-09-17 20:53:45,150 [ERROR] LogOutputStream:75 - [STDERR_REDIRECT] 
2026-09-17 20:53:46,144 [ERROR] LogOutputStream:75 - [STDERR_REDIRECT] [Fatal Error] :1:1: Premature end of file.
2026-09-17 20:53:46,144 [ERROR] LogOutputStream:75 - [STDERR_REDIRECT] 
2026-09-17 20:53:47,155 [ERROR] LogOutputStream:75 - [STDERR_REDIRECT] [Fatal Error] :1:1: Premature end of file.
2026-09-17 20:53:47,157 [ERROR] LogOutputStream:75 - [STDERR_REDIRECT] 
2026-09-17 20:53:48,157 [ERROR] LogOutputStream:75 - [STDERR_REDIRECT] [Fatal Error] :1:1: Premature end of file.
2026-09-17 20:53:48,157 [ERROR] LogOutputStream:75 - [STDERR_REDIRECT] 
2026-09-17 20:53:49,149 [ERROR] LogOutputStream:75 - [STDERR_REDIRECT] [Fatal Error] :1:1: Premature end of file.
2026-09-17 20:53:49,149 [ERROR] LogOutputStream:75 - [STDERR_REDIRECT] 
2026-09-17 20:53:50,155 [ERROR] LogOutputStream:75 - [STDERR_REDIRECT] [Fatal Error] :1:1: Premature end of file.
2026-09-17 20:53:50,156 [ERROR] LogOutputStream:75 - [STDERR_REDIRECT] 
2026-09-17 20:53:51,156 [ERROR] LogOutputStream:75 - [STDERR_REDIRECT] [Fatal Error] :1:1: Premature end of file.
2026-09-17 20:53:51,156 [ERROR] LogOutputStream:75 - [STDERR_REDIRECT] 
2026-09-17 20:53:52,156 [ERROR] LogOutputStream:75 - [STDERR_REDIRECT] [Fatal Error] :1:1: Premature end of file.
2026-09-17 20:53:52,156 [ERROR] LogOutputStream:75 - [STDERR_REDIRECT] 
2026-09-17 20:53:53,146 [ERROR] LogOutputStream:75 - [STDERR_REDIRECT] [Fatal Error] :1:1: Premature end of file.
2026-09-17 20:53:53,146 [ERROR] LogOutputStream:75 - [STDERR_REDIRECT] 
2026-09-17 20:53:54,147 [ERROR] LogOutputStream:75 - [STDERR_REDIRECT] [Fatal Error] :1:1: Premature end of file.
2026-09-17 20:53:54,147 [ERROR] LogOutputStream:75 - [STDERR_REDIRECT] 
2026-09-17 20:53:55,151 [ERROR] LogOutputStream:75 - [STDERR_REDIRECT] [Fatal Error] :1:1: Premature end of file.
2026-09-17 20:53:55,152 [ERROR] LogOutputStream:75 - [STDERR_REDIRECT] 
2026-09-17 20:53:56,156 [ERROR] LogOutputStream:75 - [STDERR_REDIRECT] [Fatal Error] :1:1: Premature end of file.
2026-09-17 20:53:56,156 [ERROR] LogOutputStream:75 - [STDERR_REDIRECT] 
2026-09-17 20:53:57,146 [ERROR] LogOutputStream:75 - [STDERR_REDIRECT] [Fatal Error] :1:1: Premature end of file.
2026-09-17 20:53:57,146 [ERROR] LogOutputStream:75 - [STDERR_REDIRECT] 
2026-09-17 20:53:58,169 [ERROR] LogOutputStream:75 - [STDERR_REDIRECT] [Fatal Error] :1:1: Premature end of file.
2026-09-17 20:53:58,169 [ERROR] LogOutputStream:75 - [STDERR_REDIRECT] 
2026-09-17 20:53:59,152 [ERROR] LogOutputStream:75 - [STDERR_REDIRECT] [Fatal Error] :1:1: Premature end of file.
2026-09-17 20:53:59,152 [ERROR] LogOutputStream:75 - [STDERR_REDIRECT] 
2026-09-17 20:54:00,156 [ERROR] LogOutputStream:75 - [STDERR_REDIRECT] [Fatal Error] :1:1: Premature end of file.
2026-09-17 20:54:00,156 [ERROR] LogOutputStream:75 - [STDERR_REDIRECT] 
2026-09-17 20:54:01,172 [ERROR] LogOutputStream:75 - [STDERR_REDIRECT] [Fatal Error] :1:1: Premature end of file.
2026-09-17 20:54:01,172 [ERROR] LogOutputStream:75 - [STDERR_REDIRECT] 
2026-09-17 20:54:02,152 [ERROR] LogOutputStream:75 - [STDERR_REDIRECT] [Fatal Error] :1:1: Premature end of file.
2026-09-17 20:54:02,152 [ERROR] LogOutputStream:75 - [STDERR_REDIRECT] 
2026-09-17 20:54:03,156 [ERROR] LogOutputStream:75 - [STDERR_REDIRECT] [Fatal Error] :1:1: Premature end of file.
2026-09-17 20:54:03,156 [ERROR] LogOutputStream:75 - [STDERR_REDIRECT] 
2026-09-17 20:54:04,151 [ERROR] LogOutputStream:75 - [STDERR_REDIRECT] [Fatal Error] :1:1: Premature end of file.
2026-09-17 20:54:04,151 [ERROR] LogOutputStream:75 - [STDERR_REDIRECT] 
2026-09-17 20:54:05,154 [ERROR] LogOutputStream:75 - [STDERR_REDIRECT] [Fatal Error] :1:1: Premature end of file.
2026-09-17 20:54:05,154 [ERROR] LogOutputStream:75 - [STDERR_REDIRECT] 
2026-09-17 20:54:06,160 [ERROR] LogOutputStream:75 - [STDERR_REDIRECT] [Fatal Error] :1:1: Premature end of file.
2026-09-17 20:54:06,160 [ERROR] LogOutputStream:75 - [STDERR_REDIRECT] 
2026-09-17 20:54:07,161 [ERROR] LogOutputStream:75 - [STDERR_REDIRECT] [Fatal Error] :1:1: Premature end of file.
2026-09-17 20:54:07,161 [ERROR] LogOutputStream:75 - [STDERR_REDIRECT] 
2026-09-17 20:54:08,154 [ERROR] LogOutputStream:75 - [STDERR_REDIRECT] [Fatal Error] :1:1: Premature end of file.
2026-09-17 20:54:08,155 [ERROR] LogOutputStream:75 - [STDERR_REDIRECT] 
2026-09-17 20:54:09,155 [ERROR] LogOutputStream:75 - [STDERR_REDIRECT] [Fatal Error] :1:1: Premature end of file.
2026-09-17 20:54:09,155 [ERROR] LogOutputStream:75 - [STDERR_REDIRECT] 
2026-09-17 20:54:10,155 [ERROR] LogOutputStream:75 - [STDERR_REDIRECT] [Fatal Error] :1:1: Premature end of file.
2026-09-17 20:54:10,155 [ERROR] LogOutputStream:75 - [STDERR_REDIRECT] 
2026-09-17 20:54:11,145 [ERROR] LogOutputStream:75 - [STDERR_REDIRECT] [Fatal Error] :1:1: Premature end of file.
2026-09-17 20:54:11,146 [ERROR] LogOutputStream:75 - [STDERR_REDIRECT] 
2026-09-17 20:54:12,200 [ERROR] LogOutputStream:75 - [STDERR_REDIRECT] [Fatal Error] :1:1: Premature end of file.
2026-09-17 20:54:12,205 [ERROR] LogOutputStream:75 - [STDERR_REDIRECT] 
2026-09-17 20:54:13,178 [ERROR] LogOutputStream:75 - [STDERR_REDIRECT] [Fatal Error] :1:1: Premature end of file.
2026-09-17 20:54:13,178 [ERROR] LogOutputStream:75 - [STDERR_REDIRECT] 
2026-09-17 20:54:14,174 [ERROR] LogOutputStream:75 - [STDERR_REDIRECT] [Fatal Error] :1:1: Premature end of file.
2026-09-17 20:54:14,174 [ERROR] LogOutputStream:75 - [STDERR_REDIRECT] 
2026-09-17 20:54:15,170 [ERROR] LogOutputStream:75 - [STDERR_REDIRECT] [Fatal Error] :1:1: Premature end of file.
2026-09-17 20:54:15,170 [ERROR] LogOutputStream:75 - [STDERR_REDIRECT] 
2026-09-17 20:54:16,201 [ERROR] LogOutputStream:75 - [STDERR_REDIRECT] [Fatal Error] :1:1: Premature end of file.
2026-09-17 20:54:16,211 [ERROR] LogOutputStream:75 - [STDERR_REDIRECT] 
2026-09-17 20:54:17,153 [ERROR] LogOutputStream:75 - [STDERR_REDIRECT] [Fatal Error] :1:1: Premature end of file.
2026-09-17 20:54:17,153 [ERROR] LogOutputStream:75 - [STDERR_REDIRECT] 
2026-09-17 20:54:18,169 [ERROR] LogOutputStream:75 - [STDERR_REDIRECT] [Fatal Error] :1:1: Premature end of file.
2026-09-17 20:54:18,169 [ERROR] LogOutputStream:75 - [STDERR_REDIRECT] 
2026-09-17 20:54:19,164 [ERROR] LogOutputStream:75 - [STDERR_REDIRECT] [Fatal Error] :1:1: Premature end of file.
2026-09-17 20:54:19,164 [ERROR] LogOutputStream:75 - [STDERR_REDIRECT] 
2026-09-17 20:54:20,159 [ERROR] LogOutputStream:75 - [STDERR_REDIRECT] [Fatal Error] :1:1: Premature end of file.
2026-09-17 20:54:20,159 [ERROR] LogOutputStream:75 - [STDERR_REDIRECT] 
2026-09-17 20:54:21,168 [ERROR] LogOutputStream:75 - [STDERR_REDIRECT] [Fatal Error] :1:1: Premature end of file.
2026-09-17 20:54:21,168 [ERROR] LogOutputStream:75 - [STDERR_REDIRECT] 
2026-09-17 20:54:22,175 [ERROR] LogOutputStream:75 - [STDERR_REDIRECT] [Fatal Error] :1:1: Premature end of file.
2026-09-17 20:54:22,175 [ERROR] LogOutputStream:75 - [STDERR_REDIRECT] 
2026-09-17 20:54:23,178 [ERROR] LogOutputStream:75 - [STDERR_REDIRECT] [Fatal Error] :1:1: Premature end of file.
2026-09-17 20:54:23,178 [ERROR] LogOutputStream:75 - [STDERR_REDIRECT] 
2026-09-17 20:54:24,158 [ERROR] LogOutputStream:75 - [STDERR_REDIRECT] [Fatal Error] :1:1: Premature end of file.
2026-09-17 20:54:24,158 [ERROR] LogOutputStream:75 - [STDERR_REDIRECT] 
2026-09-17 20:54:25,151 [ERROR] LogOutputStream:75 - [STDERR_REDIRECT] [Fatal Error] :1:1: Premature end of file.
2026-09-17 20:54:25,152 [ERROR] LogOutputStream:75 - [STDERR_REDIRECT] 
2026-09-17 20:54:26,156 [ERROR] LogOutputStream:75 - [STDERR_REDIRECT] [Fatal Error] :1:1: Premature end of file.
2026-09-17 20:54:26,156 [ERROR] LogOutputStream:75 - [STDERR_REDIRECT] 
2026-09-17 20:54:27,169 [ERROR] LogOutputStream:75 - [STDERR_REDIRECT] [Fatal Error] :1:1: Premature end of file.
2026-09-17 20:54:27,169 [ERROR] LogOutputStream:75 - [STDERR_REDIRECT] 
2026-09-17 20:54:28,161 [ERROR] LogOutputStream:75 - [STDERR_REDIRECT] [Fatal Error] :1:1: Premature end of file.
2026-09-17 20:54:28,167 [ERROR] LogOutputStream:75 - [STDERR_REDIRECT] 
2026-09-17 20:54:29,154 [ERROR] LogOutputStream:75 - [STDERR_REDIRECT] [Fatal Error] :1:1: Premature end of file.
2026-09-17 20:54:29,154 [ERROR] LogOutputStream:75 - [STDERR_REDIRECT] 
2026-09-17 20:54:30,166 [ERROR] LogOutputStream:75 - [STDERR_REDIRECT] [Fatal Error] :1:1: Premature end of file.
2026-09-17 20:54:30,166 [ERROR] LogOutputStream:75 - [STDERR_REDIRECT] 
2026-09-17 20:54:31,167 [ERROR] LogOutputStream:75 - [STDERR_REDIRECT] [Fatal Error] :1:1: Premature end of file.
2026-09-17 20:54:31,167 [ERROR] LogOutputStream:75 - [STDERR_REDIRECT] 
2026-09-17 20:54:32,171 [ERROR] LogOutputStream:75 - [STDERR_REDIRECT] [Fatal Error] :1:1: Premature end of file.
2026-09-17 20:54:32,171 [ERROR] LogOutputStream:75 - [STDERR_REDIRECT] 
2026-09-17 20:54:33,157 [ERROR] LogOutputStream:75 - [STDERR_REDIRECT] [Fatal Error] :1:1: Premature end of file.
2026-09-17 20:54:33,157 [ERROR] LogOutputStream:75 - [STDERR_REDIRECT] 
2026-09-17 20:54:34,158 [ERROR] LogOutputStream:75 - [STDERR_REDIRECT] [Fatal Error] :1:1: Premature end of file.
2026-09-17 20:54:34,158 [ERROR] LogOutputStream:75 - [STDERR_REDIRECT] 
2026-09-17 20:54:35,154 [ERROR] LogOutputStream:75 - [STDERR_REDIRECT] [Fatal Error] :1:1: Premature end of file.
2026-09-17 20:54:35,154 [ERROR] LogOutputStream:75 - [STDERR_REDIRECT] 
2026-09-17 20:54:36,176 [ERROR] LogOutputStream:75 - [STDERR_REDIRECT] [Fatal Error] :1:1: Premature end of file.
2026-09-17 20:54:36,176 [ERROR] LogOutputStream:75 - [STDERR_REDIRECT] 
2026-09-17 20:54:37,149 [ERROR] LogOutputStream:75 - [STDERR_REDIRECT] [Fatal Error] :1:1: Premature end of file.
2026-09-17 20:54:37,149 [ERROR] LogOutputStream:75 - [STDERR_REDIRECT] 
2026-09-17 20:54:38,162 [ERROR] LogOutputStream:75 - [STDERR_REDIRECT] [Fatal Error] :1:1: Premature end of file.
2026-09-17 20:54:38,162 [ERROR] LogOutputStream:75 - [STDERR_REDIRECT] 
2026-09-17 20:54:39,159 [ERROR] LogOutputStream:75 - [STDERR_REDIRECT] [Fatal Error] :1:1: Premature end of file.
2026-09-17 20:54:39,159 [ERROR] LogOutputStream:75 - [STDERR_REDIRECT] 
2026-09-17 20:54:40,156 [ERROR] LogOutputStream:75 - [STDERR_REDIRECT] [Fatal Error] :1:1: Premature end of file.
2026-09-17 20:54:40,159 [ERROR] LogOutputStream:75 - [STDERR_REDIRECT] 
2026-09-17 20:54:41,168 [ERROR] LogOutputStream:75 - [STDERR_REDIRECT] [Fatal Error] :1:1: Premature end of file.
2026-09-17 20:54:41,168 [ERROR] LogOutputStream:75 - [STDERR_REDIRECT] 
2026-09-17 20:54:42,174 [ERROR] LogOutputStream:75 - [STDERR_REDIRECT] [Fatal Error] :1:1: Premature end of file.
2026-09-17 20:54:42,174 [ERROR] LogOutputStream:75 - [STDERR_REDIRECT] 
2026-09-17 20:54:43,164 [ERROR] LogOutputStream:75 - [STDERR_REDIRECT] [Fatal Error] :1:1: Premature end of file.
2026-09-17 20:54:43,166 [ERROR] LogOutputStream:75 - [STDERR_REDIRECT] 
2026-09-17 20:54:44,170 [ERROR] LogOutputStream:75 - [STDERR_REDIRECT] [Fatal Error] :1:1: Premature end of file.
2026-09-17 20:54:44,170 [ERROR] LogOutputStream:75 - [STDERR_REDIRECT] 
2026-09-17 20:54:45,166 [ERROR] LogOutputStream:75 - [STDERR_REDIRECT] [Fatal Error] :1:1: Premature end of file.
2026-09-17 20:54:45,176 [ERROR] LogOutputStream:75 - [STDERR_REDIRECT] 
2026-09-17 20:54:46,158 [ERROR] LogOutputStream:75 - [STDERR_REDIRECT] [Fatal Error] :1:1: Premature end of file.
2026-09-17 20:54:46,158 [ERROR] LogOutputStream:75 - [STDERR_REDIRECT] 
2026-09-17 20:54:47,165 [ERROR] LogOutputStream:75 - [STDERR_REDIRECT] [Fatal Error] :1:1: Premature end of file.
2026-09-17 20:54:47,165 [ERROR] LogOutputStream:75 - [STDERR_REDIRECT] 
2026-09-17 20:54:48,151 [ERROR] LogOutputStream:75 - [STDERR_REDIRECT] [Fatal Error] :1:1: Premature end of file.
2026-09-17 20:54:48,152 [ERROR] LogOutputStream:75 - [STDERR_REDIRECT] 
2026-09-17 20:54:49,152 [ERROR] LogOutputStream:75 - [STDERR_REDIRECT] [Fatal Error] :1:1: Premature end of file.
2026-09-17 20:54:49,152 [ERROR] LogOutputStream:75 - [STDERR_REDIRECT] 
2026-09-17 20:54:50,166 [ERROR] LogOutputStream:75 - [STDERR_REDIRECT] [Fatal Error] :1:1: Premature end of file.
2026-09-17 20:54:50,166 [ERROR] LogOutputStream:75 - [STDERR_REDIRECT] 
2026-09-17 20:54:51,168 [ERROR] LogOutputStream:75 - [STDERR_REDIRECT] [Fatal Error] :1:1: Premature end of file.
2026-09-17 20:54:51,168 [ERROR] LogOutputStream:75 - [STDERR_REDIRECT] 
2026-09-17 20:54:52,155 [ERROR] LogOutputStream:75 - [STDERR_REDIRECT] [Fatal Error] :1:1: Premature end of file.
2026-09-17 20:54:52,155 [ERROR] LogOutputStream:75 - [STDERR_REDIRECT] 
2026-09-17 20:54:53,172 [ERROR] LogOutputStream:75 - [STDERR_REDIRECT] [Fatal Error] :1:1: Premature end of file.
2026-09-17 20:54:53,172 [ERROR] LogOutputStream:75 - [STDERR_REDIRECT] 
2026-09-17 20:54:54,166 [ERROR] LogOutputStream:75 - [STDERR_REDIRECT] [Fatal Error] :1:1: Premature end of file.
2026-09-17 20:54:54,166 [ERROR] LogOutputStream:75 - [STDERR_REDIRECT] 
2026-09-17 20:54:55,172 [ERROR] LogOutputStream:75 - [STDERR_REDIRECT] [Fatal Error] :1:1: Premature end of file.
2026-09-17 20:54:55,173 [ERROR] LogOutputStream:75 - [STDERR_REDIRECT] 
2026-09-17 20:54:56,159 [ERROR] LogOutputStream:75 - [STDERR_REDIRECT] [Fatal Error] :1:1: Premature end of file.
2026-09-17 20:54:56,159 [ERROR] LogOutputStream:75 - [STDERR_REDIRECT] 
2026-09-17 20:54:57,154 [ERROR] LogOutputStream:75 - [STDERR_REDIRECT] [Fatal Error] :1:1: Premature end of file.
2026-09-17 20:54:57,154 [ERROR] LogOutputStream:75 - [STDERR_REDIRECT] 
2026-09-17 20:54:58,158 [ERROR] LogOutputStream:75 - [STDERR_REDIRECT] [Fatal Error] :1:1: Premature end of file.
2026-09-17 20:54:58,158 [ERROR] LogOutputStream:75 - [STDERR_REDIRECT] 
2026-09-17 20:54:59,154 [ERROR] LogOutputStream:75 - [STDERR_REDIRECT] [Fatal Error] :1:1: Premature end of file.
2026-09-17 20:54:59,154 [ERROR] LogOutputStream:75 - [STDERR_REDIRECT] 
2026-09-17 20:55:00,163 [ERROR] LogOutputStream:75 - [STDERR_REDIRECT] [Fatal Error] :1:1: Premature end of file.
2026-09-17 20:55:00,164 [ERROR] LogOutputStream:75 - [STDERR_REDIRECT] 
2026-09-17 20:55:01,152 [ERROR] LogOutputStream:75 - [STDERR_REDIRECT] [Fatal Error] :1:1: Premature end of file.
2026-09-17 20:55:01,152 [ERROR] LogOutputStream:75 - [STDERR_REDIRECT] 
2026-09-17 20:55:02,147 [ERROR] LogOutputStream:75 - [STDERR_REDIRECT] [Fatal Error] :1:1: Premature end of file.
2026-09-17 20:55:02,147 [ERROR] LogOutputStream:75 - [STDERR_REDIRECT] 
2026-09-17 20:55:03,164 [ERROR] LogOutputStream:75 - [STDERR_REDIRECT] [Fatal Error] :1:1: Premature end of file.
2026-09-17 20:55:03,164 [ERROR] LogOutputStream:75 - [STDERR_REDIRECT] 
2026-09-17 20:55:04,160 [ERROR] LogOutputStream:75 - [STDERR_REDIRECT] [Fatal Error] :1:1: Premature end of file.
2026-09-17 20:55:04,160 [ERROR] LogOutputStream:75 - [STDERR_REDIRECT] 
2026-09-17 20:55:05,156 [ERROR] LogOutputStream:75 - [STDERR_REDIRECT] [Fatal Error] :1:1: Premature end of file.
2026-09-17 20:55:05,156 [ERROR] LogOutputStream:75 - [STDERR_REDIRECT] 
2026-09-17 20:55:06,158 [ERROR] LogOutputStream:75 - [STDERR_REDIRECT] [Fatal Error] :1:1: Premature end of file.
2026-09-17 20:55:06,158 [ERROR] LogOutputStream:75 - [STDERR_REDIRECT] 
2026-09-17 20:55:07,155 [ERROR] LogOutputStream:75 - [STDERR_REDIRECT] [Fatal Error] :1:1: Premature end of file.
2026-09-17 20:55:07,155 [ERROR] LogOutputStream:75 - [STDERR_REDIRECT] 
2026-09-17 20:55:08,155 [ERROR] LogOutputStream:75 - [STDERR_REDIRECT] [Fatal Error] :1:1: Premature end of file.
2026-09-17 20:55:08,155 [ERROR] LogOutputStream:75 - [STDERR_REDIRECT] 
2026-09-17 20:55:09,174 [ERROR] LogOutputStream:75 - [STDERR_REDIRECT] [Fatal Error] :1:1: Premature end of file.
2026-09-17 20:55:09,177 [ERROR] LogOutputStream:75 - [STDERR_REDIRECT] 
2026-09-17 20:55:10,140 [ERROR] LogOutputStream:75 - [STDERR_REDIRECT] [Fatal Error] :1:1: Premature end of file.
2026-09-17 20:55:10,140 [ERROR] LogOutputStream:75 - [STDERR_REDIRECT] 
2026-09-17 20:55:11,166 [ERROR] LogOutputStream:75 - [STDERR_REDIRECT] [Fatal Error] :1:1: Premature end of file.
2026-09-17 20:55:11,166 [ERROR] LogOutputStream:75 - [STDERR_REDIRECT] 
2026-09-17 20:55:12,166 [ERROR] LogOutputStream:75 - [STDERR_REDIRECT] [Fatal Error] :1:1: Premature end of file.
2026-09-17 20:55:12,166 [ERROR] LogOutputStream:75 - [STDERR_REDIRECT] 
2026-09-17 20:55:13,156 [ERROR] LogOutputStream:75 - [STDERR_REDIRECT] [Fatal Error] :1:1: Premature end of file.
2026-09-17 20:55:13,157 [ERROR] LogOutputStream:75 - [STDERR_REDIRECT] 
2026-09-17 20:55:14,152 [ERROR] LogOutputStream:75 - [STDERR_REDIRECT] [Fatal Error] :1:1: Premature end of file.
2026-09-17 20:55:14,152 [ERROR] LogOutputStream:75 - [STDERR_REDIRECT] 
2026-09-17 20:55:15,154 [ERROR] LogOutputStream:75 - [STDERR_REDIRECT] [Fatal Error] :1:1: Premature end of file.
2026-09-17 20:55:15,154 [ERROR] LogOutputStream:75 - [STDERR_REDIRECT] 
2026-09-17 20:55:16,151 [ERROR] LogOutputStream:75 - [STDERR_REDIRECT] [Fatal Error] :1:1: Premature end of file.
2026-09-17 20:55:16,151 [ERROR] LogOutputStream:75 - [STDERR_REDIRECT] 
2026-09-17 20:55:17,162 [ERROR] LogOutputStream:75 - [STDERR_REDIRECT] [Fatal Error] :1:1: Premature end of file.
2026-09-17 20:55:17,162 [ERROR] LogOutputStream:75 - [STDERR_REDIRECT] 
2026-09-17 20:55:18,158 [ERROR] LogOutputStream:75 - [STDERR_REDIRECT] [Fatal Error] :1:1: Premature end of file.
2026-09-17 20:55:18,158 [ERROR] LogOutputStream:75 - [STDERR_REDIRECT] 
2026-09-17 20:55:19,163 [ERROR] LogOutputStream:75 - [STDERR_REDIRECT] [Fatal Error] :1:1: Premature end of file.
2026-09-17 20:55:19,163 [ERROR] LogOutputStream:75 - [STDERR_REDIRECT] 
2026-09-17 20:55:20,165 [ERROR] LogOutputStream:75 - [STDERR_REDIRECT] [Fatal Error] :1:1: Premature end of file.
2026-09-17 20:55:20,165 [ERROR] LogOutputStream:75 - [STDERR_REDIRECT] 
2026-09-17 20:55:21,158 [ERROR] LogOutputStream:75 - [STDERR_REDIRECT] [Fatal Error] :1:1: Premature end of file.
2026-09-17 20:55:21,158 [ERROR] LogOutputStream:75 - [STDERR_REDIRECT] 
2026-09-17 20:55:22,148 [ERROR] LogOutputStream:75 - [STDERR_REDIRECT] [Fatal Error] :1:1: Premature end of file.
2026-09-17 20:55:22,149 [ERROR] LogOutputStream:75 - [STDERR_REDIRECT] 
2026-09-17 20:55:23,152 [ERROR] LogOutputStream:75 - [STDERR_REDIRECT] [Fatal Error] :1:1: Premature end of file.
2026-09-17 20:55:23,152 [ERROR] LogOutputStream:75 - [STDERR_REDIRECT] 
2026-09-17 20:55:24,162 [ERROR] LogOutputStream:75 - [STDERR_REDIRECT] [Fatal Error] :1:1: Premature end of file.
2026-09-17 20:55:24,163 [ERROR] LogOutputStream:75 - [STDERR_REDIRECT] 
2026-09-17 20:55:25,157 [ERROR] LogOutputStream:75 - [STDERR_REDIRECT] [Fatal Error] :1:1: Premature end of file.
2026-09-17 20:55:25,158 [ERROR] LogOutputStream:75 - [STDERR_REDIRECT] 
2026-09-17 20:55:26,163 [ERROR] LogOutputStream:75 - [STDERR_REDIRECT] [Fatal Error] :1:1: Premature end of file.
2026-09-17 20:55:26,163 [ERROR] LogOutputStream:75 - [STDERR_REDIRECT] 
2026-09-17 20:55:27,162 [ERROR] LogOutputStream:75 - [STDERR_REDIRECT] [Fatal Error] :1:1: Premature end of file.
2026-09-17 20:55:27,164 [ERROR] LogOutputStream:75 - [STDERR_REDIRECT] 
2026-09-17 20:55:28,168 [ERROR] LogOutputStream:75 - [STDERR_REDIRECT] [Fatal Error] :1:1: Premature end of file.
2026-09-17 20:55:28,169 [ERROR] LogOutputStream:75 - [STDERR_REDIRECT] 
2026-09-17 20:55:29,168 [ERROR] LogOutputStream:75 - [STDERR_REDIRECT] [Fatal Error] :1:1: Premature end of file.
2026-09-17 20:55:29,168 [ERROR] LogOutputStream:75 - [STDERR_REDIRECT] 
2026-09-17 20:55:30,161 [ERROR] LogOutputStream:75 - [STDERR_REDIRECT] [Fatal Error] :1:1: Premature end of file.
2026-09-17 20:55:30,161 [ERROR] LogOutputStream:75 - [STDERR_REDIRECT] 
2026-09-17 20:55:31,150 [ERROR] LogOutputStream:75 - [STDERR_REDIRECT] [Fatal Error] :1:1: Premature end of file.
2026-09-17 20:55:31,150 [ERROR] LogOutputStream:75 - [STDERR_REDIRECT] 
2026-09-17 20:55:32,151 [ERROR] LogOutputStream:75 - [STDERR_REDIRECT] [Fatal Error] :1:1: Premature end of file.
2026-09-17 20:55:32,151 [ERROR] LogOutputStream:75 - [STDERR_REDIRECT] 
2026-09-17 20:55:33,156 [ERROR] LogOutputStream:75 - [STDERR_REDIRECT] [Fatal Error] :1:1: Premature end of file.
2026-09-17 20:55:33,156 [ERROR] LogOutputStream:75 - [STDERR_REDIRECT] 
2026-09-17 20:55:34,161 [ERROR] LogOutputStream:75 - [STDERR_REDIRECT] [Fatal Error] :1:1: Premature end of file.
2026-09-17 20:55:34,161 [ERROR] LogOutputStream:75 - [STDERR_REDIRECT] 
2026-09-17 20:55:35,159 [ERROR] LogOutputStream:75 - [STDERR_REDIRECT] [Fatal Error] :1:1: Premature end of file.
2026-09-17 20:55:35,159 [ERROR] LogOutputStream:75 - [STDERR_REDIRECT] 
2026-09-17 20:55:36,170 [ERROR] LogOutputStream:75 - [STDERR_REDIRECT] [Fatal Error] :1:1: Premature end of file.
2026-09-17 20:55:36,170 [ERROR] LogOutputStream:75 - [STDERR_REDIRECT] 
2026-09-17 20:55:37,156 [ERROR] LogOutputStream:75 - [STDERR_REDIRECT] [Fatal Error] :1:1: Premature end of file.
2026-09-17 20:55:37,156 [ERROR] LogOutputStream:75 - [STDERR_REDIRECT] 
2026-09-17 20:55:38,166 [ERROR] LogOutputStream:75 - [STDERR_REDIRECT] [Fatal Error] :1:1: Premature end of file.
2026-09-17 20:55:38,166 [ERROR] LogOutputStream:75 - [STDERR_REDIRECT] 
2026-09-17 20:55:39,171 [ERROR] LogOutputStream:75 - [STDERR_REDIRECT] [Fatal Error] :1:1: Premature end of file.
2026-09-17 20:55:39,171 [ERROR] LogOutputStream:75 - [STDERR_REDIRECT] 
2026-09-17 20:55:40,161 [ERROR] LogOutputStream:75 - [STDERR_REDIRECT] [Fatal Error] :1:1: Premature end of file.
2026-09-17 20:55:40,165 [ERROR] LogOutputStream:75 - [STDERR_REDIRECT] 
2026-09-17 20:55:41,171 [ERROR] LogOutputStream:75 - [STDERR_REDIRECT] [Fatal Error] :1:1: Premature end of file.
2026-09-17 20:55:41,171 [ERROR] LogOutputStream:75 - [STDERR_REDIRECT] 
2026-09-17 20:55:42,182 [ERROR] LogOutputStream:75 - [STDERR_REDIRECT] [Fatal Error] :1:1: Premature end of file.
2026-09-17 20:55:42,183 [ERROR] LogOutputStream:75 - [STDERR_REDIRECT] 
2026-09-17 20:55:43,167 [ERROR] LogOutputStream:75 - [STDERR_REDIRECT] [Fatal Error] :1:1: Premature end of file.
2026-09-17 20:55:43,167 [ERROR] LogOutputStream:75 - [STDERR_REDIRECT] 
2026-09-17 20:55:44,156 [ERROR] LogOutputStream:75 - [STDERR_REDIRECT] [Fatal Error] :1:1: Premature end of file.
2026-09-17 20:55:44,156 [ERROR] LogOutputStream:75 - [STDERR_REDIRECT] 
2026-09-17 20:55:45,160 [ERROR] LogOutputStream:75 - [STDERR_REDIRECT] [Fatal Error] :1:1: Premature end of file.
2026-09-17 20:55:45,160 [ERROR] LogOutputStream:75 - [STDERR_REDIRECT] 
2026-09-17 20:55:46,166 [ERROR] LogOutputStream:75 - [STDERR_REDIRECT] [Fatal Error] :1:1: Premature end of file.
2026-09-17 20:55:46,166 [ERROR] LogOutputStream:75 - [STDERR_REDIRECT] 
2026-09-17 20:55:47,173 [ERROR] LogOutputStream:75 - [STDERR_REDIRECT] [Fatal Error] :1:1: Premature end of file.
2026-09-17 20:55:47,173 [ERROR] LogOutputStream:75 - [STDERR_REDIRECT] 
2026-09-17 20:55:48,166 [ERROR] LogOutputStream:75 - [STDERR_REDIRECT] [Fatal Error] :1:1: Premature end of file.
2026-09-17 20:55:48,166 [ERROR] LogOutputStream:75 - [STDERR_REDIRECT] 
2026-09-17 20:55:49,166 [ERROR] LogOutputStream:75 - [STDERR_REDIRECT] [Fatal Error] :1:1: Premature end of file.
2026-09-17 20:55:49,168 [ERROR] LogOutputStream:75 - [STDERR_REDIRECT] 
2026-09-17 20:55:50,170 [ERROR] LogOutputStream:75 - [STDERR_REDIRECT] [Fatal Error] :1:1: Premature end of file.
2026-09-17 20:55:50,170 [ERROR] LogOutputStream:75 - [STDERR_REDIRECT] 
2026-09-17 20:55:51,163 [ERROR] LogOutputStream:75 - [STDERR_REDIRECT] [Fatal Error] :1:1: Premature end of file.
2026-09-17 20:55:51,163 [ERROR] LogOutputStream:75 - [STDERR_REDIRECT] 
2026-09-17 20:55:52,151 [ERROR] LogOutputStream:75 - [STDERR_REDIRECT] [Fatal Error] :1:1: Premature end of file.
2026-09-17 20:55:52,151 [ERROR] LogOutputStream:75 - [STDERR_REDIRECT] 
2026-09-17 20:55:53,156 [ERROR] LogOutputStream:75 - [STDERR_REDIRECT] [Fatal Error] :1:1: Premature end of file.
2026-09-17 20:55:53,156 [ERROR] LogOutputStream:75 - [STDERR_REDIRECT] 
2026-09-17 20:55:54,156 [ERROR] LogOutputStream:75 - [STDERR_REDIRECT] [Fatal Error] :1:1: Premature end of file.
2026-09-17 20:55:54,156 [ERROR] LogOutputStream:75 - [STDERR_REDIRECT] 
2026-09-17 20:55:55,150 [ERROR] LogOutputStream:75 - [STDERR_REDIRECT] [Fatal Error] :1:1: Premature end of file.
2026-09-17 20:55:55,150 [ERROR] LogOutputStream:75 - [STDERR_REDIRECT] 
2026-09-17 20:55:56,157 [ERROR] LogOutputStream:75 - [STDERR_REDIRECT] [Fatal Error] :1:1: Premature end of file.
2026-09-17 20:55:56,157 [ERROR] LogOutputStream:75 - [STDERR_REDIRECT] 
2026-09-17 20:55:57,157 [ERROR] LogOutputStream:75 - [STDERR_REDIRECT] [Fatal Error] :1:1: Premature end of file.
2026-09-17 20:55:57,157 [ERROR] LogOutputStream:75 - [STDERR_REDIRECT] 
2026-09-17 20:55:58,149 [ERROR] LogOutputStream:75 - [STDERR_REDIRECT] [Fatal Error] :1:1: Premature end of file.
2026-09-17 20:55:58,149 [ERROR] LogOutputStream:75 - [STDERR_REDIRECT] 
2026-09-17 20:55:59,149 [ERROR] LogOutputStream:75 - [STDERR_REDIRECT] [Fatal Error] :1:1: Premature end of file.
2026-09-17 20:55:59,149 [ERROR] LogOutputStream:75 - [STDERR_REDIRECT] 
2026-09-17 20:56:00,152 [ERROR] LogOutputStream:75 - [STDERR_REDIRECT] [Fatal Error] :1:1: Premature end of file.
2026-09-17 20:56:00,152 [ERROR] LogOutputStream:75 - [STDERR_REDIRECT] 
2026-09-17 20:56:01,161 [ERROR] LogOutputStream:75 - [STDERR_REDIRECT] [Fatal Error] :1:1: Premature end of file.
2026-09-17 20:56:01,161 [ERROR] LogOutputStream:75 - [STDERR_REDIRECT] 
2026-09-17 20:56:02,154 [ERROR] LogOutputStream:75 - [STDERR_REDIRECT] [Fatal Error] :1:1: Premature end of file.
2026-09-17 20:56:02,154 [ERROR] LogOutputStream:75 - [STDERR_REDIRECT] 
2026-09-17 20:56:03,161 [ERROR] LogOutputStream:75 - [STDERR_REDIRECT] [Fatal Error] :1:1: Premature end of file.
2026-09-17 20:56:03,161 [ERROR] LogOutputStream:75 - [STDERR_REDIRECT] 
2026-09-17 20:56:04,174 [ERROR] LogOutputStream:75 - [STDERR_REDIRECT] [Fatal Error] :1:1: Premature end of file.
2026-09-17 20:56:04,239 [ERROR] LogOutputStream:75 - [STDERR_REDIRECT] 
2026-09-17 20:56:05,150 [ERROR] LogOutputStream:75 - [STDERR_REDIRECT] [Fatal Error] :1:1: Premature end of file.
2026-09-17 20:56:05,150 [ERROR] LogOutputStream:75 - [STDERR_REDIRECT] 
2026-09-17 20:56:06,164 [ERROR] LogOutputStream:75 - [STDERR_REDIRECT] [Fatal Error] :1:1: Premature end of file.
2026-09-17 20:56:06,164 [ERROR] LogOutputStream:75 - [STDERR_REDIRECT] 
2026-09-17 20:56:07,161 [ERROR] LogOutputStream:75 - [STDERR_REDIRECT] [Fatal Error] :1:1: Premature end of file.
2026-09-17 20:56:07,161 [ERROR] LogOutputStream:75 - [STDERR_REDIRECT] 
2026-09-17 20:56:08,167 [ERROR] LogOutputStream:75 - [STDERR_REDIRECT] [Fatal Error] :1:1: Premature end of file.
2026-09-17 20:56:08,167 [ERROR] LogOutputStream:75 - [STDERR_REDIRECT] 
2026-09-17 20:56:09,157 [ERROR] LogOutputStream:75 - [STDERR_REDIRECT] [Fatal Error] :1:1: Premature end of file.
2026-09-17 20:56:09,158 [ERROR] LogOutputStream:75 - [STDERR_REDIRECT] 
2026-09-17 20:56:10,159 [ERROR] LogOutputStream:75 - [STDERR_REDIRECT] [Fatal Error] :1:1: Premature end of file.
2026-09-17 20:56:10,166 [ERROR] LogOutputStream:75 - [STDERR_REDIRECT] 
2026-09-17 20:56:11,168 [ERROR] LogOutputStream:75 - [STDERR_REDIRECT] [Fatal Error] :1:1: Premature end of file.
2026-09-17 20:56:11,168 [ERROR] LogOutputStream:75 - [STDERR_REDIRECT] 
2026-09-17 20:56:12,163 [ERROR] LogOutputStream:75 - [STDERR_REDIRECT] [Fatal Error] :1:1: Premature end of file.
2026-09-17 20:56:12,163 [ERROR] LogOutputStream:75 - [STDERR_REDIRECT] 
2026-09-17 20:56:13,153 [ERROR] LogOutputStream:75 - [STDERR_REDIRECT] [Fatal Error] :1:1: Premature end of file.
2026-09-17 20:56:13,153 [ERROR] LogOutputStream:75 - [STDERR_REDIRECT] 
2026-09-17 20:56:14,157 [ERROR] LogOutputStream:75 - [STDERR_REDIRECT] [Fatal Error] :1:1: Premature end of file.
2026-09-17 20:56:14,157 [ERROR] LogOutputStream:75 - [STDERR_REDIRECT] 
2026-09-17 20:56:15,159 [ERROR] LogOutputStream:75 - [STDERR_REDIRECT] [Fatal Error] :1:1: Premature end of file.
2026-09-17 20:56:15,160 [ERROR] LogOutputStream:75 - [STDERR_REDIRECT] 
2026-09-17 20:56:16,159 [ERROR] LogOutputStream:75 - [STDERR_REDIRECT] [Fatal Error] :1:1: Premature end of file.
2026-09-17 20:56:16,159 [ERROR] LogOutputStream:75 - [STDERR_REDIRECT] 
2026-09-17 20:56:17,138 [ERROR] LogOutputStream:75 - [STDERR_REDIRECT] [Fatal Error] :1:1: Premature end of file.
2026-09-17 20:56:17,138 [ERROR] LogOutputStream:75 - [STDERR_REDIRECT] 
2026-09-17 20:56:18,162 [ERROR] LogOutputStream:75 - [STDERR_REDIRECT] [Fatal Error] :1:1: Premature end of file.
2026-09-17 20:56:18,162 [ERROR] LogOutputStream:75 - [STDERR_REDIRECT] 
2026-09-17 20:56:19,177 [ERROR] LogOutputStream:75 - [STDERR_REDIRECT] [Fatal Error] :1:1: Premature end of file.
2026-09-17 20:56:19,216 [ERROR] LogOutputStream:75 - [STDERR_REDIRECT] 
2026-09-17 20:56:20,159 [ERROR] LogOutputStream:75 - [STDERR_REDIRECT] [Fatal Error] :1:1: Premature end of file.
2026-09-17 20:56:20,159 [ERROR] LogOutputStream:75 - [STDERR_REDIRECT] 
2026-09-17 20:56:21,155 [ERROR] LogOutputStream:75 - [STDERR_REDIRECT] [Fatal Error] :1:1: Premature end of file.
2026-09-17 20:56:21,155 [ERROR] LogOutputStream:75 - [STDERR_REDIRECT] 
2026-09-17 20:56:22,172 [ERROR] LogOutputStream:75 - [STDERR_REDIRECT] [Fatal Error] :1:1: Premature end of file.
2026-09-17 20:56:22,172 [ERROR] LogOutputStream:75 - [STDERR_REDIRECT] 
2026-09-17 20:56:23,151 [ERROR] LogOutputStream:75 - [STDERR_REDIRECT] [Fatal Error] :1:1: Premature end of file.
2026-09-17 20:56:23,153 [ERROR] LogOutputStream:75 - [STDERR_REDIRECT] 
2026-09-17 20:56:24,157 [ERROR] LogOutputStream:75 - [STDERR_REDIRECT] [Fatal Error] :1:1: Premature end of file.
2026-09-17 20:56:24,157 [ERROR] LogOutputStream:75 - [STDERR_REDIRECT] 
2026-09-17 20:56:25,158 [ERROR] LogOutputStream:75 - [STDERR_REDIRECT] [Fatal Error] :1:1: Premature end of file.
2026-09-17 20:56:25,158 [ERROR] LogOutputStream:75 - [STDERR_REDIRECT] 
2026-09-17 20:56:26,166 [ERROR] LogOutputStream:75 - [STDERR_REDIRECT] [Fatal Error] :1:1: Premature end of file.
2026-09-17 20:56:26,166 [ERROR] LogOutputStream:75 - [STDERR_REDIRECT] 
2026-09-17 20:56:27,158 [ERROR] LogOutputStream:75 - [STDERR_REDIRECT] [Fatal Error] :1:1: Premature end of file.
2026-09-17 20:56:27,158 [ERROR] LogOutputStream:75 - [STDERR_REDIRECT] 
2026-09-17 20:56:28,166 [ERROR] LogOutputStream:75 - [STDERR_REDIRECT] [Fatal Error] :1:1: Premature end of file.
2026-09-17 20:56:28,166 [ERROR] LogOutputStream:75 - [STDERR_REDIRECT] 
2026-09-17 20:56:29,167 [ERROR] LogOutputStream:75 - [STDERR_REDIRECT] [Fatal Error] :1:1: Premature end of file.
2026-09-17 20:56:29,167 [ERROR] LogOutputStream:75 - [STDERR_REDIRECT] 
2026-09-17 20:56:30,161 [ERROR] LogOutputStream:75 - [STDERR_REDIRECT] [Fatal Error] :1:1: Premature end of file.
2026-09-17 20:56:30,161 [ERROR] LogOutputStream:75 - [STDERR_REDIRECT] 
2026-09-17 20:56:31,161 [ERROR] LogOutputStream:75 - [STDERR_REDIRECT] [Fatal Error] :1:1: Premature end of file.
2026-09-17 20:56:31,161 [ERROR] LogOutputStream:75 - [STDERR_REDIRECT] 
2026-09-17 20:56:32,157 [ERROR] LogOutputStream:75 - [STDERR_REDIRECT] [Fatal Error] :1:1: Premature end of file.
2026-09-17 20:56:32,157 [ERROR] LogOutputStream:75 - [STDERR_REDIRECT] 
2026-09-17 20:56:33,157 [ERROR] LogOutputStream:75 - [STDERR_REDIRECT] [Fatal Error] :1:1: Premature end of file.
2026-09-17 20:56:33,157 [ERROR] LogOutputStream:75 - [STDERR_REDIRECT] 
2026-09-17 20:56:34,155 [ERROR] LogOutputStream:75 - [STDERR_REDIRECT] [Fatal Error] :1:1: Premature end of file.
2026-09-17 20:56:34,237 [ERROR] LogOutputStream:75 - [STDERR_REDIRECT] 
2026-09-17 20:56:35,161 [ERROR] LogOutputStream:75 - [STDERR_REDIRECT] [Fatal Error] :1:1: Premature end of file.
2026-09-17 20:56:35,161 [ERROR] LogOutputStream:75 - [STDERR_REDIRECT] 
2026-09-17 20:56:36,154 [ERROR] LogOutputStream:75 - [STDERR_REDIRECT] [Fatal Error] :1:1: Premature end of file.
2026-09-17 20:56:36,154 [ERROR] LogOutputStream:75 - [STDERR_REDIRECT] 
2026-09-17 20:56:37,155 [ERROR] LogOutputStream:75 - [STDERR_REDIRECT] [Fatal Error] :1:1: Premature end of file.
2026-09-17 20:56:37,155 [ERROR] LogOutputStream:75 - [STDERR_REDIRECT] 
2026-09-17 20:56:38,173 [ERROR] LogOutputStream:75 - [STDERR_REDIRECT] [Fatal Error] :1:1: Premature end of file.
2026-09-17 20:56:38,173 [ERROR] LogOutputStream:75 - [STDERR_REDIRECT] 
2026-09-17 20:56:39,159 [ERROR] LogOutputStream:75 - [STDERR_REDIRECT] [Fatal Error] :1:1: Premature end of file.
2026-09-17 20:56:39,159 [ERROR] LogOutputStream:75 - [STDERR_REDIRECT] 
2026-09-17 20:56:40,166 [ERROR] LogOutputStream:75 - [STDERR_REDIRECT] [Fatal Error] :1:1: Premature end of file.
2026-09-17 20:56:40,174 [ERROR] LogOutputStream:75 - [STDERR_REDIRECT] 
2026-09-17 20:56:41,163 [ERROR] LogOutputStream:75 - [STDERR_REDIRECT] [Fatal Error] :1:1: Premature end of file.
2026-09-17 20:56:41,164 [ERROR] LogOutputStream:75 - [STDERR_REDIRECT] 
2026-09-17 20:56:42,154 [ERROR] LogOutputStream:75 - [STDERR_REDIRECT] [Fatal Error] :1:1: Premature end of file.
2026-09-17 20:56:42,155 [ERROR] LogOutputStream:75 - [STDERR_REDIRECT] 
2026-09-17 20:56:43,151 [ERROR] LogOutputStream:75 - [STDERR_REDIRECT] [Fatal Error] :1:1: Premature end of file.
2026-09-17 20:56:43,151 [ERROR] LogOutputStream:75 - [STDERR_REDIRECT] 
2026-09-17 20:56:44,156 [ERROR] LogOutputStream:75 - [STDERR_REDIRECT] [Fatal Error] :1:1: Premature end of file.
2026-09-17 20:56:44,156 [ERROR] LogOutputStream:75 - [STDERR_REDIRECT] 
2026-09-17 20:56:45,154 [ERROR] LogOutputStream:75 - [STDERR_REDIRECT] [Fatal Error] :1:1: Premature end of file.
2026-09-17 20:56:45,154 [ERROR] LogOutputStream:75 - [STDERR_REDIRECT] 
2026-09-17 20:56:46,161 [ERROR] LogOutputStream:75 - [STDERR_REDIRECT] [Fatal Error] :1:1: Premature end of file.
2026-09-17 20:56:46,161 [ERROR] LogOutputStream:75 - [STDERR_REDIRECT] 
2026-09-17 20:56:47,162 [ERROR] LogOutputStream:75 - [STDERR_REDIRECT] [Fatal Error] :1:1: Premature end of file.
2026-09-17 20:56:47,162 [ERROR] LogOutputStream:75 - [STDERR_REDIRECT] 
2026-09-17 20:56:48,161 [ERROR] LogOutputStream:75 - [STDERR_REDIRECT] [Fatal Error] :1:1: Premature end of file.
2026-09-17 20:56:48,161 [ERROR] LogOutputStream:75 - [STDERR_REDIRECT] 
2026-09-17 20:56:49,149 [ERROR] LogOutputStream:75 - [STDERR_REDIRECT] [Fatal Error] :1:1: Premature end of file.
2026-09-17 20:56:49,199 [ERROR] LogOutputStream:75 - [STDERR_REDIRECT] 
2026-09-17 20:56:50,161 [ERROR] LogOutputStream:75 - [STDERR_REDIRECT] [Fatal Error] :1:1: Premature end of file.
2026-09-17 20:56:50,161 [ERROR] LogOutputStream:75 - [STDERR_REDIRECT] 
2026-09-17 20:56:51,158 [ERROR] LogOutputStream:75 - [STDERR_REDIRECT] [Fatal Error] :1:1: Premature end of file.
2026-09-17 20:56:51,158 [ERROR] LogOutputStream:75 - [STDERR_REDIRECT] 
2026-09-17 20:56:52,175 [ERROR] LogOutputStream:75 - [STDERR_REDIRECT] [Fatal Error] :1:1: Premature end of file.
2026-09-17 20:56:52,176 [ERROR] LogOutputStream:75 - [STDERR_REDIRECT] 
2026-09-17 20:56:53,156 [ERROR] LogOutputStream:75 - [STDERR_REDIRECT] [Fatal Error] :1:1: Premature end of file.
2026-09-17 20:56:53,156 [ERROR] LogOutputStream:75 - [STDERR_REDIRECT] 
2026-09-17 20:56:54,155 [ERROR] LogOutputStream:75 - [STDERR_REDIRECT] [Fatal Error] :1:1: Premature end of file.
2026-09-17 20:56:54,155 [ERROR] LogOutputStream:75 - [STDERR_REDIRECT] 
2026-09-17 20:56:55,161 [ERROR] LogOutputStream:75 - [STDERR_REDIRECT] [Fatal Error] :1:1: Premature end of file.
2026-09-17 20:56:55,161 [ERROR] LogOutputStream:75 - [STDERR_REDIRECT] 
2026-09-17 20:56:56,154 [ERROR] LogOutputStream:75 - [STDERR_REDIRECT] [Fatal Error] :1:1: Premature end of file.
2026-09-17 20:56:56,154 [ERROR] LogOutputStream:75 - [STDERR_REDIRECT] 
2026-09-17 20:56:57,164 [ERROR] LogOutputStream:75 - [STDERR_REDIRECT] [Fatal Error] :1:1: Premature end of file.
2026-09-17 20:56:57,166 [ERROR] LogOutputStream:75 - [STDERR_REDIRECT] 
2026-09-17 20:56:58,147 [ERROR] LogOutputStream:75 - [STDERR_REDIRECT] [Fatal Error] :1:1: Premature end of file.
2026-09-17 20:56:58,147 [ERROR] LogOutputStream:75 - [STDERR_REDIRECT] 
2026-09-17 20:56:59,151 [ERROR] LogOutputStream:75 - [STDERR_REDIRECT] [Fatal Error] :1:1: Premature end of file.
2026-09-17 20:56:59,152 [ERROR] LogOutputStream:75 - [STDERR_REDIRECT] 
2026-09-17 20:57:00,160 [ERROR] LogOutputStream:75 - [STDERR_REDIRECT] [Fatal Error] :1:1: Premature end of file.
2026-09-17 20:57:00,160 [ERROR] LogOutputStream:75 - [STDERR_REDIRECT] 
2026-09-17 20:57:01,151 [ERROR] LogOutputStream:75 - [STDERR_REDIRECT] [Fatal Error] :1:1: Premature end of file.
2026-09-17 20:57:01,151 [ERROR] LogOutputStream:75 - [STDERR_REDIRECT] 
2026-09-17 20:57:02,155 [ERROR] LogOutputStream:75 - [STDERR_REDIRECT] [Fatal Error] :1:1: Premature end of file.
2026-09-17 20:57:02,156 [ERROR] LogOutputStream:75 - [STDERR_REDIRECT] 
2026-09-17 20:57:03,153 [ERROR] LogOutputStream:75 - [STDERR_REDIRECT] [Fatal Error] :1:1: Premature end of file.
2026-09-17 20:57:03,153 [ERROR] LogOutputStream:75 - [STDERR_REDIRECT] 
2026-09-17 20:57:04,204 [ERROR] LogOutputStream:75 - [STDERR_REDIRECT] [Fatal Error] :1:1: Premature end of file.
2026-09-17 20:57:04,204 [ERROR] LogOutputStream:75 - [STDERR_REDIRECT] 
2026-09-17 20:57:05,147 [ERROR] LogOutputStream:75 - [STDERR_REDIRECT] [Fatal Error] :1:1: Premature end of file.
2026-09-17 20:57:05,147 [ERROR] LogOutputStream:75 - [STDERR_REDIRECT] 
2026-09-17 20:57:06,147 [ERROR] LogOutputStream:75 - [STDERR_REDIRECT] [Fatal Error] :1:1: Premature end of file.
2026-09-17 20:57:06,147 [ERROR] LogOutputStream:75 - [STDERR_REDIRECT] 
2026-09-17 20:57:07,154 [ERROR] LogOutputStream:75 - [STDERR_REDIRECT] [Fatal Error] :1:1: Premature end of file.
2026-09-17 20:57:07,154 [ERROR] LogOutputStream:75 - [STDERR_REDIRECT] 
2026-09-17 20:57:08,150 [ERROR] LogOutputStream:75 - [STDERR_REDIRECT] [Fatal Error] :1:1: Premature end of file.
2026-09-17 20:57:08,150 [ERROR] LogOutputStream:75 - [STDERR_REDIRECT] 
2026-09-17 20:57:09,146 [ERROR] LogOutputStream:75 - [STDERR_REDIRECT] [Fatal Error] :1:1: Premature end of file.
2026-09-17 20:57:09,147 [ERROR] LogOutputStream:75 - [STDERR_REDIRECT] 
2026-09-17 20:57:10,144 [ERROR] LogOutputStream:75 - [STDERR_REDIRECT] [Fatal Error] :1:1: Premature end of file.
2026-09-17 20:57:10,144 [ERROR] LogOutputStream:75 - [STDERR_REDIRECT] 
2026-09-17 20:57:11,159 [ERROR] LogOutputStream:75 - [STDERR_REDIRECT] [Fatal Error] :1:1: Premature end of file.
2026-09-17 20:57:11,159 [ERROR] LogOutputStream:75 - [STDERR_REDIRECT] 
2026-09-17 20:57:12,182 [ERROR] LogOutputStream:75 - [STDERR_REDIRECT] [Fatal Error] :1:1: Premature end of file.
2026-09-17 20:57:12,184 [ERROR] LogOutputStream:75 - [STDERR_REDIRECT] 
2026-09-17 20:57:13,171 [ERROR] LogOutputStream:75 - [STDERR_REDIRECT] [Fatal Error] :1:1: Premature end of file.
2026-09-17 20:57:13,171 [ERROR] LogOutputStream:75 - [STDERR_REDIRECT] 
2026-09-17 20:57:14,179 [ERROR] LogOutputStream:75 - [STDERR_REDIRECT] [Fatal Error] :1:1: Premature end of file.
2026-09-17 20:57:14,179 [ERROR] LogOutputStream:75 - [STDERR_REDIRECT] 
2026-09-17 20:57:15,160 [ERROR] LogOutputStream:75 - [STDERR_REDIRECT] [Fatal Error] :1:1: Premature end of file.
2026-09-17 20:57:15,160 [ERROR] LogOutputStream:75 - [STDERR_REDIRECT] 
2026-09-17 20:57:16,151 [ERROR] LogOutputStream:75 - [STDERR_REDIRECT] [Fatal Error] :1:1: Premature end of file.
2026-09-17 20:57:16,151 [ERROR] LogOutputStream:75 - [STDERR_REDIRECT] 
2026-09-17 20:57:17,160 [ERROR] LogOutputStream:75 - [STDERR_REDIRECT] [Fatal Error] :1:1: Premature end of file.
2026-09-17 20:57:17,162 [ERROR] LogOutputStream:75 - [STDERR_REDIRECT] 
2026-09-17 20:57:18,152 [ERROR] LogOutputStream:75 - [STDERR_REDIRECT] [Fatal Error] :1:1: Premature end of file.
2026-09-17 20:57:18,152 [ERROR] LogOutputStream:75 - [STDERR_REDIRECT] 
2026-09-17 20:57:19,153 [ERROR] LogOutputStream:75 - [STDERR_REDIRECT] [Fatal Error] :1:1: Premature end of file.
2026-09-17 20:57:19,153 [ERROR] LogOutputStream:75 - [STDERR_REDIRECT] 
2026-09-17 20:57:20,149 [ERROR] LogOutputStream:75 - [STDERR_REDIRECT] [Fatal Error] :1:1: Premature end of file.
2026-09-17 20:57:20,149 [ERROR] LogOutputStream:75 - [STDERR_REDIRECT] 
2026-09-17 20:57:21,151 [ERROR] LogOutputStream:75 - [STDERR_REDIRECT] [Fatal Error] :1:1: Premature end of file.
2026-09-17 20:57:21,151 [ERROR] LogOutputStream:75 - [STDERR_REDIRECT] 
2026-09-17 20:57:22,150 [ERROR] LogOutputStream:75 - [STDERR_REDIRECT] [Fatal Error] :1:1: Premature end of file.
2026-09-17 20:57:22,150 [ERROR] LogOutputStream:75 - [STDERR_REDIRECT] 
2026-09-17 20:57:23,149 [ERROR] LogOutputStream:75 - [STDERR_REDIRECT] [Fatal Error] :1:1: Premature end of file.
2026-09-17 20:57:23,150 [ERROR] LogOutputStream:75 - [STDERR_REDIRECT] 
2026-09-17 20:57:24,157 [ERROR] LogOutputStream:75 - [STDERR_REDIRECT] [Fatal Error] :1:1: Premature end of file.
2026-09-17 20:57:24,157 [ERROR] LogOutputStream:75 - [STDERR_REDIRECT] 
2026-09-17 20:57:25,157 [ERROR] LogOutputStream:75 - [STDERR_REDIRECT] [Fatal Error] :1:1: Premature end of file.
2026-09-17 20:57:25,157 [ERROR] LogOutputStream:75 - [STDERR_REDIRECT] 
2026-09-17 20:57:26,148 [ERROR] LogOutputStream:75 - [STDERR_REDIRECT] [Fatal Error] :1:1: Premature end of file.
2026-09-17 20:57:26,149 [ERROR] LogOutputStream:75 - [STDERR_REDIRECT] 
2026-09-17 20:57:27,170 [ERROR] LogOutputStream:75 - [STDERR_REDIRECT] [Fatal Error] :1:1: Premature end of file.
2026-09-17 20:57:27,170 [ERROR] LogOutputStream:75 - [STDERR_REDIRECT] 
2026-09-17 20:57:28,157 [ERROR] LogOutputStream:75 - [STDERR_REDIRECT] [Fatal Error] :1:1: Premature end of file.
2026-09-17 20:57:28,158 [ERROR] LogOutputStream:75 - [STDERR_REDIRECT] 
2026-09-17 20:57:29,156 [ERROR] LogOutputStream:75 - [STDERR_REDIRECT] [Fatal Error] :1:1: Premature end of file.
2026-09-17 20:57:29,156 [ERROR] LogOutputStream:75 - [STDERR_REDIRECT] 
2026-09-17 20:57:30,159 [ERROR] LogOutputStream:75 - [STDERR_REDIRECT] [Fatal Error] :1:1: Premature end of file.
2026-09-17 20:57:30,159 [ERROR] LogOutputStream:75 - [STDERR_REDIRECT] 
2026-09-17 20:57:31,164 [ERROR] LogOutputStream:75 - [STDERR_REDIRECT] [Fatal Error] :1:1: Premature end of file.
2026-09-17 20:57:31,164 [ERROR] LogOutputStream:75 - [STDERR_REDIRECT] 
2026-09-17 20:57:32,154 [ERROR] LogOutputStream:75 - [STDERR_REDIRECT] [Fatal Error] :1:1: Premature end of file.
2026-09-17 20:57:32,155 [ERROR] LogOutputStream:75 - [STDERR_REDIRECT] 
2026-09-17 20:57:33,151 [ERROR] LogOutputStream:75 - [STDERR_REDIRECT] [Fatal Error] :1:1: Premature end of file.
2026-09-17 20:57:33,151 [ERROR] LogOutputStream:75 - [STDERR_REDIRECT] 
2026-09-17 20:57:34,159 [ERROR] LogOutputStream:75 - [STDERR_REDIRECT] [Fatal Error] :1:1: Premature end of file.
2026-09-17 20:57:34,190 [ERROR] LogOutputStream:75 - [STDERR_REDIRECT] 
2026-09-17 20:57:35,159 [ERROR] LogOutputStream:75 - [STDERR_REDIRECT] [Fatal Error] :1:1: Premature end of file.
2026-09-17 20:57:35,159 [ERROR] LogOutputStream:75 - [STDERR_REDIRECT] 
2026-09-17 20:57:36,160 [ERROR] LogOutputStream:75 - [STDERR_REDIRECT] [Fatal Error] :1:1: Premature end of file.
2026-09-17 20:57:36,160 [ERROR] LogOutputStream:75 - [STDERR_REDIRECT] 
2026-09-17 20:57:37,154 [ERROR] LogOutputStream:75 - [STDERR_REDIRECT] [Fatal Error] :1:1: Premature end of file.
2026-09-17 20:57:37,154 [ERROR] LogOutputStream:75 - [STDERR_REDIRECT] 
2026-09-17 20:57:38,155 [ERROR] LogOutputStream:75 - [STDERR_REDIRECT] [Fatal Error] :1:1: Premature end of file.
2026-09-17 20:57:38,155 [ERROR] LogOutputStream:75 - [STDERR_REDIRECT] 
2026-09-17 20:57:39,149 [ERROR] LogOutputStream:75 - [STDERR_REDIRECT] [Fatal Error] :1:1: Premature end of file.
2026-09-17 20:57:39,149 [ERROR] LogOutputStream:75 - [STDERR_REDIRECT] 
2026-09-17 20:57:40,163 [ERROR] LogOutputStream:75 - [STDERR_REDIRECT] [Fatal Error] :1:1: Premature end of file.
2026-09-17 20:57:40,163 [ERROR] LogOutputStream:75 - [STDERR_REDIRECT] 
2026-09-17 20:57:41,169 [ERROR] LogOutputStream:75 - [STDERR_REDIRECT] [Fatal Error] :1:1: Premature end of file.
2026-09-17 20:57:41,169 [ERROR] LogOutputStream:75 - [STDERR_REDIRECT] 
2026-09-17 20:57:42,179 [ERROR] LogOutputStream:75 - [STDERR_REDIRECT] [Fatal Error] :1:1: Premature end of file.
2026-09-17 20:57:42,179 [ERROR] LogOutputStream:75 - [STDERR_REDIRECT] 
2026-09-17 20:57:43,151 [ERROR] LogOutputStream:75 - [STDERR_REDIRECT] [Fatal Error] :1:1: Premature end of file.
2026-09-17 20:57:43,152 [ERROR] LogOutputStream:75 - [STDERR_REDIRECT] 
2026-09-17 20:57:44,157 [ERROR] LogOutputStream:75 - [STDERR_REDIRECT] [Fatal Error] :1:1: Premature end of file.
2026-09-17 20:57:44,157 [ERROR] LogOutputStream:75 - [STDERR_REDIRECT] 
2026-09-17 20:57:45,159 [ERROR] LogOutputStream:75 - [STDERR_REDIRECT] [Fatal Error] :1:1: Premature end of file.
2026-09-17 20:57:45,159 [ERROR] LogOutputStream:75 - [STDERR_REDIRECT] 
2026-09-17 20:57:46,159 [ERROR] LogOutputStream:75 - [STDERR_REDIRECT] [Fatal Error] :1:1: Premature end of file.
2026-09-17 20:57:46,159 [ERROR] LogOutputStream:75 - [STDERR_REDIRECT] 
2026-09-17 20:57:47,170 [ERROR] LogOutputStream:75 - [STDERR_REDIRECT] [Fatal Error] :1:1: Premature end of file.
2026-09-17 20:57:47,170 [ERROR] LogOutputStream:75 - [STDERR_REDIRECT] 
2026-09-17 20:57:48,163 [ERROR] LogOutputStream:75 - [STDERR_REDIRECT] [Fatal Error] :1:1: Premature end of file.
2026-09-17 20:57:48,163 [ERROR] LogOutputStream:75 - [STDERR_REDIRECT] 
2026-09-17 20:57:49,158 [ERROR] LogOutputStream:75 - [STDERR_REDIRECT] [Fatal Error] :1:1: Premature end of file.
2026-09-17 20:57:49,158 [ERROR] LogOutputStream:75 - [STDERR_REDIRECT] 
2026-09-17 20:57:50,163 [ERROR] LogOutputStream:75 - [STDERR_REDIRECT] [Fatal Error] :1:1: Premature end of file.
2026-09-17 20:57:50,164 [ERROR] LogOutputStream:75 - [STDERR_REDIRECT] 
2026-09-17 20:57:51,164 [ERROR] LogOutputStream:75 - [STDERR_REDIRECT] [Fatal Error] :1:1: Premature end of file.
2026-09-17 20:57:51,164 [ERROR] LogOutputStream:75 - [STDERR_REDIRECT] 
2026-09-17 20:57:52,160 [ERROR] LogOutputStream:75 - [STDERR_REDIRECT] [Fatal Error] :1:1: Premature end of file.
2026-09-17 20:57:52,161 [ERROR] LogOutputStream:75 - [STDERR_REDIRECT] 
2026-09-17 20:57:53,156 [ERROR] LogOutputStream:75 - [STDERR_REDIRECT] [Fatal Error] :1:1: Premature end of file.
2026-09-17 20:57:53,156 [ERROR] LogOutputStream:75 - [STDERR_REDIRECT] 
2026-09-17 20:57:54,164 [ERROR] LogOutputStream:75 - [STDERR_REDIRECT] [Fatal Error] :1:1: Premature end of file.
2026-09-17 20:57:54,165 [ERROR] LogOutputStream:75 - [STDERR_REDIRECT] 
2026-09-17 20:57:55,158 [ERROR] LogOutputStream:75 - [STDERR_REDIRECT] [Fatal Error] :1:1: Premature end of file.
2026-09-17 20:57:55,158 [ERROR] LogOutputStream:75 - [STDERR_REDIRECT] 
2026-09-17 20:57:56,157 [ERROR] LogOutputStream:75 - [STDERR_REDIRECT] [Fatal Error] :1:1: Premature end of file.
2026-09-17 20:57:56,157 [ERROR] LogOutputStream:75 - [STDERR_REDIRECT] 
2026-09-17 20:57:57,172 [ERROR] LogOutputStream:75 - [STDERR_REDIRECT] [Fatal Error] :1:1: Premature end of file.
2026-09-17 20:57:57,172 [ERROR] LogOutputStream:75 - [STDERR_REDIRECT] 
2026-09-17 20:57:58,166 [ERROR] LogOutputStream:75 - [STDERR_REDIRECT] [Fatal Error] :1:1: Premature end of file.
2026-09-17 20:57:58,166 [ERROR] LogOutputStream:75 - [STDERR_REDIRECT] 
2026-09-17 20:57:59,173 [ERROR] LogOutputStream:75 - [STDERR_REDIRECT] [Fatal Error] :1:1: Premature end of file.
2026-09-17 20:57:59,173 [ERROR] LogOutputStream:75 - [STDERR_REDIRECT] 
2026-09-17 20:58:00,153 [ERROR] LogOutputStream:75 - [STDERR_REDIRECT] [Fatal Error] :1:1: Premature end of file.
2026-09-17 20:58:00,153 [ERROR] LogOutputStream:75 - [STDERR_REDIRECT] 
2026-09-17 20:58:01,151 [ERROR] LogOutputStream:75 - [STDERR_REDIRECT] [Fatal Error] :1:1: Premature end of file.
2026-09-17 20:58:01,151 [ERROR] LogOutputStream:75 - [STDERR_REDIRECT] 
2026-09-17 20:58:02,157 [ERROR] LogOutputStream:75 - [STDERR_REDIRECT] [Fatal Error] :1:1: Premature end of file.
2026-09-17 20:58:02,157 [ERROR] LogOutputStream:75 - [STDERR_REDIRECT] 
2026-09-17 20:58:03,163 [ERROR] LogOutputStream:75 - [STDERR_REDIRECT] [Fatal Error] :1:1: Premature end of file.
2026-09-17 20:58:03,163 [ERROR] LogOutputStream:75 - [STDERR_REDIRECT] 
2026-09-17 20:58:04,160 [ERROR] LogOutputStream:75 - [STDERR_REDIRECT] [Fatal Error] :1:1: Premature end of file.
2026-09-17 20:58:04,173 [ERROR] LogOutputStream:75 - [STDERR_REDIRECT] 
2026-09-17 20:58:05,158 [ERROR] LogOutputStream:75 - [STDERR_REDIRECT] [Fatal Error] :1:1: Premature end of file.
2026-09-17 20:58:05,159 [ERROR] LogOutputStream:75 - [STDERR_REDIRECT] 
2026-09-17 20:58:06,149 [ERROR] LogOutputStream:75 - [STDERR_REDIRECT] [Fatal Error] :1:1: Premature end of file.
2026-09-17 20:58:06,149 [ERROR] LogOutputStream:75 - [STDERR_REDIRECT] 
2026-09-17 20:58:07,157 [ERROR] LogOutputStream:75 - [STDERR_REDIRECT] [Fatal Error] :1:1: Premature end of file.
2026-09-17 20:58:07,157 [ERROR] LogOutputStream:75 - [STDERR_REDIRECT] 
2026-09-17 20:58:08,148 [ERROR] LogOutputStream:75 - [STDERR_REDIRECT] [Fatal Error] :1:1: Premature end of file.
2026-09-17 20:58:08,148 [ERROR] LogOutputStream:75 - [STDERR_REDIRECT] 
2026-09-17 20:58:09,148 [ERROR] LogOutputStream:75 - [STDERR_REDIRECT] [Fatal Error] :1:1: Premature end of file.
2026-09-17 20:58:09,149 [ERROR] LogOutputStream:75 - [STDERR_REDIRECT] 
2026-09-17 20:58:10,159 [ERROR] LogOutputStream:75 - [STDERR_REDIRECT] [Fatal Error] :1:1: Premature end of file.
2026-09-17 20:58:10,160 [ERROR] LogOutputStream:75 - [STDERR_REDIRECT] 
2026-09-17 20:58:11,149 [ERROR] LogOutputStream:75 - [STDERR_REDIRECT] [Fatal Error] :1:1: Premature end of file.
2026-09-17 20:58:11,149 [ERROR] LogOutputStream:75 - [STDERR_REDIRECT] 
2026-09-17 20:58:12,152 [ERROR] LogOutputStream:75 - [STDERR_REDIRECT] [Fatal Error] :1:1: Premature end of file.
2026-09-17 20:58:12,152 [ERROR] LogOutputStream:75 - [STDERR_REDIRECT] 
2026-09-17 20:58:13,155 [ERROR] LogOutputStream:75 - [STDERR_REDIRECT] [Fatal Error] :1:1: Premature end of file.
2026-09-17 20:58:13,155 [ERROR] LogOutputStream:75 - [STDERR_REDIRECT] 
2026-09-17 20:58:14,155 [ERROR] LogOutputStream:75 - [STDERR_REDIRECT] [Fatal Error] :1:1: Premature end of file.
2026-09-17 20:58:14,155 [ERROR] LogOutputStream:75 - [STDERR_REDIRECT] 
2026-09-17 20:58:15,155 [ERROR] LogOutputStream:75 - [STDERR_REDIRECT] [Fatal Error] :1:1: Premature end of file.
2026-09-17 20:58:15,156 [ERROR] LogOutputStream:75 - [STDERR_REDIRECT] 
2026-09-17 20:58:16,160 [ERROR] LogOutputStream:75 - [STDERR_REDIRECT] [Fatal Error] :1:1: Premature end of file.
2026-09-17 20:58:16,160 [ERROR] LogOutputStream:75 - [STDERR_REDIRECT] 
2026-09-17 20:58:17,153 [ERROR] LogOutputStream:75 - [STDERR_REDIRECT] [Fatal Error] :1:1: Premature end of file.
2026-09-17 20:58:17,153 [ERROR] LogOutputStream:75 - [STDERR_REDIRECT] 
2026-09-17 20:58:18,158 [ERROR] LogOutputStream:75 - [STDERR_REDIRECT] [Fatal Error] :1:1: Premature end of file.
2026-09-17 20:58:18,158 [ERROR] LogOutputStream:75 - [STDERR_REDIRECT] 
2026-09-17 20:58:19,161 [ERROR] LogOutputStream:75 - [STDERR_REDIRECT] [Fatal Error] :1:1: Premature end of file.
2026-09-17 20:58:19,185 [ERROR] LogOutputStream:75 - [STDERR_REDIRECT] 
2026-09-17 20:58:20,160 [ERROR] LogOutputStream:75 - [STDERR_REDIRECT] [Fatal Error] :1:1: Premature end of file.
2026-09-17 20:58:20,160 [ERROR] LogOutputStream:75 - [STDERR_REDIRECT] 
2026-09-17 20:58:21,174 [ERROR] LogOutputStream:75 - [STDERR_REDIRECT] [Fatal Error] :1:1: Premature end of file.
2026-09-17 20:58:21,174 [ERROR] LogOutputStream:75 - [STDERR_REDIRECT] 
2026-09-17 20:58:22,161 [ERROR] LogOutputStream:75 - [STDERR_REDIRECT] [Fatal Error] :1:1: Premature end of file.
2026-09-17 20:58:22,161 [ERROR] LogOutputStream:75 - [STDERR_REDIRECT] 
2026-09-17 20:58:23,162 [ERROR] LogOutputStream:75 - [STDERR_REDIRECT] [Fatal Error] :1:1: Premature end of file.
2026-09-17 20:58:23,162 [ERROR] LogOutputStream:75 - [STDERR_REDIRECT] 
2026-09-17 20:58:24,162 [ERROR] LogOutputStream:75 - [STDERR_REDIRECT] [Fatal Error] :1:1: Premature end of file.
2026-09-17 20:58:24,162 [ERROR] LogOutputStream:75 - [STDERR_REDIRECT] 
2026-09-17 20:58:25,175 [ERROR] LogOutputStream:75 - [STDERR_REDIRECT] [Fatal Error] :1:1: Premature end of file.
2026-09-17 20:58:25,175 [ERROR] LogOutputStream:75 - [STDERR_REDIRECT] 
2026-09-17 20:58:26,164 [ERROR] LogOutputStream:75 - [STDERR_REDIRECT] [Fatal Error] :1:1: Premature end of file.
2026-09-17 20:58:26,164 [ERROR] LogOutputStream:75 - [STDERR_REDIRECT] 
2026-09-17 20:58:27,175 [ERROR] LogOutputStream:75 - [STDERR_REDIRECT] [Fatal Error] :1:1: Premature end of file.
2026-09-17 20:58:27,175 [ERROR] LogOutputStream:75 - [STDERR_REDIRECT] 
2026-09-17 20:58:28,159 [ERROR] LogOutputStream:75 - [STDERR_REDIRECT] [Fatal Error] :1:1: Premature end of file.
2026-09-17 20:58:28,159 [ERROR] LogOutputStream:75 - [STDERR_REDIRECT] 
2026-09-17 20:58:29,158 [ERROR] LogOutputStream:75 - [STDERR_REDIRECT] [Fatal Error] :1:1: Premature end of file.
2026-09-17 20:58:29,158 [ERROR] LogOutputStream:75 - [STDERR_REDIRECT] 
2026-09-17 20:58:30,156 [ERROR] LogOutputStream:75 - [STDERR_REDIRECT] [Fatal Error] :1:1: Premature end of file.
2026-09-17 20:58:30,156 [ERROR] LogOutputStream:75 - [STDERR_REDIRECT] 
2026-09-17 20:58:31,158 [ERROR] LogOutputStream:75 - [STDERR_REDIRECT] [Fatal Error] :1:1: Premature end of file.
2026-09-17 20:58:31,158 [ERROR] LogOutputStream:75 - [STDERR_REDIRECT] 
2026-09-17 20:58:32,158 [ERROR] LogOutputStream:75 - [STDERR_REDIRECT] [Fatal Error] :1:1: Premature end of file.
2026-09-17 20:58:32,158 [ERROR] LogOutputStream:75 - [STDERR_REDIRECT] 
2026-09-17 20:58:33,161 [ERROR] LogOutputStream:75 - [STDERR_REDIRECT] [Fatal Error] :1:1: Premature end of file.
2026-09-17 20:58:33,161 [ERROR] LogOutputStream:75 - [STDERR_REDIRECT] 
2026-09-17 20:58:34,154 [ERROR] LogOutputStream:75 - [STDERR_REDIRECT] [Fatal Error] :1:1: Premature end of file.
2026-09-17 20:58:34,161 [ERROR] LogOutputStream:75 - [STDERR_REDIRECT] 
2026-09-17 20:58:35,162 [ERROR] LogOutputStream:75 - [STDERR_REDIRECT] [Fatal Error] :1:1: Premature end of file.
2026-09-17 20:58:35,162 [ERROR] LogOutputStream:75 - [STDERR_REDIRECT] 
2026-09-17 20:58:36,148 [ERROR] LogOutputStream:75 - [STDERR_REDIRECT] [Fatal Error] :1:1: Premature end of file.
2026-09-17 20:58:36,148 [ERROR] LogOutputStream:75 - [STDERR_REDIRECT] 
2026-09-17 20:58:37,155 [ERROR] LogOutputStream:75 - [STDERR_REDIRECT] [Fatal Error] :1:1: Premature end of file.
2026-09-17 20:58:37,155 [ERROR] LogOutputStream:75 - [STDERR_REDIRECT] 
2026-09-17 20:58:38,162 [ERROR] LogOutputStream:75 - [STDERR_REDIRECT] [Fatal Error] :1:1: Premature end of file.
2026-09-17 20:58:38,162 [ERROR] LogOutputStream:75 - [STDERR_REDIRECT] 
2026-09-17 20:58:39,154 [ERROR] LogOutputStream:75 - [STDERR_REDIRECT] [Fatal Error] :1:1: Premature end of file.
2026-09-17 20:58:39,154 [ERROR] LogOutputStream:75 - [STDERR_REDIRECT] 
2026-09-17 20:58:40,157 [ERROR] LogOutputStream:75 - [STDERR_REDIRECT] [Fatal Error] :1:1: Premature end of file.
2026-09-17 20:58:40,157 [ERROR] LogOutputStream:75 - [STDERR_REDIRECT] 
2026-09-17 20:58:41,155 [ERROR] LogOutputStream:75 - [STDERR_REDIRECT] [Fatal Error] :1:1: Premature end of file.
2026-09-17 20:58:41,155 [ERROR] LogOutputStream:75 - [STDERR_REDIRECT] 
2026-09-17 20:58:42,149 [ERROR] LogOutputStream:75 - [STDERR_REDIRECT] [Fatal Error] :1:1: Premature end of file.
2026-09-17 20:58:42,149 [ERROR] LogOutputStream:75 - [STDERR_REDIRECT] 
2026-09-17 20:58:43,163 [ERROR] LogOutputStream:75 - [STDERR_REDIRECT] [Fatal Error] :1:1: Premature end of file.
2026-09-17 20:58:43,163 [ERROR] LogOutputStream:75 - [STDERR_REDIRECT] 
2026-09-17 20:58:44,163 [ERROR] LogOutputStream:75 - [STDERR_REDIRECT] [Fatal Error] :1:1: Premature end of file.
2026-09-17 20:58:44,163 [ERROR] LogOutputStream:75 - [STDERR_REDIRECT] 
2026-09-17 20:58:45,153 [ERROR] LogOutputStream:75 - [STDERR_REDIRECT] [Fatal Error] :1:1: Premature end of file.
2026-09-17 20:58:45,153 [ERROR] LogOutputStream:75 - [STDERR_REDIRECT] 
2026-09-17 20:58:46,157 [ERROR] LogOutputStream:75 - [STDERR_REDIRECT] [Fatal Error] :1:1: Premature end of file.
2026-09-17 20:58:46,157 [ERROR] LogOutputStream:75 - [STDERR_REDIRECT] 
2026-09-17 20:58:47,147 [ERROR] LogOutputStream:75 - [STDERR_REDIRECT] [Fatal Error] :1:1: Premature end of file.
2026-09-17 20:58:47,147 [ERROR] LogOutputStream:75 - [STDERR_REDIRECT] 
2026-09-17 20:58:48,154 [ERROR] LogOutputStream:75 - [STDERR_REDIRECT] [Fatal Error] :1:1: Premature end of file.
2026-09-17 20:58:48,154 [ERROR] LogOutputStream:75 - [STDERR_REDIRECT] 
2026-09-17 20:58:49,151 [ERROR] LogOutputStream:75 - [STDERR_REDIRECT] [Fatal Error] :1:1: Premature end of file.
2026-09-17 20:58:49,186 [ERROR] LogOutputStream:75 - [STDERR_REDIRECT] 
2026-09-17 20:58:50,156 [ERROR] LogOutputStream:75 - [STDERR_REDIRECT] [Fatal Error] :1:1: Premature end of file.
2026-09-17 20:58:50,157 [ERROR] LogOutputStream:75 - [STDERR_REDIRECT] 
2026-09-17 20:58:51,158 [ERROR] LogOutputStream:75 - [STDERR_REDIRECT] [Fatal Error] :1:1: Premature end of file.
2026-09-17 20:58:51,158 [ERROR] LogOutputStream:75 - [STDERR_REDIRECT] 
2026-09-17 20:58:52,153 [ERROR] LogOutputStream:75 - [STDERR_REDIRECT] [Fatal Error] :1:1: Premature end of file.
2026-09-17 20:58:52,153 [ERROR] LogOutputStream:75 - [STDERR_REDIRECT] 
2026-09-17 20:58:53,154 [ERROR] LogOutputStream:75 - [STDERR_REDIRECT] [Fatal Error] :1:1: Premature end of file.
2026-09-17 20:58:53,154 [ERROR] LogOutputStream:75 - [STDERR_REDIRECT] 
2026-09-17 20:58:54,152 [ERROR] LogOutputStream:75 - [STDERR_REDIRECT] [Fatal Error] :1:1: Premature end of file.
2026-09-17 20:58:54,152 [ERROR] LogOutputStream:75 - [STDERR_REDIRECT] 
2026-09-17 20:58:55,198 [ERROR] LogOutputStream:75 - [STDERR_REDIRECT] [Fatal Error] :1:1: Premature end of file.
2026-09-17 20:58:55,199 [ERROR] LogOutputStream:75 - [STDERR_REDIRECT] 
2026-09-17 20:58:56,154 [ERROR] LogOutputStream:75 - [STDERR_REDIRECT] [Fatal Error] :1:1: Premature end of file.
2026-09-17 20:58:56,154 [ERROR] LogOutputStream:75 - [STDERR_REDIRECT] 
2026-09-17 20:58:57,156 [ERROR] LogOutputStream:75 - [STDERR_REDIRECT] [Fatal Error] :1:1: Premature end of file.
2026-09-17 20:58:57,156 [ERROR] LogOutputStream:75 - [STDERR_REDIRECT] 
2026-09-17 20:58:58,156 [ERROR] LogOutputStream:75 - [STDERR_REDIRECT] [Fatal Error] :1:1: Premature end of file.
2026-09-17 20:58:58,156 [ERROR] LogOutputStream:75 - [STDERR_REDIRECT] 
2026-09-17 20:58:59,157 [ERROR] LogOutputStream:75 - [STDERR_REDIRECT] [Fatal Error] :1:1: Premature end of file.
2026-09-17 20:58:59,158 [ERROR] LogOutputStream:75 - [STDERR_REDIRECT] 
2026-09-17 20:59:00,158 [ERROR] LogOutputStream:75 - [STDERR_REDIRECT] [Fatal Error] :1:1: Premature end of file.
2026-09-17 20:59:00,158 [ERROR] LogOutputStream:75 - [STDERR_REDIRECT] 
2026-09-17 20:59:01,158 [ERROR] LogOutputStream:75 - [STDERR_REDIRECT] [Fatal Error] :1:1: Premature end of file.
2026-09-17 20:59:01,158 [ERROR] LogOutputStream:75 - [STDERR_REDIRECT] 
2026-09-17 20:59:02,158 [ERROR] LogOutputStream:75 - [STDERR_REDIRECT] [Fatal Error] :1:1: Premature end of file.
2026-09-17 20:59:02,158 [ERROR] LogOutputStream:75 - [STDERR_REDIRECT] 
2026-09-17 20:59:03,171 [ERROR] LogOutputStream:75 - [STDERR_REDIRECT] [Fatal Error] :1:1: Premature end of file.
2026-09-17 20:59:03,171 [ERROR] LogOutputStream:75 - [STDERR_REDIRECT] 
2026-09-17 20:59:04,164 [ERROR] LogOutputStream:75 - [STDERR_REDIRECT] [Fatal Error] :1:1: Premature end of file.
2026-09-17 20:59:04,164 [ERROR] LogOutputStream:75 - [STDERR_REDIRECT] 
2026-09-17 20:59:05,166 [ERROR] LogOutputStream:75 - [STDERR_REDIRECT] [Fatal Error] :1:1: Premature end of file.
2026-09-17 20:59:05,166 [ERROR] LogOutputStream:75 - [STDERR_REDIRECT] 
2026-09-17 20:59:06,156 [ERROR] LogOutputStream:75 - [STDERR_REDIRECT] [Fatal Error] :1:1: Premature end of file.
2026-09-17 20:59:06,156 [ERROR] LogOutputStream:75 - [STDERR_REDIRECT] 
2026-09-17 20:59:07,155 [ERROR] LogOutputStream:75 - [STDERR_REDIRECT] [Fatal Error] :1:1: Premature end of file.
2026-09-17 20:59:07,155 [ERROR] LogOutputStream:75 - [STDERR_REDIRECT] 
2026-09-17 20:59:08,164 [ERROR] LogOutputStream:75 - [STDERR_REDIRECT] [Fatal Error] :1:1: Premature end of file.
2026-09-17 20:59:08,164 [ERROR] LogOutputStream:75 - [STDERR_REDIRECT] 
2026-09-17 20:59:09,166 [ERROR] LogOutputStream:75 - [STDERR_REDIRECT] [Fatal Error] :1:1: Premature end of file.
2026-09-17 20:59:09,166 [ERROR] LogOutputStream:75 - [STDERR_REDIRECT] 
2026-09-17 20:59:10,166 [ERROR] LogOutputStream:75 - [STDERR_REDIRECT] [Fatal Error] :1:1: Premature end of file.
2026-09-17 20:59:10,166 [ERROR] LogOutputStream:75 - [STDERR_REDIRECT] 
2026-09-17 20:59:11,170 [ERROR] LogOutputStream:75 - [STDERR_REDIRECT] [Fatal Error] :1:1: Premature end of file.
2026-09-17 20:59:11,170 [ERROR] LogOutputStream:75 - [STDERR_REDIRECT] 
2026-09-17 20:59:12,164 [ERROR] LogOutputStream:75 - [STDERR_REDIRECT] [Fatal Error] :1:1: Premature end of file.
2026-09-17 20:59:12,164 [ERROR] LogOutputStream:75 - [STDERR_REDIRECT] 
2026-09-17 20:59:13,168 [ERROR] LogOutputStream:75 - [STDERR_REDIRECT] [Fatal Error] :1:1: Premature end of file.
2026-09-17 20:59:13,168 [ERROR] LogOutputStream:75 - [STDERR_REDIRECT] 
2026-09-17 20:59:14,156 [ERROR] LogOutputStream:75 - [STDERR_REDIRECT] [Fatal Error] :1:1: Premature end of file.
2026-09-17 20:59:14,156 [ERROR] LogOutputStream:75 - [STDERR_REDIRECT] 
2026-09-17 20:59:15,173 [ERROR] LogOutputStream:75 - [STDERR_REDIRECT] [Fatal Error] :1:1: Premature end of file.
2026-09-17 20:59:15,173 [ERROR] LogOutputStream:75 - [STDERR_REDIRECT] 
2026-09-17 20:59:16,172 [ERROR] LogOutputStream:75 - [STDERR_REDIRECT] [Fatal Error] :1:1: Premature end of file.
2026-09-17 20:59:16,172 [ERROR] LogOutputStream:75 - [STDERR_REDIRECT] 
2026-09-17 20:59:17,159 [ERROR] LogOutputStream:75 - [STDERR_REDIRECT] [Fatal Error] :1:1: Premature end of file.
2026-09-17 20:59:17,159 [ERROR] LogOutputStream:75 - [STDERR_REDIRECT] 
2026-09-17 20:59:18,151 [ERROR] LogOutputStream:75 - [STDERR_REDIRECT] [Fatal Error] :1:1: Premature end of file.
2026-09-17 20:59:18,151 [ERROR] LogOutputStream:75 - [STDERR_REDIRECT] 
2026-09-17 20:59:19,153 [ERROR] LogOutputStream:75 - [STDERR_REDIRECT] [Fatal Error] :1:1: Premature end of file.
2026-09-17 20:59:19,153 [ERROR] LogOutputStream:75 - [STDERR_REDIRECT] 
2026-09-17 20:59:20,164 [ERROR] LogOutputStream:75 - [STDERR_REDIRECT] [Fatal Error] :1:1: Premature end of file.
2026-09-17 20:59:20,164 [ERROR] LogOutputStream:75 - [STDERR_REDIRECT] 
2026-09-17 20:59:21,161 [ERROR] LogOutputStream:75 - [STDERR_REDIRECT] [Fatal Error] :1:1: Premature end of file.
2026-09-17 20:59:21,161 [ERROR] LogOutputStream:75 - [STDERR_REDIRECT] 
2026-09-17 20:59:22,147 [ERROR] LogOutputStream:75 - [STDERR_REDIRECT] [Fatal Error] :1:1: Premature end of file.
2026-09-17 20:59:22,147 [ERROR] LogOutputStream:75 - [STDERR_REDIRECT] 
2026-09-17 20:59:23,157 [ERROR] LogOutputStream:75 - [STDERR_REDIRECT] [Fatal Error] :1:1: Premature end of file.
2026-09-17 20:59:23,157 [ERROR] LogOutputStream:75 - [STDERR_REDIRECT] 
2026-09-17 20:59:24,156 [ERROR] LogOutputStream:75 - [STDERR_REDIRECT] [Fatal Error] :1:1: Premature end of file.
2026-09-17 20:59:24,156 [ERROR] LogOutputStream:75 - [STDERR_REDIRECT] 
2026-09-17 20:59:25,155 [ERROR] LogOutputStream:75 - [STDERR_REDIRECT] [Fatal Error] :1:1: Premature end of file.
2026-09-17 20:59:25,155 [ERROR] LogOutputStream:75 - [STDERR_REDIRECT] 
2026-09-17 20:59:26,168 [ERROR] LogOutputStream:75 - [STDERR_REDIRECT] [Fatal Error] :1:1: Premature end of file.
2026-09-17 20:59:26,168 [ERROR] LogOutputStream:75 - [STDERR_REDIRECT] 
2026-09-17 20:59:27,162 [ERROR] LogOutputStream:75 - [STDERR_REDIRECT] [Fatal Error] :1:1: Premature end of file.
2026-09-17 20:59:27,162 [ERROR] LogOutputStream:75 - [STDERR_REDIRECT] 
2026-09-17 20:59:28,171 [ERROR] LogOutputStream:75 - [STDERR_REDIRECT] [Fatal Error] :1:1: Premature end of file.
2026-09-17 20:59:28,171 [ERROR] LogOutputStream:75 - [STDERR_REDIRECT] 
2026-09-17 20:59:29,171 [ERROR] LogOutputStream:75 - [STDERR_REDIRECT] [Fatal Error] :1:1: Premature end of file.
2026-09-17 20:59:29,171 [ERROR] LogOutputStream:75 - [STDERR_REDIRECT] 
2026-09-17 20:59:30,173 [ERROR] LogOutputStream:75 - [STDERR_REDIRECT] [Fatal Error] :1:1: Premature end of file.
2026-09-17 20:59:30,173 [ERROR] LogOutputStream:75 - [STDERR_REDIRECT] 
2026-09-17 20:59:31,174 [ERROR] LogOutputStream:75 - [STDERR_REDIRECT] [Fatal Error] :1:1: Premature end of file.
2026-09-17 20:59:31,174 [ERROR] LogOutputStream:75 - [STDERR_REDIRECT] 
2026-09-17 20:59:32,164 [ERROR] LogOutputStream:75 - [STDERR_REDIRECT] [Fatal Error] :1:1: Premature end of file.
2026-09-17 20:59:32,165 [ERROR] LogOutputStream:75 - [STDERR_REDIRECT] 
2026-09-17 20:59:33,158 [ERROR] LogOutputStream:75 - [STDERR_REDIRECT] [Fatal Error] :1:1: Premature end of file.
2026-09-17 20:59:33,158 [ERROR] LogOutputStream:75 - [STDERR_REDIRECT] 
2026-09-17 20:59:34,154 [ERROR] LogOutputStream:75 - [STDERR_REDIRECT] [Fatal Error] :1:1: Premature end of file.
2026-09-17 20:59:34,157 [ERROR] LogOutputStream:75 - [STDERR_REDIRECT] 
2026-09-17 20:59:35,185 [ERROR] LogOutputStream:75 - [STDERR_REDIRECT] [Fatal Error] :1:1: Premature end of file.
2026-09-17 20:59:35,185 [ERROR] LogOutputStream:75 - [STDERR_REDIRECT] 
2026-09-17 20:59:36,168 [ERROR] LogOutputStream:75 - [STDERR_REDIRECT] [Fatal Error] :1:1: Premature end of file.
2026-09-17 20:59:36,168 [ERROR] LogOutputStream:75 - [STDERR_REDIRECT] 
2026-09-17 20:59:37,155 [ERROR] LogOutputStream:75 - [STDERR_REDIRECT] [Fatal Error] :1:1: Premature end of file.
2026-09-17 20:59:37,155 [ERROR] LogOutputStream:75 - [STDERR_REDIRECT] 
2026-09-17 20:59:38,154 [ERROR] LogOutputStream:75 - [STDERR_REDIRECT] [Fatal Error] :1:1: Premature end of file.
2026-09-17 20:59:38,154 [ERROR] LogOutputStream:75 - [STDERR_REDIRECT] 
2026-09-17 20:59:39,155 [ERROR] LogOutputStream:75 - [STDERR_REDIRECT] [Fatal Error] :1:1: Premature end of file.
2026-09-17 20:59:39,155 [ERROR] LogOutputStream:75 - [STDERR_REDIRECT] 
2026-09-17 20:59:40,161 [ERROR] LogOutputStream:75 - [STDERR_REDIRECT] [Fatal Error] :1:1: Premature end of file.
2026-09-17 20:59:40,161 [ERROR] LogOutputStream:75 - [STDERR_REDIRECT] 
2026-09-17 20:59:41,157 [ERROR] LogOutputStream:75 - [STDERR_REDIRECT] [Fatal Error] :1:1: Premature end of file.
2026-09-17 20:59:41,157 [ERROR] LogOutputStream:75 - [STDERR_REDIRECT] 
2026-09-17 20:59:42,151 [ERROR] LogOutputStream:75 - [STDERR_REDIRECT] [Fatal Error] :1:1: Premature end of file.
2026-09-17 20:59:42,151 [ERROR] LogOutputStream:75 - [STDERR_REDIRECT] 
2026-09-17 20:59:43,158 [ERROR] LogOutputStream:75 - [STDERR_REDIRECT] [Fatal Error] :1:1: Premature end of file.
2026-09-17 20:59:43,159 [ERROR] LogOutputStream:75 - [STDERR_REDIRECT] 
2026-09-17 20:59:44,161 [ERROR] LogOutputStream:75 - [STDERR_REDIRECT] [Fatal Error] :1:1: Premature end of file.
2026-09-17 20:59:44,161 [ERROR] LogOutputStream:75 - [STDERR_REDIRECT] 
2026-09-17 20:59:45,156 [ERROR] LogOutputStream:75 - [STDERR_REDIRECT] [Fatal Error] :1:1: Premature end of file.
2026-09-17 20:59:45,156 [ERROR] LogOutputStream:75 - [STDERR_REDIRECT] 
2026-09-17 20:59:46,165 [ERROR] LogOutputStream:75 - [STDERR_REDIRECT] [Fatal Error] :1:1: Premature end of file.
2026-09-17 20:59:46,165 [ERROR] LogOutputStream:75 - [STDERR_REDIRECT] 
2026-09-17 20:59:47,155 [ERROR] LogOutputStream:75 - [STDERR_REDIRECT] [Fatal Error] :1:1: Premature end of file.
2026-09-17 20:59:47,155 [ERROR] LogOutputStream:75 - [STDERR_REDIRECT] 
2026-09-17 20:59:48,152 [ERROR] LogOutputStream:75 - [STDERR_REDIRECT] [Fatal Error] :1:1: Premature end of file.
2026-09-17 20:59:48,152 [ERROR] LogOutputStream:75 - [STDERR_REDIRECT] 
2026-09-17 20:59:49,172 [ERROR] LogOutputStream:75 - [STDERR_REDIRECT] [Fatal Error] :1:1: Premature end of file.
2026-09-17 20:59:49,173 [ERROR] LogOutputStream:75 - [STDERR_REDIRECT] 
2026-09-17 20:59:50,167 [ERROR] LogOutputStream:75 - [STDERR_REDIRECT] [Fatal Error] :1:1: Premature end of file.
2026-09-17 20:59:50,167 [ERROR] LogOutputStream:75 - [STDERR_REDIRECT] 
2026-09-17 20:59:51,172 [ERROR] LogOutputStream:75 - [STDERR_REDIRECT] [Fatal Error] :1:1: Premature end of file.
2026-09-17 20:59:51,172 [ERROR] LogOutputStream:75 - [STDERR_REDIRECT] 
2026-09-17 20:59:52,159 [ERROR] LogOutputStream:75 - [STDERR_REDIRECT] [Fatal Error] :1:1: Premature end of file.
2026-09-17 20:59:52,159 [ERROR] LogOutputStream:75 - [STDERR_REDIRECT] 
2026-09-17 20:59:53,157 [ERROR] LogOutputStream:75 - [STDERR_REDIRECT] [Fatal Error] :1:1: Premature end of file.
2026-09-17 20:59:53,157 [ERROR] LogOutputStream:75 - [STDERR_REDIRECT] 
2026-09-17 20:59:54,157 [ERROR] LogOutputStream:75 - [STDERR_REDIRECT] [Fatal Error] :1:1: Premature end of file.
2026-09-17 20:59:54,157 [ERROR] LogOutputStream:75 - [STDERR_REDIRECT] 
2026-09-17 20:59:55,159 [ERROR] LogOutputStream:75 - [STDERR_REDIRECT] [Fatal Error] :1:1: Premature end of file.
2026-09-17 20:59:55,159 [ERROR] LogOutputStream:75 - [STDERR_REDIRECT] 
2026-09-17 20:59:56,162 [ERROR] LogOutputStream:75 - [STDERR_REDIRECT] [Fatal Error] :1:1: Premature end of file.
2026-09-17 20:59:56,162 [ERROR] LogOutputStream:75 - [STDERR_REDIRECT] 
2026-09-17 20:59:57,157 [ERROR] LogOutputStream:75 - [STDERR_REDIRECT] [Fatal Error] :1:1: Premature end of file.
2026-09-17 20:59:57,157 [ERROR] LogOutputStream:75 - [STDERR_REDIRECT] 
2026-09-17 20:59:58,193 [ERROR] LogOutputStream:75 - [STDERR_REDIRECT] [Fatal Error] :1:1: Premature end of file.
2026-09-17 20:59:58,193 [ERROR] LogOutputStream:75 - [STDERR_REDIRECT] 
2026-09-17 20:59:59,168 [ERROR] LogOutputStream:75 - [STDERR_REDIRECT] [Fatal Error] :1:1: Premature end of file.
2026-09-17 20:59:59,168 [ERROR] LogOutputStream:75 - [STDERR_REDIRECT] 
2026-09-17 21:00:00,189 [ERROR] LogOutputStream:75 - [STDERR_REDIRECT] [Fatal Error] :1:1: Premature end of file.
2026-09-17 21:00:00,191 [ERROR] LogOutputStream:75 - [STDERR_REDIRECT] 
2026-09-17 21:00:01,166 [ERROR] LogOutputStream:75 - [STDERR_REDIRECT] [Fatal Error] :1:1: Premature end of file.
2026-09-17 21:00:01,166 [ERROR] LogOutputStream:75 - [STDERR_REDIRECT] 
2026-09-17 21:00:02,166 [ERROR] LogOutputStream:75 - [STDERR_REDIRECT] [Fatal Error] :1:1: Premature end of file.
2026-09-17 21:00:02,172 [ERROR] LogOutputStream:75 - [STDERR_REDIRECT] 
2026-09-17 21:00:03,162 [ERROR] LogOutputStream:75 - [STDERR_REDIRECT] [Fatal Error] :1:1: Premature end of file.
2026-09-17 21:00:03,162 [ERROR] LogOutputStream:75 - [STDERR_REDIRECT] 
2026-09-17 21:00:04,168 [ERROR] LogOutputStream:75 - [STDERR_REDIRECT] [Fatal Error] :1:1: Premature end of file.
2026-09-17 21:00:04,168 [ERROR] LogOutputStream:75 - [STDERR_REDIRECT] 
2026-09-17 21:00:05,161 [ERROR] LogOutputStream:75 - [STDERR_REDIRECT] [Fatal Error] :1:1: Premature end of file.
2026-09-17 21:00:05,161 [ERROR] LogOutputStream:75 - [STDERR_REDIRECT] 
2026-09-17 21:00:06,163 [ERROR] LogOutputStream:75 - [STDERR_REDIRECT] [Fatal Error] :1:1: Premature end of file.
2026-09-17 21:00:06,163 [ERROR] LogOutputStream:75 - [STDERR_REDIRECT] 
2026-09-17 21:00:07,157 [ERROR] LogOutputStream:75 - [STDERR_REDIRECT] [Fatal Error] :1:1: Premature end of file.
2026-09-17 21:00:07,157 [ERROR] LogOutputStream:75 - [STDERR_REDIRECT] 
2026-09-17 21:00:08,151 [ERROR] LogOutputStream:75 - [STDERR_REDIRECT] [Fatal Error] :1:1: Premature end of file.
2026-09-17 21:00:08,151 [ERROR] LogOutputStream:75 - [STDERR_REDIRECT] 
2026-09-17 21:00:09,157 [ERROR] LogOutputStream:75 - [STDERR_REDIRECT] [Fatal Error] :1:1: Premature end of file.
2026-09-17 21:00:09,158 [ERROR] LogOutputStream:75 - [STDERR_REDIRECT] 
2026-09-17 21:00:10,152 [ERROR] LogOutputStream:75 - [STDERR_REDIRECT] [Fatal Error] :1:1: Premature end of file.
2026-09-17 21:00:10,152 [ERROR] LogOutputStream:75 - [STDERR_REDIRECT] 
2026-09-17 21:00:11,151 [ERROR] LogOutputStream:75 - [STDERR_REDIRECT] [Fatal Error] :1:1: Premature end of file.
2026-09-17 21:00:11,151 [ERROR] LogOutputStream:75 - [STDERR_REDIRECT] 
2026-09-17 21:00:12,157 [ERROR] LogOutputStream:75 - [STDERR_REDIRECT] [Fatal Error] :1:1: Premature end of file.
2026-09-17 21:00:12,157 [ERROR] LogOutputStream:75 - [STDERR_REDIRECT] 
2026-09-17 21:00:13,156 [ERROR] LogOutputStream:75 - [STDERR_REDIRECT] [Fatal Error] :1:1: Premature end of file.
2026-09-17 21:00:13,156 [ERROR] LogOutputStream:75 - [STDERR_REDIRECT] 
2026-09-17 21:00:14,164 [ERROR] LogOutputStream:75 - [STDERR_REDIRECT] [Fatal Error] :1:1: Premature end of file.
2026-09-17 21:00:14,164 [ERROR] LogOutputStream:75 - [STDERR_REDIRECT] 
2026-09-17 21:00:15,155 [ERROR] LogOutputStream:75 - [STDERR_REDIRECT] [Fatal Error] :1:1: Premature end of file.
2026-09-17 21:00:15,155 [ERROR] LogOutputStream:75 - [STDERR_REDIRECT] 
2026-09-17 21:00:16,159 [ERROR] LogOutputStream:75 - [STDERR_REDIRECT] [Fatal Error] :1:1: Premature end of file.
2026-09-17 21:00:16,160 [ERROR] LogOutputStream:75 - [STDERR_REDIRECT] 
2026-09-17 21:00:17,168 [ERROR] LogOutputStream:75 - [STDERR_REDIRECT] [Fatal Error] :1:1: Premature end of file.
2026-09-17 21:00:17,168 [ERROR] LogOutputStream:75 - [STDERR_REDIRECT] 
2026-09-17 21:00:18,161 [ERROR] LogOutputStream:75 - [STDERR_REDIRECT] [Fatal Error] :1:1: Premature end of file.
2026-09-17 21:00:18,161 [ERROR] LogOutputStream:75 - [STDERR_REDIRECT] 
2026-09-17 21:00:19,156 [ERROR] LogOutputStream:75 - [STDERR_REDIRECT] [Fatal Error] :1:1: Premature end of file.
2026-09-17 21:00:19,156 [ERROR] LogOutputStream:75 - [STDERR_REDIRECT] 
2026-09-17 21:00:20,160 [ERROR] LogOutputStream:75 - [STDERR_REDIRECT] [Fatal Error] :1:1: Premature end of file.
2026-09-17 21:00:20,160 [ERROR] LogOutputStream:75 - [STDERR_REDIRECT] 
2026-09-17 21:00:21,155 [ERROR] LogOutputStream:75 - [STDERR_REDIRECT] [Fatal Error] :1:1: Premature end of file.
2026-09-17 21:00:21,155 [ERROR] LogOutputStream:75 - [STDERR_REDIRECT] 
2026-09-17 21:00:22,163 [ERROR] LogOutputStream:75 - [STDERR_REDIRECT] [Fatal Error] :1:1: Premature end of file.
2026-09-17 21:00:22,163 [ERROR] LogOutputStream:75 - [STDERR_REDIRECT] 
2026-09-17 21:00:23,172 [ERROR] LogOutputStream:75 - [STDERR_REDIRECT] [Fatal Error] :1:1: Premature end of file.
2026-09-17 21:00:23,237 [ERROR] LogOutputStream:75 - [STDERR_REDIRECT] 
2026-09-17 21:00:24,164 [ERROR] LogOutputStream:75 - [STDERR_REDIRECT] [Fatal Error] :1:1: Premature end of file.
2026-09-17 21:00:24,164 [ERROR] LogOutputStream:75 - [STDERR_REDIRECT] 
2026-09-17 21:00:25,157 [ERROR] LogOutputStream:75 - [STDERR_REDIRECT] [Fatal Error] :1:1: Premature end of file.
2026-09-17 21:00:25,157 [ERROR] LogOutputStream:75 - [STDERR_REDIRECT] 
2026-09-17 21:00:26,154 [ERROR] LogOutputStream:75 - [STDERR_REDIRECT] [Fatal Error] :1:1: Premature end of file.
2026-09-17 21:00:26,154 [ERROR] LogOutputStream:75 - [STDERR_REDIRECT] 
2026-09-17 21:00:27,162 [ERROR] LogOutputStream:75 - [STDERR_REDIRECT] [Fatal Error] :1:1: Premature end of file.
2026-09-17 21:00:27,162 [ERROR] LogOutputStream:75 - [STDERR_REDIRECT] 
2026-09-17 21:00:28,154 [ERROR] LogOutputStream:75 - [STDERR_REDIRECT] [Fatal Error] :1:1: Premature end of file.
2026-09-17 21:00:28,155 [ERROR] LogOutputStream:75 - [STDERR_REDIRECT] 
2026-09-17 21:00:29,162 [ERROR] LogOutputStream:75 - [STDERR_REDIRECT] [Fatal Error] :1:1: Premature end of file.
2026-09-17 21:00:29,162 [ERROR] LogOutputStream:75 - [STDERR_REDIRECT] 
2026-09-17 21:00:30,149 [ERROR] LogOutputStream:75 - [STDERR_REDIRECT] [Fatal Error] :1:1: Premature end of file.
2026-09-17 21:00:30,149 [ERROR] LogOutputStream:75 - [STDERR_REDIRECT] 
2026-09-17 21:00:31,154 [ERROR] LogOutputStream:75 - [STDERR_REDIRECT] [Fatal Error] :1:1: Premature end of file.
2026-09-17 21:00:31,154 [ERROR] LogOutputStream:75 - [STDERR_REDIRECT] 
2026-09-17 21:00:32,155 [ERROR] LogOutputStream:75 - [STDERR_REDIRECT] [Fatal Error] :1:1: Premature end of file.
2026-09-17 21:00:32,156 [ERROR] LogOutputStream:75 - [STDERR_REDIRECT] 
2026-09-17 21:00:33,144 [ERROR] LogOutputStream:75 - [STDERR_REDIRECT] [Fatal Error] :1:1: Premature end of file.
2026-09-17 21:00:33,145 [ERROR] LogOutputStream:75 - [STDERR_REDIRECT] 
2026-09-17 21:00:34,156 [ERROR] LogOutputStream:75 - [STDERR_REDIRECT] [Fatal Error] :1:1: Premature end of file.
2026-09-17 21:00:34,156 [ERROR] LogOutputStream:75 - [STDERR_REDIRECT] 
2026-09-17 21:00:35,157 [ERROR] LogOutputStream:75 - [STDERR_REDIRECT] [Fatal Error] :1:1: Premature end of file.
2026-09-17 21:00:35,157 [ERROR] LogOutputStream:75 - [STDERR_REDIRECT] 
2026-09-17 21:00:36,165 [ERROR] LogOutputStream:75 - [STDERR_REDIRECT] [Fatal Error] :1:1: Premature end of file.
2026-09-17 21:00:36,165 [ERROR] LogOutputStream:75 - [STDERR_REDIRECT] 
2026-09-17 21:00:37,160 [ERROR] LogOutputStream:75 - [STDERR_REDIRECT] [Fatal Error] :1:1: Premature end of file.
2026-09-17 21:00:37,160 [ERROR] LogOutputStream:75 - [STDERR_REDIRECT] 
2026-09-17 21:00:38,154 [ERROR] LogOutputStream:75 - [STDERR_REDIRECT] [Fatal Error] :1:1: Premature end of file.
2026-09-17 21:00:38,230 [ERROR] LogOutputStream:75 - [STDERR_REDIRECT] 
2026-09-17 21:00:39,161 [ERROR] LogOutputStream:75 - [STDERR_REDIRECT] [Fatal Error] :1:1: Premature end of file.
2026-09-17 21:00:39,161 [ERROR] LogOutputStream:75 - [STDERR_REDIRECT] 
2026-09-17 21:00:40,168 [ERROR] LogOutputStream:75 - [STDERR_REDIRECT] [Fatal Error] :1:1: Premature end of file.
2026-09-17 21:00:40,168 [ERROR] LogOutputStream:75 - [STDERR_REDIRECT] 
2026-09-17 21:00:41,165 [ERROR] LogOutputStream:75 - [STDERR_REDIRECT] [Fatal Error] :1:1: Premature end of file.
2026-09-17 21:00:41,166 [ERROR] LogOutputStream:75 - [STDERR_REDIRECT] 
2026-09-17 21:00:42,172 [ERROR] LogOutputStream:75 - [STDERR_REDIRECT] [Fatal Error] :1:1: Premature end of file.
2026-09-17 21:00:42,172 [ERROR] LogOutputStream:75 - [STDERR_REDIRECT] 
2026-09-17 21:00:43,169 [ERROR] LogOutputStream:75 - [STDERR_REDIRECT] [Fatal Error] :1:1: Premature end of file.
2026-09-17 21:00:43,169 [ERROR] LogOutputStream:75 - [STDERR_REDIRECT] 
2026-09-17 21:00:44,166 [ERROR] LogOutputStream:75 - [STDERR_REDIRECT] [Fatal Error] :1:1: Premature end of file.
2026-09-17 21:00:44,166 [ERROR] LogOutputStream:75 - [STDERR_REDIRECT] 
2026-09-17 21:00:45,207 [ERROR] LogOutputStream:75 - [STDERR_REDIRECT] [Fatal Error] :1:1: Premature end of file.
2026-09-17 21:00:45,208 [ERROR] LogOutputStream:75 - [STDERR_REDIRECT] 
2026-09-17 21:00:46,163 [ERROR] LogOutputStream:75 - [STDERR_REDIRECT] [Fatal Error] :1:1: Premature end of file.
2026-09-17 21:00:46,163 [ERROR] LogOutputStream:75 - [STDERR_REDIRECT] 
2026-09-17 21:00:47,154 [ERROR] LogOutputStream:75 - [STDERR_REDIRECT] [Fatal Error] :1:1: Premature end of file.
2026-09-17 21:00:47,155 [ERROR] LogOutputStream:75 - [STDERR_REDIRECT] 
2026-09-17 21:00:48,163 [ERROR] LogOutputStream:75 - [STDERR_REDIRECT] [Fatal Error] :1:1: Premature end of file.
2026-09-17 21:00:48,163 [ERROR] LogOutputStream:75 - [STDERR_REDIRECT] 
2026-09-17 21:00:49,158 [ERROR] LogOutputStream:75 - [STDERR_REDIRECT] [Fatal Error] :1:1: Premature end of file.
2026-09-17 21:00:49,158 [ERROR] LogOutputStream:75 - [STDERR_REDIRECT] 
2026-09-17 21:00:50,166 [ERROR] LogOutputStream:75 - [STDERR_REDIRECT] [Fatal Error] :1:1: Premature end of file.
2026-09-17 21:00:50,166 [ERROR] LogOutputStream:75 - [STDERR_REDIRECT] 
2026-09-17 21:00:51,160 [ERROR] LogOutputStream:75 - [STDERR_REDIRECT] [Fatal Error] :1:1: Premature end of file.
2026-09-17 21:00:51,160 [ERROR] LogOutputStream:75 - [STDERR_REDIRECT] 
2026-09-17 21:00:52,164 [ERROR] LogOutputStream:75 - [STDERR_REDIRECT] [Fatal Error] :1:1: Premature end of file.
2026-09-17 21:00:52,165 [ERROR] LogOutputStream:75 - [STDERR_REDIRECT] 
2026-09-17 21:00:53,159 [ERROR] LogOutputStream:75 - [STDERR_REDIRECT] [Fatal Error] :1:1: Premature end of file.
2026-09-17 21:00:53,226 [ERROR] LogOutputStream:75 - [STDERR_REDIRECT] 
2026-09-17 21:00:54,151 [ERROR] LogOutputStream:75 - [STDERR_REDIRECT] [Fatal Error] :1:1: Premature end of file.
2026-09-17 21:00:54,151 [ERROR] LogOutputStream:75 - [STDERR_REDIRECT] 
2026-09-17 21:00:55,159 [ERROR] LogOutputStream:75 - [STDERR_REDIRECT] [Fatal Error] :1:1: Premature end of file.
2026-09-17 21:00:55,159 [ERROR] LogOutputStream:75 - [STDERR_REDIRECT] 
2026-09-17 21:00:56,166 [ERROR] LogOutputStream:75 - [STDERR_REDIRECT] [Fatal Error] :1:1: Premature end of file.
2026-09-17 21:00:56,166 [ERROR] LogOutputStream:75 - [STDERR_REDIRECT] 
2026-09-17 21:00:57,164 [ERROR] LogOutputStream:75 - [STDERR_REDIRECT] [Fatal Error] :1:1: Premature end of file.
2026-09-17 21:00:57,164 [ERROR] LogOutputStream:75 - [STDERR_REDIRECT] 
2026-09-17 21:00:58,158 [ERROR] LogOutputStream:75 - [STDERR_REDIRECT] [Fatal Error] :1:1: Premature end of file.
2026-09-17 21:00:58,158 [ERROR] LogOutputStream:75 - [STDERR_REDIRECT] 
2026-09-17 21:00:59,171 [ERROR] LogOutputStream:75 - [STDERR_REDIRECT] [Fatal Error] :1:1: Premature end of file.
2026-09-17 21:00:59,171 [ERROR] LogOutputStream:75 - [STDERR_REDIRECT] 
2026-09-17 21:01:00,163 [ERROR] LogOutputStream:75 - [STDERR_REDIRECT] [Fatal Error] :1:1: Premature end of file.
2026-09-17 21:01:00,163 [ERROR] LogOutputStream:75 - [STDERR_REDIRECT] 
2026-09-17 21:01:01,156 [ERROR] LogOutputStream:75 - [STDERR_REDIRECT] [Fatal Error] :1:1: Premature end of file.
2026-09-17 21:01:01,156 [ERROR] LogOutputStream:75 - [STDERR_REDIRECT] 
2026-09-17 21:01:02,179 [ERROR] LogOutputStream:75 - [STDERR_REDIRECT] [Fatal Error] :1:1: Premature end of file.
2026-09-17 21:01:02,179 [ERROR] LogOutputStream:75 - [STDERR_REDIRECT] 
2026-09-17 21:01:03,166 [ERROR] LogOutputStream:75 - [STDERR_REDIRECT] [Fatal Error] :1:1: Premature end of file.
2026-09-17 21:01:03,166 [ERROR] LogOutputStream:75 - [STDERR_REDIRECT] 
2026-09-17 21:01:04,172 [ERROR] LogOutputStream:75 - [STDERR_REDIRECT] [Fatal Error] :1:1: Premature end of file.
2026-09-17 21:01:04,172 [ERROR] LogOutputStream:75 - [STDERR_REDIRECT] 
2026-09-17 21:01:05,156 [ERROR] LogOutputStream:75 - [STDERR_REDIRECT] [Fatal Error] :1:1: Premature end of file.
2026-09-17 21:01:05,156 [ERROR] LogOutputStream:75 - [STDERR_REDIRECT] 
2026-09-17 21:01:06,154 [ERROR] LogOutputStream:75 - [STDERR_REDIRECT] [Fatal Error] :1:1: Premature end of file.
2026-09-17 21:01:06,154 [ERROR] LogOutputStream:75 - [STDERR_REDIRECT] 
2026-09-17 21:01:07,161 [ERROR] LogOutputStream:75 - [STDERR_REDIRECT] [Fatal Error] :1:1: Premature end of file.
2026-09-17 21:01:07,161 [ERROR] LogOutputStream:75 - [STDERR_REDIRECT] 
2026-09-17 21:01:08,156 [ERROR] LogOutputStream:75 - [STDERR_REDIRECT] [Fatal Error] :1:1: Premature end of file.
2026-09-17 21:01:08,209 [ERROR] LogOutputStream:75 - [STDERR_REDIRECT] 
2026-09-17 21:01:09,151 [ERROR] LogOutputStream:75 - [STDERR_REDIRECT] [Fatal Error] :1:1: Premature end of file.
2026-09-17 21:01:09,151 [ERROR] LogOutputStream:75 - [STDERR_REDIRECT] 
2026-09-17 21:01:10,166 [ERROR] LogOutputStream:75 - [STDERR_REDIRECT] [Fatal Error] :1:1: Premature end of file.
2026-09-17 21:01:10,166 [ERROR] LogOutputStream:75 - [STDERR_REDIRECT] 
2026-09-17 21:01:11,166 [ERROR] LogOutputStream:75 - [STDERR_REDIRECT] [Fatal Error] :1:1: Premature end of file.
2026-09-17 21:01:11,166 [ERROR] LogOutputStream:75 - [STDERR_REDIRECT] 
2026-09-17 21:01:12,168 [ERROR] LogOutputStream:75 - [STDERR_REDIRECT] [Fatal Error] :1:1: Premature end of file.
2026-09-17 21:01:12,168 [ERROR] LogOutputStream:75 - [STDERR_REDIRECT] 
2026-09-17 21:01:13,146 [ERROR] LogOutputStream:75 - [STDERR_REDIRECT] [Fatal Error] :1:1: Premature end of file.
2026-09-17 21:01:13,146 [ERROR] LogOutputStream:75 - [STDERR_REDIRECT] 
2026-09-17 21:01:14,175 [ERROR] LogOutputStream:75 - [STDERR_REDIRECT] [Fatal Error] :1:1: Premature end of file.
2026-09-17 21:01:14,175 [ERROR] LogOutputStream:75 - [STDERR_REDIRECT] 
2026-09-17 21:01:15,161 [ERROR] LogOutputStream:75 - [STDERR_REDIRECT] [Fatal Error] :1:1: Premature end of file.
2026-09-17 21:01:15,161 [ERROR] LogOutputStream:75 - [STDERR_REDIRECT] 
2026-09-17 21:01:16,162 [ERROR] LogOutputStream:75 - [STDERR_REDIRECT] [Fatal Error] :1:1: Premature end of file.
2026-09-17 21:01:16,162 [ERROR] LogOutputStream:75 - [STDERR_REDIRECT] 
2026-09-17 21:01:17,180 [ERROR] LogOutputStream:75 - [STDERR_REDIRECT] [Fatal Error] :1:1: Premature end of file.
2026-09-17 21:01:17,180 [ERROR] LogOutputStream:75 - [STDERR_REDIRECT] 
2026-09-17 21:01:18,156 [ERROR] LogOutputStream:75 - [STDERR_REDIRECT] [Fatal Error] :1:1: Premature end of file.
2026-09-17 21:01:18,156 [ERROR] LogOutputStream:75 - [STDERR_REDIRECT] 
2026-09-17 21:01:19,156 [ERROR] LogOutputStream:75 - [STDERR_REDIRECT] [Fatal Error] :1:1: Premature end of file.
2026-09-17 21:01:19,156 [ERROR] LogOutputStream:75 - [STDERR_REDIRECT] 
2026-09-17 21:01:20,169 [ERROR] LogOutputStream:75 - [STDERR_REDIRECT] [Fatal Error] :1:1: Premature end of file.
2026-09-17 21:01:20,169 [ERROR] LogOutputStream:75 - [STDERR_REDIRECT] 
2026-09-17 21:01:21,186 [ERROR] LogOutputStream:75 - [STDERR_REDIRECT] [Fatal Error] :1:1: Premature end of file.
2026-09-17 21:01:21,189 [ERROR] LogOutputStream:75 - [STDERR_REDIRECT] 
2026-09-17 21:01:22,160 [ERROR] LogOutputStream:75 - [STDERR_REDIRECT] [Fatal Error] :1:1: Premature end of file.
2026-09-17 21:01:22,160 [ERROR] LogOutputStream:75 - [STDERR_REDIRECT] 
2026-09-17 21:01:23,144 [ERROR] LogOutputStream:75 - [STDERR_REDIRECT] [Fatal Error] :1:1: Premature end of file.
2026-09-17 21:01:23,144 [ERROR] LogOutputStream:75 - [STDERR_REDIRECT] 
2026-09-17 21:01:24,158 [ERROR] LogOutputStream:75 - [STDERR_REDIRECT] [Fatal Error] :1:1: Premature end of file.
2026-09-17 21:01:24,158 [ERROR] LogOutputStream:75 - [STDERR_REDIRECT] 
2026-09-17 21:01:25,154 [ERROR] LogOutputStream:75 - [STDERR_REDIRECT] [Fatal Error] :1:1: Premature end of file.
2026-09-17 21:01:25,154 [ERROR] LogOutputStream:75 - [STDERR_REDIRECT] 
2026-09-17 21:01:26,158 [ERROR] LogOutputStream:75 - [STDERR_REDIRECT] [Fatal Error] :1:1: Premature end of file.
2026-09-17 21:01:26,158 [ERROR] LogOutputStream:75 - [STDERR_REDIRECT] 
2026-09-17 21:01:27,157 [ERROR] LogOutputStream:75 - [STDERR_REDIRECT] [Fatal Error] :1:1: Premature end of file.
2026-09-17 21:01:27,157 [ERROR] LogOutputStream:75 - [STDERR_REDIRECT] 
2026-09-17 21:01:28,160 [ERROR] LogOutputStream:75 - [STDERR_REDIRECT] [Fatal Error] :1:1: Premature end of file.
2026-09-17 21:01:28,160 [ERROR] LogOutputStream:75 - [STDERR_REDIRECT] 
2026-09-17 21:01:29,161 [ERROR] LogOutputStream:75 - [STDERR_REDIRECT] [Fatal Error] :1:1: Premature end of file.
2026-09-17 21:01:29,161 [ERROR] LogOutputStream:75 - [STDERR_REDIRECT] 
2026-09-17 21:01:30,156 [ERROR] LogOutputStream:75 - [STDERR_REDIRECT] [Fatal Error] :1:1: Premature end of file.
2026-09-17 21:01:30,156 [ERROR] LogOutputStream:75 - [STDERR_REDIRECT] 
2026-09-17 21:01:31,178 [ERROR] LogOutputStream:75 - [STDERR_REDIRECT] [Fatal Error] :1:1: Premature end of file.
2026-09-17 21:01:31,178 [ERROR] LogOutputStream:75 - [STDERR_REDIRECT] 
2026-09-17 21:01:32,197 [ERROR] LogOutputStream:75 - [STDERR_REDIRECT] [Fatal Error] :1:1: Premature end of file.
2026-09-17 21:01:32,197 [ERROR] LogOutputStream:75 - [STDERR_REDIRECT] 
2026-09-17 21:01:33,172 [ERROR] LogOutputStream:75 - [STDERR_REDIRECT] [Fatal Error] :1:1: Premature end of file.
2026-09-17 21:01:33,172 [ERROR] LogOutputStream:75 - [STDERR_REDIRECT] 
2026-09-17 21:01:34,169 [ERROR] LogOutputStream:75 - [STDERR_REDIRECT] [Fatal Error] :1:1: Premature end of file.
2026-09-17 21:01:34,169 [ERROR] LogOutputStream:75 - [STDERR_REDIRECT] 
2026-09-17 21:01:35,168 [ERROR] LogOutputStream:75 - [STDERR_REDIRECT] [Fatal Error] :1:1: Premature end of file.
2026-09-17 21:01:35,168 [ERROR] LogOutputStream:75 - [STDERR_REDIRECT] 
2026-09-17 21:01:36,166 [ERROR] LogOutputStream:75 - [STDERR_REDIRECT] [Fatal Error] :1:1: Premature end of file.
2026-09-17 21:01:36,166 [ERROR] LogOutputStream:75 - [STDERR_REDIRECT] 
2026-09-17 21:01:37,158 [ERROR] LogOutputStream:75 - [STDERR_REDIRECT] [Fatal Error] :1:1: Premature end of file.
2026-09-17 21:01:37,158 [ERROR] LogOutputStream:75 - [STDERR_REDIRECT] 
2026-09-17 21:01:38,169 [ERROR] LogOutputStream:75 - [STDERR_REDIRECT] [Fatal Error] :1:1: Premature end of file.
2026-09-17 21:01:38,208 [ERROR] LogOutputStream:75 - [STDERR_REDIRECT] 
2026-09-17 21:01:39,163 [ERROR] LogOutputStream:75 - [STDERR_REDIRECT] [Fatal Error] :1:1: Premature end of file.
2026-09-17 21:01:39,163 [ERROR] LogOutputStream:75 - [STDERR_REDIRECT] 
2026-09-17 21:01:40,152 [ERROR] LogOutputStream:75 - [STDERR_REDIRECT] [Fatal Error] :1:1: Premature end of file.
2026-09-17 21:01:40,152 [ERROR] LogOutputStream:75 - [STDERR_REDIRECT] 
2026-09-17 21:01:41,157 [ERROR] LogOutputStream:75 - [STDERR_REDIRECT] [Fatal Error] :1:1: Premature end of file.
2026-09-17 21:01:41,157 [ERROR] LogOutputStream:75 - [STDERR_REDIRECT] 
2026-09-17 21:01:42,157 [ERROR] LogOutputStream:75 - [STDERR_REDIRECT] [Fatal Error] :1:1: Premature end of file.
2026-09-17 21:01:42,157 [ERROR] LogOutputStream:75 - [STDERR_REDIRECT] 
2026-09-17 21:01:43,156 [ERROR] LogOutputStream:75 - [STDERR_REDIRECT] [Fatal Error] :1:1: Premature end of file.
2026-09-17 21:01:43,156 [ERROR] LogOutputStream:75 - [STDERR_REDIRECT] 
2026-09-17 21:01:44,150 [ERROR] LogOutputStream:75 - [STDERR_REDIRECT] [Fatal Error] :1:1: Premature end of file.
2026-09-17 21:01:44,150 [ERROR] LogOutputStream:75 - [STDERR_REDIRECT] 
2026-09-17 21:01:45,151 [ERROR] LogOutputStream:75 - [STDERR_REDIRECT] [Fatal Error] :1:1: Premature end of file.
2026-09-17 21:01:45,151 [ERROR] LogOutputStream:75 - [STDERR_REDIRECT] 
2026-09-17 21:01:46,160 [ERROR] LogOutputStream:75 - [STDERR_REDIRECT] [Fatal Error] :1:1: Premature end of file.
2026-09-17 21:01:46,161 [ERROR] LogOutputStream:75 - [STDERR_REDIRECT] 
2026-09-17 21:01:47,160 [ERROR] LogOutputStream:75 - [STDERR_REDIRECT] [Fatal Error] :1:1: Premature end of file.
2026-09-17 21:01:47,161 [ERROR] LogOutputStream:75 - [STDERR_REDIRECT] 
2026-09-17 21:01:48,167 [ERROR] LogOutputStream:75 - [STDERR_REDIRECT] [Fatal Error] :1:1: Premature end of file.
2026-09-17 21:01:48,167 [ERROR] LogOutputStream:75 - [STDERR_REDIRECT] 
2026-09-17 21:01:49,172 [ERROR] LogOutputStream:75 - [STDERR_REDIRECT] [Fatal Error] :1:1: Premature end of file.
2026-09-17 21:01:49,172 [ERROR] LogOutputStream:75 - [STDERR_REDIRECT] 
2026-09-17 21:01:50,166 [ERROR] LogOutputStream:75 - [STDERR_REDIRECT] [Fatal Error] :1:1: Premature end of file.
2026-09-17 21:01:50,166 [ERROR] LogOutputStream:75 - [STDERR_REDIRECT] 
2026-09-17 21:01:51,166 [ERROR] LogOutputStream:75 - [STDERR_REDIRECT] [Fatal Error] :1:1: Premature end of file.
2026-09-17 21:01:51,166 [ERROR] LogOutputStream:75 - [STDERR_REDIRECT] 
2026-09-17 21:01:52,172 [ERROR] LogOutputStream:75 - [STDERR_REDIRECT] [Fatal Error] :1:1: Premature end of file.
2026-09-17 21:01:52,172 [ERROR] LogOutputStream:75 - [STDERR_REDIRECT] 
2026-09-17 21:01:53,182 [ERROR] LogOutputStream:75 - [STDERR_REDIRECT] [Fatal Error] :1:1: Premature end of file.
2026-09-17 21:01:53,182 [ERROR] LogOutputStream:75 - [STDERR_REDIRECT] 
2026-09-17 21:01:54,174 [ERROR] LogOutputStream:75 - [STDERR_REDIRECT] [Fatal Error] :1:1: Premature end of file.
2026-09-17 21:01:54,174 [ERROR] LogOutputStream:75 - [STDERR_REDIRECT] 
2026-09-17 21:01:55,158 [ERROR] LogOutputStream:75 - [STDERR_REDIRECT] [Fatal Error] :1:1: Premature end of file.
2026-09-17 21:01:55,158 [ERROR] LogOutputStream:75 - [STDERR_REDIRECT] 
2026-09-17 21:01:56,161 [ERROR] LogOutputStream:75 - [STDERR_REDIRECT] [Fatal Error] :1:1: Premature end of file.
2026-09-17 21:01:56,161 [ERROR] LogOutputStream:75 - [STDERR_REDIRECT] 
2026-09-17 21:01:57,158 [ERROR] LogOutputStream:75 - [STDERR_REDIRECT] [Fatal Error] :1:1: Premature end of file.
2026-09-17 21:01:57,158 [ERROR] LogOutputStream:75 - [STDERR_REDIRECT] 
2026-09-17 21:01:58,159 [ERROR] LogOutputStream:75 - [STDERR_REDIRECT] [Fatal Error] :1:1: Premature end of file.
2026-09-17 21:01:58,160 [ERROR] LogOutputStream:75 - [STDERR_REDIRECT] 
2026-09-17 21:01:59,150 [ERROR] LogOutputStream:75 - [STDERR_REDIRECT] [Fatal Error] :1:1: Premature end of file.
2026-09-17 21:01:59,150 [ERROR] LogOutputStream:75 - [STDERR_REDIRECT] 
2026-09-17 21:02:00,145 [ERROR] LogOutputStream:75 - [STDERR_REDIRECT] [Fatal Error] :1:1: Premature end of file.
2026-09-17 21:02:00,145 [ERROR] LogOutputStream:75 - [STDERR_REDIRECT] 
2026-09-17 21:02:01,164 [ERROR] LogOutputStream:75 - [STDERR_REDIRECT] [Fatal Error] :1:1: Premature end of file.
2026-09-17 21:02:01,165 [ERROR] LogOutputStream:75 - [STDERR_REDIRECT] 
2026-09-17 21:02:02,152 [ERROR] LogOutputStream:75 - [STDERR_REDIRECT] [Fatal Error] :1:1: Premature end of file.
2026-09-17 21:02:02,152 [ERROR] LogOutputStream:75 - [STDERR_REDIRECT] 
2026-09-17 21:02:03,163 [ERROR] LogOutputStream:75 - [STDERR_REDIRECT] [Fatal Error] :1:1: Premature end of file.
2026-09-17 21:02:03,163 [ERROR] LogOutputStream:75 - [STDERR_REDIRECT] 
2026-09-17 21:02:04,159 [ERROR] LogOutputStream:75 - [STDERR_REDIRECT] [Fatal Error] :1:1: Premature end of file.
2026-09-17 21:02:04,159 [ERROR] LogOutputStream:75 - [STDERR_REDIRECT] 
2026-09-17 21:02:05,160 [ERROR] LogOutputStream:75 - [STDERR_REDIRECT] [Fatal Error] :1:1: Premature end of file.
2026-09-17 21:02:05,160 [ERROR] LogOutputStream:75 - [STDERR_REDIRECT] 
2026-09-17 21:02:06,162 [ERROR] LogOutputStream:75 - [STDERR_REDIRECT] [Fatal Error] :1:1: Premature end of file.
2026-09-17 21:02:06,162 [ERROR] LogOutputStream:75 - [STDERR_REDIRECT] 
2026-09-17 21:02:07,166 [ERROR] LogOutputStream:75 - [STDERR_REDIRECT] [Fatal Error] :1:1: Premature end of file.
2026-09-17 21:02:07,166 [ERROR] LogOutputStream:75 - [STDERR_REDIRECT] 
2026-09-17 21:02:08,166 [ERROR] LogOutputStream:75 - [STDERR_REDIRECT] [Fatal Error] :1:1: Premature end of file.
2026-09-17 21:02:08,173 [ERROR] LogOutputStream:75 - [STDERR_REDIRECT] 
2026-09-17 21:02:09,172 [ERROR] LogOutputStream:75 - [STDERR_REDIRECT] [Fatal Error] :1:1: Premature end of file.
2026-09-17 21:02:09,172 [ERROR] LogOutputStream:75 - [STDERR_REDIRECT] 
2026-09-17 21:02:10,158 [ERROR] LogOutputStream:75 - [STDERR_REDIRECT] [Fatal Error] :1:1: Premature end of file.
2026-09-17 21:02:10,158 [ERROR] LogOutputStream:75 - [STDERR_REDIRECT] 
2026-09-17 21:02:11,160 [ERROR] LogOutputStream:75 - [STDERR_REDIRECT] [Fatal Error] :1:1: Premature end of file.
2026-09-17 21:02:11,160 [ERROR] LogOutputStream:75 - [STDERR_REDIRECT] 
2026-09-17 21:02:12,157 [ERROR] LogOutputStream:75 - [STDERR_REDIRECT] [Fatal Error] :1:1: Premature end of file.
2026-09-17 21:02:12,158 [ERROR] LogOutputStream:75 - [STDERR_REDIRECT] 
2026-09-17 21:02:13,150 [ERROR] LogOutputStream:75 - [STDERR_REDIRECT] [Fatal Error] :1:1: Premature end of file.
2026-09-17 21:02:13,150 [ERROR] LogOutputStream:75 - [STDERR_REDIRECT] 
2026-09-17 21:02:14,170 [ERROR] LogOutputStream:75 - [STDERR_REDIRECT] [Fatal Error] :1:1: Premature end of file.
2026-09-17 21:02:14,171 [ERROR] LogOutputStream:75 - [STDERR_REDIRECT] 
2026-09-17 21:02:15,161 [ERROR] LogOutputStream:75 - [STDERR_REDIRECT] [Fatal Error] :1:1: Premature end of file.
2026-09-17 21:02:15,163 [ERROR] LogOutputStream:75 - [STDERR_REDIRECT] 
2026-09-17 21:02:16,171 [ERROR] LogOutputStream:75 - [STDERR_REDIRECT] [Fatal Error] :1:1: Premature end of file.
2026-09-17 21:02:16,171 [ERROR] LogOutputStream:75 - [STDERR_REDIRECT] 
2026-09-17 21:02:17,150 [ERROR] LogOutputStream:75 - [STDERR_REDIRECT] [Fatal Error] :1:1: Premature end of file.
2026-09-17 21:02:17,150 [ERROR] LogOutputStream:75 - [STDERR_REDIRECT] 
2026-09-17 21:02:18,165 [ERROR] LogOutputStream:75 - [STDERR_REDIRECT] [Fatal Error] :1:1: Premature end of file.
2026-09-17 21:02:18,165 [ERROR] LogOutputStream:75 - [STDERR_REDIRECT] 
2026-09-17 21:02:19,164 [ERROR] LogOutputStream:75 - [STDERR_REDIRECT] [Fatal Error] :1:1: Premature end of file.
2026-09-17 21:02:19,164 [ERROR] LogOutputStream:75 - [STDERR_REDIRECT] 
2026-09-17 21:02:20,151 [ERROR] LogOutputStream:75 - [STDERR_REDIRECT] [Fatal Error] :1:1: Premature end of file.
2026-09-17 21:02:20,151 [ERROR] LogOutputStream:75 - [STDERR_REDIRECT] 
2026-09-17 21:02:21,156 [ERROR] LogOutputStream:75 - [STDERR_REDIRECT] [Fatal Error] :1:1: Premature end of file.
2026-09-17 21:02:21,157 [ERROR] LogOutputStream:75 - [STDERR_REDIRECT] 
2026-09-17 21:02:22,151 [ERROR] LogOutputStream:75 - [STDERR_REDIRECT] [Fatal Error] :1:1: Premature end of file.
2026-09-17 21:02:22,151 [ERROR] LogOutputStream:75 - [STDERR_REDIRECT] 
2026-09-17 21:02:23,158 [ERROR] LogOutputStream:75 - [STDERR_REDIRECT] [Fatal Error] :1:1: Premature end of file.
2026-09-17 21:02:23,168 [ERROR] LogOutputStream:75 - [STDERR_REDIRECT] 
2026-09-17 21:02:24,190 [ERROR] LogOutputStream:75 - [STDERR_REDIRECT] [Fatal Error] :1:1: Premature end of file.
2026-09-17 21:02:24,190 [ERROR] LogOutputStream:75 - [STDERR_REDIRECT] 
2026-09-17 21:02:25,174 [ERROR] LogOutputStream:75 - [STDERR_REDIRECT] [Fatal Error] :1:1: Premature end of file.
2026-09-17 21:02:25,175 [ERROR] LogOutputStream:75 - [STDERR_REDIRECT] 
2026-09-17 21:02:26,154 [ERROR] LogOutputStream:75 - [STDERR_REDIRECT] [Fatal Error] :1:1: Premature end of file.
2026-09-17 21:02:26,154 [ERROR] LogOutputStream:75 - [STDERR_REDIRECT] 
2026-09-17 21:02:27,186 [ERROR] LogOutputStream:75 - [STDERR_REDIRECT] [Fatal Error] :1:1: Premature end of file.
2026-09-17 21:02:27,186 [ERROR] LogOutputStream:75 - [STDERR_REDIRECT] 
2026-09-17 21:02:28,170 [ERROR] LogOutputStream:75 - [STDERR_REDIRECT] [Fatal Error] :1:1: Premature end of file.
2026-09-17 21:02:28,170 [ERROR] LogOutputStream:75 - [STDERR_REDIRECT] 
2026-09-17 21:02:29,166 [ERROR] LogOutputStream:75 - [STDERR_REDIRECT] [Fatal Error] :1:1: Premature end of file.
2026-09-17 21:02:29,168 [ERROR] LogOutputStream:75 - [STDERR_REDIRECT] 
2026-09-17 21:02:30,178 [ERROR] LogOutputStream:75 - [STDERR_REDIRECT] [Fatal Error] :1:1: Premature end of file.
2026-09-17 21:02:30,178 [ERROR] LogOutputStream:75 - [STDERR_REDIRECT] 
2026-09-17 21:02:31,159 [ERROR] LogOutputStream:75 - [STDERR_REDIRECT] [Fatal Error] :1:1: Premature end of file.
2026-09-17 21:02:31,159 [ERROR] LogOutputStream:75 - [STDERR_REDIRECT] 
2026-09-17 21:02:32,157 [ERROR] LogOutputStream:75 - [STDERR_REDIRECT] [Fatal Error] :1:1: Premature end of file.
2026-09-17 21:02:32,157 [ERROR] LogOutputStream:75 - [STDERR_REDIRECT] 
2026-09-17 21:02:33,160 [ERROR] LogOutputStream:75 - [STDERR_REDIRECT] [Fatal Error] :1:1: Premature end of file.
2026-09-17 21:02:33,160 [ERROR] LogOutputStream:75 - [STDERR_REDIRECT] 
2026-09-17 21:02:34,146 [ERROR] LogOutputStream:75 - [STDERR_REDIRECT] [Fatal Error] :1:1: Premature end of file.
2026-09-17 21:02:34,146 [ERROR] LogOutputStream:75 - [STDERR_REDIRECT] 
2026-09-17 21:02:35,178 [ERROR] LogOutputStream:75 - [STDERR_REDIRECT] [Fatal Error] :1:1: Premature end of file.
2026-09-17 21:02:35,178 [ERROR] LogOutputStream:75 - [STDERR_REDIRECT] 
2026-09-17 21:02:36,166 [ERROR] LogOutputStream:75 - [STDERR_REDIRECT] [Fatal Error] :1:1: Premature end of file.
2026-09-17 21:02:36,166 [ERROR] LogOutputStream:75 - [STDERR_REDIRECT] 
2026-09-17 21:02:37,158 [ERROR] LogOutputStream:75 - [STDERR_REDIRECT] [Fatal Error] :1:1: Premature end of file.
2026-09-17 21:02:37,158 [ERROR] LogOutputStream:75 - [STDERR_REDIRECT] 
2026-09-17 21:02:38,158 [ERROR] LogOutputStream:75 - [STDERR_REDIRECT] [Fatal Error] :1:1: Premature end of file.
2026-09-17 21:02:38,191 [ERROR] LogOutputStream:75 - [STDERR_REDIRECT] 
2026-09-17 21:02:39,156 [ERROR] LogOutputStream:75 - [STDERR_REDIRECT] [Fatal Error] :1:1: Premature end of file.
2026-09-17 21:02:39,156 [ERROR] LogOutputStream:75 - [STDERR_REDIRECT] 
2026-09-17 21:02:40,156 [ERROR] LogOutputStream:75 - [STDERR_REDIRECT] [Fatal Error] :1:1: Premature end of file.
2026-09-17 21:02:40,156 [ERROR] LogOutputStream:75 - [STDERR_REDIRECT] 
2026-09-17 21:02:41,155 [ERROR] LogOutputStream:75 - [STDERR_REDIRECT] [Fatal Error] :1:1: Premature end of file.
2026-09-17 21:02:41,155 [ERROR] LogOutputStream:75 - [STDERR_REDIRECT] 
2026-09-17 21:02:42,173 [ERROR] LogOutputStream:75 - [STDERR_REDIRECT] [Fatal Error] :1:1: Premature end of file.
2026-09-17 21:02:42,173 [ERROR] LogOutputStream:75 - [STDERR_REDIRECT] 
2026-09-17 21:02:43,166 [ERROR] LogOutputStream:75 - [STDERR_REDIRECT] [Fatal Error] :1:1: Premature end of file.
2026-09-17 21:02:43,166 [ERROR] LogOutputStream:75 - [STDERR_REDIRECT] 
2026-09-17 21:02:44,173 [ERROR] LogOutputStream:75 - [STDERR_REDIRECT] [Fatal Error] :1:1: Premature end of file.
2026-09-17 21:02:44,173 [ERROR] LogOutputStream:75 - [STDERR_REDIRECT] 
2026-09-17 21:02:45,158 [ERROR] LogOutputStream:75 - [STDERR_REDIRECT] [Fatal Error] :1:1: Premature end of file.
2026-09-17 21:02:45,158 [ERROR] LogOutputStream:75 - [STDERR_REDIRECT] 
2026-09-17 21:02:46,163 [ERROR] LogOutputStream:75 - [STDERR_REDIRECT] [Fatal Error] :1:1: Premature end of file.
2026-09-17 21:02:46,163 [ERROR] LogOutputStream:75 - [STDERR_REDIRECT] 
2026-09-17 21:02:47,173 [ERROR] LogOutputStream:75 - [STDERR_REDIRECT] [Fatal Error] :1:1: Premature end of file.
2026-09-17 21:02:47,173 [ERROR] LogOutputStream:75 - [STDERR_REDIRECT] 
2026-09-17 21:02:48,162 [ERROR] LogOutputStream:75 - [STDERR_REDIRECT] [Fatal Error] :1:1: Premature end of file.
2026-09-17 21:02:48,163 [ERROR] LogOutputStream:75 - [STDERR_REDIRECT] 
2026-09-17 21:02:49,155 [ERROR] LogOutputStream:75 - [STDERR_REDIRECT] [Fatal Error] :1:1: Premature end of file.
2026-09-17 21:02:49,155 [ERROR] LogOutputStream:75 - [STDERR_REDIRECT] 
2026-09-17 21:02:50,160 [ERROR] LogOutputStream:75 - [STDERR_REDIRECT] [Fatal Error] :1:1: Premature end of file.
2026-09-17 21:02:50,160 [ERROR] LogOutputStream:75 - [STDERR_REDIRECT] 
2026-09-17 21:02:51,158 [ERROR] LogOutputStream:75 - [STDERR_REDIRECT] [Fatal Error] :1:1: Premature end of file.
2026-09-17 21:02:51,158 [ERROR] LogOutputStream:75 - [STDERR_REDIRECT] 
2026-09-17 21:02:52,145 [ERROR] LogOutputStream:75 - [STDERR_REDIRECT] [Fatal Error] :1:1: Premature end of file.
2026-09-17 21:02:52,145 [ERROR] LogOutputStream:75 - [STDERR_REDIRECT] 
2026-09-17 21:02:53,166 [ERROR] LogOutputStream:75 - [STDERR_REDIRECT] [Fatal Error] :1:1: Premature end of file.
2026-09-17 21:02:53,166 [ERROR] LogOutputStream:75 - [STDERR_REDIRECT] 
2026-09-17 21:02:54,157 [ERROR] LogOutputStream:75 - [STDERR_REDIRECT] [Fatal Error] :1:1: Premature end of file.
2026-09-17 21:02:54,157 [ERROR] LogOutputStream:75 - [STDERR_REDIRECT] 
2026-09-17 21:02:55,172 [ERROR] LogOutputStream:75 - [STDERR_REDIRECT] [Fatal Error] :1:1: Premature end of file.
2026-09-17 21:02:55,172 [ERROR] LogOutputStream:75 - [STDERR_REDIRECT] 
2026-09-17 21:02:56,175 [ERROR] LogOutputStream:75 - [STDERR_REDIRECT] [Fatal Error] :1:1: Premature end of file.
2026-09-17 21:02:56,175 [ERROR] LogOutputStream:75 - [STDERR_REDIRECT] 
2026-09-17 21:02:57,172 [ERROR] LogOutputStream:75 - [STDERR_REDIRECT] [Fatal Error] :1:1: Premature end of file.
2026-09-17 21:02:57,172 [ERROR] LogOutputStream:75 - [STDERR_REDIRECT] 
2026-09-17 21:02:58,161 [ERROR] LogOutputStream:75 - [STDERR_REDIRECT] [Fatal Error] :1:1: Premature end of file.
2026-09-17 21:02:58,161 [ERROR] LogOutputStream:75 - [STDERR_REDIRECT] 
2026-09-17 21:02:59,156 [ERROR] LogOutputStream:75 - [STDERR_REDIRECT] [Fatal Error] :1:1: Premature end of file.
2026-09-17 21:02:59,156 [ERROR] LogOutputStream:75 - [STDERR_REDIRECT] 
2026-09-17 21:03:00,164 [ERROR] LogOutputStream:75 - [STDERR_REDIRECT] [Fatal Error] :1:1: Premature end of file.
2026-09-17 21:03:00,164 [ERROR] LogOutputStream:75 - [STDERR_REDIRECT] 
2026-09-17 21:03:01,152 [ERROR] LogOutputStream:75 - [STDERR_REDIRECT] [Fatal Error] :1:1: Premature end of file.
2026-09-17 21:03:01,152 [ERROR] LogOutputStream:75 - [STDERR_REDIRECT] 
2026-09-17 21:03:02,160 [ERROR] LogOutputStream:75 - [STDERR_REDIRECT] [Fatal Error] :1:1: Premature end of file.
2026-09-17 21:03:02,160 [ERROR] LogOutputStream:75 - [STDERR_REDIRECT] 
2026-09-17 21:03:03,159 [ERROR] LogOutputStream:75 - [STDERR_REDIRECT] [Fatal Error] :1:1: Premature end of file.
2026-09-17 21:03:03,159 [ERROR] LogOutputStream:75 - [STDERR_REDIRECT] 
2026-09-17 21:03:04,158 [ERROR] LogOutputStream:75 - [STDERR_REDIRECT] [Fatal Error] :1:1: Premature end of file.
2026-09-17 21:03:04,158 [ERROR] LogOutputStream:75 - [STDERR_REDIRECT] 
2026-09-17 21:03:05,158 [ERROR] LogOutputStream:75 - [STDERR_REDIRECT] [Fatal Error] :1:1: Premature end of file.
2026-09-17 21:03:05,159 [ERROR] LogOutputStream:75 - [STDERR_REDIRECT] 
2026-09-17 21:03:06,167 [ERROR] LogOutputStream:75 - [STDERR_REDIRECT] [Fatal Error] :1:1: Premature end of file.
2026-09-17 21:03:06,167 [ERROR] LogOutputStream:75 - [STDERR_REDIRECT] 
2026-09-17 21:03:07,172 [ERROR] LogOutputStream:75 - [STDERR_REDIRECT] [Fatal Error] :1:1: Premature end of file.
2026-09-17 21:03:07,172 [ERROR] LogOutputStream:75 - [STDERR_REDIRECT] 
2026-09-17 21:03:08,158 [ERROR] LogOutputStream:75 - [STDERR_REDIRECT] [Fatal Error] :1:1: Premature end of file.
2026-09-17 21:03:08,158 [ERROR] LogOutputStream:75 - [STDERR_REDIRECT] 
2026-09-17 21:03:09,153 [ERROR] LogOutputStream:75 - [STDERR_REDIRECT] [Fatal Error] :1:1: Premature end of file.
2026-09-17 21:03:09,153 [ERROR] LogOutputStream:75 - [STDERR_REDIRECT] 
2026-09-17 21:03:10,155 [ERROR] LogOutputStream:75 - [STDERR_REDIRECT] [Fatal Error] :1:1: Premature end of file.
2026-09-17 21:03:10,155 [ERROR] LogOutputStream:75 - [STDERR_REDIRECT] 
2026-09-17 21:03:11,172 [ERROR] LogOutputStream:75 - [STDERR_REDIRECT] [Fatal Error] :1:1: Premature end of file.
2026-09-17 21:03:11,172 [ERROR] LogOutputStream:75 - [STDERR_REDIRECT] 
2026-09-17 21:03:12,171 [ERROR] LogOutputStream:75 - [STDERR_REDIRECT] [Fatal Error] :1:1: Premature end of file.
2026-09-17 21:03:12,171 [ERROR] LogOutputStream:75 - [STDERR_REDIRECT] 
2026-09-17 21:03:13,165 [ERROR] LogOutputStream:75 - [STDERR_REDIRECT] [Fatal Error] :1:1: Premature end of file.
2026-09-17 21:03:13,165 [ERROR] LogOutputStream:75 - [STDERR_REDIRECT] 
2026-09-17 21:03:14,172 [ERROR] LogOutputStream:75 - [STDERR_REDIRECT] [Fatal Error] :1:1: Premature end of file.
2026-09-17 21:03:14,172 [ERROR] LogOutputStream:75 - [STDERR_REDIRECT] 
2026-09-17 21:03:15,159 [ERROR] LogOutputStream:75 - [STDERR_REDIRECT] [Fatal Error] :1:1: Premature end of file.
2026-09-17 21:03:15,159 [ERROR] LogOutputStream:75 - [STDERR_REDIRECT] 
2026-09-17 21:03:16,148 [ERROR] LogOutputStream:75 - [STDERR_REDIRECT] [Fatal Error] :1:1: Premature end of file.
2026-09-17 21:03:16,148 [ERROR] LogOutputStream:75 - [STDERR_REDIRECT] 
2026-09-17 21:03:17,157 [ERROR] LogOutputStream:75 - [STDERR_REDIRECT] [Fatal Error] :1:1: Premature end of file.
2026-09-17 21:03:17,157 [ERROR] LogOutputStream:75 - [STDERR_REDIRECT] 
2026-09-17 21:03:18,164 [ERROR] LogOutputStream:75 - [STDERR_REDIRECT] [Fatal Error] :1:1: Premature end of file.
2026-09-17 21:03:18,164 [ERROR] LogOutputStream:75 - [STDERR_REDIRECT] 
2026-09-17 21:03:19,176 [ERROR] LogOutputStream:75 - [STDERR_REDIRECT] [Fatal Error] :1:1: Premature end of file.
2026-09-17 21:03:19,176 [ERROR] LogOutputStream:75 - [STDERR_REDIRECT] 
2026-09-17 21:03:20,183 [ERROR] LogOutputStream:75 - [STDERR_REDIRECT] [Fatal Error] :1:1: Premature end of file.
2026-09-17 21:03:20,183 [ERROR] LogOutputStream:75 - [STDERR_REDIRECT] 
2026-09-17 21:03:21,171 [ERROR] LogOutputStream:75 - [STDERR_REDIRECT] [Fatal Error] :1:1: Premature end of file.
2026-09-17 21:03:21,171 [ERROR] LogOutputStream:75 - [STDERR_REDIRECT] 
2026-09-17 21:03:22,178 [ERROR] LogOutputStream:75 - [STDERR_REDIRECT] [Fatal Error] :1:1: Premature end of file.
2026-09-17 21:03:22,178 [ERROR] LogOutputStream:75 - [STDERR_REDIRECT] 
2026-09-17 21:03:23,162 [ERROR] LogOutputStream:75 - [STDERR_REDIRECT] [Fatal Error] :1:1: Premature end of file.
2026-09-17 21:03:23,162 [ERROR] LogOutputStream:75 - [STDERR_REDIRECT] 
2026-09-17 21:03:24,157 [ERROR] LogOutputStream:75 - [STDERR_REDIRECT] [Fatal Error] :1:1: Premature end of file.
2026-09-17 21:03:24,157 [ERROR] LogOutputStream:75 - [STDERR_REDIRECT] 
2026-09-17 21:03:25,158 [ERROR] LogOutputStream:75 - [STDERR_REDIRECT] [Fatal Error] :1:1: Premature end of file.
2026-09-17 21:03:25,158 [ERROR] LogOutputStream:75 - [STDERR_REDIRECT] 
2026-09-17 21:03:26,157 [ERROR] LogOutputStream:75 - [STDERR_REDIRECT] [Fatal Error] :1:1: Premature end of file.
2026-09-17 21:03:26,157 [ERROR] LogOutputStream:75 - [STDERR_REDIRECT] 
2026-09-17 21:03:27,161 [ERROR] LogOutputStream:75 - [STDERR_REDIRECT] [Fatal Error] :1:1: Premature end of file.
2026-09-17 21:03:27,161 [ERROR] LogOutputStream:75 - [STDERR_REDIRECT] 
2026-09-17 21:03:28,159 [ERROR] LogOutputStream:75 - [STDERR_REDIRECT] [Fatal Error] :1:1: Premature end of file.
2026-09-17 21:03:28,159 [ERROR] LogOutputStream:75 - [STDERR_REDIRECT] 
2026-09-17 21:03:29,159 [ERROR] LogOutputStream:75 - [STDERR_REDIRECT] [Fatal Error] :1:1: Premature end of file.
2026-09-17 21:03:29,159 [ERROR] LogOutputStream:75 - [STDERR_REDIRECT] 
2026-09-17 21:03:30,157 [ERROR] LogOutputStream:75 - [STDERR_REDIRECT] [Fatal Error] :1:1: Premature end of file.
2026-09-17 21:03:30,157 [ERROR] LogOutputStream:75 - [STDERR_REDIRECT] 
2026-09-17 21:03:31,148 [ERROR] LogOutputStream:75 - [STDERR_REDIRECT] [Fatal Error] :1:1: Premature end of file.
2026-09-17 21:03:31,148 [ERROR] LogOutputStream:75 - [STDERR_REDIRECT] 
2026-09-17 21:03:32,152 [ERROR] LogOutputStream:75 - [STDERR_REDIRECT] [Fatal Error] :1:1: Premature end of file.
2026-09-17 21:03:32,152 [ERROR] LogOutputStream:75 - [STDERR_REDIRECT] 
2026-09-17 21:03:33,160 [ERROR] LogOutputStream:75 - [STDERR_REDIRECT] [Fatal Error] :1:1: Premature end of file.
2026-09-17 21:03:33,160 [ERROR] LogOutputStream:75 - [STDERR_REDIRECT] 
2026-09-17 21:03:34,169 [ERROR] LogOutputStream:75 - [STDERR_REDIRECT] [Fatal Error] :1:1: Premature end of file.
2026-09-17 21:03:34,169 [ERROR] LogOutputStream:75 - [STDERR_REDIRECT] 
2026-09-17 21:03:35,144 [ERROR] LogOutputStream:75 - [STDERR_REDIRECT] [Fatal Error] :1:1: Premature end of file.
2026-09-17 21:03:35,145 [ERROR] LogOutputStream:75 - [STDERR_REDIRECT] 
2026-09-17 21:03:36,150 [ERROR] LogOutputStream:75 - [STDERR_REDIRECT] [Fatal Error] :1:1: Premature end of file.
2026-09-17 21:03:36,150 [ERROR] LogOutputStream:75 - [STDERR_REDIRECT] 
2026-09-17 21:03:37,196 [ERROR] LogOutputStream:75 - [STDERR_REDIRECT] [Fatal Error] :1:1: Premature end of file.
2026-09-17 21:03:37,196 [ERROR] LogOutputStream:75 - [STDERR_REDIRECT] 
2026-09-17 21:03:38,151 [ERROR] LogOutputStream:75 - [STDERR_REDIRECT] [Fatal Error] :1:1: Premature end of file.
2026-09-17 21:03:38,151 [ERROR] LogOutputStream:75 - [STDERR_REDIRECT] 
2026-09-17 21:03:39,156 [ERROR] LogOutputStream:75 - [STDERR_REDIRECT] [Fatal Error] :1:1: Premature end of file.
2026-09-17 21:03:39,156 [ERROR] LogOutputStream:75 - [STDERR_REDIRECT] 
2026-09-17 21:03:40,166 [ERROR] LogOutputStream:75 - [STDERR_REDIRECT] [Fatal Error] :1:1: Premature end of file.
2026-09-17 21:03:40,166 [ERROR] LogOutputStream:75 - [STDERR_REDIRECT] 
2026-09-17 21:03:41,172 [ERROR] LogOutputStream:75 - [STDERR_REDIRECT] [Fatal Error] :1:1: Premature end of file.
2026-09-17 21:03:41,172 [ERROR] LogOutputStream:75 - [STDERR_REDIRECT] 
2026-09-17 21:03:42,161 [ERROR] LogOutputStream:75 - [STDERR_REDIRECT] [Fatal Error] :1:1: Premature end of file.
2026-09-17 21:03:42,161 [ERROR] LogOutputStream:75 - [STDERR_REDIRECT] 
2026-09-17 21:03:43,154 [ERROR] LogOutputStream:75 - [STDERR_REDIRECT] [Fatal Error] :1:1: Premature end of file.
2026-09-17 21:03:43,154 [ERROR] LogOutputStream:75 - [STDERR_REDIRECT] 
2026-09-17 21:03:44,173 [ERROR] LogOutputStream:75 - [STDERR_REDIRECT] [Fatal Error] :1:1: Premature end of file.
2026-09-17 21:03:44,173 [ERROR] LogOutputStream:75 - [STDERR_REDIRECT] 
2026-09-17 21:03:45,187 [ERROR] LogOutputStream:75 - [STDERR_REDIRECT] [Fatal Error] :1:1: Premature end of file.
2026-09-17 21:03:45,187 [ERROR] LogOutputStream:75 - [STDERR_REDIRECT] 
2026-09-17 21:03:46,160 [ERROR] LogOutputStream:75 - [STDERR_REDIRECT] [Fatal Error] :1:1: Premature end of file.
2026-09-17 21:03:46,160 [ERROR] LogOutputStream:75 - [STDERR_REDIRECT] 
2026-09-17 21:03:47,160 [ERROR] LogOutputStream:75 - [STDERR_REDIRECT] [Fatal Error] :1:1: Premature end of file.
2026-09-17 21:03:47,160 [ERROR] LogOutputStream:75 - [STDERR_REDIRECT] 
2026-09-17 21:03:48,170 [ERROR] LogOutputStream:75 - [STDERR_REDIRECT] [Fatal Error] :1:1: Premature end of file.
2026-09-17 21:03:48,170 [ERROR] LogOutputStream:75 - [STDERR_REDIRECT] 
2026-09-17 21:03:49,158 [ERROR] LogOutputStream:75 - [STDERR_REDIRECT] [Fatal Error] :1:1: Premature end of file.
2026-09-17 21:03:49,158 [ERROR] LogOutputStream:75 - [STDERR_REDIRECT] 
2026-09-17 21:03:50,195 [ERROR] LogOutputStream:75 - [STDERR_REDIRECT] [Fatal Error] :1:1: Premature end of file.
2026-09-17 21:03:50,197 [ERROR] LogOutputStream:75 - [STDERR_REDIRECT] 
2026-09-17 21:03:51,201 [ERROR] LogOutputStream:75 - [STDERR_REDIRECT] [Fatal Error] :1:1: Premature end of file.
2026-09-17 21:03:51,202 [ERROR] LogOutputStream:75 - [STDERR_REDIRECT] 
2026-09-17 21:03:52,181 [ERROR] LogOutputStream:75 - [STDERR_REDIRECT] [Fatal Error] :1:1: Premature end of file.
2026-09-17 21:03:52,181 [ERROR] LogOutputStream:75 - [STDERR_REDIRECT] 
2026-09-17 21:03:53,174 [ERROR] LogOutputStream:75 - [STDERR_REDIRECT] [Fatal Error] :1:1: Premature end of file.
2026-09-17 21:03:53,174 [ERROR] LogOutputStream:75 - [STDERR_REDIRECT] 
2026-09-17 21:03:54,151 [ERROR] LogOutputStream:75 - [STDERR_REDIRECT] [Fatal Error] :1:1: Premature end of file.
2026-09-17 21:03:54,151 [ERROR] LogOutputStream:75 - [STDERR_REDIRECT] 
2026-09-17 21:03:55,155 [ERROR] LogOutputStream:75 - [STDERR_REDIRECT] [Fatal Error] :1:1: Premature end of file.
2026-09-17 21:03:55,155 [ERROR] LogOutputStream:75 - [STDERR_REDIRECT] 
2026-09-17 21:03:56,159 [ERROR] LogOutputStream:75 - [STDERR_REDIRECT] [Fatal Error] :1:1: Premature end of file.
2026-09-17 21:03:56,160 [ERROR] LogOutputStream:75 - [STDERR_REDIRECT] 
2026-09-17 21:03:57,153 [ERROR] LogOutputStream:75 - [STDERR_REDIRECT] [Fatal Error] :1:1: Premature end of file.
2026-09-17 21:03:57,154 [ERROR] LogOutputStream:75 - [STDERR_REDIRECT] 
2026-09-17 21:03:58,185 [ERROR] LogOutputStream:75 - [STDERR_REDIRECT] [Fatal Error] :1:1: Premature end of file.
2026-09-17 21:03:58,185 [ERROR] LogOutputStream:75 - [STDERR_REDIRECT] 
2026-09-17 21:03:59,166 [ERROR] LogOutputStream:75 - [STDERR_REDIRECT] [Fatal Error] :1:1: Premature end of file.
2026-09-17 21:03:59,166 [ERROR] LogOutputStream:75 - [STDERR_REDIRECT] 
2026-09-17 21:04:00,167 [ERROR] LogOutputStream:75 - [STDERR_REDIRECT] [Fatal Error] :1:1: Premature end of file.
2026-09-17 21:04:00,167 [ERROR] LogOutputStream:75 - [STDERR_REDIRECT] 
2026-09-17 21:04:01,159 [ERROR] LogOutputStream:75 - [STDERR_REDIRECT] [Fatal Error] :1:1: Premature end of file.
2026-09-17 21:04:01,159 [ERROR] LogOutputStream:75 - [STDERR_REDIRECT] 
2026-09-17 21:04:02,150 [ERROR] LogOutputStream:75 - [STDERR_REDIRECT] [Fatal Error] :1:1: Premature end of file.
2026-09-17 21:04:02,150 [ERROR] LogOutputStream:75 - [STDERR_REDIRECT] 
2026-09-17 21:04:03,169 [ERROR] LogOutputStream:75 - [STDERR_REDIRECT] [Fatal Error] :1:1: Premature end of file.
2026-09-17 21:04:03,169 [ERROR] LogOutputStream:75 - [STDERR_REDIRECT] 
2026-09-17 21:04:04,166 [ERROR] LogOutputStream:75 - [STDERR_REDIRECT] [Fatal Error] :1:1: Premature end of file.
2026-09-17 21:04:04,169 [ERROR] LogOutputStream:75 - [STDERR_REDIRECT] 
2026-09-17 21:04:05,157 [ERROR] LogOutputStream:75 - [STDERR_REDIRECT] [Fatal Error] :1:1: Premature end of file.
2026-09-17 21:04:05,158 [ERROR] LogOutputStream:75 - [STDERR_REDIRECT] 
2026-09-17 21:04:06,149 [ERROR] LogOutputStream:75 - [STDERR_REDIRECT] [Fatal Error] :1:1: Premature end of file.
2026-09-17 21:04:06,149 [ERROR] LogOutputStream:75 - [STDERR_REDIRECT] 
2026-09-17 21:04:07,159 [ERROR] LogOutputStream:75 - [STDERR_REDIRECT] [Fatal Error] :1:1: Premature end of file.
2026-09-17 21:04:07,159 [ERROR] LogOutputStream:75 - [STDERR_REDIRECT] 
2026-09-17 21:04:08,155 [ERROR] LogOutputStream:75 - [STDERR_REDIRECT] [Fatal Error] :1:1: Premature end of file.
2026-09-17 21:04:08,155 [ERROR] LogOutputStream:75 - [STDERR_REDIRECT] 
2026-09-17 21:04:09,155 [ERROR] LogOutputStream:75 - [STDERR_REDIRECT] [Fatal Error] :1:1: Premature end of file.
2026-09-17 21:04:09,155 [ERROR] LogOutputStream:75 - [STDERR_REDIRECT] 
2026-09-17 21:04:10,155 [ERROR] LogOutputStream:75 - [STDERR_REDIRECT] [Fatal Error] :1:1: Premature end of file.
2026-09-17 21:04:10,155 [ERROR] LogOutputStream:75 - [STDERR_REDIRECT] 
2026-09-17 21:04:11,151 [ERROR] LogOutputStream:75 - [STDERR_REDIRECT] [Fatal Error] :1:1: Premature end of file.
2026-09-17 21:04:11,151 [ERROR] LogOutputStream:75 - [STDERR_REDIRECT] 
2026-09-17 21:04:12,155 [ERROR] LogOutputStream:75 - [STDERR_REDIRECT] [Fatal Error] :1:1: Premature end of file.
2026-09-17 21:04:12,156 [ERROR] LogOutputStream:75 - [STDERR_REDIRECT] 
2026-09-17 21:04:13,147 [ERROR] LogOutputStream:75 - [STDERR_REDIRECT] [Fatal Error] :1:1: Premature end of file.
2026-09-17 21:04:13,147 [ERROR] LogOutputStream:75 - [STDERR_REDIRECT] 
2026-09-17 21:04:14,162 [ERROR] LogOutputStream:75 - [STDERR_REDIRECT] [Fatal Error] :1:1: Premature end of file.
2026-09-17 21:04:14,162 [ERROR] LogOutputStream:75 - [STDERR_REDIRECT] 
2026-09-17 21:04:15,157 [ERROR] LogOutputStream:75 - [STDERR_REDIRECT] [Fatal Error] :1:1: Premature end of file.
2026-09-17 21:04:15,157 [ERROR] LogOutputStream:75 - [STDERR_REDIRECT] 
2026-09-17 21:04:16,159 [ERROR] LogOutputStream:75 - [STDERR_REDIRECT] [Fatal Error] :1:1: Premature end of file.
2026-09-17 21:04:16,159 [ERROR] LogOutputStream:75 - [STDERR_REDIRECT] 
2026-09-17 21:04:17,156 [ERROR] LogOutputStream:75 - [STDERR_REDIRECT] [Fatal Error] :1:1: Premature end of file.
2026-09-17 21:04:17,156 [ERROR] LogOutputStream:75 - [STDERR_REDIRECT] 
2026-09-17 21:04:18,166 [ERROR] LogOutputStream:75 - [STDERR_REDIRECT] [Fatal Error] :1:1: Premature end of file.
2026-09-17 21:04:18,166 [ERROR] LogOutputStream:75 - [STDERR_REDIRECT] 
2026-09-17 21:04:19,152 [ERROR] LogOutputStream:75 - [STDERR_REDIRECT] [Fatal Error] :1:1: Premature end of file.
2026-09-17 21:04:19,152 [ERROR] LogOutputStream:75 - [STDERR_REDIRECT] 
2026-09-17 21:04:20,168 [ERROR] LogOutputStream:75 - [STDERR_REDIRECT] [Fatal Error] :1:1: Premature end of file.
2026-09-17 21:04:20,168 [ERROR] LogOutputStream:75 - [STDERR_REDIRECT] 
2026-09-17 21:04:21,168 [ERROR] LogOutputStream:75 - [STDERR_REDIRECT] [Fatal Error] :1:1: Premature end of file.
2026-09-17 21:04:21,169 [ERROR] LogOutputStream:75 - [STDERR_REDIRECT] 
2026-09-17 21:04:22,155 [ERROR] LogOutputStream:75 - [STDERR_REDIRECT] [Fatal Error] :1:1: Premature end of file.
2026-09-17 21:04:22,155 [ERROR] LogOutputStream:75 - [STDERR_REDIRECT] 
2026-09-17 21:04:23,157 [ERROR] LogOutputStream:75 - [STDERR_REDIRECT] [Fatal Error] :1:1: Premature end of file.
2026-09-17 21:04:23,157 [ERROR] LogOutputStream:75 - [STDERR_REDIRECT] 
2026-09-17 21:04:24,156 [ERROR] LogOutputStream:75 - [STDERR_REDIRECT] [Fatal Error] :1:1: Premature end of file.
2026-09-17 21:04:24,156 [ERROR] LogOutputStream:75 - [STDERR_REDIRECT] 
2026-09-17 21:04:25,157 [ERROR] LogOutputStream:75 - [STDERR_REDIRECT] [Fatal Error] :1:1: Premature end of file.
2026-09-17 21:04:25,157 [ERROR] LogOutputStream:75 - [STDERR_REDIRECT] 
2026-09-17 21:04:26,166 [ERROR] LogOutputStream:75 - [STDERR_REDIRECT] [Fatal Error] :1:1: Premature end of file.
2026-09-17 21:04:26,166 [ERROR] LogOutputStream:75 - [STDERR_REDIRECT] 
2026-09-17 21:04:27,173 [ERROR] LogOutputStream:75 - [STDERR_REDIRECT] [Fatal Error] :1:1: Premature end of file.
2026-09-17 21:04:27,173 [ERROR] LogOutputStream:75 - [STDERR_REDIRECT] 
2026-09-17 21:04:28,162 [ERROR] LogOutputStream:75 - [STDERR_REDIRECT] [Fatal Error] :1:1: Premature end of file.
2026-09-17 21:04:28,162 [ERROR] LogOutputStream:75 - [STDERR_REDIRECT] 
2026-09-17 21:04:29,149 [ERROR] LogOutputStream:75 - [STDERR_REDIRECT] [Fatal Error] :1:1: Premature end of file.
2026-09-17 21:04:29,149 [ERROR] LogOutputStream:75 - [STDERR_REDIRECT] 
2026-09-17 21:04:30,159 [ERROR] LogOutputStream:75 - [STDERR_REDIRECT] [Fatal Error] :1:1: Premature end of file.
2026-09-17 21:04:30,159 [ERROR] LogOutputStream:75 - [STDERR_REDIRECT] 
2026-09-17 21:04:31,156 [ERROR] LogOutputStream:75 - [STDERR_REDIRECT] [Fatal Error] :1:1: Premature end of file.
2026-09-17 21:04:31,156 [ERROR] LogOutputStream:75 - [STDERR_REDIRECT] 
2026-09-17 21:04:32,160 [ERROR] LogOutputStream:75 - [STDERR_REDIRECT] [Fatal Error] :1:1: Premature end of file.
2026-09-17 21:04:32,160 [ERROR] LogOutputStream:75 - [STDERR_REDIRECT] 
2026-09-17 21:04:33,159 [ERROR] LogOutputStream:75 - [STDERR_REDIRECT] [Fatal Error] :1:1: Premature end of file.
2026-09-17 21:04:33,159 [ERROR] LogOutputStream:75 - [STDERR_REDIRECT] 
2026-09-17 21:04:34,157 [ERROR] LogOutputStream:75 - [STDERR_REDIRECT] [Fatal Error] :1:1: Premature end of file.
2026-09-17 21:04:34,157 [ERROR] LogOutputStream:75 - [STDERR_REDIRECT] 
2026-09-17 21:04:35,157 [ERROR] LogOutputStream:75 - [STDERR_REDIRECT] [Fatal Error] :1:1: Premature end of file.
2026-09-17 21:04:35,157 [ERROR] LogOutputStream:75 - [STDERR_REDIRECT] 
2026-09-17 21:04:36,159 [ERROR] LogOutputStream:75 - [STDERR_REDIRECT] [Fatal Error] :1:1: Premature end of file.
2026-09-17 21:04:36,159 [ERROR] LogOutputStream:75 - [STDERR_REDIRECT] 
2026-09-17 21:04:37,153 [ERROR] LogOutputStream:75 - [STDERR_REDIRECT] [Fatal Error] :1:1: Premature end of file.
2026-09-17 21:04:37,153 [ERROR] LogOutputStream:75 - [STDERR_REDIRECT] 
2026-09-17 21:04:38,158 [ERROR] LogOutputStream:75 - [STDERR_REDIRECT] [Fatal Error] :1:1: Premature end of file.
2026-09-17 21:04:38,158 [ERROR] LogOutputStream:75 - [STDERR_REDIRECT] 
2026-09-17 21:04:39,162 [ERROR] LogOutputStream:75 - [STDERR_REDIRECT] [Fatal Error] :1:1: Premature end of file.
2026-09-17 21:04:39,163 [ERROR] LogOutputStream:75 - [STDERR_REDIRECT] 
2026-09-17 21:04:40,158 [ERROR] LogOutputStream:75 - [STDERR_REDIRECT] [Fatal Error] :1:1: Premature end of file.
2026-09-17 21:04:40,158 [ERROR] LogOutputStream:75 - [STDERR_REDIRECT] 
2026-09-17 21:04:41,158 [ERROR] LogOutputStream:75 - [STDERR_REDIRECT] [Fatal Error] :1:1: Premature end of file.
2026-09-17 21:04:41,158 [ERROR] LogOutputStream:75 - [STDERR_REDIRECT] 
2026-09-17 21:04:42,156 [ERROR] LogOutputStream:75 - [STDERR_REDIRECT] [Fatal Error] :1:1: Premature end of file.
2026-09-17 21:04:42,156 [ERROR] LogOutputStream:75 - [STDERR_REDIRECT] 
2026-09-17 21:04:43,154 [ERROR] LogOutputStream:75 - [STDERR_REDIRECT] [Fatal Error] :1:1: Premature end of file.
2026-09-17 21:04:43,154 [ERROR] LogOutputStream:75 - [STDERR_REDIRECT] 
2026-09-17 21:04:44,154 [ERROR] LogOutputStream:75 - [STDERR_REDIRECT] [Fatal Error] :1:1: Premature end of file.
2026-09-17 21:04:44,155 [ERROR] LogOutputStream:75 - [STDERR_REDIRECT] 
2026-09-17 21:04:45,154 [ERROR] LogOutputStream:75 - [STDERR_REDIRECT] [Fatal Error] :1:1: Premature end of file.
2026-09-17 21:04:45,154 [ERROR] LogOutputStream:75 - [STDERR_REDIRECT] 
2026-09-17 21:04:46,156 [ERROR] LogOutputStream:75 - [STDERR_REDIRECT] [Fatal Error] :1:1: Premature end of file.
2026-09-17 21:04:46,156 [ERROR] LogOutputStream:75 - [STDERR_REDIRECT] 
2026-09-17 21:04:47,149 [ERROR] LogOutputStream:75 - [STDERR_REDIRECT] [Fatal Error] :1:1: Premature end of file.
2026-09-17 21:04:47,149 [ERROR] LogOutputStream:75 - [STDERR_REDIRECT] 
2026-09-17 21:04:48,155 [ERROR] LogOutputStream:75 - [STDERR_REDIRECT] [Fatal Error] :1:1: Premature end of file.
2026-09-17 21:04:48,156 [ERROR] LogOutputStream:75 - [STDERR_REDIRECT] 
2026-09-17 21:04:49,164 [ERROR] LogOutputStream:75 - [STDERR_REDIRECT] [Fatal Error] :1:1: Premature end of file.
2026-09-17 21:04:49,165 [ERROR] LogOutputStream:75 - [STDERR_REDIRECT] 
2026-09-17 21:04:50,157 [ERROR] LogOutputStream:75 - [STDERR_REDIRECT] [Fatal Error] :1:1: Premature end of file.
2026-09-17 21:04:50,157 [ERROR] LogOutputStream:75 - [STDERR_REDIRECT] 
2026-09-17 21:04:51,153 [ERROR] LogOutputStream:75 - [STDERR_REDIRECT] [Fatal Error] :1:1: Premature end of file.
2026-09-17 21:04:51,153 [ERROR] LogOutputStream:75 - [STDERR_REDIRECT] 
2026-09-17 21:04:52,152 [ERROR] LogOutputStream:75 - [STDERR_REDIRECT] [Fatal Error] :1:1: Premature end of file.
2026-09-17 21:04:52,152 [ERROR] LogOutputStream:75 - [STDERR_REDIRECT] 
2026-09-17 21:04:53,155 [ERROR] LogOutputStream:75 - [STDERR_REDIRECT] [Fatal Error] :1:1: Premature end of file.
2026-09-17 21:04:53,155 [ERROR] LogOutputStream:75 - [STDERR_REDIRECT] 
2026-09-17 21:04:54,152 [ERROR] LogOutputStream:75 - [STDERR_REDIRECT] [Fatal Error] :1:1: Premature end of file.
2026-09-17 21:04:54,152 [ERROR] LogOutputStream:75 - [STDERR_REDIRECT] 
2026-09-17 21:04:55,158 [ERROR] LogOutputStream:75 - [STDERR_REDIRECT] [Fatal Error] :1:1: Premature end of file.
2026-09-17 21:04:55,158 [ERROR] LogOutputStream:75 - [STDERR_REDIRECT] 
2026-09-17 21:04:56,161 [ERROR] LogOutputStream:75 - [STDERR_REDIRECT] [Fatal Error] :1:1: Premature end of file.
2026-09-17 21:04:56,161 [ERROR] LogOutputStream:75 - [STDERR_REDIRECT] 
2026-09-17 21:04:57,167 [ERROR] LogOutputStream:75 - [STDERR_REDIRECT] [Fatal Error] :1:1: Premature end of file.
2026-09-17 21:04:57,202 [ERROR] LogOutputStream:75 - [STDERR_REDIRECT] 
2026-09-17 21:04:58,161 [ERROR] LogOutputStream:75 - [STDERR_REDIRECT] [Fatal Error] :1:1: Premature end of file.
2026-09-17 21:04:58,161 [ERROR] LogOutputStream:75 - [STDERR_REDIRECT] 
2026-09-17 21:04:59,159 [ERROR] LogOutputStream:75 - [STDERR_REDIRECT] [Fatal Error] :1:1: Premature end of file.
2026-09-17 21:04:59,160 [ERROR] LogOutputStream:75 - [STDERR_REDIRECT] 
2026-09-17 21:05:00,182 [ERROR] LogOutputStream:75 - [STDERR_REDIRECT] [Fatal Error] :1:1: Premature end of file.
2026-09-17 21:05:00,182 [ERROR] LogOutputStream:75 - [STDERR_REDIRECT] 
2026-09-17 21:05:01,166 [ERROR] LogOutputStream:75 - [STDERR_REDIRECT] [Fatal Error] :1:1: Premature end of file.
2026-09-17 21:05:01,166 [ERROR] LogOutputStream:75 - [STDERR_REDIRECT] 
2026-09-17 21:05:02,164 [ERROR] LogOutputStream:75 - [STDERR_REDIRECT] [Fatal Error] :1:1: Premature end of file.
2026-09-17 21:05:02,164 [ERROR] LogOutputStream:75 - [STDERR_REDIRECT] 
2026-09-17 21:05:03,170 [ERROR] LogOutputStream:75 - [STDERR_REDIRECT] [Fatal Error] :1:1: Premature end of file.
2026-09-17 21:05:03,173 [ERROR] LogOutputStream:75 - [STDERR_REDIRECT] 
2026-09-17 21:05:04,166 [ERROR] LogOutputStream:75 - [STDERR_REDIRECT] [Fatal Error] :1:1: Premature end of file.
2026-09-17 21:05:04,166 [ERROR] LogOutputStream:75 - [STDERR_REDIRECT] 
2026-09-17 21:05:05,166 [ERROR] LogOutputStream:75 - [STDERR_REDIRECT] [Fatal Error] :1:1: Premature end of file.
2026-09-17 21:05:05,166 [ERROR] LogOutputStream:75 - [STDERR_REDIRECT] 
2026-09-17 21:05:06,149 [ERROR] LogOutputStream:75 - [STDERR_REDIRECT] [Fatal Error] :1:1: Premature end of file.
2026-09-17 21:05:06,149 [ERROR] LogOutputStream:75 - [STDERR_REDIRECT] 
2026-09-17 21:05:07,148 [ERROR] LogOutputStream:75 - [STDERR_REDIRECT] [Fatal Error] :1:1: Premature end of file.
2026-09-17 21:05:07,148 [ERROR] LogOutputStream:75 - [STDERR_REDIRECT] 
2026-09-17 21:05:08,155 [ERROR] LogOutputStream:75 - [STDERR_REDIRECT] [Fatal Error] :1:1: Premature end of file.
2026-09-17 21:05:08,155 [ERROR] LogOutputStream:75 - [STDERR_REDIRECT] 
2026-09-17 21:05:09,155 [ERROR] LogOutputStream:75 - [STDERR_REDIRECT] [Fatal Error] :1:1: Premature end of file.
2026-09-17 21:05:09,155 [ERROR] LogOutputStream:75 - [STDERR_REDIRECT] 
2026-09-17 21:05:10,155 [ERROR] LogOutputStream:75 - [STDERR_REDIRECT] [Fatal Error] :1:1: Premature end of file.
2026-09-17 21:05:10,155 [ERROR] LogOutputStream:75 - [STDERR_REDIRECT] 
2026-09-17 21:05:11,165 [ERROR] LogOutputStream:75 - [STDERR_REDIRECT] [Fatal Error] :1:1: Premature end of file.
2026-09-17 21:05:11,165 [ERROR] LogOutputStream:75 - [STDERR_REDIRECT] 
2026-09-17 21:05:12,210 [ERROR] LogOutputStream:75 - [STDERR_REDIRECT] [Fatal Error] :1:1: Premature end of file.
2026-09-17 21:05:12,211 [ERROR] LogOutputStream:75 - [STDERR_REDIRECT] 
2026-09-17 21:05:13,159 [ERROR] LogOutputStream:75 - [STDERR_REDIRECT] [Fatal Error] :1:1: Premature end of file.
2026-09-17 21:05:13,159 [ERROR] LogOutputStream:75 - [STDERR_REDIRECT] 
2026-09-17 21:05:14,180 [ERROR] LogOutputStream:75 - [STDERR_REDIRECT] [Fatal Error] :1:1: Premature end of file.
2026-09-17 21:05:14,180 [ERROR] LogOutputStream:75 - [STDERR_REDIRECT] 
2026-09-17 21:05:15,158 [ERROR] LogOutputStream:75 - [STDERR_REDIRECT] [Fatal Error] :1:1: Premature end of file.
2026-09-17 21:05:15,158 [ERROR] LogOutputStream:75 - [STDERR_REDIRECT] 
2026-09-17 21:05:16,154 [ERROR] LogOutputStream:75 - [STDERR_REDIRECT] [Fatal Error] :1:1: Premature end of file.
2026-09-17 21:05:16,154 [ERROR] LogOutputStream:75 - [STDERR_REDIRECT] 
2026-09-17 21:05:17,157 [ERROR] LogOutputStream:75 - [STDERR_REDIRECT] [Fatal Error] :1:1: Premature end of file.
2026-09-17 21:05:17,158 [ERROR] LogOutputStream:75 - [STDERR_REDIRECT] 
2026-09-17 21:05:18,155 [ERROR] LogOutputStream:75 - [STDERR_REDIRECT] [Fatal Error] :1:1: Premature end of file.
2026-09-17 21:05:18,155 [ERROR] LogOutputStream:75 - [STDERR_REDIRECT] 
2026-09-17 21:05:19,159 [ERROR] LogOutputStream:75 - [STDERR_REDIRECT] [Fatal Error] :1:1: Premature end of file.
2026-09-17 21:05:19,159 [ERROR] LogOutputStream:75 - [STDERR_REDIRECT] 
2026-09-17 21:05:20,155 [ERROR] LogOutputStream:75 - [STDERR_REDIRECT] [Fatal Error] :1:1: Premature end of file.
2026-09-17 21:05:20,155 [ERROR] LogOutputStream:75 - [STDERR_REDIRECT] 
2026-09-17 21:05:21,165 [ERROR] LogOutputStream:75 - [STDERR_REDIRECT] [Fatal Error] :1:1: Premature end of file.
2026-09-17 21:05:21,165 [ERROR] LogOutputStream:75 - [STDERR_REDIRECT] 
2026-09-17 21:05:22,156 [ERROR] LogOutputStream:75 - [STDERR_REDIRECT] [Fatal Error] :1:1: Premature end of file.
2026-09-17 21:05:22,156 [ERROR] LogOutputStream:75 - [STDERR_REDIRECT] 
2026-09-17 21:05:23,152 [ERROR] LogOutputStream:75 - [STDERR_REDIRECT] [Fatal Error] :1:1: Premature end of file.
2026-09-17 21:05:23,152 [ERROR] LogOutputStream:75 - [STDERR_REDIRECT] 
2026-09-17 21:05:24,158 [ERROR] LogOutputStream:75 - [STDERR_REDIRECT] [Fatal Error] :1:1: Premature end of file.
2026-09-17 21:05:24,158 [ERROR] LogOutputStream:75 - [STDERR_REDIRECT] 
2026-09-17 21:05:25,166 [ERROR] LogOutputStream:75 - [STDERR_REDIRECT] [Fatal Error] :1:1: Premature end of file.
2026-09-17 21:05:25,166 [ERROR] LogOutputStream:75 - [STDERR_REDIRECT] 
2026-09-17 21:05:26,168 [ERROR] LogOutputStream:75 - [STDERR_REDIRECT] [Fatal Error] :1:1: Premature end of file.
2026-09-17 21:05:26,168 [ERROR] LogOutputStream:75 - [STDERR_REDIRECT] 
2026-09-17 21:05:27,173 [ERROR] LogOutputStream:75 - [STDERR_REDIRECT] [Fatal Error] :1:1: Premature end of file.
2026-09-17 21:05:27,174 [ERROR] LogOutputStream:75 - [STDERR_REDIRECT] 
2026-09-17 21:05:28,160 [ERROR] LogOutputStream:75 - [STDERR_REDIRECT] [Fatal Error] :1:1: Premature end of file.
2026-09-17 21:05:28,160 [ERROR] LogOutputStream:75 - [STDERR_REDIRECT] 
2026-09-17 21:05:29,156 [ERROR] LogOutputStream:75 - [STDERR_REDIRECT] [Fatal Error] :1:1: Premature end of file.
2026-09-17 21:05:29,156 [ERROR] LogOutputStream:75 - [STDERR_REDIRECT] 
2026-09-17 21:05:30,166 [ERROR] LogOutputStream:75 - [STDERR_REDIRECT] [Fatal Error] :1:1: Premature end of file.
2026-09-17 21:05:30,166 [ERROR] LogOutputStream:75 - [STDERR_REDIRECT] 
2026-09-17 21:05:31,173 [ERROR] LogOutputStream:75 - [STDERR_REDIRECT] [Fatal Error] :1:1: Premature end of file.
2026-09-17 21:05:31,174 [ERROR] LogOutputStream:75 - [STDERR_REDIRECT] 
2026-09-17 21:05:32,162 [ERROR] LogOutputStream:75 - [STDERR_REDIRECT] [Fatal Error] :1:1: Premature end of file.
2026-09-17 21:05:32,163 [ERROR] LogOutputStream:75 - [STDERR_REDIRECT] 
2026-09-17 21:05:33,157 [ERROR] LogOutputStream:75 - [STDERR_REDIRECT] [Fatal Error] :1:1: Premature end of file.
2026-09-17 21:05:33,157 [ERROR] LogOutputStream:75 - [STDERR_REDIRECT] 
2026-09-17 21:05:34,157 [ERROR] LogOutputStream:75 - [STDERR_REDIRECT] [Fatal Error] :1:1: Premature end of file.
2026-09-17 21:05:34,157 [ERROR] LogOutputStream:75 - [STDERR_REDIRECT] 
2026-09-17 21:05:35,154 [ERROR] LogOutputStream:75 - [STDERR_REDIRECT] [Fatal Error] :1:1: Premature end of file.
2026-09-17 21:05:35,154 [ERROR] LogOutputStream:75 - [STDERR_REDIRECT] 
2026-09-17 21:05:36,153 [ERROR] LogOutputStream:75 - [STDERR_REDIRECT] [Fatal Error] :1:1: Premature end of file.
2026-09-17 21:05:36,153 [ERROR] LogOutputStream:75 - [STDERR_REDIRECT] 
2026-09-17 21:05:37,155 [ERROR] LogOutputStream:75 - [STDERR_REDIRECT] [Fatal Error] :1:1: Premature end of file.
2026-09-17 21:05:37,155 [ERROR] LogOutputStream:75 - [STDERR_REDIRECT] 
2026-09-17 21:05:38,159 [ERROR] LogOutputStream:75 - [STDERR_REDIRECT] [Fatal Error] :1:1: Premature end of file.
2026-09-17 21:05:38,159 [ERROR] LogOutputStream:75 - [STDERR_REDIRECT] 
2026-09-17 21:05:39,154 [ERROR] LogOutputStream:75 - [STDERR_REDIRECT] [Fatal Error] :1:1: Premature end of file.
2026-09-17 21:05:39,154 [ERROR] LogOutputStream:75 - [STDERR_REDIRECT] 
2026-09-17 21:05:40,153 [ERROR] LogOutputStream:75 - [STDERR_REDIRECT] [Fatal Error] :1:1: Premature end of file.
2026-09-17 21:05:40,153 [ERROR] LogOutputStream:75 - [STDERR_REDIRECT] 
2026-09-17 21:05:41,155 [ERROR] LogOutputStream:75 - [STDERR_REDIRECT] [Fatal Error] :1:1: Premature end of file.
2026-09-17 21:05:41,155 [ERROR] LogOutputStream:75 - [STDERR_REDIRECT] 
2026-09-17 21:05:42,163 [ERROR] LogOutputStream:75 - [STDERR_REDIRECT] [Fatal Error] :1:1: Premature end of file.
2026-09-17 21:05:42,163 [ERROR] LogOutputStream:75 - [STDERR_REDIRECT] 
2026-09-17 21:05:43,157 [ERROR] LogOutputStream:75 - [STDERR_REDIRECT] [Fatal Error] :1:1: Premature end of file.
2026-09-17 21:05:43,157 [ERROR] LogOutputStream:75 - [STDERR_REDIRECT] 
2026-09-17 21:05:44,161 [ERROR] LogOutputStream:75 - [STDERR_REDIRECT] [Fatal Error] :1:1: Premature end of file.
2026-09-17 21:05:44,161 [ERROR] LogOutputStream:75 - [STDERR_REDIRECT] 
2026-09-17 21:05:45,154 [ERROR] LogOutputStream:75 - [STDERR_REDIRECT] [Fatal Error] :1:1: Premature end of file.
2026-09-17 21:05:45,154 [ERROR] LogOutputStream:75 - [STDERR_REDIRECT] 
2026-09-17 21:05:46,154 [ERROR] LogOutputStream:75 - [STDERR_REDIRECT] [Fatal Error] :1:1: Premature end of file.
2026-09-17 21:05:46,154 [ERROR] LogOutputStream:75 - [STDERR_REDIRECT] 
2026-09-17 21:05:47,159 [ERROR] LogOutputStream:75 - [STDERR_REDIRECT] [Fatal Error] :1:1: Premature end of file.
2026-09-17 21:05:47,159 [ERROR] LogOutputStream:75 - [STDERR_REDIRECT] 
2026-09-17 21:05:48,156 [ERROR] LogOutputStream:75 - [STDERR_REDIRECT] [Fatal Error] :1:1: Premature end of file.
2026-09-17 21:05:48,156 [ERROR] LogOutputStream:75 - [STDERR_REDIRECT] 
2026-09-17 21:05:49,167 [ERROR] LogOutputStream:75 - [STDERR_REDIRECT] [Fatal Error] :1:1: Premature end of file.
2026-09-17 21:05:49,167 [ERROR] LogOutputStream:75 - [STDERR_REDIRECT] 
2026-09-17 21:05:50,159 [ERROR] LogOutputStream:75 - [STDERR_REDIRECT] [Fatal Error] :1:1: Premature end of file.
2026-09-17 21:05:50,159 [ERROR] LogOutputStream:75 - [STDERR_REDIRECT] 
2026-09-17 21:05:51,159 [ERROR] LogOutputStream:75 - [STDERR_REDIRECT] [Fatal Error] :1:1: Premature end of file.
2026-09-17 21:05:51,159 [ERROR] LogOutputStream:75 - [STDERR_REDIRECT] 
2026-09-17 21:05:52,151 [ERROR] LogOutputStream:75 - [STDERR_REDIRECT] [Fatal Error] :1:1: Premature end of file.
2026-09-17 21:05:52,151 [ERROR] LogOutputStream:75 - [STDERR_REDIRECT] 
2026-09-17 21:05:53,158 [ERROR] LogOutputStream:75 - [STDERR_REDIRECT] [Fatal Error] :1:1: Premature end of file.
2026-09-17 21:05:53,158 [ERROR] LogOutputStream:75 - [STDERR_REDIRECT] 
2026-09-17 21:05:54,158 [ERROR] LogOutputStream:75 - [STDERR_REDIRECT] [Fatal Error] :1:1: Premature end of file.
2026-09-17 21:05:54,158 [ERROR] LogOutputStream:75 - [STDERR_REDIRECT] 
2026-09-17 21:05:55,163 [ERROR] LogOutputStream:75 - [STDERR_REDIRECT] [Fatal Error] :1:1: Premature end of file.
2026-09-17 21:05:55,164 [ERROR] LogOutputStream:75 - [STDERR_REDIRECT] 
2026-09-17 21:05:56,158 [ERROR] LogOutputStream:75 - [STDERR_REDIRECT] [Fatal Error] :1:1: Premature end of file.
2026-09-17 21:05:56,158 [ERROR] LogOutputStream:75 - [STDERR_REDIRECT] 
2026-09-17 21:05:57,162 [ERROR] LogOutputStream:75 - [STDERR_REDIRECT] [Fatal Error] :1:1: Premature end of file.
2026-09-17 21:05:57,196 [ERROR] LogOutputStream:75 - [STDERR_REDIRECT] 
2026-09-17 21:05:58,156 [ERROR] LogOutputStream:75 - [STDERR_REDIRECT] [Fatal Error] :1:1: Premature end of file.
2026-09-17 21:05:58,156 [ERROR] LogOutputStream:75 - [STDERR_REDIRECT] 
2026-09-17 21:05:59,158 [ERROR] LogOutputStream:75 - [STDERR_REDIRECT] [Fatal Error] :1:1: Premature end of file.
2026-09-17 21:05:59,158 [ERROR] LogOutputStream:75 - [STDERR_REDIRECT] 
2026-09-17 21:06:00,159 [ERROR] LogOutputStream:75 - [STDERR_REDIRECT] [Fatal Error] :1:1: Premature end of file.
2026-09-17 21:06:00,159 [ERROR] LogOutputStream:75 - [STDERR_REDIRECT] 
2026-09-17 21:06:01,165 [ERROR] LogOutputStream:75 - [STDERR_REDIRECT] [Fatal Error] :1:1: Premature end of file.
2026-09-17 21:06:01,165 [ERROR] LogOutputStream:75 - [STDERR_REDIRECT] 
2026-09-17 21:06:02,158 [ERROR] LogOutputStream:75 - [STDERR_REDIRECT] [Fatal Error] :1:1: Premature end of file.
2026-09-17 21:06:02,158 [ERROR] LogOutputStream:75 - [STDERR_REDIRECT] 
2026-09-17 21:06:03,157 [ERROR] LogOutputStream:75 - [STDERR_REDIRECT] [Fatal Error] :1:1: Premature end of file.
2026-09-17 21:06:03,157 [ERROR] LogOutputStream:75 - [STDERR_REDIRECT] 
2026-09-17 21:06:04,153 [ERROR] LogOutputStream:75 - [STDERR_REDIRECT] [Fatal Error] :1:1: Premature end of file.
2026-09-17 21:06:04,153 [ERROR] LogOutputStream:75 - [STDERR_REDIRECT] 
2026-09-17 21:06:05,157 [ERROR] LogOutputStream:75 - [STDERR_REDIRECT] [Fatal Error] :1:1: Premature end of file.
2026-09-17 21:06:05,158 [ERROR] LogOutputStream:75 - [STDERR_REDIRECT] 
2026-09-17 21:06:06,158 [ERROR] LogOutputStream:75 - [STDERR_REDIRECT] [Fatal Error] :1:1: Premature end of file.
2026-09-17 21:06:06,158 [ERROR] LogOutputStream:75 - [STDERR_REDIRECT] 
2026-09-17 21:06:07,158 [ERROR] LogOutputStream:75 - [STDERR_REDIRECT] [Fatal Error] :1:1: Premature end of file.
2026-09-17 21:06:07,158 [ERROR] LogOutputStream:75 - [STDERR_REDIRECT] 
2026-09-17 21:06:08,163 [ERROR] LogOutputStream:75 - [STDERR_REDIRECT] [Fatal Error] :1:1: Premature end of file.
2026-09-17 21:06:08,164 [ERROR] LogOutputStream:75 - [STDERR_REDIRECT] 
2026-09-17 21:06:09,159 [ERROR] LogOutputStream:75 - [STDERR_REDIRECT] [Fatal Error] :1:1: Premature end of file.
2026-09-17 21:06:09,159 [ERROR] LogOutputStream:75 - [STDERR_REDIRECT] 
2026-09-17 21:06:10,158 [ERROR] LogOutputStream:75 - [STDERR_REDIRECT] [Fatal Error] :1:1: Premature end of file.
2026-09-17 21:06:10,158 [ERROR] LogOutputStream:75 - [STDERR_REDIRECT] 
2026-09-17 21:06:11,156 [ERROR] LogOutputStream:75 - [STDERR_REDIRECT] [Fatal Error] :1:1: Premature end of file.
2026-09-17 21:06:11,157 [ERROR] LogOutputStream:75 - [STDERR_REDIRECT] 
2026-09-17 21:06:12,155 [ERROR] LogOutputStream:75 - [STDERR_REDIRECT] [Fatal Error] :1:1: Premature end of file.
2026-09-17 21:06:12,202 [ERROR] LogOutputStream:75 - [STDERR_REDIRECT] 
2026-09-17 21:06:13,157 [ERROR] LogOutputStream:75 - [STDERR_REDIRECT] [Fatal Error] :1:1: Premature end of file.
2026-09-17 21:06:13,157 [ERROR] LogOutputStream:75 - [STDERR_REDIRECT] 
2026-09-17 21:06:14,161 [ERROR] LogOutputStream:75 - [STDERR_REDIRECT] [Fatal Error] :1:1: Premature end of file.
2026-09-17 21:06:14,161 [ERROR] LogOutputStream:75 - [STDERR_REDIRECT] 
2026-09-17 21:06:15,166 [ERROR] LogOutputStream:75 - [STDERR_REDIRECT] [Fatal Error] :1:1: Premature end of file.
2026-09-17 21:06:15,166 [ERROR] LogOutputStream:75 - [STDERR_REDIRECT] 
2026-09-17 21:06:16,159 [ERROR] LogOutputStream:75 - [STDERR_REDIRECT] [Fatal Error] :1:1: Premature end of file.
2026-09-17 21:06:16,160 [ERROR] LogOutputStream:75 - [STDERR_REDIRECT] 
2026-09-17 21:06:17,158 [ERROR] LogOutputStream:75 - [STDERR_REDIRECT] [Fatal Error] :1:1: Premature end of file.
2026-09-17 21:06:17,158 [ERROR] LogOutputStream:75 - [STDERR_REDIRECT] 
2026-09-17 21:06:18,165 [ERROR] LogOutputStream:75 - [STDERR_REDIRECT] [Fatal Error] :1:1: Premature end of file.
2026-09-17 21:06:18,165 [ERROR] LogOutputStream:75 - [STDERR_REDIRECT] 
2026-09-17 21:06:19,160 [ERROR] LogOutputStream:75 - [STDERR_REDIRECT] [Fatal Error] :1:1: Premature end of file.
2026-09-17 21:06:19,160 [ERROR] LogOutputStream:75 - [STDERR_REDIRECT] 
2026-09-17 21:06:20,154 [ERROR] LogOutputStream:75 - [STDERR_REDIRECT] [Fatal Error] :1:1: Premature end of file.
2026-09-17 21:06:20,155 [ERROR] LogOutputStream:75 - [STDERR_REDIRECT] 
2026-09-17 21:06:21,153 [ERROR] LogOutputStream:75 - [STDERR_REDIRECT] [Fatal Error] :1:1: Premature end of file.
2026-09-17 21:06:21,153 [ERROR] LogOutputStream:75 - [STDERR_REDIRECT] 
2026-09-17 21:06:22,152 [ERROR] LogOutputStream:75 - [STDERR_REDIRECT] [Fatal Error] :1:1: Premature end of file.
2026-09-17 21:06:22,152 [ERROR] LogOutputStream:75 - [STDERR_REDIRECT] 
2026-09-17 21:06:23,149 [ERROR] LogOutputStream:75 - [STDERR_REDIRECT] [Fatal Error] :1:1: Premature end of file.
2026-09-17 21:06:23,149 [ERROR] LogOutputStream:75 - [STDERR_REDIRECT] 
2026-09-17 21:06:24,162 [ERROR] LogOutputStream:75 - [STDERR_REDIRECT] [Fatal Error] :1:1: Premature end of file.
2026-09-17 21:06:24,162 [ERROR] LogOutputStream:75 - [STDERR_REDIRECT] 
2026-09-17 21:06:25,157 [ERROR] LogOutputStream:75 - [STDERR_REDIRECT] [Fatal Error] :1:1: Premature end of file.
2026-09-17 21:06:25,158 [ERROR] LogOutputStream:75 - [STDERR_REDIRECT] 
2026-09-17 21:06:26,162 [ERROR] LogOutputStream:75 - [STDERR_REDIRECT] [Fatal Error] :1:1: Premature end of file.
2026-09-17 21:06:26,163 [ERROR] LogOutputStream:75 - [STDERR_REDIRECT] 
2026-09-17 21:06:27,163 [ERROR] LogOutputStream:75 - [STDERR_REDIRECT] [Fatal Error] :1:1: Premature end of file.
2026-09-17 21:06:27,190 [ERROR] LogOutputStream:75 - [STDERR_REDIRECT] 
2026-09-17 21:06:28,159 [ERROR] LogOutputStream:75 - [STDERR_REDIRECT] [Fatal Error] :1:1: Premature end of file.
2026-09-17 21:06:28,159 [ERROR] LogOutputStream:75 - [STDERR_REDIRECT] 
2026-09-17 21:06:29,161 [ERROR] LogOutputStream:75 - [STDERR_REDIRECT] [Fatal Error] :1:1: Premature end of file.
2026-09-17 21:06:29,161 [ERROR] LogOutputStream:75 - [STDERR_REDIRECT] 
2026-09-17 21:06:30,149 [ERROR] LogOutputStream:75 - [STDERR_REDIRECT] [Fatal Error] :1:1: Premature end of file.
2026-09-17 21:06:30,149 [ERROR] LogOutputStream:75 - [STDERR_REDIRECT] 
2026-09-17 21:06:31,158 [ERROR] LogOutputStream:75 - [STDERR_REDIRECT] [Fatal Error] :1:1: Premature end of file.
2026-09-17 21:06:31,158 [ERROR] LogOutputStream:75 - [STDERR_REDIRECT] 
2026-09-17 21:06:32,160 [ERROR] LogOutputStream:75 - [STDERR_REDIRECT] [Fatal Error] :1:1: Premature end of file.
2026-09-17 21:06:32,160 [ERROR] LogOutputStream:75 - [STDERR_REDIRECT] 
2026-09-17 21:06:33,161 [ERROR] LogOutputStream:75 - [STDERR_REDIRECT] [Fatal Error] :1:1: Premature end of file.
2026-09-17 21:06:33,161 [ERROR] LogOutputStream:75 - [STDERR_REDIRECT] 
2026-09-17 21:06:34,151 [ERROR] LogOutputStream:75 - [STDERR_REDIRECT] [Fatal Error] :1:1: Premature end of file.
2026-09-17 21:06:34,151 [ERROR] LogOutputStream:75 - [STDERR_REDIRECT] 
2026-09-17 21:06:35,148 [ERROR] LogOutputStream:75 - [STDERR_REDIRECT] [Fatal Error] :1:1: Premature end of file.
2026-09-17 21:06:35,148 [ERROR] LogOutputStream:75 - [STDERR_REDIRECT] 
2026-09-17 21:06:36,160 [ERROR] LogOutputStream:75 - [STDERR_REDIRECT] [Fatal Error] :1:1: Premature end of file.
2026-09-17 21:06:36,160 [ERROR] LogOutputStream:75 - [STDERR_REDIRECT] 
2026-09-17 21:06:37,144 [ERROR] LogOutputStream:75 - [STDERR_REDIRECT] [Fatal Error] :1:1: Premature end of file.
2026-09-17 21:06:37,144 [ERROR] LogOutputStream:75 - [STDERR_REDIRECT] 
2026-09-17 21:06:38,160 [ERROR] LogOutputStream:75 - [STDERR_REDIRECT] [Fatal Error] :1:1: Premature end of file.
2026-09-17 21:06:38,160 [ERROR] LogOutputStream:75 - [STDERR_REDIRECT] 
2026-09-17 21:06:39,144 [ERROR] LogOutputStream:75 - [STDERR_REDIRECT] [Fatal Error] :1:1: Premature end of file.
2026-09-17 21:06:39,144 [ERROR] LogOutputStream:75 - [STDERR_REDIRECT] 
2026-09-17 21:06:40,144 [ERROR] LogOutputStream:75 - [STDERR_REDIRECT] [Fatal Error] :1:1: Premature end of file.
2026-09-17 21:06:40,144 [ERROR] LogOutputStream:75 - [STDERR_REDIRECT] 
2026-09-17 21:06:41,166 [ERROR] LogOutputStream:75 - [STDERR_REDIRECT] [Fatal Error] :1:1: Premature end of file.
2026-09-17 21:06:41,166 [ERROR] LogOutputStream:75 - [STDERR_REDIRECT] 
2026-09-17 21:06:42,158 [ERROR] LogOutputStream:75 - [STDERR_REDIRECT] [Fatal Error] :1:1: Premature end of file.
2026-09-17 21:06:42,203 [ERROR] LogOutputStream:75 - [STDERR_REDIRECT] 
2026-09-17 21:06:43,160 [ERROR] LogOutputStream:75 - [STDERR_REDIRECT] [Fatal Error] :1:1: Premature end of file.
2026-09-17 21:06:43,160 [ERROR] LogOutputStream:75 - [STDERR_REDIRECT] 
2026-09-17 21:06:44,151 [ERROR] LogOutputStream:75 - [STDERR_REDIRECT] [Fatal Error] :1:1: Premature end of file.
2026-09-17 21:06:44,151 [ERROR] LogOutputStream:75 - [STDERR_REDIRECT] 
2026-09-17 21:06:45,163 [ERROR] LogOutputStream:75 - [STDERR_REDIRECT] [Fatal Error] :1:1: Premature end of file.
2026-09-17 21:06:45,163 [ERROR] LogOutputStream:75 - [STDERR_REDIRECT] 
2026-09-17 21:06:46,159 [ERROR] LogOutputStream:75 - [STDERR_REDIRECT] [Fatal Error] :1:1: Premature end of file.
2026-09-17 21:06:46,159 [ERROR] LogOutputStream:75 - [STDERR_REDIRECT] 
2026-09-17 21:06:47,157 [ERROR] LogOutputStream:75 - [STDERR_REDIRECT] [Fatal Error] :1:1: Premature end of file.
2026-09-17 21:06:47,157 [ERROR] LogOutputStream:75 - [STDERR_REDIRECT] 
2026-09-17 21:06:48,162 [ERROR] LogOutputStream:75 - [STDERR_REDIRECT] [Fatal Error] :1:1: Premature end of file.
2026-09-17 21:06:48,162 [ERROR] LogOutputStream:75 - [STDERR_REDIRECT] 
2026-09-17 21:06:49,155 [ERROR] LogOutputStream:75 - [STDERR_REDIRECT] [Fatal Error] :1:1: Premature end of file.
2026-09-17 21:06:49,155 [ERROR] LogOutputStream:75 - [STDERR_REDIRECT] 
2026-09-17 21:06:50,157 [ERROR] LogOutputStream:75 - [STDERR_REDIRECT] [Fatal Error] :1:1: Premature end of file.
2026-09-17 21:06:50,157 [ERROR] LogOutputStream:75 - [STDERR_REDIRECT] 
2026-09-17 21:06:51,156 [ERROR] LogOutputStream:75 - [STDERR_REDIRECT] [Fatal Error] :1:1: Premature end of file.
2026-09-17 21:06:51,156 [ERROR] LogOutputStream:75 - [STDERR_REDIRECT] 
2026-09-17 21:06:52,175 [ERROR] LogOutputStream:75 - [STDERR_REDIRECT] [Fatal Error] :1:1: Premature end of file.
2026-09-17 21:06:52,175 [ERROR] LogOutputStream:75 - [STDERR_REDIRECT] 
2026-09-17 21:06:53,158 [ERROR] LogOutputStream:75 - [STDERR_REDIRECT] [Fatal Error] :1:1: Premature end of file.
2026-09-17 21:06:53,158 [ERROR] LogOutputStream:75 - [STDERR_REDIRECT] 
2026-09-17 21:06:54,158 [ERROR] LogOutputStream:75 - [STDERR_REDIRECT] [Fatal Error] :1:1: Premature end of file.
2026-09-17 21:06:54,158 [ERROR] LogOutputStream:75 - [STDERR_REDIRECT] 
2026-09-17 21:06:55,163 [ERROR] LogOutputStream:75 - [STDERR_REDIRECT] [Fatal Error] :1:1: Premature end of file.
2026-09-17 21:06:55,163 [ERROR] LogOutputStream:75 - [STDERR_REDIRECT] 
2026-09-17 21:06:56,161 [ERROR] LogOutputStream:75 - [STDERR_REDIRECT] [Fatal Error] :1:1: Premature end of file.
2026-09-17 21:06:56,161 [ERROR] LogOutputStream:75 - [STDERR_REDIRECT] 
2026-09-17 21:06:57,166 [ERROR] LogOutputStream:75 - [STDERR_REDIRECT] [Fatal Error] :1:1: Premature end of file.
2026-09-17 21:06:57,182 [ERROR] LogOutputStream:75 - [STDERR_REDIRECT] 
2026-09-17 21:06:58,172 [ERROR] LogOutputStream:75 - [STDERR_REDIRECT] [Fatal Error] :1:1: Premature end of file.
2026-09-17 21:06:58,172 [ERROR] LogOutputStream:75 - [STDERR_REDIRECT] 
2026-09-17 21:06:59,174 [ERROR] LogOutputStream:75 - [STDERR_REDIRECT] [Fatal Error] :1:1: Premature end of file.
2026-09-17 21:06:59,174 [ERROR] LogOutputStream:75 - [STDERR_REDIRECT] 
2026-09-17 21:07:00,166 [ERROR] LogOutputStream:75 - [STDERR_REDIRECT] [Fatal Error] :1:1: Premature end of file.
2026-09-17 21:07:00,166 [ERROR] LogOutputStream:75 - [STDERR_REDIRECT] 
2026-09-17 21:07:01,169 [ERROR] LogOutputStream:75 - [STDERR_REDIRECT] [Fatal Error] :1:1: Premature end of file.
2026-09-17 21:07:01,169 [ERROR] LogOutputStream:75 - [STDERR_REDIRECT] 
2026-09-17 21:07:02,154 [ERROR] LogOutputStream:75 - [STDERR_REDIRECT] [Fatal Error] :1:1: Premature end of file.
2026-09-17 21:07:02,154 [ERROR] LogOutputStream:75 - [STDERR_REDIRECT] 
2026-09-17 21:07:03,169 [ERROR] LogOutputStream:75 - [STDERR_REDIRECT] [Fatal Error] :1:1: Premature end of file.
2026-09-17 21:07:03,171 [ERROR] LogOutputStream:75 - [STDERR_REDIRECT] 
2026-09-17 21:07:04,162 [ERROR] LogOutputStream:75 - [STDERR_REDIRECT] [Fatal Error] :1:1: Premature end of file.
2026-09-17 21:07:04,162 [ERROR] LogOutputStream:75 - [STDERR_REDIRECT] 
2026-09-17 21:07:05,167 [ERROR] LogOutputStream:75 - [STDERR_REDIRECT] [Fatal Error] :1:1: Premature end of file.
2026-09-17 21:07:05,167 [ERROR] LogOutputStream:75 - [STDERR_REDIRECT] 
2026-09-17 21:07:06,176 [ERROR] LogOutputStream:75 - [STDERR_REDIRECT] [Fatal Error] :1:1: Premature end of file.
2026-09-17 21:07:06,176 [ERROR] LogOutputStream:75 - [STDERR_REDIRECT] 
2026-09-17 21:07:07,177 [ERROR] LogOutputStream:75 - [STDERR_REDIRECT] [Fatal Error] :1:1: Premature end of file.
2026-09-17 21:07:07,177 [ERROR] LogOutputStream:75 - [STDERR_REDIRECT] 
2026-09-17 21:07:08,164 [ERROR] LogOutputStream:75 - [STDERR_REDIRECT] [Fatal Error] :1:1: Premature end of file.
2026-09-17 21:07:08,164 [ERROR] LogOutputStream:75 - [STDERR_REDIRECT] 
2026-09-17 21:07:09,155 [ERROR] LogOutputStream:75 - [STDERR_REDIRECT] [Fatal Error] :1:1: Premature end of file.
2026-09-17 21:07:09,164 [ERROR] LogOutputStream:75 - [STDERR_REDIRECT] 
2026-09-17 21:07:10,189 [ERROR] LogOutputStream:75 - [STDERR_REDIRECT] [Fatal Error] :1:1: Premature end of file.
2026-09-17 21:07:10,189 [ERROR] LogOutputStream:75 - [STDERR_REDIRECT] 
2026-09-17 21:07:11,168 [ERROR] LogOutputStream:75 - [STDERR_REDIRECT] [Fatal Error] :1:1: Premature end of file.
2026-09-17 21:07:11,168 [ERROR] LogOutputStream:75 - [STDERR_REDIRECT] 
2026-09-17 21:07:12,179 [ERROR] LogOutputStream:75 - [STDERR_REDIRECT] [Fatal Error] :1:1: Premature end of file.
2026-09-17 21:07:12,197 [ERROR] LogOutputStream:75 - [STDERR_REDIRECT] 
2026-09-17 21:07:13,166 [ERROR] LogOutputStream:75 - [STDERR_REDIRECT] [Fatal Error] :1:1: Premature end of file.
2026-09-17 21:07:13,167 [ERROR] LogOutputStream:75 - [STDERR_REDIRECT] 
2026-09-17 21:07:14,168 [ERROR] LogOutputStream:75 - [STDERR_REDIRECT] [Fatal Error] :1:1: Premature end of file.
2026-09-17 21:07:14,168 [ERROR] LogOutputStream:75 - [STDERR_REDIRECT] 
2026-09-17 21:07:15,160 [ERROR] LogOutputStream:75 - [STDERR_REDIRECT] [Fatal Error] :1:1: Premature end of file.
2026-09-17 21:07:15,160 [ERROR] LogOutputStream:75 - [STDERR_REDIRECT] 
2026-09-17 21:07:16,166 [ERROR] LogOutputStream:75 - [STDERR_REDIRECT] [Fatal Error] :1:1: Premature end of file.
2026-09-17 21:07:16,166 [ERROR] LogOutputStream:75 - [STDERR_REDIRECT] 
2026-09-17 21:07:17,152 [ERROR] LogOutputStream:75 - [STDERR_REDIRECT] [Fatal Error] :1:1: Premature end of file.
2026-09-17 21:07:17,152 [ERROR] LogOutputStream:75 - [STDERR_REDIRECT] 
2026-09-17 21:07:18,166 [ERROR] LogOutputStream:75 - [STDERR_REDIRECT] [Fatal Error] :1:1: Premature end of file.
2026-09-17 21:07:18,166 [ERROR] LogOutputStream:75 - [STDERR_REDIRECT] 
2026-09-17 21:07:19,167 [ERROR] LogOutputStream:75 - [STDERR_REDIRECT] [Fatal Error] :1:1: Premature end of file.
2026-09-17 21:07:19,167 [ERROR] LogOutputStream:75 - [STDERR_REDIRECT] 
2026-09-17 21:07:20,173 [ERROR] LogOutputStream:75 - [STDERR_REDIRECT] [Fatal Error] :1:1: Premature end of file.
2026-09-17 21:07:20,173 [ERROR] LogOutputStream:75 - [STDERR_REDIRECT] 
2026-09-17 21:07:21,178 [ERROR] LogOutputStream:75 - [STDERR_REDIRECT] [Fatal Error] :1:1: Premature end of file.
2026-09-17 21:07:21,178 [ERROR] LogOutputStream:75 - [STDERR_REDIRECT] 
2026-09-17 21:07:22,167 [ERROR] LogOutputStream:75 - [STDERR_REDIRECT] [Fatal Error] :1:1: Premature end of file.
2026-09-17 21:07:22,167 [ERROR] LogOutputStream:75 - [STDERR_REDIRECT] 
2026-09-17 21:07:23,173 [ERROR] LogOutputStream:75 - [STDERR_REDIRECT] [Fatal Error] :1:1: Premature end of file.
2026-09-17 21:07:23,173 [ERROR] LogOutputStream:75 - [STDERR_REDIRECT] 
2026-09-17 21:07:24,167 [ERROR] LogOutputStream:75 - [STDERR_REDIRECT] [Fatal Error] :1:1: Premature end of file.
2026-09-17 21:07:24,167 [ERROR] LogOutputStream:75 - [STDERR_REDIRECT] 
2026-09-17 21:07:25,167 [ERROR] LogOutputStream:75 - [STDERR_REDIRECT] [Fatal Error] :1:1: Premature end of file.
2026-09-17 21:07:25,167 [ERROR] LogOutputStream:75 - [STDERR_REDIRECT] 
2026-09-17 21:07:26,190 [ERROR] LogOutputStream:75 - [STDERR_REDIRECT] [Fatal Error] :1:1: Premature end of file.
2026-09-17 21:07:26,190 [ERROR] LogOutputStream:75 - [STDERR_REDIRECT] 
2026-09-17 21:07:27,166 [ERROR] LogOutputStream:75 - [STDERR_REDIRECT] [Fatal Error] :1:1: Premature end of file.
2026-09-17 21:07:27,175 [ERROR] LogOutputStream:75 - [STDERR_REDIRECT] 
2026-09-17 21:07:28,166 [ERROR] LogOutputStream:75 - [STDERR_REDIRECT] [Fatal Error] :1:1: Premature end of file.
2026-09-17 21:07:28,166 [ERROR] LogOutputStream:75 - [STDERR_REDIRECT] 
2026-09-17 21:07:29,159 [ERROR] LogOutputStream:75 - [STDERR_REDIRECT] [Fatal Error] :1:1: Premature end of file.
2026-09-17 21:07:29,159 [ERROR] LogOutputStream:75 - [STDERR_REDIRECT] 
2026-09-17 21:07:30,166 [ERROR] LogOutputStream:75 - [STDERR_REDIRECT] [Fatal Error] :1:1: Premature end of file.
2026-09-17 21:07:30,166 [ERROR] LogOutputStream:75 - [STDERR_REDIRECT] 
2026-09-17 21:07:31,180 [ERROR] LogOutputStream:75 - [STDERR_REDIRECT] [Fatal Error] :1:1: Premature end of file.
2026-09-17 21:07:31,180 [ERROR] LogOutputStream:75 - [STDERR_REDIRECT] 
2026-09-17 21:07:32,158 [ERROR] LogOutputStream:75 - [STDERR_REDIRECT] [Fatal Error] :1:1: Premature end of file.
2026-09-17 21:07:32,158 [ERROR] LogOutputStream:75 - [STDERR_REDIRECT] 
2026-09-17 21:07:33,166 [ERROR] LogOutputStream:75 - [STDERR_REDIRECT] [Fatal Error] :1:1: Premature end of file.
2026-09-17 21:07:33,166 [ERROR] LogOutputStream:75 - [STDERR_REDIRECT] 
2026-09-17 21:07:34,154 [ERROR] LogOutputStream:75 - [STDERR_REDIRECT] [Fatal Error] :1:1: Premature end of file.
2026-09-17 21:07:34,154 [ERROR] LogOutputStream:75 - [STDERR_REDIRECT] 
2026-09-17 21:07:35,166 [ERROR] LogOutputStream:75 - [STDERR_REDIRECT] [Fatal Error] :1:1: Premature end of file.
2026-09-17 21:07:35,166 [ERROR] LogOutputStream:75 - [STDERR_REDIRECT] 
2026-09-17 21:07:36,155 [ERROR] LogOutputStream:75 - [STDERR_REDIRECT] [Fatal Error] :1:1: Premature end of file.
2026-09-17 21:07:36,155 [ERROR] LogOutputStream:75 - [STDERR_REDIRECT] 
2026-09-17 21:07:37,175 [ERROR] LogOutputStream:75 - [STDERR_REDIRECT] [Fatal Error] :1:1: Premature end of file.
2026-09-17 21:07:37,175 [ERROR] LogOutputStream:75 - [STDERR_REDIRECT] 
2026-09-17 21:07:38,161 [ERROR] LogOutputStream:75 - [STDERR_REDIRECT] [Fatal Error] :1:1: Premature end of file.
2026-09-17 21:07:38,161 [ERROR] LogOutputStream:75 - [STDERR_REDIRECT] 
2026-09-17 21:07:39,171 [ERROR] LogOutputStream:75 - [STDERR_REDIRECT] [Fatal Error] :1:1: Premature end of file.
2026-09-17 21:07:39,171 [ERROR] LogOutputStream:75 - [STDERR_REDIRECT] 
2026-09-17 21:07:40,153 [ERROR] LogOutputStream:75 - [STDERR_REDIRECT] [Fatal Error] :1:1: Premature end of file.
2026-09-17 21:07:40,153 [ERROR] LogOutputStream:75 - [STDERR_REDIRECT] 
2026-09-17 21:07:41,168 [ERROR] LogOutputStream:75 - [STDERR_REDIRECT] [Fatal Error] :1:1: Premature end of file.
2026-09-17 21:07:41,171 [ERROR] LogOutputStream:75 - [STDERR_REDIRECT] 
2026-09-17 21:07:42,168 [ERROR] LogOutputStream:75 - [STDERR_REDIRECT] [Fatal Error] :1:1: Premature end of file.
2026-09-17 21:07:42,174 [ERROR] LogOutputStream:75 - [STDERR_REDIRECT] 
2026-09-17 21:07:43,171 [ERROR] LogOutputStream:75 - [STDERR_REDIRECT] [Fatal Error] :1:1: Premature end of file.
2026-09-17 21:07:43,171 [ERROR] LogOutputStream:75 - [STDERR_REDIRECT] 
2026-09-17 21:07:44,152 [ERROR] LogOutputStream:75 - [STDERR_REDIRECT] [Fatal Error] :1:1: Premature end of file.
2026-09-17 21:07:44,152 [ERROR] LogOutputStream:75 - [STDERR_REDIRECT] 
2026-09-17 21:07:45,166 [ERROR] LogOutputStream:75 - [STDERR_REDIRECT] [Fatal Error] :1:1: Premature end of file.
2026-09-17 21:07:45,166 [ERROR] LogOutputStream:75 - [STDERR_REDIRECT] 
2026-09-17 21:07:46,155 [ERROR] LogOutputStream:75 - [STDERR_REDIRECT] [Fatal Error] :1:1: Premature end of file.
2026-09-17 21:07:46,155 [ERROR] LogOutputStream:75 - [STDERR_REDIRECT] 
2026-09-17 21:07:47,169 [ERROR] LogOutputStream:75 - [STDERR_REDIRECT] [Fatal Error] :1:1: Premature end of file.
2026-09-17 21:07:47,169 [ERROR] LogOutputStream:75 - [STDERR_REDIRECT] 
2026-09-17 21:07:48,166 [ERROR] LogOutputStream:75 - [STDERR_REDIRECT] [Fatal Error] :1:1: Premature end of file.
2026-09-17 21:07:48,166 [ERROR] LogOutputStream:75 - [STDERR_REDIRECT] 
2026-09-17 21:07:49,163 [ERROR] LogOutputStream:75 - [STDERR_REDIRECT] [Fatal Error] :1:1: Premature end of file.
2026-09-17 21:07:49,163 [ERROR] LogOutputStream:75 - [STDERR_REDIRECT] 
2026-09-17 21:07:50,152 [ERROR] LogOutputStream:75 - [STDERR_REDIRECT] [Fatal Error] :1:1: Premature end of file.
2026-09-17 21:07:50,152 [ERROR] LogOutputStream:75 - [STDERR_REDIRECT] 
2026-09-17 21:07:51,162 [ERROR] LogOutputStream:75 - [STDERR_REDIRECT] [Fatal Error] :1:1: Premature end of file.
2026-09-17 21:07:51,162 [ERROR] LogOutputStream:75 - [STDERR_REDIRECT] 
2026-09-17 21:07:52,158 [ERROR] LogOutputStream:75 - [STDERR_REDIRECT] [Fatal Error] :1:1: Premature end of file.
2026-09-17 21:07:52,158 [ERROR] LogOutputStream:75 - [STDERR_REDIRECT] 
2026-09-17 21:07:53,168 [ERROR] LogOutputStream:75 - [STDERR_REDIRECT] [Fatal Error] :1:1: Premature end of file.
2026-09-17 21:07:53,168 [ERROR] LogOutputStream:75 - [STDERR_REDIRECT] 
2026-09-17 21:07:54,154 [ERROR] LogOutputStream:75 - [STDERR_REDIRECT] [Fatal Error] :1:1: Premature end of file.
2026-09-17 21:07:54,154 [ERROR] LogOutputStream:75 - [STDERR_REDIRECT] 
2026-09-17 21:07:55,166 [ERROR] LogOutputStream:75 - [STDERR_REDIRECT] [Fatal Error] :1:1: Premature end of file.
2026-09-17 21:07:55,166 [ERROR] LogOutputStream:75 - [STDERR_REDIRECT] 
2026-09-17 21:07:56,174 [ERROR] LogOutputStream:75 - [STDERR_REDIRECT] [Fatal Error] :1:1: Premature end of file.
2026-09-17 21:07:56,174 [ERROR] LogOutputStream:75 - [STDERR_REDIRECT] 
2026-09-17 21:07:57,166 [ERROR] LogOutputStream:75 - [STDERR_REDIRECT] [Fatal Error] :1:1: Premature end of file.
2026-09-17 21:07:57,166 [ERROR] LogOutputStream:75 - [STDERR_REDIRECT] 
2026-09-17 21:07:58,174 [ERROR] LogOutputStream:75 - [STDERR_REDIRECT] [Fatal Error] :1:1: Premature end of file.
2026-09-17 21:07:58,174 [ERROR] LogOutputStream:75 - [STDERR_REDIRECT] 
2026-09-17 21:07:59,166 [ERROR] LogOutputStream:75 - [STDERR_REDIRECT] [Fatal Error] :1:1: Premature end of file.
2026-09-17 21:07:59,166 [ERROR] LogOutputStream:75 - [STDERR_REDIRECT] 
2026-09-17 21:08:00,170 [ERROR] LogOutputStream:75 - [STDERR_REDIRECT] [Fatal Error] :1:1: Premature end of file.
2026-09-17 21:08:00,170 [ERROR] LogOutputStream:75 - [STDERR_REDIRECT] 
2026-09-17 21:08:01,166 [ERROR] LogOutputStream:75 - [STDERR_REDIRECT] [Fatal Error] :1:1: Premature end of file.
2026-09-17 21:08:01,166 [ERROR] LogOutputStream:75 - [STDERR_REDIRECT] 
2026-09-17 21:08:02,182 [ERROR] LogOutputStream:75 - [STDERR_REDIRECT] [Fatal Error] :1:1: Premature end of file.
2026-09-17 21:08:02,184 [ERROR] LogOutputStream:75 - [STDERR_REDIRECT] 
2026-09-17 21:08:03,178 [ERROR] LogOutputStream:75 - [STDERR_REDIRECT] [Fatal Error] :1:1: Premature end of file.
2026-09-17 21:08:03,178 [ERROR] LogOutputStream:75 - [STDERR_REDIRECT] 
2026-09-17 21:08:04,163 [ERROR] LogOutputStream:75 - [STDERR_REDIRECT] [Fatal Error] :1:1: Premature end of file.
2026-09-17 21:08:04,164 [ERROR] LogOutputStream:75 - [STDERR_REDIRECT] 
2026-09-17 21:08:05,171 [ERROR] LogOutputStream:75 - [STDERR_REDIRECT] [Fatal Error] :1:1: Premature end of file.
2026-09-17 21:08:05,171 [ERROR] LogOutputStream:75 - [STDERR_REDIRECT] 
2026-09-17 21:08:06,168 [ERROR] LogOutputStream:75 - [STDERR_REDIRECT] [Fatal Error] :1:1: Premature end of file.
2026-09-17 21:08:06,168 [ERROR] LogOutputStream:75 - [STDERR_REDIRECT] 
2026-09-17 21:08:07,149 [ERROR] LogOutputStream:75 - [STDERR_REDIRECT] [Fatal Error] :1:1: Premature end of file.
2026-09-17 21:08:07,150 [ERROR] LogOutputStream:75 - [STDERR_REDIRECT] 
2026-09-17 21:08:08,160 [ERROR] LogOutputStream:75 - [STDERR_REDIRECT] [Fatal Error] :1:1: Premature end of file.
2026-09-17 21:08:08,160 [ERROR] LogOutputStream:75 - [STDERR_REDIRECT] 
2026-09-17 21:08:09,165 [ERROR] LogOutputStream:75 - [STDERR_REDIRECT] [Fatal Error] :1:1: Premature end of file.
2026-09-17 21:08:09,165 [ERROR] LogOutputStream:75 - [STDERR_REDIRECT] 
2026-09-17 21:08:10,154 [ERROR] LogOutputStream:75 - [STDERR_REDIRECT] [Fatal Error] :1:1: Premature end of file.
2026-09-17 21:08:10,154 [ERROR] LogOutputStream:75 - [STDERR_REDIRECT] 
2026-09-17 21:08:11,155 [ERROR] LogOutputStream:75 - [STDERR_REDIRECT] [Fatal Error] :1:1: Premature end of file.
2026-09-17 21:08:11,156 [ERROR] LogOutputStream:75 - [STDERR_REDIRECT] 
2026-09-17 21:08:12,168 [ERROR] LogOutputStream:75 - [STDERR_REDIRECT] [Fatal Error] :1:1: Premature end of file.
2026-09-17 21:08:12,172 [ERROR] LogOutputStream:75 - [STDERR_REDIRECT] 
2026-09-17 21:08:13,147 [ERROR] LogOutputStream:75 - [STDERR_REDIRECT] [Fatal Error] :1:1: Premature end of file.
2026-09-17 21:08:13,147 [ERROR] LogOutputStream:75 - [STDERR_REDIRECT] 
2026-09-17 21:08:14,155 [ERROR] LogOutputStream:75 - [STDERR_REDIRECT] [Fatal Error] :1:1: Premature end of file.
2026-09-17 21:08:14,155 [ERROR] LogOutputStream:75 - [STDERR_REDIRECT] 
2026-09-17 21:08:15,151 [ERROR] LogOutputStream:75 - [STDERR_REDIRECT] [Fatal Error] :1:1: Premature end of file.
2026-09-17 21:08:15,151 [ERROR] LogOutputStream:75 - [STDERR_REDIRECT] 
2026-09-17 21:08:16,166 [ERROR] LogOutputStream:75 - [STDERR_REDIRECT] [Fatal Error] :1:1: Premature end of file.
2026-09-17 21:08:16,166 [ERROR] LogOutputStream:75 - [STDERR_REDIRECT] 
2026-09-17 21:08:17,161 [ERROR] LogOutputStream:75 - [STDERR_REDIRECT] [Fatal Error] :1:1: Premature end of file.
2026-09-17 21:08:17,161 [ERROR] LogOutputStream:75 - [STDERR_REDIRECT] 
2026-09-17 21:08:18,154 [ERROR] LogOutputStream:75 - [STDERR_REDIRECT] [Fatal Error] :1:1: Premature end of file.
2026-09-17 21:08:18,154 [ERROR] LogOutputStream:75 - [STDERR_REDIRECT] 
2026-09-17 21:08:19,151 [ERROR] LogOutputStream:75 - [STDERR_REDIRECT] [Fatal Error] :1:1: Premature end of file.
2026-09-17 21:08:19,151 [ERROR] LogOutputStream:75 - [STDERR_REDIRECT] 
2026-09-17 21:08:20,156 [ERROR] LogOutputStream:75 - [STDERR_REDIRECT] [Fatal Error] :1:1: Premature end of file.
2026-09-17 21:08:20,157 [ERROR] LogOutputStream:75 - [STDERR_REDIRECT] 
2026-09-17 21:08:21,154 [ERROR] LogOutputStream:75 - [STDERR_REDIRECT] [Fatal Error] :1:1: Premature end of file.
2026-09-17 21:08:21,154 [ERROR] LogOutputStream:75 - [STDERR_REDIRECT] 
2026-09-17 21:08:22,156 [ERROR] LogOutputStream:75 - [STDERR_REDIRECT] [Fatal Error] :1:1: Premature end of file.
2026-09-17 21:08:22,156 [ERROR] LogOutputStream:75 - [STDERR_REDIRECT] 
2026-09-17 21:08:23,161 [ERROR] LogOutputStream:75 - [STDERR_REDIRECT] [Fatal Error] :1:1: Premature end of file.
2026-09-17 21:08:23,162 [ERROR] LogOutputStream:75 - [STDERR_REDIRECT] 
2026-09-17 21:08:24,155 [ERROR] LogOutputStream:75 - [STDERR_REDIRECT] [Fatal Error] :1:1: Premature end of file.
2026-09-17 21:08:24,155 [ERROR] LogOutputStream:75 - [STDERR_REDIRECT] 
2026-09-17 21:08:25,152 [ERROR] LogOutputStream:75 - [STDERR_REDIRECT] [Fatal Error] :1:1: Premature end of file.
2026-09-17 21:08:25,152 [ERROR] LogOutputStream:75 - [STDERR_REDIRECT] 
2026-09-17 21:08:26,153 [ERROR] LogOutputStream:75 - [STDERR_REDIRECT] [Fatal Error] :1:1: Premature end of file.
2026-09-17 21:08:26,153 [ERROR] LogOutputStream:75 - [STDERR_REDIRECT] 
2026-09-17 21:08:27,171 [ERROR] LogOutputStream:75 - [STDERR_REDIRECT] [Fatal Error] :1:1: Premature end of file.
2026-09-17 21:08:27,171 [ERROR] LogOutputStream:75 - [STDERR_REDIRECT] 
2026-09-17 21:08:28,169 [ERROR] LogOutputStream:75 - [STDERR_REDIRECT] [Fatal Error] :1:1: Premature end of file.
2026-09-17 21:08:28,177 [ERROR] LogOutputStream:75 - [STDERR_REDIRECT] 
2026-09-17 21:08:29,174 [ERROR] LogOutputStream:75 - [STDERR_REDIRECT] [Fatal Error] :1:1: Premature end of file.
2026-09-17 21:08:29,174 [ERROR] LogOutputStream:75 - [STDERR_REDIRECT] 
2026-09-17 21:08:30,169 [ERROR] LogOutputStream:75 - [STDERR_REDIRECT] [Fatal Error] :1:1: Premature end of file.
2026-09-17 21:08:30,169 [ERROR] LogOutputStream:75 - [STDERR_REDIRECT] 
2026-09-17 21:08:31,184 [ERROR] LogOutputStream:75 - [STDERR_REDIRECT] [Fatal Error] :1:1: Premature end of file.
2026-09-17 21:08:31,184 [ERROR] LogOutputStream:75 - [STDERR_REDIRECT] 
2026-09-17 21:08:32,166 [ERROR] LogOutputStream:75 - [STDERR_REDIRECT] [Fatal Error] :1:1: Premature end of file.
2026-09-17 21:08:32,166 [ERROR] LogOutputStream:75 - [STDERR_REDIRECT] 
2026-09-17 21:08:33,161 [ERROR] LogOutputStream:75 - [STDERR_REDIRECT] [Fatal Error] :1:1: Premature end of file.
2026-09-17 21:08:33,161 [ERROR] LogOutputStream:75 - [STDERR_REDIRECT] 
2026-09-17 21:08:34,156 [ERROR] LogOutputStream:75 - [STDERR_REDIRECT] [Fatal Error] :1:1: Premature end of file.
2026-09-17 21:08:34,156 [ERROR] LogOutputStream:75 - [STDERR_REDIRECT] 
2026-09-17 21:08:35,160 [ERROR] LogOutputStream:75 - [STDERR_REDIRECT] [Fatal Error] :1:1: Premature end of file.
2026-09-17 21:08:35,160 [ERROR] LogOutputStream:75 - [STDERR_REDIRECT] 
2026-09-17 21:08:36,164 [ERROR] LogOutputStream:75 - [STDERR_REDIRECT] [Fatal Error] :1:1: Premature end of file.
2026-09-17 21:08:36,164 [ERROR] LogOutputStream:75 - [STDERR_REDIRECT] 
2026-09-17 21:08:37,147 [ERROR] LogOutputStream:75 - [STDERR_REDIRECT] [Fatal Error] :1:1: Premature end of file.
2026-09-17 21:08:37,147 [ERROR] LogOutputStream:75 - [STDERR_REDIRECT] 
2026-09-17 21:08:38,161 [ERROR] LogOutputStream:75 - [STDERR_REDIRECT] [Fatal Error] :1:1: Premature end of file.
2026-09-17 21:08:38,161 [ERROR] LogOutputStream:75 - [STDERR_REDIRECT] 
2026-09-17 21:08:39,152 [ERROR] LogOutputStream:75 - [STDERR_REDIRECT] [Fatal Error] :1:1: Premature end of file.
2026-09-17 21:08:39,153 [ERROR] LogOutputStream:75 - [STDERR_REDIRECT] 
2026-09-17 21:08:40,161 [ERROR] LogOutputStream:75 - [STDERR_REDIRECT] [Fatal Error] :1:1: Premature end of file.
2026-09-17 21:08:40,162 [ERROR] LogOutputStream:75 - [STDERR_REDIRECT] 
2026-09-17 21:08:41,160 [ERROR] LogOutputStream:75 - [STDERR_REDIRECT] [Fatal Error] :1:1: Premature end of file.
2026-09-17 21:08:41,160 [ERROR] LogOutputStream:75 - [STDERR_REDIRECT] 
2026-09-17 21:08:42,172 [ERROR] LogOutputStream:75 - [STDERR_REDIRECT] [Fatal Error] :1:1: Premature end of file.
2026-09-17 21:08:42,172 [ERROR] LogOutputStream:75 - [STDERR_REDIRECT] 
2026-09-17 21:08:43,173 [ERROR] LogOutputStream:75 - [STDERR_REDIRECT] [Fatal Error] :1:1: Premature end of file.
2026-09-17 21:08:43,173 [ERROR] LogOutputStream:75 - [STDERR_REDIRECT] 
2026-09-17 21:08:44,173 [ERROR] LogOutputStream:75 - [STDERR_REDIRECT] [Fatal Error] :1:1: Premature end of file.
2026-09-17 21:08:44,173 [ERROR] LogOutputStream:75 - [STDERR_REDIRECT] 
2026-09-17 21:08:45,184 [ERROR] LogOutputStream:75 - [STDERR_REDIRECT] [Fatal Error] :1:1: Premature end of file.
2026-09-17 21:08:45,184 [ERROR] LogOutputStream:75 - [STDERR_REDIRECT] 
2026-09-17 21:08:46,166 [ERROR] LogOutputStream:75 - [STDERR_REDIRECT] [Fatal Error] :1:1: Premature end of file.
2026-09-17 21:08:46,166 [ERROR] LogOutputStream:75 - [STDERR_REDIRECT] 
2026-09-17 21:08:47,187 [ERROR] LogOutputStream:75 - [STDERR_REDIRECT] [Fatal Error] :1:1: Premature end of file.
2026-09-17 21:08:47,189 [ERROR] LogOutputStream:75 - [STDERR_REDIRECT] 
2026-09-17 21:08:48,164 [ERROR] LogOutputStream:75 - [STDERR_REDIRECT] [Fatal Error] :1:1: Premature end of file.
2026-09-17 21:08:48,164 [ERROR] LogOutputStream:75 - [STDERR_REDIRECT] 
2026-09-17 21:08:49,149 [ERROR] LogOutputStream:75 - [STDERR_REDIRECT] [Fatal Error] :1:1: Premature end of file.
2026-09-17 21:08:49,149 [ERROR] LogOutputStream:75 - [STDERR_REDIRECT] 
2026-09-17 21:08:50,164 [ERROR] LogOutputStream:75 - [STDERR_REDIRECT] [Fatal Error] :1:1: Premature end of file.
2026-09-17 21:08:50,164 [ERROR] LogOutputStream:75 - [STDERR_REDIRECT] 
2026-09-17 21:08:51,160 [ERROR] LogOutputStream:75 - [STDERR_REDIRECT] [Fatal Error] :1:1: Premature end of file.
2026-09-17 21:08:51,160 [ERROR] LogOutputStream:75 - [STDERR_REDIRECT] 
2026-09-17 21:08:52,165 [ERROR] LogOutputStream:75 - [STDERR_REDIRECT] [Fatal Error] :1:1: Premature end of file.
2026-09-17 21:08:52,165 [ERROR] LogOutputStream:75 - [STDERR_REDIRECT] 
2026-09-17 21:08:53,145 [ERROR] LogOutputStream:75 - [STDERR_REDIRECT] [Fatal Error] :1:1: Premature end of file.
2026-09-17 21:08:53,145 [ERROR] LogOutputStream:75 - [STDERR_REDIRECT] 
2026-09-17 21:08:54,156 [ERROR] LogOutputStream:75 - [STDERR_REDIRECT] [Fatal Error] :1:1: Premature end of file.
2026-09-17 21:08:54,156 [ERROR] LogOutputStream:75 - [STDERR_REDIRECT] 
2026-09-17 21:08:55,162 [ERROR] LogOutputStream:75 - [STDERR_REDIRECT] [Fatal Error] :1:1: Premature end of file.
2026-09-17 21:08:55,162 [ERROR] LogOutputStream:75 - [STDERR_REDIRECT] 
2026-09-17 21:08:56,163 [ERROR] LogOutputStream:75 - [STDERR_REDIRECT] [Fatal Error] :1:1: Premature end of file.
2026-09-17 21:08:56,163 [ERROR] LogOutputStream:75 - [STDERR_REDIRECT] 
2026-09-17 21:08:57,159 [ERROR] LogOutputStream:75 - [STDERR_REDIRECT] [Fatal Error] :1:1: Premature end of file.
2026-09-17 21:08:57,175 [ERROR] LogOutputStream:75 - [STDERR_REDIRECT] 
2026-09-17 21:08:58,144 [ERROR] LogOutputStream:75 - [STDERR_REDIRECT] [Fatal Error] :1:1: Premature end of file.
2026-09-17 21:08:58,144 [ERROR] LogOutputStream:75 - [STDERR_REDIRECT] 
2026-09-17 21:08:59,154 [ERROR] LogOutputStream:75 - [STDERR_REDIRECT] [Fatal Error] :1:1: Premature end of file.
2026-09-17 21:08:59,154 [ERROR] LogOutputStream:75 - [STDERR_REDIRECT] 
2026-09-17 21:09:00,149 [ERROR] LogOutputStream:75 - [STDERR_REDIRECT] [Fatal Error] :1:1: Premature end of file.
2026-09-17 21:09:00,149 [ERROR] LogOutputStream:75 - [STDERR_REDIRECT] 
2026-09-17 21:09:01,146 [ERROR] LogOutputStream:75 - [STDERR_REDIRECT] [Fatal Error] :1:1: Premature end of file.
2026-09-17 21:09:01,146 [ERROR] LogOutputStream:75 - [STDERR_REDIRECT] 
2026-09-17 21:09:02,167 [ERROR] LogOutputStream:75 - [STDERR_REDIRECT] [Fatal Error] :1:1: Premature end of file.
2026-09-17 21:09:02,167 [ERROR] LogOutputStream:75 - [STDERR_REDIRECT] 
2026-09-17 21:09:03,155 [ERROR] LogOutputStream:75 - [STDERR_REDIRECT] [Fatal Error] :1:1: Premature end of file.
2026-09-17 21:09:03,155 [ERROR] LogOutputStream:75 - [STDERR_REDIRECT] 
2026-09-17 21:09:04,149 [ERROR] LogOutputStream:75 - [STDERR_REDIRECT] [Fatal Error] :1:1: Premature end of file.
2026-09-17 21:09:04,149 [ERROR] LogOutputStream:75 - [STDERR_REDIRECT] 
2026-09-17 21:09:05,155 [ERROR] LogOutputStream:75 - [STDERR_REDIRECT] [Fatal Error] :1:1: Premature end of file.
2026-09-17 21:09:05,155 [ERROR] LogOutputStream:75 - [STDERR_REDIRECT] 
2026-09-17 21:09:06,161 [ERROR] LogOutputStream:75 - [STDERR_REDIRECT] [Fatal Error] :1:1: Premature end of file.
2026-09-17 21:09:06,161 [ERROR] LogOutputStream:75 - [STDERR_REDIRECT] 
2026-09-17 21:09:07,154 [ERROR] LogOutputStream:75 - [STDERR_REDIRECT] [Fatal Error] :1:1: Premature end of file.
2026-09-17 21:09:07,154 [ERROR] LogOutputStream:75 - [STDERR_REDIRECT] 
2026-09-17 21:09:08,158 [ERROR] LogOutputStream:75 - [STDERR_REDIRECT] [Fatal Error] :1:1: Premature end of file.
2026-09-17 21:09:08,158 [ERROR] LogOutputStream:75 - [STDERR_REDIRECT] 
2026-09-17 21:09:09,152 [ERROR] LogOutputStream:75 - [STDERR_REDIRECT] [Fatal Error] :1:1: Premature end of file.
2026-09-17 21:09:09,152 [ERROR] LogOutputStream:75 - [STDERR_REDIRECT] 
2026-09-17 21:09:10,156 [ERROR] LogOutputStream:75 - [STDERR_REDIRECT] [Fatal Error] :1:1: Premature end of file.
2026-09-17 21:09:10,156 [ERROR] LogOutputStream:75 - [STDERR_REDIRECT] 
2026-09-17 21:09:11,157 [ERROR] LogOutputStream:75 - [STDERR_REDIRECT] [Fatal Error] :1:1: Premature end of file.
2026-09-17 21:09:11,157 [ERROR] LogOutputStream:75 - [STDERR_REDIRECT] 
2026-09-17 21:09:12,156 [ERROR] LogOutputStream:75 - [STDERR_REDIRECT] [Fatal Error] :1:1: Premature end of file.
2026-09-17 21:09:12,167 [ERROR] LogOutputStream:75 - [STDERR_REDIRECT] 
2026-09-17 21:09:13,172 [ERROR] LogOutputStream:75 - [STDERR_REDIRECT] [Fatal Error] :1:1: Premature end of file.
2026-09-17 21:09:13,172 [ERROR] LogOutputStream:75 - [STDERR_REDIRECT] 
2026-09-17 21:09:14,166 [ERROR] LogOutputStream:75 - [STDERR_REDIRECT] [Fatal Error] :1:1: Premature end of file.
2026-09-17 21:09:14,166 [ERROR] LogOutputStream:75 - [STDERR_REDIRECT] 
2026-09-17 21:09:15,166 [ERROR] LogOutputStream:75 - [STDERR_REDIRECT] [Fatal Error] :1:1: Premature end of file.
2026-09-17 21:09:15,166 [ERROR] LogOutputStream:75 - [STDERR_REDIRECT] 
2026-09-17 21:09:16,166 [ERROR] LogOutputStream:75 - [STDERR_REDIRECT] [Fatal Error] :1:1: Premature end of file.
2026-09-17 21:09:16,166 [ERROR] LogOutputStream:75 - [STDERR_REDIRECT] 
2026-09-17 21:09:17,157 [ERROR] LogOutputStream:75 - [STDERR_REDIRECT] [Fatal Error] :1:1: Premature end of file.
2026-09-17 21:09:17,157 [ERROR] LogOutputStream:75 - [STDERR_REDIRECT] 
2026-09-17 21:09:18,149 [ERROR] LogOutputStream:75 - [STDERR_REDIRECT] [Fatal Error] :1:1: Premature end of file.
2026-09-17 21:09:18,150 [ERROR] LogOutputStream:75 - [STDERR_REDIRECT] 
2026-09-17 21:09:19,153 [ERROR] LogOutputStream:75 - [STDERR_REDIRECT] [Fatal Error] :1:1: Premature end of file.
2026-09-17 21:09:19,153 [ERROR] LogOutputStream:75 - [STDERR_REDIRECT] 
2026-09-17 21:09:20,164 [ERROR] LogOutputStream:75 - [STDERR_REDIRECT] [Fatal Error] :1:1: Premature end of file.
2026-09-17 21:09:20,164 [ERROR] LogOutputStream:75 - [STDERR_REDIRECT] 
2026-09-17 21:09:21,170 [ERROR] LogOutputStream:75 - [STDERR_REDIRECT] [Fatal Error] :1:1: Premature end of file.
2026-09-17 21:09:21,170 [ERROR] LogOutputStream:75 - [STDERR_REDIRECT] 
2026-09-17 21:09:22,166 [ERROR] LogOutputStream:75 - [STDERR_REDIRECT] [Fatal Error] :1:1: Premature end of file.
2026-09-17 21:09:22,166 [ERROR] LogOutputStream:75 - [STDERR_REDIRECT] 
2026-09-17 21:09:23,166 [ERROR] LogOutputStream:75 - [STDERR_REDIRECT] [Fatal Error] :1:1: Premature end of file.
2026-09-17 21:09:23,166 [ERROR] LogOutputStream:75 - [STDERR_REDIRECT] 
2026-09-17 21:09:24,155 [ERROR] LogOutputStream:75 - [STDERR_REDIRECT] [Fatal Error] :1:1: Premature end of file.
2026-09-17 21:09:24,155 [ERROR] LogOutputStream:75 - [STDERR_REDIRECT] 
2026-09-17 21:09:25,164 [ERROR] LogOutputStream:75 - [STDERR_REDIRECT] [Fatal Error] :1:1: Premature end of file.
2026-09-17 21:09:25,164 [ERROR] LogOutputStream:75 - [STDERR_REDIRECT] 
2026-09-17 21:09:26,160 [ERROR] LogOutputStream:75 - [STDERR_REDIRECT] [Fatal Error] :1:1: Premature end of file.
2026-09-17 21:09:26,160 [ERROR] LogOutputStream:75 - [STDERR_REDIRECT] 
2026-09-17 21:09:27,164 [ERROR] LogOutputStream:75 - [STDERR_REDIRECT] [Fatal Error] :1:1: Premature end of file.
2026-09-17 21:09:27,164 [ERROR] LogOutputStream:75 - [STDERR_REDIRECT] 
2026-09-17 21:09:28,151 [ERROR] LogOutputStream:75 - [STDERR_REDIRECT] [Fatal Error] :1:1: Premature end of file.
2026-09-17 21:09:28,151 [ERROR] LogOutputStream:75 - [STDERR_REDIRECT] 
2026-09-17 21:09:29,162 [ERROR] LogOutputStream:75 - [STDERR_REDIRECT] [Fatal Error] :1:1: Premature end of file.
2026-09-17 21:09:29,163 [ERROR] LogOutputStream:75 - [STDERR_REDIRECT] 
2026-09-17 21:09:30,164 [ERROR] LogOutputStream:75 - [STDERR_REDIRECT] [Fatal Error] :1:1: Premature end of file.
2026-09-17 21:09:30,164 [ERROR] LogOutputStream:75 - [STDERR_REDIRECT] 
2026-09-17 21:09:31,164 [ERROR] LogOutputStream:75 - [STDERR_REDIRECT] [Fatal Error] :1:1: Premature end of file.
2026-09-17 21:09:31,164 [ERROR] LogOutputStream:75 - [STDERR_REDIRECT] 
2026-09-17 21:09:32,159 [ERROR] LogOutputStream:75 - [STDERR_REDIRECT] [Fatal Error] :1:1: Premature end of file.
2026-09-17 21:09:32,160 [ERROR] LogOutputStream:75 - [STDERR_REDIRECT] 
2026-09-17 21:09:33,196 [ERROR] LogOutputStream:75 - [STDERR_REDIRECT] [Fatal Error] :1:1: Premature end of file.
2026-09-17 21:09:33,197 [ERROR] LogOutputStream:75 - [STDERR_REDIRECT] 
2026-09-17 21:09:34,154 [ERROR] LogOutputStream:75 - [STDERR_REDIRECT] [Fatal Error] :1:1: Premature end of file.
2026-09-17 21:09:34,155 [ERROR] LogOutputStream:75 - [STDERR_REDIRECT] 
2026-09-17 21:09:35,160 [ERROR] LogOutputStream:75 - [STDERR_REDIRECT] [Fatal Error] :1:1: Premature end of file.
2026-09-17 21:09:35,160 [ERROR] LogOutputStream:75 - [STDERR_REDIRECT] 
2026-09-17 21:09:36,163 [ERROR] LogOutputStream:75 - [STDERR_REDIRECT] [Fatal Error] :1:1: Premature end of file.
2026-09-17 21:09:36,163 [ERROR] LogOutputStream:75 - [STDERR_REDIRECT] 
2026-09-17 21:09:37,167 [ERROR] LogOutputStream:75 - [STDERR_REDIRECT] [Fatal Error] :1:1: Premature end of file.
2026-09-17 21:09:37,168 [ERROR] LogOutputStream:75 - [STDERR_REDIRECT] 
2026-09-17 21:09:38,154 [ERROR] LogOutputStream:75 - [STDERR_REDIRECT] [Fatal Error] :1:1: Premature end of file.
2026-09-17 21:09:38,155 [ERROR] LogOutputStream:75 - [STDERR_REDIRECT] 
2026-09-17 21:09:39,160 [ERROR] LogOutputStream:75 - [STDERR_REDIRECT] [Fatal Error] :1:1: Premature end of file.
2026-09-17 21:09:39,160 [ERROR] LogOutputStream:75 - [STDERR_REDIRECT] 
2026-09-17 21:09:40,159 [ERROR] LogOutputStream:75 - [STDERR_REDIRECT] [Fatal Error] :1:1: Premature end of file.
2026-09-17 21:09:40,159 [ERROR] LogOutputStream:75 - [STDERR_REDIRECT] 
2026-09-17 21:09:41,159 [ERROR] LogOutputStream:75 - [STDERR_REDIRECT] [Fatal Error] :1:1: Premature end of file.
2026-09-17 21:09:41,159 [ERROR] LogOutputStream:75 - [STDERR_REDIRECT] 
2026-09-17 21:09:42,159 [ERROR] LogOutputStream:75 - [STDERR_REDIRECT] [Fatal Error] :1:1: Premature end of file.
2026-09-17 21:09:42,159 [ERROR] LogOutputStream:75 - [STDERR_REDIRECT] 
2026-09-17 21:09:43,165 [ERROR] LogOutputStream:75 - [STDERR_REDIRECT] [Fatal Error] :1:1: Premature end of file.
2026-09-17 21:09:43,166 [ERROR] LogOutputStream:75 - [STDERR_REDIRECT] 
2026-09-17 21:09:44,153 [ERROR] LogOutputStream:75 - [STDERR_REDIRECT] [Fatal Error] :1:1: Premature end of file.
2026-09-17 21:09:44,153 [ERROR] LogOutputStream:75 - [STDERR_REDIRECT] 
2026-09-17 21:09:45,162 [ERROR] LogOutputStream:75 - [STDERR_REDIRECT] [Fatal Error] :1:1: Premature end of file.
2026-09-17 21:09:45,162 [ERROR] LogOutputStream:75 - [STDERR_REDIRECT] 
2026-09-17 21:09:46,154 [ERROR] LogOutputStream:75 - [STDERR_REDIRECT] [Fatal Error] :1:1: Premature end of file.
2026-09-17 21:09:46,154 [ERROR] LogOutputStream:75 - [STDERR_REDIRECT] 
2026-09-17 21:09:47,152 [ERROR] LogOutputStream:75 - [STDERR_REDIRECT] [Fatal Error] :1:1: Premature end of file.
2026-09-17 21:09:47,153 [ERROR] LogOutputStream:75 - [STDERR_REDIRECT] 
2026-09-17 21:09:48,161 [ERROR] LogOutputStream:75 - [STDERR_REDIRECT] [Fatal Error] :1:1: Premature end of file.
2026-09-17 21:09:48,162 [ERROR] LogOutputStream:75 - [STDERR_REDIRECT] 
2026-09-17 21:09:49,156 [ERROR] LogOutputStream:75 - [STDERR_REDIRECT] [Fatal Error] :1:1: Premature end of file.
2026-09-17 21:09:49,156 [ERROR] LogOutputStream:75 - [STDERR_REDIRECT] 
2026-09-17 21:09:50,154 [ERROR] LogOutputStream:75 - [STDERR_REDIRECT] [Fatal Error] :1:1: Premature end of file.
2026-09-17 21:09:50,154 [ERROR] LogOutputStream:75 - [STDERR_REDIRECT] 
2026-09-17 21:09:51,182 [ERROR] LogOutputStream:75 - [STDERR_REDIRECT] [Fatal Error] :1:1: Premature end of file.
2026-09-17 21:09:51,182 [ERROR] LogOutputStream:75 - [STDERR_REDIRECT] 
2026-09-17 21:09:52,155 [ERROR] LogOutputStream:75 - [STDERR_REDIRECT] [Fatal Error] :1:1: Premature end of file.
2026-09-17 21:09:52,155 [ERROR] LogOutputStream:75 - [STDERR_REDIRECT] 
2026-09-17 21:09:53,154 [ERROR] LogOutputStream:75 - [STDERR_REDIRECT] [Fatal Error] :1:1: Premature end of file.
2026-09-17 21:09:53,154 [ERROR] LogOutputStream:75 - [STDERR_REDIRECT] 
2026-09-17 21:09:54,155 [ERROR] LogOutputStream:75 - [STDERR_REDIRECT] [Fatal Error] :1:1: Premature end of file.
2026-09-17 21:09:54,155 [ERROR] LogOutputStream:75 - [STDERR_REDIRECT] 
2026-09-17 21:09:55,167 [ERROR] LogOutputStream:75 - [STDERR_REDIRECT] [Fatal Error] :1:1: Premature end of file.
2026-09-17 21:09:55,167 [ERROR] LogOutputStream:75 - [STDERR_REDIRECT] 
2026-09-17 21:09:56,149 [ERROR] LogOutputStream:75 - [STDERR_REDIRECT] [Fatal Error] :1:1: Premature end of file.
2026-09-17 21:09:56,149 [ERROR] LogOutputStream:75 - [STDERR_REDIRECT] 
2026-09-17 21:09:57,154 [ERROR] LogOutputStream:75 - [STDERR_REDIRECT] [Fatal Error] :1:1: Premature end of file.
2026-09-17 21:09:57,154 [ERROR] LogOutputStream:75 - [STDERR_REDIRECT] 
2026-09-17 21:09:58,163 [ERROR] LogOutputStream:75 - [STDERR_REDIRECT] [Fatal Error] :1:1: Premature end of file.
2026-09-17 21:09:58,163 [ERROR] LogOutputStream:75 - [STDERR_REDIRECT] 
2026-09-17 21:09:59,164 [ERROR] LogOutputStream:75 - [STDERR_REDIRECT] [Fatal Error] :1:1: Premature end of file.
2026-09-17 21:09:59,164 [ERROR] LogOutputStream:75 - [STDERR_REDIRECT] 
2026-09-17 21:10:00,157 [ERROR] LogOutputStream:75 - [STDERR_REDIRECT] [Fatal Error] :1:1: Premature end of file.
2026-09-17 21:10:00,158 [ERROR] LogOutputStream:75 - [STDERR_REDIRECT] 
2026-09-17 21:10:01,154 [ERROR] LogOutputStream:75 - [STDERR_REDIRECT] [Fatal Error] :1:1: Premature end of file.
2026-09-17 21:10:01,154 [ERROR] LogOutputStream:75 - [STDERR_REDIRECT] 
2026-09-17 21:10:02,155 [ERROR] LogOutputStream:75 - [STDERR_REDIRECT] [Fatal Error] :1:1: Premature end of file.
2026-09-17 21:10:02,155 [ERROR] LogOutputStream:75 - [STDERR_REDIRECT] 
2026-09-17 21:10:03,152 [ERROR] LogOutputStream:75 - [STDERR_REDIRECT] [Fatal Error] :1:1: Premature end of file.
2026-09-17 21:10:03,153 [ERROR] LogOutputStream:75 - [STDERR_REDIRECT] 
2026-09-17 21:10:04,152 [ERROR] LogOutputStream:75 - [STDERR_REDIRECT] [Fatal Error] :1:1: Premature end of file.
2026-09-17 21:10:04,152 [ERROR] LogOutputStream:75 - [STDERR_REDIRECT] 
2026-09-17 21:10:05,149 [ERROR] LogOutputStream:75 - [STDERR_REDIRECT] [Fatal Error] :1:1: Premature end of file.
2026-09-17 21:10:05,149 [ERROR] LogOutputStream:75 - [STDERR_REDIRECT] 
2026-09-17 21:10:06,157 [ERROR] LogOutputStream:75 - [STDERR_REDIRECT] [Fatal Error] :1:1: Premature end of file.
2026-09-17 21:10:06,157 [ERROR] LogOutputStream:75 - [STDERR_REDIRECT] 
2026-09-17 21:10:07,154 [ERROR] LogOutputStream:75 - [STDERR_REDIRECT] [Fatal Error] :1:1: Premature end of file.
2026-09-17 21:10:07,154 [ERROR] LogOutputStream:75 - [STDERR_REDIRECT] 
2026-09-17 21:10:08,155 [ERROR] LogOutputStream:75 - [STDERR_REDIRECT] [Fatal Error] :1:1: Premature end of file.
2026-09-17 21:10:08,155 [ERROR] LogOutputStream:75 - [STDERR_REDIRECT] 
2026-09-17 21:10:09,161 [ERROR] LogOutputStream:75 - [STDERR_REDIRECT] [Fatal Error] :1:1: Premature end of file.
2026-09-17 21:10:09,161 [ERROR] LogOutputStream:75 - [STDERR_REDIRECT] 
2026-09-17 21:10:10,157 [ERROR] LogOutputStream:75 - [STDERR_REDIRECT] [Fatal Error] :1:1: Premature end of file.
2026-09-17 21:10:10,157 [ERROR] LogOutputStream:75 - [STDERR_REDIRECT] 
2026-09-17 21:10:11,165 [ERROR] LogOutputStream:75 - [STDERR_REDIRECT] [Fatal Error] :1:1: Premature end of file.
2026-09-17 21:10:11,165 [ERROR] LogOutputStream:75 - [STDERR_REDIRECT] 
2026-09-17 21:10:12,153 [ERROR] LogOutputStream:75 - [STDERR_REDIRECT] [Fatal Error] :1:1: Premature end of file.
2026-09-17 21:10:12,153 [ERROR] LogOutputStream:75 - [STDERR_REDIRECT] 
2026-09-17 21:10:13,156 [ERROR] LogOutputStream:75 - [STDERR_REDIRECT] [Fatal Error] :1:1: Premature end of file.
2026-09-17 21:10:13,156 [ERROR] LogOutputStream:75 - [STDERR_REDIRECT] 
2026-09-17 21:10:14,159 [ERROR] LogOutputStream:75 - [STDERR_REDIRECT] [Fatal Error] :1:1: Premature end of file.
2026-09-17 21:10:14,159 [ERROR] LogOutputStream:75 - [STDERR_REDIRECT] 
2026-09-17 21:10:15,156 [ERROR] LogOutputStream:75 - [STDERR_REDIRECT] [Fatal Error] :1:1: Premature end of file.
2026-09-17 21:10:15,156 [ERROR] LogOutputStream:75 - [STDERR_REDIRECT] 
2026-09-17 21:10:16,151 [ERROR] LogOutputStream:75 - [STDERR_REDIRECT] [Fatal Error] :1:1: Premature end of file.
2026-09-17 21:10:16,151 [ERROR] LogOutputStream:75 - [STDERR_REDIRECT] 
2026-09-17 21:10:17,158 [ERROR] LogOutputStream:75 - [STDERR_REDIRECT] [Fatal Error] :1:1: Premature end of file.
2026-09-17 21:10:17,160 [ERROR] LogOutputStream:75 - [STDERR_REDIRECT] 
2026-09-17 21:10:18,161 [ERROR] LogOutputStream:75 - [STDERR_REDIRECT] [Fatal Error] :1:1: Premature end of file.
2026-09-17 21:10:18,161 [ERROR] LogOutputStream:75 - [STDERR_REDIRECT] 
2026-09-17 21:10:19,151 [ERROR] LogOutputStream:75 - [STDERR_REDIRECT] [Fatal Error] :1:1: Premature end of file.
2026-09-17 21:10:19,151 [ERROR] LogOutputStream:75 - [STDERR_REDIRECT] 
2026-09-17 21:10:20,149 [ERROR] LogOutputStream:75 - [STDERR_REDIRECT] [Fatal Error] :1:1: Premature end of file.
2026-09-17 21:10:20,149 [ERROR] LogOutputStream:75 - [STDERR_REDIRECT] 
2026-09-17 21:10:21,158 [ERROR] LogOutputStream:75 - [STDERR_REDIRECT] [Fatal Error] :1:1: Premature end of file.
2026-09-17 21:10:21,158 [ERROR] LogOutputStream:75 - [STDERR_REDIRECT] 
2026-09-17 21:10:22,161 [ERROR] LogOutputStream:75 - [STDERR_REDIRECT] [Fatal Error] :1:1: Premature end of file.
2026-09-17 21:10:22,161 [ERROR] LogOutputStream:75 - [STDERR_REDIRECT] 
2026-09-17 21:10:23,156 [ERROR] LogOutputStream:75 - [STDERR_REDIRECT] [Fatal Error] :1:1: Premature end of file.
2026-09-17 21:10:23,156 [ERROR] LogOutputStream:75 - [STDERR_REDIRECT] 
2026-09-17 21:10:24,146 [ERROR] LogOutputStream:75 - [STDERR_REDIRECT] [Fatal Error] :1:1: Premature end of file.
2026-09-17 21:10:24,146 [ERROR] LogOutputStream:75 - [STDERR_REDIRECT] 
2026-09-17 21:10:25,161 [ERROR] LogOutputStream:75 - [STDERR_REDIRECT] [Fatal Error] :1:1: Premature end of file.
2026-09-17 21:10:25,161 [ERROR] LogOutputStream:75 - [STDERR_REDIRECT] 
2026-09-17 21:10:26,149 [ERROR] LogOutputStream:75 - [STDERR_REDIRECT] [Fatal Error] :1:1: Premature end of file.
2026-09-17 21:10:26,149 [ERROR] LogOutputStream:75 - [STDERR_REDIRECT] 
2026-09-17 21:10:27,161 [ERROR] LogOutputStream:75 - [STDERR_REDIRECT] [Fatal Error] :1:1: Premature end of file.
2026-09-17 21:10:27,161 [ERROR] LogOutputStream:75 - [STDERR_REDIRECT] 
2026-09-17 21:10:28,156 [ERROR] LogOutputStream:75 - [STDERR_REDIRECT] [Fatal Error] :1:1: Premature end of file.
2026-09-17 21:10:28,156 [ERROR] LogOutputStream:75 - [STDERR_REDIRECT] 
2026-09-17 21:10:29,156 [ERROR] LogOutputStream:75 - [STDERR_REDIRECT] [Fatal Error] :1:1: Premature end of file.
2026-09-17 21:10:29,156 [ERROR] LogOutputStream:75 - [STDERR_REDIRECT] 
2026-09-17 21:10:30,163 [ERROR] LogOutputStream:75 - [STDERR_REDIRECT] [Fatal Error] :1:1: Premature end of file.
2026-09-17 21:10:30,163 [ERROR] LogOutputStream:75 - [STDERR_REDIRECT] 
2026-09-17 21:10:31,168 [ERROR] LogOutputStream:75 - [STDERR_REDIRECT] [Fatal Error] :1:1: Premature end of file.
2026-09-17 21:10:31,210 [ERROR] LogOutputStream:75 - [STDERR_REDIRECT] 
2026-09-17 21:10:32,148 [ERROR] LogOutputStream:75 - [STDERR_REDIRECT] [Fatal Error] :1:1: Premature end of file.
2026-09-17 21:10:32,148 [ERROR] LogOutputStream:75 - [STDERR_REDIRECT] 
2026-09-17 21:10:33,154 [ERROR] LogOutputStream:75 - [STDERR_REDIRECT] [Fatal Error] :1:1: Premature end of file.
2026-09-17 21:10:33,154 [ERROR] LogOutputStream:75 - [STDERR_REDIRECT] 
2026-09-17 21:10:34,157 [ERROR] LogOutputStream:75 - [STDERR_REDIRECT] [Fatal Error] :1:1: Premature end of file.
2026-09-17 21:10:34,157 [ERROR] LogOutputStream:75 - [STDERR_REDIRECT] 
2026-09-17 21:10:35,145 [ERROR] LogOutputStream:75 - [STDERR_REDIRECT] [Fatal Error] :1:1: Premature end of file.
2026-09-17 21:10:35,145 [ERROR] LogOutputStream:75 - [STDERR_REDIRECT] 
2026-09-17 21:10:36,156 [ERROR] LogOutputStream:75 - [STDERR_REDIRECT] [Fatal Error] :1:1: Premature end of file.
2026-09-17 21:10:36,156 [ERROR] LogOutputStream:75 - [STDERR_REDIRECT] 
2026-09-17 21:10:37,156 [ERROR] LogOutputStream:75 - [STDERR_REDIRECT] [Fatal Error] :1:1: Premature end of file.
2026-09-17 21:10:37,156 [ERROR] LogOutputStream:75 - [STDERR_REDIRECT] 
2026-09-17 21:10:38,164 [ERROR] LogOutputStream:75 - [STDERR_REDIRECT] [Fatal Error] :1:1: Premature end of file.
2026-09-17 21:10:38,164 [ERROR] LogOutputStream:75 - [STDERR_REDIRECT] 
2026-09-17 21:10:39,158 [ERROR] LogOutputStream:75 - [STDERR_REDIRECT] [Fatal Error] :1:1: Premature end of file.
2026-09-17 21:10:39,158 [ERROR] LogOutputStream:75 - [STDERR_REDIRECT] 
2026-09-17 21:10:40,164 [ERROR] LogOutputStream:75 - [STDERR_REDIRECT] [Fatal Error] :1:1: Premature end of file.
2026-09-17 21:10:40,164 [ERROR] LogOutputStream:75 - [STDERR_REDIRECT] 
2026-09-17 21:10:41,161 [ERROR] LogOutputStream:75 - [STDERR_REDIRECT] [Fatal Error] :1:1: Premature end of file.
2026-09-17 21:10:41,161 [ERROR] LogOutputStream:75 - [STDERR_REDIRECT] 
2026-09-17 21:10:42,168 [ERROR] LogOutputStream:75 - [STDERR_REDIRECT] [Fatal Error] :1:1: Premature end of file.
2026-09-17 21:10:42,169 [ERROR] LogOutputStream:75 - [STDERR_REDIRECT] 
2026-09-17 21:10:43,156 [ERROR] LogOutputStream:75 - [STDERR_REDIRECT] [Fatal Error] :1:1: Premature end of file.
2026-09-17 21:10:43,156 [ERROR] LogOutputStream:75 - [STDERR_REDIRECT] 
2026-09-17 21:10:44,157 [ERROR] LogOutputStream:75 - [STDERR_REDIRECT] [Fatal Error] :1:1: Premature end of file.
2026-09-17 21:10:44,157 [ERROR] LogOutputStream:75 - [STDERR_REDIRECT] 
2026-09-17 21:10:45,147 [ERROR] LogOutputStream:75 - [STDERR_REDIRECT] [Fatal Error] :1:1: Premature end of file.
2026-09-17 21:10:45,147 [ERROR] LogOutputStream:75 - [STDERR_REDIRECT] 
2026-09-17 21:10:46,161 [ERROR] LogOutputStream:75 - [STDERR_REDIRECT] [Fatal Error] :1:1: Premature end of file.
2026-09-17 21:10:46,164 [ERROR] LogOutputStream:75 - [STDERR_REDIRECT] 
2026-09-17 21:10:47,158 [ERROR] LogOutputStream:75 - [STDERR_REDIRECT] [Fatal Error] :1:1: Premature end of file.
2026-09-17 21:10:47,158 [ERROR] LogOutputStream:75 - [STDERR_REDIRECT] 
2026-09-17 21:10:48,160 [ERROR] LogOutputStream:75 - [STDERR_REDIRECT] [Fatal Error] :1:1: Premature end of file.
2026-09-17 21:10:48,160 [ERROR] LogOutputStream:75 - [STDERR_REDIRECT] 
2026-09-17 21:10:49,160 [ERROR] LogOutputStream:75 - [STDERR_REDIRECT] [Fatal Error] :1:1: Premature end of file.
2026-09-17 21:10:49,160 [ERROR] LogOutputStream:75 - [STDERR_REDIRECT] 
2026-09-17 21:10:50,161 [ERROR] LogOutputStream:75 - [STDERR_REDIRECT] [Fatal Error] :1:1: Premature end of file.
2026-09-17 21:10:50,161 [ERROR] LogOutputStream:75 - [STDERR_REDIRECT] 
2026-09-17 21:10:51,152 [ERROR] LogOutputStream:75 - [STDERR_REDIRECT] [Fatal Error] :1:1: Premature end of file.
2026-09-17 21:10:51,152 [ERROR] LogOutputStream:75 - [STDERR_REDIRECT] 
2026-09-17 21:10:52,150 [ERROR] LogOutputStream:75 - [STDERR_REDIRECT] [Fatal Error] :1:1: Premature end of file.
2026-09-17 21:10:52,150 [ERROR] LogOutputStream:75 - [STDERR_REDIRECT] 
2026-09-17 21:10:53,164 [ERROR] LogOutputStream:75 - [STDERR_REDIRECT] [Fatal Error] :1:1: Premature end of file.
2026-09-17 21:10:53,164 [ERROR] LogOutputStream:75 - [STDERR_REDIRECT] 
2026-09-17 21:10:54,159 [ERROR] LogOutputStream:75 - [STDERR_REDIRECT] [Fatal Error] :1:1: Premature end of file.
2026-09-17 21:10:54,159 [ERROR] LogOutputStream:75 - [STDERR_REDIRECT] 
2026-09-17 21:10:55,160 [ERROR] LogOutputStream:75 - [STDERR_REDIRECT] [Fatal Error] :1:1: Premature end of file.
2026-09-17 21:10:55,160 [ERROR] LogOutputStream:75 - [STDERR_REDIRECT] 
2026-09-17 21:10:56,165 [ERROR] LogOutputStream:75 - [STDERR_REDIRECT] [Fatal Error] :1:1: Premature end of file.
2026-09-17 21:10:56,165 [ERROR] LogOutputStream:75 - [STDERR_REDIRECT] 
2026-09-17 21:10:57,152 [ERROR] LogOutputStream:75 - [STDERR_REDIRECT] [Fatal Error] :1:1: Premature end of file.
2026-09-17 21:10:57,152 [ERROR] LogOutputStream:75 - [STDERR_REDIRECT] 
2026-09-17 21:10:58,162 [ERROR] LogOutputStream:75 - [STDERR_REDIRECT] [Fatal Error] :1:1: Premature end of file.
2026-09-17 21:10:58,162 [ERROR] LogOutputStream:75 - [STDERR_REDIRECT] 
2026-09-17 21:10:59,145 [ERROR] LogOutputStream:75 - [STDERR_REDIRECT] [Fatal Error] :1:1: Premature end of file.
2026-09-17 21:10:59,145 [ERROR] LogOutputStream:75 - [STDERR_REDIRECT] 
2026-09-17 21:11:00,156 [ERROR] LogOutputStream:75 - [STDERR_REDIRECT] [Fatal Error] :1:1: Premature end of file.
2026-09-17 21:11:00,156 [ERROR] LogOutputStream:75 - [STDERR_REDIRECT] 
2026-09-17 21:11:01,164 [ERROR] LogOutputStream:75 - [STDERR_REDIRECT] [Fatal Error] :1:1: Premature end of file.
2026-09-17 21:11:01,224 [ERROR] LogOutputStream:75 - [STDERR_REDIRECT] 
2026-09-17 21:11:02,155 [ERROR] LogOutputStream:75 - [STDERR_REDIRECT] [Fatal Error] :1:1: Premature end of file.
2026-09-17 21:11:02,155 [ERROR] LogOutputStream:75 - [STDERR_REDIRECT] 
2026-09-17 21:11:03,157 [ERROR] LogOutputStream:75 - [STDERR_REDIRECT] [Fatal Error] :1:1: Premature end of file.
2026-09-17 21:11:03,157 [ERROR] LogOutputStream:75 - [STDERR_REDIRECT] 
2026-09-17 21:11:04,185 [ERROR] LogOutputStream:75 - [STDERR_REDIRECT] [Fatal Error] :1:1: Premature end of file.
2026-09-17 21:11:04,185 [ERROR] LogOutputStream:75 - [STDERR_REDIRECT] 
2026-09-17 21:11:05,147 [ERROR] LogOutputStream:75 - [STDERR_REDIRECT] [Fatal Error] :1:1: Premature end of file.
2026-09-17 21:11:05,147 [ERROR] LogOutputStream:75 - [STDERR_REDIRECT] 
2026-09-17 21:11:06,157 [ERROR] LogOutputStream:75 - [STDERR_REDIRECT] [Fatal Error] :1:1: Premature end of file.
2026-09-17 21:11:06,157 [ERROR] LogOutputStream:75 - [STDERR_REDIRECT] 
2026-09-17 21:11:07,160 [ERROR] LogOutputStream:75 - [STDERR_REDIRECT] [Fatal Error] :1:1: Premature end of file.
2026-09-17 21:11:07,160 [ERROR] LogOutputStream:75 - [STDERR_REDIRECT] 
2026-09-17 21:11:08,155 [ERROR] LogOutputStream:75 - [STDERR_REDIRECT] [Fatal Error] :1:1: Premature end of file.
2026-09-17 21:11:08,156 [ERROR] LogOutputStream:75 - [STDERR_REDIRECT] 
2026-09-17 21:11:09,157 [ERROR] LogOutputStream:75 - [STDERR_REDIRECT] [Fatal Error] :1:1: Premature end of file.
2026-09-17 21:11:09,157 [ERROR] LogOutputStream:75 - [STDERR_REDIRECT] 
2026-09-17 21:11:10,156 [ERROR] LogOutputStream:75 - [STDERR_REDIRECT] [Fatal Error] :1:1: Premature end of file.
2026-09-17 21:11:10,156 [ERROR] LogOutputStream:75 - [STDERR_REDIRECT] 
2026-09-17 21:11:11,152 [ERROR] LogOutputStream:75 - [STDERR_REDIRECT] [Fatal Error] :1:1: Premature end of file.
2026-09-17 21:11:11,152 [ERROR] LogOutputStream:75 - [STDERR_REDIRECT] 
2026-09-17 21:11:12,160 [ERROR] LogOutputStream:75 - [STDERR_REDIRECT] [Fatal Error] :1:1: Premature end of file.
2026-09-17 21:11:12,160 [ERROR] LogOutputStream:75 - [STDERR_REDIRECT] 
2026-09-17 21:11:13,146 [ERROR] LogOutputStream:75 - [STDERR_REDIRECT] [Fatal Error] :1:1: Premature end of file.
2026-09-17 21:11:13,146 [ERROR] LogOutputStream:75 - [STDERR_REDIRECT] 
2026-09-17 21:11:14,163 [ERROR] LogOutputStream:75 - [STDERR_REDIRECT] [Fatal Error] :1:1: Premature end of file.
2026-09-17 21:11:14,163 [ERROR] LogOutputStream:75 - [STDERR_REDIRECT] 
2026-09-17 21:11:15,156 [ERROR] LogOutputStream:75 - [STDERR_REDIRECT] [Fatal Error] :1:1: Premature end of file.
2026-09-17 21:11:15,156 [ERROR] LogOutputStream:75 - [STDERR_REDIRECT] 
2026-09-17 21:11:16,161 [ERROR] LogOutputStream:75 - [STDERR_REDIRECT] [Fatal Error] :1:1: Premature end of file.
2026-09-17 21:11:16,179 [ERROR] LogOutputStream:75 - [STDERR_REDIRECT] 
2026-09-17 21:11:17,147 [ERROR] LogOutputStream:75 - [STDERR_REDIRECT] [Fatal Error] :1:1: Premature end of file.
2026-09-17 21:11:17,147 [ERROR] LogOutputStream:75 - [STDERR_REDIRECT] 
2026-09-17 21:11:18,160 [ERROR] LogOutputStream:75 - [STDERR_REDIRECT] [Fatal Error] :1:1: Premature end of file.
2026-09-17 21:11:18,160 [ERROR] LogOutputStream:75 - [STDERR_REDIRECT] 
2026-09-17 21:11:19,161 [ERROR] LogOutputStream:75 - [STDERR_REDIRECT] [Fatal Error] :1:1: Premature end of file.
2026-09-17 21:11:19,161 [ERROR] LogOutputStream:75 - [STDERR_REDIRECT] 
2026-09-17 21:11:20,157 [ERROR] LogOutputStream:75 - [STDERR_REDIRECT] [Fatal Error] :1:1: Premature end of file.
2026-09-17 21:11:20,158 [ERROR] LogOutputStream:75 - [STDERR_REDIRECT] 
2026-09-17 21:11:21,157 [ERROR] LogOutputStream:75 - [STDERR_REDIRECT] [Fatal Error] :1:1: Premature end of file.
2026-09-17 21:11:21,157 [ERROR] LogOutputStream:75 - [STDERR_REDIRECT] 
2026-09-17 21:11:22,157 [ERROR] LogOutputStream:75 - [STDERR_REDIRECT] [Fatal Error] :1:1: Premature end of file.
2026-09-17 21:11:22,157 [ERROR] LogOutputStream:75 - [STDERR_REDIRECT] 
2026-09-17 21:11:23,156 [ERROR] LogOutputStream:75 - [STDERR_REDIRECT] [Fatal Error] :1:1: Premature end of file.
2026-09-17 21:11:23,157 [ERROR] LogOutputStream:75 - [STDERR_REDIRECT] 
2026-09-17 21:11:24,145 [ERROR] LogOutputStream:75 - [STDERR_REDIRECT] [Fatal Error] :1:1: Premature end of file.
2026-09-17 21:11:24,145 [ERROR] LogOutputStream:75 - [STDERR_REDIRECT] 
2026-09-17 21:11:25,156 [ERROR] LogOutputStream:75 - [STDERR_REDIRECT] [Fatal Error] :1:1: Premature end of file.
2026-09-17 21:11:25,157 [ERROR] LogOutputStream:75 - [STDERR_REDIRECT] 
2026-09-17 21:11:26,155 [ERROR] LogOutputStream:75 - [STDERR_REDIRECT] [Fatal Error] :1:1: Premature end of file.
2026-09-17 21:11:26,155 [ERROR] LogOutputStream:75 - [STDERR_REDIRECT] 
2026-09-17 21:11:27,154 [ERROR] LogOutputStream:75 - [STDERR_REDIRECT] [Fatal Error] :1:1: Premature end of file.
2026-09-17 21:11:27,154 [ERROR] LogOutputStream:75 - [STDERR_REDIRECT] 
2026-09-17 21:11:28,158 [ERROR] LogOutputStream:75 - [STDERR_REDIRECT] [Fatal Error] :1:1: Premature end of file.
2026-09-17 21:11:28,158 [ERROR] LogOutputStream:75 - [STDERR_REDIRECT] 
2026-09-17 21:11:29,156 [ERROR] LogOutputStream:75 - [STDERR_REDIRECT] [Fatal Error] :1:1: Premature end of file.
2026-09-17 21:11:29,156 [ERROR] LogOutputStream:75 - [STDERR_REDIRECT] 
2026-09-17 21:11:30,161 [ERROR] LogOutputStream:75 - [STDERR_REDIRECT] [Fatal Error] :1:1: Premature end of file.
2026-09-17 21:11:30,161 [ERROR] LogOutputStream:75 - [STDERR_REDIRECT] 
2026-09-17 21:11:31,160 [ERROR] LogOutputStream:75 - [STDERR_REDIRECT] [Fatal Error] :1:1: Premature end of file.
2026-09-17 21:11:31,188 [ERROR] LogOutputStream:75 - [STDERR_REDIRECT] 
2026-09-17 21:11:32,154 [ERROR] LogOutputStream:75 - [STDERR_REDIRECT] [Fatal Error] :1:1: Premature end of file.
2026-09-17 21:11:32,154 [ERROR] LogOutputStream:75 - [STDERR_REDIRECT] 
2026-09-17 21:11:33,158 [ERROR] LogOutputStream:75 - [STDERR_REDIRECT] [Fatal Error] :1:1: Premature end of file.
2026-09-17 21:11:33,158 [ERROR] LogOutputStream:75 - [STDERR_REDIRECT] 
2026-09-17 21:11:34,160 [ERROR] LogOutputStream:75 - [STDERR_REDIRECT] [Fatal Error] :1:1: Premature end of file.
2026-09-17 21:11:34,161 [ERROR] LogOutputStream:75 - [STDERR_REDIRECT] 
2026-09-17 21:11:35,154 [ERROR] LogOutputStream:75 - [STDERR_REDIRECT] [Fatal Error] :1:1: Premature end of file.
2026-09-17 21:11:35,155 [ERROR] LogOutputStream:75 - [STDERR_REDIRECT] 
2026-09-17 21:11:36,161 [ERROR] LogOutputStream:75 - [STDERR_REDIRECT] [Fatal Error] :1:1: Premature end of file.
2026-09-17 21:11:36,161 [ERROR] LogOutputStream:75 - [STDERR_REDIRECT] 
2026-09-17 21:11:37,155 [ERROR] LogOutputStream:75 - [STDERR_REDIRECT] [Fatal Error] :1:1: Premature end of file.
2026-09-17 21:11:37,155 [ERROR] LogOutputStream:75 - [STDERR_REDIRECT] 
2026-09-17 21:11:38,156 [ERROR] LogOutputStream:75 - [STDERR_REDIRECT] [Fatal Error] :1:1: Premature end of file.
2026-09-17 21:11:38,156 [ERROR] LogOutputStream:75 - [STDERR_REDIRECT] 
2026-09-17 21:11:39,154 [ERROR] LogOutputStream:75 - [STDERR_REDIRECT] [Fatal Error] :1:1: Premature end of file.
2026-09-17 21:11:39,154 [ERROR] LogOutputStream:75 - [STDERR_REDIRECT] 
2026-09-17 21:11:40,152 [ERROR] LogOutputStream:75 - [STDERR_REDIRECT] [Fatal Error] :1:1: Premature end of file.
2026-09-17 21:11:40,152 [ERROR] LogOutputStream:75 - [STDERR_REDIRECT] 
2026-09-17 21:11:41,148 [ERROR] LogOutputStream:75 - [STDERR_REDIRECT] [Fatal Error] :1:1: Premature end of file.
2026-09-17 21:11:41,148 [ERROR] LogOutputStream:75 - [STDERR_REDIRECT] 
2026-09-17 21:11:42,155 [ERROR] LogOutputStream:75 - [STDERR_REDIRECT] [Fatal Error] :1:1: Premature end of file.
2026-09-17 21:11:42,155 [ERROR] LogOutputStream:75 - [STDERR_REDIRECT] 
2026-09-17 21:11:43,160 [ERROR] LogOutputStream:75 - [STDERR_REDIRECT] [Fatal Error] :1:1: Premature end of file.
2026-09-17 21:11:43,160 [ERROR] LogOutputStream:75 - [STDERR_REDIRECT] 
2026-09-17 21:11:44,149 [ERROR] LogOutputStream:75 - [STDERR_REDIRECT] [Fatal Error] :1:1: Premature end of file.
2026-09-17 21:11:44,149 [ERROR] LogOutputStream:75 - [STDERR_REDIRECT] 
2026-09-17 21:11:45,146 [ERROR] LogOutputStream:75 - [STDERR_REDIRECT] [Fatal Error] :1:1: Premature end of file.
2026-09-17 21:11:45,146 [ERROR] LogOutputStream:75 - [STDERR_REDIRECT] 
2026-09-17 21:11:46,152 [ERROR] LogOutputStream:75 - [STDERR_REDIRECT] [Fatal Error] :1:1: Premature end of file.
2026-09-17 21:11:46,152 [ERROR] LogOutputStream:75 - [STDERR_REDIRECT] 
2026-09-17 21:11:47,154 [ERROR] LogOutputStream:75 - [STDERR_REDIRECT] [Fatal Error] :1:1: Premature end of file.
2026-09-17 21:11:47,154 [ERROR] LogOutputStream:75 - [STDERR_REDIRECT] 
2026-09-17 21:11:48,162 [ERROR] LogOutputStream:75 - [STDERR_REDIRECT] [Fatal Error] :1:1: Premature end of file.
2026-09-17 21:11:48,162 [ERROR] LogOutputStream:75 - [STDERR_REDIRECT] 
2026-09-17 21:11:49,153 [ERROR] LogOutputStream:75 - [STDERR_REDIRECT] [Fatal Error] :1:1: Premature end of file.
2026-09-17 21:11:49,153 [ERROR] LogOutputStream:75 - [STDERR_REDIRECT] 
2026-09-17 21:11:50,154 [ERROR] LogOutputStream:75 - [STDERR_REDIRECT] [Fatal Error] :1:1: Premature end of file.
2026-09-17 21:11:50,154 [ERROR] LogOutputStream:75 - [STDERR_REDIRECT] 
2026-09-17 21:11:51,145 [ERROR] LogOutputStream:75 - [STDERR_REDIRECT] [Fatal Error] :1:1: Premature end of file.
2026-09-17 21:11:51,145 [ERROR] LogOutputStream:75 - [STDERR_REDIRECT] 
2026-09-17 21:11:52,158 [ERROR] LogOutputStream:75 - [STDERR_REDIRECT] [Fatal Error] :1:1: Premature end of file.
2026-09-17 21:11:52,158 [ERROR] LogOutputStream:75 - [STDERR_REDIRECT] 
2026-09-17 21:11:53,161 [ERROR] LogOutputStream:75 - [STDERR_REDIRECT] [Fatal Error] :1:1: Premature end of file.
2026-09-17 21:11:53,161 [ERROR] LogOutputStream:75 - [STDERR_REDIRECT] 
2026-09-17 21:11:54,160 [ERROR] LogOutputStream:75 - [STDERR_REDIRECT] [Fatal Error] :1:1: Premature end of file.
2026-09-17 21:11:54,160 [ERROR] LogOutputStream:75 - [STDERR_REDIRECT] 
2026-09-17 21:11:55,159 [ERROR] LogOutputStream:75 - [STDERR_REDIRECT] [Fatal Error] :1:1: Premature end of file.
2026-09-17 21:11:55,159 [ERROR] LogOutputStream:75 - [STDERR_REDIRECT] 
2026-09-17 21:11:56,153 [ERROR] LogOutputStream:75 - [STDERR_REDIRECT] [Fatal Error] :1:1: Premature end of file.
2026-09-17 21:11:56,153 [ERROR] LogOutputStream:75 - [STDERR_REDIRECT] 
2026-09-17 21:11:57,147 [ERROR] LogOutputStream:75 - [STDERR_REDIRECT] [Fatal Error] :1:1: Premature end of file.
2026-09-17 21:11:57,148 [ERROR] LogOutputStream:75 - [STDERR_REDIRECT] 
2026-09-17 21:11:58,160 [ERROR] LogOutputStream:75 - [STDERR_REDIRECT] [Fatal Error] :1:1: Premature end of file.
2026-09-17 21:11:58,160 [ERROR] LogOutputStream:75 - [STDERR_REDIRECT] 
2026-09-17 21:11:59,145 [ERROR] LogOutputStream:75 - [STDERR_REDIRECT] [Fatal Error] :1:1: Premature end of file.
2026-09-17 21:11:59,145 [ERROR] LogOutputStream:75 - [STDERR_REDIRECT] 
2026-09-17 21:12:00,157 [ERROR] LogOutputStream:75 - [STDERR_REDIRECT] [Fatal Error] :1:1: Premature end of file.
2026-09-17 21:12:00,157 [ERROR] LogOutputStream:75 - [STDERR_REDIRECT] 
2026-09-17 21:12:01,153 [ERROR] LogOutputStream:75 - [STDERR_REDIRECT] [Fatal Error] :1:1: Premature end of file.
2026-09-17 21:12:01,200 [ERROR] LogOutputStream:75 - [STDERR_REDIRECT] 
2026-09-17 21:12:02,154 [ERROR] LogOutputStream:75 - [STDERR_REDIRECT] [Fatal Error] :1:1: Premature end of file.
2026-09-17 21:12:02,154 [ERROR] LogOutputStream:75 - [STDERR_REDIRECT] 
2026-09-17 21:12:03,154 [ERROR] LogOutputStream:75 - [STDERR_REDIRECT] [Fatal Error] :1:1: Premature end of file.
2026-09-17 21:12:03,154 [ERROR] LogOutputStream:75 - [STDERR_REDIRECT] 
2026-09-17 21:12:04,157 [ERROR] LogOutputStream:75 - [STDERR_REDIRECT] [Fatal Error] :1:1: Premature end of file.
2026-09-17 21:12:04,157 [ERROR] LogOutputStream:75 - [STDERR_REDIRECT] 
2026-09-17 21:12:05,155 [ERROR] LogOutputStream:75 - [STDERR_REDIRECT] [Fatal Error] :1:1: Premature end of file.
2026-09-17 21:12:05,155 [ERROR] LogOutputStream:75 - [STDERR_REDIRECT] 
2026-09-17 21:12:06,154 [ERROR] LogOutputStream:75 - [STDERR_REDIRECT] [Fatal Error] :1:1: Premature end of file.
2026-09-17 21:12:06,154 [ERROR] LogOutputStream:75 - [STDERR_REDIRECT] 
2026-09-17 21:12:07,154 [ERROR] LogOutputStream:75 - [STDERR_REDIRECT] [Fatal Error] :1:1: Premature end of file.
2026-09-17 21:12:07,154 [ERROR] LogOutputStream:75 - [STDERR_REDIRECT] 
2026-09-17 21:12:08,152 [ERROR] LogOutputStream:75 - [STDERR_REDIRECT] [Fatal Error] :1:1: Premature end of file.
2026-09-17 21:12:08,152 [ERROR] LogOutputStream:75 - [STDERR_REDIRECT] 
2026-09-17 21:12:09,161 [ERROR] LogOutputStream:75 - [STDERR_REDIRECT] [Fatal Error] :1:1: Premature end of file.
2026-09-17 21:12:09,161 [ERROR] LogOutputStream:75 - [STDERR_REDIRECT] 
2026-09-17 21:12:10,157 [ERROR] LogOutputStream:75 - [STDERR_REDIRECT] [Fatal Error] :1:1: Premature end of file.
2026-09-17 21:12:10,157 [ERROR] LogOutputStream:75 - [STDERR_REDIRECT] 
2026-09-17 21:12:11,142 [ERROR] LogOutputStream:75 - [STDERR_REDIRECT] [Fatal Error] :1:1: Premature end of file.
2026-09-17 21:12:11,142 [ERROR] LogOutputStream:75 - [STDERR_REDIRECT] 
2026-09-17 21:12:12,161 [ERROR] LogOutputStream:75 - [STDERR_REDIRECT] [Fatal Error] :1:1: Premature end of file.
2026-09-17 21:12:12,161 [ERROR] LogOutputStream:75 - [STDERR_REDIRECT] 
2026-09-17 21:12:13,154 [ERROR] LogOutputStream:75 - [STDERR_REDIRECT] [Fatal Error] :1:1: Premature end of file.
2026-09-17 21:12:13,154 [ERROR] LogOutputStream:75 - [STDERR_REDIRECT] 
2026-09-17 21:12:14,155 [ERROR] LogOutputStream:75 - [STDERR_REDIRECT] [Fatal Error] :1:1: Premature end of file.
2026-09-17 21:12:14,155 [ERROR] LogOutputStream:75 - [STDERR_REDIRECT] 
2026-09-17 21:12:15,159 [ERROR] LogOutputStream:75 - [STDERR_REDIRECT] [Fatal Error] :1:1: Premature end of file.
2026-09-17 21:12:15,159 [ERROR] LogOutputStream:75 - [STDERR_REDIRECT] 
2026-09-17 21:12:16,169 [ERROR] LogOutputStream:75 - [STDERR_REDIRECT] [Fatal Error] :1:1: Premature end of file.
2026-09-17 21:12:16,169 [ERROR] LogOutputStream:75 - [STDERR_REDIRECT] 
2026-09-17 21:12:17,156 [ERROR] LogOutputStream:75 - [STDERR_REDIRECT] [Fatal Error] :1:1: Premature end of file.
2026-09-17 21:12:17,156 [ERROR] LogOutputStream:75 - [STDERR_REDIRECT] 
2026-09-17 21:12:18,150 [ERROR] LogOutputStream:75 - [STDERR_REDIRECT] [Fatal Error] :1:1: Premature end of file.
2026-09-17 21:12:18,150 [ERROR] LogOutputStream:75 - [STDERR_REDIRECT] 
2026-09-17 21:12:19,156 [ERROR] LogOutputStream:75 - [STDERR_REDIRECT] [Fatal Error] :1:1: Premature end of file.
2026-09-17 21:12:19,156 [ERROR] LogOutputStream:75 - [STDERR_REDIRECT] 
2026-09-17 21:12:20,150 [ERROR] LogOutputStream:75 - [STDERR_REDIRECT] [Fatal Error] :1:1: Premature end of file.
2026-09-17 21:12:20,150 [ERROR] LogOutputStream:75 - [STDERR_REDIRECT] 
2026-09-17 21:12:21,150 [ERROR] LogOutputStream:75 - [STDERR_REDIRECT] [Fatal Error] :1:1: Premature end of file.
2026-09-17 21:12:21,151 [ERROR] LogOutputStream:75 - [STDERR_REDIRECT] 
2026-09-17 21:12:22,148 [ERROR] LogOutputStream:75 - [STDERR_REDIRECT] [Fatal Error] :1:1: Premature end of file.
2026-09-17 21:12:22,148 [ERROR] LogOutputStream:75 - [STDERR_REDIRECT] 
2026-09-17 21:12:23,155 [ERROR] LogOutputStream:75 - [STDERR_REDIRECT] [Fatal Error] :1:1: Premature end of file.
2026-09-17 21:12:23,155 [ERROR] LogOutputStream:75 - [STDERR_REDIRECT] 
2026-09-17 21:12:24,161 [ERROR] LogOutputStream:75 - [STDERR_REDIRECT] [Fatal Error] :1:1: Premature end of file.
2026-09-17 21:12:24,161 [ERROR] LogOutputStream:75 - [STDERR_REDIRECT] 
2026-09-17 21:12:25,151 [ERROR] LogOutputStream:75 - [STDERR_REDIRECT] [Fatal Error] :1:1: Premature end of file.
2026-09-17 21:12:25,151 [ERROR] LogOutputStream:75 - [STDERR_REDIRECT] 
2026-09-17 21:12:26,160 [ERROR] LogOutputStream:75 - [STDERR_REDIRECT] [Fatal Error] :1:1: Premature end of file.
2026-09-17 21:12:26,160 [ERROR] LogOutputStream:75 - [STDERR_REDIRECT] 
2026-09-17 21:12:27,157 [ERROR] LogOutputStream:75 - [STDERR_REDIRECT] [Fatal Error] :1:1: Premature end of file.
2026-09-17 21:12:27,157 [ERROR] LogOutputStream:75 - [STDERR_REDIRECT] 
2026-09-17 21:12:28,151 [ERROR] LogOutputStream:75 - [STDERR_REDIRECT] [Fatal Error] :1:1: Premature end of file.
2026-09-17 21:12:28,151 [ERROR] LogOutputStream:75 - [STDERR_REDIRECT] 
2026-09-17 21:12:29,157 [ERROR] LogOutputStream:75 - [STDERR_REDIRECT] [Fatal Error] :1:1: Premature end of file.
2026-09-17 21:12:29,157 [ERROR] LogOutputStream:75 - [STDERR_REDIRECT] 
2026-09-17 21:12:30,165 [ERROR] LogOutputStream:75 - [STDERR_REDIRECT] [Fatal Error] :1:1: Premature end of file.
2026-09-17 21:12:30,165 [ERROR] LogOutputStream:75 - [STDERR_REDIRECT] 
2026-09-17 21:12:31,166 [ERROR] LogOutputStream:75 - [STDERR_REDIRECT] [Fatal Error] :1:1: Premature end of file.
2026-09-17 21:12:31,171 [ERROR] LogOutputStream:75 - [STDERR_REDIRECT] 
2026-09-17 21:12:32,155 [ERROR] LogOutputStream:75 - [STDERR_REDIRECT] [Fatal Error] :1:1: Premature end of file.
2026-09-17 21:12:32,155 [ERROR] LogOutputStream:75 - [STDERR_REDIRECT] 
2026-09-17 21:12:33,170 [ERROR] LogOutputStream:75 - [STDERR_REDIRECT] [Fatal Error] :1:1: Premature end of file.
2026-09-17 21:12:33,170 [ERROR] LogOutputStream:75 - [STDERR_REDIRECT] 
2026-09-17 21:12:34,157 [ERROR] LogOutputStream:75 - [STDERR_REDIRECT] [Fatal Error] :1:1: Premature end of file.
2026-09-17 21:12:34,157 [ERROR] LogOutputStream:75 - [STDERR_REDIRECT] 
2026-09-17 21:12:35,162 [ERROR] LogOutputStream:75 - [STDERR_REDIRECT] [Fatal Error] :1:1: Premature end of file.
2026-09-17 21:12:35,162 [ERROR] LogOutputStream:75 - [STDERR_REDIRECT] 
2026-09-17 21:12:36,150 [ERROR] LogOutputStream:75 - [STDERR_REDIRECT] [Fatal Error] :1:1: Premature end of file.
2026-09-17 21:12:36,150 [ERROR] LogOutputStream:75 - [STDERR_REDIRECT] 
2026-09-17 21:12:37,153 [ERROR] LogOutputStream:75 - [STDERR_REDIRECT] [Fatal Error] :1:1: Premature end of file.
2026-09-17 21:12:37,153 [ERROR] LogOutputStream:75 - [STDERR_REDIRECT] 
2026-09-17 21:12:38,156 [ERROR] LogOutputStream:75 - [STDERR_REDIRECT] [Fatal Error] :1:1: Premature end of file.
2026-09-17 21:12:38,156 [ERROR] LogOutputStream:75 - [STDERR_REDIRECT] 
2026-09-17 21:12:39,164 [ERROR] LogOutputStream:75 - [STDERR_REDIRECT] [Fatal Error] :1:1: Premature end of file.
2026-09-17 21:12:39,165 [ERROR] LogOutputStream:75 - [STDERR_REDIRECT] 
2026-09-17 21:12:40,155 [ERROR] LogOutputStream:75 - [STDERR_REDIRECT] [Fatal Error] :1:1: Premature end of file.
2026-09-17 21:12:40,155 [ERROR] LogOutputStream:75 - [STDERR_REDIRECT] 
2026-09-17 21:12:41,152 [ERROR] LogOutputStream:75 - [STDERR_REDIRECT] [Fatal Error] :1:1: Premature end of file.
2026-09-17 21:12:41,152 [ERROR] LogOutputStream:75 - [STDERR_REDIRECT] 
2026-09-17 21:12:42,162 [ERROR] LogOutputStream:75 - [STDERR_REDIRECT] [Fatal Error] :1:1: Premature end of file.
2026-09-17 21:12:42,162 [ERROR] LogOutputStream:75 - [STDERR_REDIRECT] 
2026-09-17 21:12:43,161 [ERROR] LogOutputStream:75 - [STDERR_REDIRECT] [Fatal Error] :1:1: Premature end of file.
2026-09-17 21:12:43,161 [ERROR] LogOutputStream:75 - [STDERR_REDIRECT] 
2026-09-17 21:12:44,156 [ERROR] LogOutputStream:75 - [STDERR_REDIRECT] [Fatal Error] :1:1: Premature end of file.
2026-09-17 21:12:44,156 [ERROR] LogOutputStream:75 - [STDERR_REDIRECT] 
2026-09-17 21:12:45,153 [ERROR] LogOutputStream:75 - [STDERR_REDIRECT] [Fatal Error] :1:1: Premature end of file.
2026-09-17 21:12:45,153 [ERROR] LogOutputStream:75 - [STDERR_REDIRECT] 
2026-09-17 21:12:46,164 [ERROR] LogOutputStream:75 - [STDERR_REDIRECT] [Fatal Error] :1:1: Premature end of file.
2026-09-17 21:12:46,164 [ERROR] LogOutputStream:75 - [STDERR_REDIRECT] 
2026-09-17 21:12:47,161 [ERROR] LogOutputStream:75 - [STDERR_REDIRECT] [Fatal Error] :1:1: Premature end of file.
2026-09-17 21:12:47,162 [ERROR] LogOutputStream:75 - [STDERR_REDIRECT] 
2026-09-17 21:12:48,160 [ERROR] LogOutputStream:75 - [STDERR_REDIRECT] [Fatal Error] :1:1: Premature end of file.
2026-09-17 21:12:48,160 [ERROR] LogOutputStream:75 - [STDERR_REDIRECT] 
2026-09-17 21:12:49,163 [ERROR] LogOutputStream:75 - [STDERR_REDIRECT] [Fatal Error] :1:1: Premature end of file.
2026-09-17 21:12:49,163 [ERROR] LogOutputStream:75 - [STDERR_REDIRECT] 
2026-09-17 21:12:50,151 [ERROR] LogOutputStream:75 - [STDERR_REDIRECT] [Fatal Error] :1:1: Premature end of file.
2026-09-17 21:12:50,151 [ERROR] LogOutputStream:75 - [STDERR_REDIRECT] 
2026-09-17 21:12:51,171 [ERROR] LogOutputStream:75 - [STDERR_REDIRECT] [Fatal Error] :1:1: Premature end of file.
2026-09-17 21:12:51,171 [ERROR] LogOutputStream:75 - [STDERR_REDIRECT] 
2026-09-17 21:12:52,150 [ERROR] LogOutputStream:75 - [STDERR_REDIRECT] [Fatal Error] :1:1: Premature end of file.
2026-09-17 21:12:52,150 [ERROR] LogOutputStream:75 - [STDERR_REDIRECT] 
2026-09-17 21:12:53,163 [ERROR] LogOutputStream:75 - [STDERR_REDIRECT] [Fatal Error] :1:1: Premature end of file.
2026-09-17 21:12:53,163 [ERROR] LogOutputStream:75 - [STDERR_REDIRECT] 
2026-09-17 21:12:54,162 [ERROR] LogOutputStream:75 - [STDERR_REDIRECT] [Fatal Error] :1:1: Premature end of file.
2026-09-17 21:12:54,162 [ERROR] LogOutputStream:75 - [STDERR_REDIRECT] 
2026-09-17 21:12:55,168 [ERROR] LogOutputStream:75 - [STDERR_REDIRECT] [Fatal Error] :1:1: Premature end of file.
2026-09-17 21:12:55,168 [ERROR] LogOutputStream:75 - [STDERR_REDIRECT] 
2026-09-17 21:12:56,168 [ERROR] LogOutputStream:75 - [STDERR_REDIRECT] [Fatal Error] :1:1: Premature end of file.
2026-09-17 21:12:56,170 [ERROR] LogOutputStream:75 - [STDERR_REDIRECT] 
2026-09-17 21:12:57,166 [ERROR] LogOutputStream:75 - [STDERR_REDIRECT] [Fatal Error] :1:1: Premature end of file.
2026-09-17 21:12:57,166 [ERROR] LogOutputStream:75 - [STDERR_REDIRECT] 
2026-09-17 21:12:58,168 [ERROR] LogOutputStream:75 - [STDERR_REDIRECT] [Fatal Error] :1:1: Premature end of file.
2026-09-17 21:12:58,168 [ERROR] LogOutputStream:75 - [STDERR_REDIRECT] 
2026-09-17 21:12:59,166 [ERROR] LogOutputStream:75 - [STDERR_REDIRECT] [Fatal Error] :1:1: Premature end of file.
2026-09-17 21:12:59,166 [ERROR] LogOutputStream:75 - [STDERR_REDIRECT] 
2026-09-17 21:13:00,166 [ERROR] LogOutputStream:75 - [STDERR_REDIRECT] [Fatal Error] :1:1: Premature end of file.
2026-09-17 21:13:00,166 [ERROR] LogOutputStream:75 - [STDERR_REDIRECT] 
2026-09-17 21:13:01,171 [ERROR] LogOutputStream:75 - [STDERR_REDIRECT] [Fatal Error] :1:1: Premature end of file.
2026-09-17 21:13:01,171 [ERROR] LogOutputStream:75 - [STDERR_REDIRECT] 
2026-09-17 21:13:02,157 [ERROR] LogOutputStream:75 - [STDERR_REDIRECT] [Fatal Error] :1:1: Premature end of file.
2026-09-17 21:13:02,157 [ERROR] LogOutputStream:75 - [STDERR_REDIRECT] 
2026-09-17 21:13:03,163 [ERROR] LogOutputStream:75 - [STDERR_REDIRECT] [Fatal Error] :1:1: Premature end of file.
2026-09-17 21:13:03,163 [ERROR] LogOutputStream:75 - [STDERR_REDIRECT] 
2026-09-17 21:13:04,163 [ERROR] LogOutputStream:75 - [STDERR_REDIRECT] [Fatal Error] :1:1: Premature end of file.
2026-09-17 21:13:04,163 [ERROR] LogOutputStream:75 - [STDERR_REDIRECT] 
2026-09-17 21:13:05,156 [ERROR] LogOutputStream:75 - [STDERR_REDIRECT] [Fatal Error] :1:1: Premature end of file.
2026-09-17 21:13:05,156 [ERROR] LogOutputStream:75 - [STDERR_REDIRECT] 
2026-09-17 21:13:06,169 [ERROR] LogOutputStream:75 - [STDERR_REDIRECT] [Fatal Error] :1:1: Premature end of file.
2026-09-17 21:13:06,170 [ERROR] LogOutputStream:75 - [STDERR_REDIRECT] 
2026-09-17 21:13:07,157 [ERROR] LogOutputStream:75 - [STDERR_REDIRECT] [Fatal Error] :1:1: Premature end of file.
2026-09-17 21:13:07,157 [ERROR] LogOutputStream:75 - [STDERR_REDIRECT] 
2026-09-17 21:13:08,162 [ERROR] LogOutputStream:75 - [STDERR_REDIRECT] [Fatal Error] :1:1: Premature end of file.
2026-09-17 21:13:08,162 [ERROR] LogOutputStream:75 - [STDERR_REDIRECT] 
2026-09-17 21:13:09,161 [ERROR] LogOutputStream:75 - [STDERR_REDIRECT] [Fatal Error] :1:1: Premature end of file.
2026-09-17 21:13:09,161 [ERROR] LogOutputStream:75 - [STDERR_REDIRECT] 
2026-09-17 21:13:10,158 [ERROR] LogOutputStream:75 - [STDERR_REDIRECT] [Fatal Error] :1:1: Premature end of file.
2026-09-17 21:13:10,159 [ERROR] LogOutputStream:75 - [STDERR_REDIRECT] 
2026-09-17 21:13:11,149 [ERROR] LogOutputStream:75 - [STDERR_REDIRECT] [Fatal Error] :1:1: Premature end of file.
2026-09-17 21:13:11,149 [ERROR] LogOutputStream:75 - [STDERR_REDIRECT] 
2026-09-17 21:13:12,156 [ERROR] LogOutputStream:75 - [STDERR_REDIRECT] [Fatal Error] :1:1: Premature end of file.
2026-09-17 21:13:12,156 [ERROR] LogOutputStream:75 - [STDERR_REDIRECT] 
2026-09-17 21:13:13,159 [ERROR] LogOutputStream:75 - [STDERR_REDIRECT] [Fatal Error] :1:1: Premature end of file.
2026-09-17 21:13:13,159 [ERROR] LogOutputStream:75 - [STDERR_REDIRECT] 
2026-09-17 21:13:14,167 [ERROR] LogOutputStream:75 - [STDERR_REDIRECT] [Fatal Error] :1:1: Premature end of file.
2026-09-17 21:13:14,167 [ERROR] LogOutputStream:75 - [STDERR_REDIRECT] 
2026-09-17 21:13:15,150 [ERROR] LogOutputStream:75 - [STDERR_REDIRECT] [Fatal Error] :1:1: Premature end of file.
2026-09-17 21:13:15,150 [ERROR] LogOutputStream:75 - [STDERR_REDIRECT] 
2026-09-17 21:13:16,158 [ERROR] LogOutputStream:75 - [STDERR_REDIRECT] [Fatal Error] :1:1: Premature end of file.
2026-09-17 21:13:16,159 [ERROR] LogOutputStream:75 - [STDERR_REDIRECT] 
2026-09-17 21:13:17,157 [ERROR] LogOutputStream:75 - [STDERR_REDIRECT] [Fatal Error] :1:1: Premature end of file.
2026-09-17 21:13:17,158 [ERROR] LogOutputStream:75 - [STDERR_REDIRECT] 
2026-09-17 21:13:18,161 [ERROR] LogOutputStream:75 - [STDERR_REDIRECT] [Fatal Error] :1:1: Premature end of file.
2026-09-17 21:13:18,161 [ERROR] LogOutputStream:75 - [STDERR_REDIRECT] 
2026-09-17 21:13:19,160 [ERROR] LogOutputStream:75 - [STDERR_REDIRECT] [Fatal Error] :1:1: Premature end of file.
2026-09-17 21:13:19,160 [ERROR] LogOutputStream:75 - [STDERR_REDIRECT] 
2026-09-17 21:13:20,156 [ERROR] LogOutputStream:75 - [STDERR_REDIRECT] [Fatal Error] :1:1: Premature end of file.
2026-09-17 21:13:20,156 [ERROR] LogOutputStream:75 - [STDERR_REDIRECT] 
2026-09-17 21:13:21,154 [ERROR] LogOutputStream:75 - [STDERR_REDIRECT] [Fatal Error] :1:1: Premature end of file.
2026-09-17 21:13:21,154 [ERROR] LogOutputStream:75 - [STDERR_REDIRECT] 
2026-09-17 21:13:22,162 [ERROR] LogOutputStream:75 - [STDERR_REDIRECT] [Fatal Error] :1:1: Premature end of file.
2026-09-17 21:13:22,163 [ERROR] LogOutputStream:75 - [STDERR_REDIRECT] 
2026-09-17 21:13:23,150 [ERROR] LogOutputStream:75 - [STDERR_REDIRECT] [Fatal Error] :1:1: Premature end of file.
2026-09-17 21:13:23,150 [ERROR] LogOutputStream:75 - [STDERR_REDIRECT] 
2026-09-17 21:13:24,148 [ERROR] LogOutputStream:75 - [STDERR_REDIRECT] [Fatal Error] :1:1: Premature end of file.
2026-09-17 21:13:24,148 [ERROR] LogOutputStream:75 - [STDERR_REDIRECT] 
2026-09-17 21:13:25,152 [ERROR] LogOutputStream:75 - [STDERR_REDIRECT] [Fatal Error] :1:1: Premature end of file.
2026-09-17 21:13:25,152 [ERROR] LogOutputStream:75 - [STDERR_REDIRECT] 
2026-09-17 21:13:26,160 [ERROR] LogOutputStream:75 - [STDERR_REDIRECT] [Fatal Error] :1:1: Premature end of file.
2026-09-17 21:13:26,160 [ERROR] LogOutputStream:75 - [STDERR_REDIRECT] 
2026-09-17 21:13:27,149 [ERROR] LogOutputStream:75 - [STDERR_REDIRECT] [Fatal Error] :1:1: Premature end of file.
2026-09-17 21:13:27,150 [ERROR] LogOutputStream:75 - [STDERR_REDIRECT] 
2026-09-17 21:13:28,156 [ERROR] LogOutputStream:75 - [STDERR_REDIRECT] [Fatal Error] :1:1: Premature end of file.
2026-09-17 21:13:28,156 [ERROR] LogOutputStream:75 - [STDERR_REDIRECT] 
2026-09-17 21:13:29,158 [ERROR] LogOutputStream:75 - [STDERR_REDIRECT] [Fatal Error] :1:1: Premature end of file.
2026-09-17 21:13:29,158 [ERROR] LogOutputStream:75 - [STDERR_REDIRECT] 
2026-09-17 21:13:30,160 [ERROR] LogOutputStream:75 - [STDERR_REDIRECT] [Fatal Error] :1:1: Premature end of file.
2026-09-17 21:13:30,160 [ERROR] LogOutputStream:75 - [STDERR_REDIRECT] 
2026-09-17 21:13:31,148 [ERROR] LogOutputStream:75 - [STDERR_REDIRECT] [Fatal Error] :1:1: Premature end of file.
2026-09-17 21:13:31,162 [ERROR] LogOutputStream:75 - [STDERR_REDIRECT] 
2026-09-17 21:13:32,155 [ERROR] LogOutputStream:75 - [STDERR_REDIRECT] [Fatal Error] :1:1: Premature end of file.
2026-09-17 21:13:32,155 [ERROR] LogOutputStream:75 - [STDERR_REDIRECT] 
2026-09-17 21:13:33,154 [ERROR] LogOutputStream:75 - [STDERR_REDIRECT] [Fatal Error] :1:1: Premature end of file.
2026-09-17 21:13:33,155 [ERROR] LogOutputStream:75 - [STDERR_REDIRECT] 
2026-09-17 21:13:34,157 [ERROR] LogOutputStream:75 - [STDERR_REDIRECT] [Fatal Error] :1:1: Premature end of file.
2026-09-17 21:13:34,158 [ERROR] LogOutputStream:75 - [STDERR_REDIRECT] 
2026-09-17 21:13:35,160 [ERROR] LogOutputStream:75 - [STDERR_REDIRECT] [Fatal Error] :1:1: Premature end of file.
2026-09-17 21:13:35,161 [ERROR] LogOutputStream:75 - [STDERR_REDIRECT] 
2026-09-17 21:13:36,154 [ERROR] LogOutputStream:75 - [STDERR_REDIRECT] [Fatal Error] :1:1: Premature end of file.
2026-09-17 21:13:36,154 [ERROR] LogOutputStream:75 - [STDERR_REDIRECT] 
2026-09-17 21:13:37,155 [ERROR] LogOutputStream:75 - [STDERR_REDIRECT] [Fatal Error] :1:1: Premature end of file.
2026-09-17 21:13:37,155 [ERROR] LogOutputStream:75 - [STDERR_REDIRECT] 
2026-09-17 21:13:38,155 [ERROR] LogOutputStream:75 - [STDERR_REDIRECT] [Fatal Error] :1:1: Premature end of file.
2026-09-17 21:13:38,155 [ERROR] LogOutputStream:75 - [STDERR_REDIRECT] 
2026-09-17 21:13:39,158 [ERROR] LogOutputStream:75 - [STDERR_REDIRECT] [Fatal Error] :1:1: Premature end of file.
2026-09-17 21:13:39,158 [ERROR] LogOutputStream:75 - [STDERR_REDIRECT] 
2026-09-17 21:13:40,153 [ERROR] LogOutputStream:75 - [STDERR_REDIRECT] [Fatal Error] :1:1: Premature end of file.
2026-09-17 21:13:40,153 [ERROR] LogOutputStream:75 - [STDERR_REDIRECT] 
2026-09-17 21:13:41,160 [ERROR] LogOutputStream:75 - [STDERR_REDIRECT] [Fatal Error] :1:1: Premature end of file.
2026-09-17 21:13:41,160 [ERROR] LogOutputStream:75 - [STDERR_REDIRECT] 
2026-09-17 21:13:42,158 [ERROR] LogOutputStream:75 - [STDERR_REDIRECT] [Fatal Error] :1:1: Premature end of file.
2026-09-17 21:13:42,158 [ERROR] LogOutputStream:75 - [STDERR_REDIRECT] 
2026-09-17 21:13:43,160 [ERROR] LogOutputStream:75 - [STDERR_REDIRECT] [Fatal Error] :1:1: Premature end of file.
2026-09-17 21:13:43,160 [ERROR] LogOutputStream:75 - [STDERR_REDIRECT] 
2026-09-17 21:13:44,160 [ERROR] LogOutputStream:75 - [STDERR_REDIRECT] [Fatal Error] :1:1: Premature end of file.
2026-09-17 21:13:44,160 [ERROR] LogOutputStream:75 - [STDERR_REDIRECT] 
2026-09-17 21:13:45,158 [ERROR] LogOutputStream:75 - [STDERR_REDIRECT] [Fatal Error] :1:1: Premature end of file.
2026-09-17 21:13:45,159 [ERROR] LogOutputStream:75 - [STDERR_REDIRECT] 
2026-09-17 21:13:46,145 [ERROR] LogOutputStream:75 - [STDERR_REDIRECT] [Fatal Error] :1:1: Premature end of file.
2026-09-17 21:13:46,145 [ERROR] LogOutputStream:75 - [STDERR_REDIRECT] 
2026-09-17 21:13:47,157 [ERROR] LogOutputStream:75 - [STDERR_REDIRECT] [Fatal Error] :1:1: Premature end of file.
2026-09-17 21:13:47,157 [ERROR] LogOutputStream:75 - [STDERR_REDIRECT] 
2026-09-17 21:13:48,164 [ERROR] LogOutputStream:75 - [STDERR_REDIRECT] [Fatal Error] :1:1: Premature end of file.
2026-09-17 21:13:48,164 [ERROR] LogOutputStream:75 - [STDERR_REDIRECT] 
2026-09-17 21:13:49,161 [ERROR] LogOutputStream:75 - [STDERR_REDIRECT] [Fatal Error] :1:1: Premature end of file.
2026-09-17 21:13:49,161 [ERROR] LogOutputStream:75 - [STDERR_REDIRECT] 
2026-09-17 21:13:50,152 [ERROR] LogOutputStream:75 - [STDERR_REDIRECT] [Fatal Error] :1:1: Premature end of file.
2026-09-17 21:13:50,152 [ERROR] LogOutputStream:75 - [STDERR_REDIRECT] 
2026-09-17 21:13:51,157 [ERROR] LogOutputStream:75 - [STDERR_REDIRECT] [Fatal Error] :1:1: Premature end of file.
2026-09-17 21:13:51,158 [ERROR] LogOutputStream:75 - [STDERR_REDIRECT] 
2026-09-17 21:13:52,164 [ERROR] LogOutputStream:75 - [STDERR_REDIRECT] [Fatal Error] :1:1: Premature end of file.
2026-09-17 21:13:52,164 [ERROR] LogOutputStream:75 - [STDERR_REDIRECT] 
2026-09-17 21:13:53,148 [ERROR] LogOutputStream:75 - [STDERR_REDIRECT] [Fatal Error] :1:1: Premature end of file.
2026-09-17 21:13:53,148 [ERROR] LogOutputStream:75 - [STDERR_REDIRECT] 
2026-09-17 21:13:54,152 [ERROR] LogOutputStream:75 - [STDERR_REDIRECT] [Fatal Error] :1:1: Premature end of file.
2026-09-17 21:13:54,152 [ERROR] LogOutputStream:75 - [STDERR_REDIRECT] 
2026-09-17 21:13:55,159 [ERROR] LogOutputStream:75 - [STDERR_REDIRECT] [Fatal Error] :1:1: Premature end of file.
2026-09-17 21:13:55,159 [ERROR] LogOutputStream:75 - [STDERR_REDIRECT] 
2026-09-17 21:13:56,159 [ERROR] LogOutputStream:75 - [STDERR_REDIRECT] [Fatal Error] :1:1: Premature end of file.
2026-09-17 21:13:56,159 [ERROR] LogOutputStream:75 - [STDERR_REDIRECT] 
2026-09-17 21:13:57,157 [ERROR] LogOutputStream:75 - [STDERR_REDIRECT] [Fatal Error] :1:1: Premature end of file.
2026-09-17 21:13:57,158 [ERROR] LogOutputStream:75 - [STDERR_REDIRECT] 
2026-09-17 21:13:58,170 [ERROR] LogOutputStream:75 - [STDERR_REDIRECT] [Fatal Error] :1:1: Premature end of file.
2026-09-17 21:13:58,171 [ERROR] LogOutputStream:75 - [STDERR_REDIRECT] 
2026-09-17 21:13:59,159 [ERROR] LogOutputStream:75 - [STDERR_REDIRECT] [Fatal Error] :1:1: Premature end of file.
2026-09-17 21:13:59,159 [ERROR] LogOutputStream:75 - [STDERR_REDIRECT] 
2026-09-17 21:14:00,161 [ERROR] LogOutputStream:75 - [STDERR_REDIRECT] [Fatal Error] :1:1: Premature end of file.
2026-09-17 21:14:00,161 [ERROR] LogOutputStream:75 - [STDERR_REDIRECT] 
2026-09-17 21:14:01,151 [ERROR] LogOutputStream:75 - [STDERR_REDIRECT] [Fatal Error] :1:1: Premature end of file.
2026-09-17 21:14:01,163 [ERROR] LogOutputStream:75 - [STDERR_REDIRECT] 
2026-09-17 21:14:02,146 [ERROR] LogOutputStream:75 - [STDERR_REDIRECT] [Fatal Error] :1:1: Premature end of file.
2026-09-17 21:14:02,146 [ERROR] LogOutputStream:75 - [STDERR_REDIRECT] 
2026-09-17 21:14:03,157 [ERROR] LogOutputStream:75 - [STDERR_REDIRECT] [Fatal Error] :1:1: Premature end of file.
2026-09-17 21:14:03,157 [ERROR] LogOutputStream:75 - [STDERR_REDIRECT] 
2026-09-17 21:14:04,160 [ERROR] LogOutputStream:75 - [STDERR_REDIRECT] [Fatal Error] :1:1: Premature end of file.
2026-09-17 21:14:04,160 [ERROR] LogOutputStream:75 - [STDERR_REDIRECT] 
2026-09-17 21:14:05,144 [ERROR] LogOutputStream:75 - [STDERR_REDIRECT] [Fatal Error] :1:1: Premature end of file.
2026-09-17 21:14:05,144 [ERROR] LogOutputStream:75 - [STDERR_REDIRECT] 
2026-09-17 21:14:06,159 [ERROR] LogOutputStream:75 - [STDERR_REDIRECT] [Fatal Error] :1:1: Premature end of file.
2026-09-17 21:14:06,159 [ERROR] LogOutputStream:75 - [STDERR_REDIRECT] 
2026-09-17 21:14:07,158 [ERROR] LogOutputStream:75 - [STDERR_REDIRECT] [Fatal Error] :1:1: Premature end of file.
2026-09-17 21:14:07,158 [ERROR] LogOutputStream:75 - [STDERR_REDIRECT] 
2026-09-17 21:14:08,158 [ERROR] LogOutputStream:75 - [STDERR_REDIRECT] [Fatal Error] :1:1: Premature end of file.
2026-09-17 21:14:08,158 [ERROR] LogOutputStream:75 - [STDERR_REDIRECT] 
2026-09-17 21:14:09,157 [ERROR] LogOutputStream:75 - [STDERR_REDIRECT] [Fatal Error] :1:1: Premature end of file.
2026-09-17 21:14:09,157 [ERROR] LogOutputStream:75 - [STDERR_REDIRECT] 
2026-09-17 21:14:10,160 [ERROR] LogOutputStream:75 - [STDERR_REDIRECT] [Fatal Error] :1:1: Premature end of file.
2026-09-17 21:14:10,160 [ERROR] LogOutputStream:75 - [STDERR_REDIRECT] 
2026-09-17 21:14:11,158 [ERROR] LogOutputStream:75 - [STDERR_REDIRECT] [Fatal Error] :1:1: Premature end of file.
2026-09-17 21:14:11,158 [ERROR] LogOutputStream:75 - [STDERR_REDIRECT] 
2026-09-17 21:14:12,170 [ERROR] LogOutputStream:75 - [STDERR_REDIRECT] [Fatal Error] :1:1: Premature end of file.
2026-09-17 21:14:12,170 [ERROR] LogOutputStream:75 - [STDERR_REDIRECT] 
2026-09-17 21:14:13,159 [ERROR] LogOutputStream:75 - [STDERR_REDIRECT] [Fatal Error] :1:1: Premature end of file.
2026-09-17 21:14:13,159 [ERROR] LogOutputStream:75 - [STDERR_REDIRECT] 
2026-09-17 21:14:14,160 [ERROR] LogOutputStream:75 - [STDERR_REDIRECT] [Fatal Error] :1:1: Premature end of file.
2026-09-17 21:14:14,160 [ERROR] LogOutputStream:75 - [STDERR_REDIRECT] 
2026-09-17 21:14:15,152 [ERROR] LogOutputStream:75 - [STDERR_REDIRECT] [Fatal Error] :1:1: Premature end of file.
2026-09-17 21:14:15,152 [ERROR] LogOutputStream:75 - [STDERR_REDIRECT] 
2026-09-17 21:14:16,146 [ERROR] LogOutputStream:75 - [STDERR_REDIRECT] [Fatal Error] :1:1: Premature end of file.
2026-09-17 21:14:16,147 [ERROR] LogOutputStream:75 - [STDERR_REDIRECT] 
2026-09-17 21:14:17,178 [ERROR] LogOutputStream:75 - [STDERR_REDIRECT] [Fatal Error] :1:1: Premature end of file.
2026-09-17 21:14:17,178 [ERROR] LogOutputStream:75 - [STDERR_REDIRECT] 
2026-09-17 21:14:18,157 [ERROR] LogOutputStream:75 - [STDERR_REDIRECT] [Fatal Error] :1:1: Premature end of file.
2026-09-17 21:14:18,157 [ERROR] LogOutputStream:75 - [STDERR_REDIRECT] 
2026-09-17 21:14:19,155 [ERROR] LogOutputStream:75 - [STDERR_REDIRECT] [Fatal Error] :1:1: Premature end of file.
2026-09-17 21:14:19,155 [ERROR] LogOutputStream:75 - [STDERR_REDIRECT] 
2026-09-17 21:14:20,158 [ERROR] LogOutputStream:75 - [STDERR_REDIRECT] [Fatal Error] :1:1: Premature end of file.
2026-09-17 21:14:20,159 [ERROR] LogOutputStream:75 - [STDERR_REDIRECT] 
2026-09-17 21:14:21,152 [ERROR] LogOutputStream:75 - [STDERR_REDIRECT] [Fatal Error] :1:1: Premature end of file.
2026-09-17 21:14:21,152 [ERROR] LogOutputStream:75 - [STDERR_REDIRECT] 
2026-09-17 21:14:22,150 [ERROR] LogOutputStream:75 - [STDERR_REDIRECT] [Fatal Error] :1:1: Premature end of file.
2026-09-17 21:14:22,150 [ERROR] LogOutputStream:75 - [STDERR_REDIRECT] 
2026-09-17 21:14:23,161 [ERROR] LogOutputStream:75 - [STDERR_REDIRECT] [Fatal Error] :1:1: Premature end of file.
2026-09-17 21:14:23,161 [ERROR] LogOutputStream:75 - [STDERR_REDIRECT] 
2026-09-17 21:14:24,156 [ERROR] LogOutputStream:75 - [STDERR_REDIRECT] [Fatal Error] :1:1: Premature end of file.
2026-09-17 21:14:24,156 [ERROR] LogOutputStream:75 - [STDERR_REDIRECT] 
2026-09-17 21:14:25,163 [ERROR] LogOutputStream:75 - [STDERR_REDIRECT] [Fatal Error] :1:1: Premature end of file.
2026-09-17 21:14:25,163 [ERROR] LogOutputStream:75 - [STDERR_REDIRECT] 
2026-09-17 21:14:26,166 [ERROR] LogOutputStream:75 - [STDERR_REDIRECT] [Fatal Error] :1:1: Premature end of file.
2026-09-17 21:14:26,166 [ERROR] LogOutputStream:75 - [STDERR_REDIRECT] 
2026-09-17 21:14:27,165 [ERROR] LogOutputStream:75 - [STDERR_REDIRECT] [Fatal Error] :1:1: Premature end of file.
2026-09-17 21:14:27,165 [ERROR] LogOutputStream:75 - [STDERR_REDIRECT] 
2026-09-17 21:14:28,166 [ERROR] LogOutputStream:75 - [STDERR_REDIRECT] [Fatal Error] :1:1: Premature end of file.
2026-09-17 21:14:28,166 [ERROR] LogOutputStream:75 - [STDERR_REDIRECT] 
2026-09-17 21:14:29,168 [ERROR] LogOutputStream:75 - [STDERR_REDIRECT] [Fatal Error] :1:1: Premature end of file.
2026-09-17 21:14:29,168 [ERROR] LogOutputStream:75 - [STDERR_REDIRECT] 
2026-09-17 21:14:30,173 [ERROR] LogOutputStream:75 - [STDERR_REDIRECT] [Fatal Error] :1:1: Premature end of file.
2026-09-17 21:14:30,173 [ERROR] LogOutputStream:75 - [STDERR_REDIRECT] 
2026-09-17 21:14:31,148 [ERROR] LogOutputStream:75 - [STDERR_REDIRECT] [Fatal Error] :1:1: Premature end of file.
2026-09-17 21:14:31,148 [ERROR] LogOutputStream:75 - [STDERR_REDIRECT] 
2026-09-17 21:14:32,159 [ERROR] LogOutputStream:75 - [STDERR_REDIRECT] [Fatal Error] :1:1: Premature end of file.
2026-09-17 21:14:32,159 [ERROR] LogOutputStream:75 - [STDERR_REDIRECT] 
2026-09-17 21:14:33,155 [ERROR] LogOutputStream:75 - [STDERR_REDIRECT] [Fatal Error] :1:1: Premature end of file.
2026-09-17 21:14:33,155 [ERROR] LogOutputStream:75 - [STDERR_REDIRECT] 
2026-09-17 21:14:34,163 [ERROR] LogOutputStream:75 - [STDERR_REDIRECT] [Fatal Error] :1:1: Premature end of file.
2026-09-17 21:14:34,163 [ERROR] LogOutputStream:75 - [STDERR_REDIRECT] 
2026-09-17 21:14:35,163 [ERROR] LogOutputStream:75 - [STDERR_REDIRECT] [Fatal Error] :1:1: Premature end of file.
2026-09-17 21:14:35,194 [ERROR] LogOutputStream:75 - [STDERR_REDIRECT] 
2026-09-17 21:14:36,161 [ERROR] LogOutputStream:75 - [STDERR_REDIRECT] [Fatal Error] :1:1: Premature end of file.
2026-09-17 21:14:36,161 [ERROR] LogOutputStream:75 - [STDERR_REDIRECT] 
2026-09-17 21:14:37,159 [ERROR] LogOutputStream:75 - [STDERR_REDIRECT] [Fatal Error] :1:1: Premature end of file.
2026-09-17 21:14:37,159 [ERROR] LogOutputStream:75 - [STDERR_REDIRECT] 
2026-09-17 21:14:38,158 [ERROR] LogOutputStream:75 - [STDERR_REDIRECT] [Fatal Error] :1:1: Premature end of file.
2026-09-17 21:14:38,158 [ERROR] LogOutputStream:75 - [STDERR_REDIRECT] 
2026-09-17 21:14:39,160 [ERROR] LogOutputStream:75 - [STDERR_REDIRECT] [Fatal Error] :1:1: Premature end of file.
2026-09-17 21:14:39,160 [ERROR] LogOutputStream:75 - [STDERR_REDIRECT] 
2026-09-17 21:14:40,164 [ERROR] LogOutputStream:75 - [STDERR_REDIRECT] [Fatal Error] :1:1: Premature end of file.
2026-09-17 21:14:40,165 [ERROR] LogOutputStream:75 - [STDERR_REDIRECT] 
2026-09-17 21:14:41,163 [ERROR] LogOutputStream:75 - [STDERR_REDIRECT] [Fatal Error] :1:1: Premature end of file.
2026-09-17 21:14:41,163 [ERROR] LogOutputStream:75 - [STDERR_REDIRECT] 
2026-09-17 21:14:42,163 [ERROR] LogOutputStream:75 - [STDERR_REDIRECT] [Fatal Error] :1:1: Premature end of file.
2026-09-17 21:14:42,163 [ERROR] LogOutputStream:75 - [STDERR_REDIRECT] 
2026-09-17 21:14:43,161 [ERROR] LogOutputStream:75 - [STDERR_REDIRECT] [Fatal Error] :1:1: Premature end of file.
2026-09-17 21:14:43,161 [ERROR] LogOutputStream:75 - [STDERR_REDIRECT] 
2026-09-17 21:14:44,157 [ERROR] LogOutputStream:75 - [STDERR_REDIRECT] [Fatal Error] :1:1: Premature end of file.
2026-09-17 21:14:44,157 [ERROR] LogOutputStream:75 - [STDERR_REDIRECT] 
2026-09-17 21:14:45,155 [ERROR] LogOutputStream:75 - [STDERR_REDIRECT] [Fatal Error] :1:1: Premature end of file.
2026-09-17 21:14:45,155 [ERROR] LogOutputStream:75 - [STDERR_REDIRECT] 
2026-09-17 21:14:46,160 [ERROR] LogOutputStream:75 - [STDERR_REDIRECT] [Fatal Error] :1:1: Premature end of file.
2026-09-17 21:14:46,160 [ERROR] LogOutputStream:75 - [STDERR_REDIRECT] 
2026-09-17 21:14:47,153 [ERROR] LogOutputStream:75 - [STDERR_REDIRECT] [Fatal Error] :1:1: Premature end of file.
2026-09-17 21:14:47,153 [ERROR] LogOutputStream:75 - [STDERR_REDIRECT] 
2026-09-17 21:14:48,156 [ERROR] LogOutputStream:75 - [STDERR_REDIRECT] [Fatal Error] :1:1: Premature end of file.
2026-09-17 21:14:48,156 [ERROR] LogOutputStream:75 - [STDERR_REDIRECT] 
2026-09-17 21:14:49,162 [ERROR] LogOutputStream:75 - [STDERR_REDIRECT] [Fatal Error] :1:1: Premature end of file.
2026-09-17 21:14:49,162 [ERROR] LogOutputStream:75 - [STDERR_REDIRECT] 
2026-09-17 21:14:50,163 [ERROR] LogOutputStream:75 - [STDERR_REDIRECT] [Fatal Error] :1:1: Premature end of file.
2026-09-17 21:14:50,206 [ERROR] LogOutputStream:75 - [STDERR_REDIRECT] 
2026-09-17 21:14:51,165 [ERROR] LogOutputStream:75 - [STDERR_REDIRECT] [Fatal Error] :1:1: Premature end of file.
2026-09-17 21:14:51,165 [ERROR] LogOutputStream:75 - [STDERR_REDIRECT] 
2026-09-17 21:14:52,158 [ERROR] LogOutputStream:75 - [STDERR_REDIRECT] [Fatal Error] :1:1: Premature end of file.
2026-09-17 21:14:52,158 [ERROR] LogOutputStream:75 - [STDERR_REDIRECT] 
2026-09-17 21:14:53,180 [ERROR] LogOutputStream:75 - [STDERR_REDIRECT] [Fatal Error] :1:1: Premature end of file.
2026-09-17 21:14:53,180 [ERROR] LogOutputStream:75 - [STDERR_REDIRECT] 
2026-09-17 21:14:54,179 [ERROR] LogOutputStream:75 - [STDERR_REDIRECT] [Fatal Error] :1:1: Premature end of file.
2026-09-17 21:14:54,179 [ERROR] LogOutputStream:75 - [STDERR_REDIRECT] 
2026-09-17 21:14:55,173 [ERROR] LogOutputStream:75 - [STDERR_REDIRECT] [Fatal Error] :1:1: Premature end of file.
2026-09-17 21:14:55,173 [ERROR] LogOutputStream:75 - [STDERR_REDIRECT] 
2026-09-17 21:14:56,151 [ERROR] LogOutputStream:75 - [STDERR_REDIRECT] [Fatal Error] :1:1: Premature end of file.
2026-09-17 21:14:56,151 [ERROR] LogOutputStream:75 - [STDERR_REDIRECT] 
2026-09-17 21:14:57,157 [ERROR] LogOutputStream:75 - [STDERR_REDIRECT] [Fatal Error] :1:1: Premature end of file.
2026-09-17 21:14:57,157 [ERROR] LogOutputStream:75 - [STDERR_REDIRECT] 
2026-09-17 21:14:58,174 [ERROR] LogOutputStream:75 - [STDERR_REDIRECT] [Fatal Error] :1:1: Premature end of file.
2026-09-17 21:14:58,174 [ERROR] LogOutputStream:75 - [STDERR_REDIRECT] 
2026-09-17 21:14:59,152 [ERROR] LogOutputStream:75 - [STDERR_REDIRECT] [Fatal Error] :1:1: Premature end of file.
2026-09-17 21:14:59,152 [ERROR] LogOutputStream:75 - [STDERR_REDIRECT] 
2026-09-17 21:15:00,154 [ERROR] LogOutputStream:75 - [STDERR_REDIRECT] [Fatal Error] :1:1: Premature end of file.
2026-09-17 21:15:00,154 [ERROR] LogOutputStream:75 - [STDERR_REDIRECT] 
2026-09-17 21:15:01,156 [ERROR] LogOutputStream:75 - [STDERR_REDIRECT] [Fatal Error] :1:1: Premature end of file.
2026-09-17 21:15:01,156 [ERROR] LogOutputStream:75 - [STDERR_REDIRECT] 
2026-09-17 21:15:02,161 [ERROR] LogOutputStream:75 - [STDERR_REDIRECT] [Fatal Error] :1:1: Premature end of file.
2026-09-17 21:15:02,161 [ERROR] LogOutputStream:75 - [STDERR_REDIRECT] 
2026-09-17 21:15:03,157 [ERROR] LogOutputStream:75 - [STDERR_REDIRECT] [Fatal Error] :1:1: Premature end of file.
2026-09-17 21:15:03,157 [ERROR] LogOutputStream:75 - [STDERR_REDIRECT] 
2026-09-17 21:15:04,159 [ERROR] LogOutputStream:75 - [STDERR_REDIRECT] [Fatal Error] :1:1: Premature end of file.
2026-09-17 21:15:04,159 [ERROR] LogOutputStream:75 - [STDERR_REDIRECT] 
2026-09-17 21:15:05,163 [ERROR] LogOutputStream:75 - [STDERR_REDIRECT] [Fatal Error] :1:1: Premature end of file.
2026-09-17 21:15:05,163 [ERROR] LogOutputStream:75 - [STDERR_REDIRECT] 
2026-09-17 21:15:06,158 [ERROR] LogOutputStream:75 - [STDERR_REDIRECT] [Fatal Error] :1:1: Premature end of file.
2026-09-17 21:15:06,159 [ERROR] LogOutputStream:75 - [STDERR_REDIRECT] 
2026-09-17 21:15:07,146 [ERROR] LogOutputStream:75 - [STDERR_REDIRECT] [Fatal Error] :1:1: Premature end of file.
2026-09-17 21:15:07,146 [ERROR] LogOutputStream:75 - [STDERR_REDIRECT] 
2026-09-17 21:15:08,155 [ERROR] LogOutputStream:75 - [STDERR_REDIRECT] [Fatal Error] :1:1: Premature end of file.
2026-09-17 21:15:08,155 [ERROR] LogOutputStream:75 - [STDERR_REDIRECT] 
2026-09-17 21:15:09,160 [ERROR] LogOutputStream:75 - [STDERR_REDIRECT] [Fatal Error] :1:1: Premature end of file.
2026-09-17 21:15:09,160 [ERROR] LogOutputStream:75 - [STDERR_REDIRECT] 
2026-09-17 21:15:10,162 [ERROR] LogOutputStream:75 - [STDERR_REDIRECT] [Fatal Error] :1:1: Premature end of file.
2026-09-17 21:15:10,162 [ERROR] LogOutputStream:75 - [STDERR_REDIRECT] 
2026-09-17 21:15:11,158 [ERROR] LogOutputStream:75 - [STDERR_REDIRECT] [Fatal Error] :1:1: Premature end of file.
2026-09-17 21:15:11,158 [ERROR] LogOutputStream:75 - [STDERR_REDIRECT] 
2026-09-17 21:15:12,157 [ERROR] LogOutputStream:75 - [STDERR_REDIRECT] [Fatal Error] :1:1: Premature end of file.
2026-09-17 21:15:12,157 [ERROR] LogOutputStream:75 - [STDERR_REDIRECT] 
2026-09-17 21:15:13,158 [ERROR] LogOutputStream:75 - [STDERR_REDIRECT] [Fatal Error] :1:1: Premature end of file.
2026-09-17 21:15:13,158 [ERROR] LogOutputStream:75 - [STDERR_REDIRECT] 
2026-09-17 21:15:14,159 [ERROR] LogOutputStream:75 - [STDERR_REDIRECT] [Fatal Error] :1:1: Premature end of file.
2026-09-17 21:15:14,159 [ERROR] LogOutputStream:75 - [STDERR_REDIRECT] 
2026-09-17 21:15:15,160 [ERROR] LogOutputStream:75 - [STDERR_REDIRECT] [Fatal Error] :1:1: Premature end of file.
2026-09-17 21:15:15,160 [ERROR] LogOutputStream:75 - [STDERR_REDIRECT] 
2026-09-17 21:15:16,157 [ERROR] LogOutputStream:75 - [STDERR_REDIRECT] [Fatal Error] :1:1: Premature end of file.
2026-09-17 21:15:16,157 [ERROR] LogOutputStream:75 - [STDERR_REDIRECT] 
2026-09-17 21:15:17,157 [ERROR] LogOutputStream:75 - [STDERR_REDIRECT] [Fatal Error] :1:1: Premature end of file.
2026-09-17 21:15:17,157 [ERROR] LogOutputStream:75 - [STDERR_REDIRECT] 
2026-09-17 21:15:18,159 [ERROR] LogOutputStream:75 - [STDERR_REDIRECT] [Fatal Error] :1:1: Premature end of file.
2026-09-17 21:15:18,159 [ERROR] LogOutputStream:75 - [STDERR_REDIRECT] 
2026-09-17 21:15:19,164 [ERROR] LogOutputStream:75 - [STDERR_REDIRECT] [Fatal Error] :1:1: Premature end of file.
2026-09-17 21:15:19,166 [ERROR] LogOutputStream:75 - [STDERR_REDIRECT] 
2026-09-17 21:15:20,163 [ERROR] LogOutputStream:75 - [STDERR_REDIRECT] [Fatal Error] :1:1: Premature end of file.
2026-09-17 21:15:20,207 [ERROR] LogOutputStream:75 - [STDERR_REDIRECT] 
2026-09-17 21:15:21,161 [ERROR] LogOutputStream:75 - [STDERR_REDIRECT] [Fatal Error] :1:1: Premature end of file.
2026-09-17 21:15:21,161 [ERROR] LogOutputStream:75 - [STDERR_REDIRECT] 
2026-09-17 21:15:22,159 [ERROR] LogOutputStream:75 - [STDERR_REDIRECT] [Fatal Error] :1:1: Premature end of file.
2026-09-17 21:15:22,159 [ERROR] LogOutputStream:75 - [STDERR_REDIRECT] 
2026-09-17 21:15:23,157 [ERROR] LogOutputStream:75 - [STDERR_REDIRECT] [Fatal Error] :1:1: Premature end of file.
2026-09-17 21:15:23,157 [ERROR] LogOutputStream:75 - [STDERR_REDIRECT] 
2026-09-17 21:15:24,150 [ERROR] LogOutputStream:75 - [STDERR_REDIRECT] [Fatal Error] :1:1: Premature end of file.
2026-09-17 21:15:24,151 [ERROR] LogOutputStream:75 - [STDERR_REDIRECT] 
2026-09-17 21:15:25,158 [ERROR] LogOutputStream:75 - [STDERR_REDIRECT] [Fatal Error] :1:1: Premature end of file.
2026-09-17 21:15:25,158 [ERROR] LogOutputStream:75 - [STDERR_REDIRECT] 
2026-09-17 21:15:26,162 [ERROR] LogOutputStream:75 - [STDERR_REDIRECT] [Fatal Error] :1:1: Premature end of file.
2026-09-17 21:15:26,162 [ERROR] LogOutputStream:75 - [STDERR_REDIRECT] 
2026-09-17 21:15:27,159 [ERROR] LogOutputStream:75 - [STDERR_REDIRECT] [Fatal Error] :1:1: Premature end of file.
2026-09-17 21:15:27,159 [ERROR] LogOutputStream:75 - [STDERR_REDIRECT] 
2026-09-17 21:15:28,166 [ERROR] LogOutputStream:75 - [STDERR_REDIRECT] [Fatal Error] :1:1: Premature end of file.
2026-09-17 21:15:28,166 [ERROR] LogOutputStream:75 - [STDERR_REDIRECT] 
2026-09-17 21:15:29,158 [ERROR] LogOutputStream:75 - [STDERR_REDIRECT] [Fatal Error] :1:1: Premature end of file.
2026-09-17 21:15:29,158 [ERROR] LogOutputStream:75 - [STDERR_REDIRECT] 
2026-09-17 21:15:30,159 [ERROR] LogOutputStream:75 - [STDERR_REDIRECT] [Fatal Error] :1:1: Premature end of file.
2026-09-17 21:15:30,159 [ERROR] LogOutputStream:75 - [STDERR_REDIRECT] 
2026-09-17 21:15:31,149 [ERROR] LogOutputStream:75 - [STDERR_REDIRECT] [Fatal Error] :1:1: Premature end of file.
2026-09-17 21:15:31,155 [ERROR] LogOutputStream:75 - [STDERR_REDIRECT] 
2026-09-17 21:15:32,164 [ERROR] LogOutputStream:75 - [STDERR_REDIRECT] [Fatal Error] :1:1: Premature end of file.
2026-09-17 21:15:32,164 [ERROR] LogOutputStream:75 - [STDERR_REDIRECT] 
2026-09-17 21:15:33,160 [ERROR] LogOutputStream:75 - [STDERR_REDIRECT] [Fatal Error] :1:1: Premature end of file.
2026-09-17 21:15:33,160 [ERROR] LogOutputStream:75 - [STDERR_REDIRECT] 
2026-09-17 21:15:34,149 [ERROR] LogOutputStream:75 - [STDERR_REDIRECT] [Fatal Error] :1:1: Premature end of file.
2026-09-17 21:15:34,149 [ERROR] LogOutputStream:75 - [STDERR_REDIRECT] 
2026-09-17 21:15:35,167 [ERROR] LogOutputStream:75 - [STDERR_REDIRECT] [Fatal Error] :1:1: Premature end of file.
2026-09-17 21:15:35,192 [ERROR] LogOutputStream:75 - [STDERR_REDIRECT] 
2026-09-17 21:15:36,155 [ERROR] LogOutputStream:75 - [STDERR_REDIRECT] [Fatal Error] :1:1: Premature end of file.
2026-09-17 21:15:36,155 [ERROR] LogOutputStream:75 - [STDERR_REDIRECT] 
2026-09-17 21:15:37,162 [ERROR] LogOutputStream:75 - [STDERR_REDIRECT] [Fatal Error] :1:1: Premature end of file.
2026-09-17 21:15:37,162 [ERROR] LogOutputStream:75 - [STDERR_REDIRECT] 
2026-09-17 21:15:38,154 [ERROR] LogOutputStream:75 - [STDERR_REDIRECT] [Fatal Error] :1:1: Premature end of file.
2026-09-17 21:15:38,155 [ERROR] LogOutputStream:75 - [STDERR_REDIRECT] 
2026-09-17 21:15:39,155 [ERROR] LogOutputStream:75 - [STDERR_REDIRECT] [Fatal Error] :1:1: Premature end of file.
2026-09-17 21:15:39,156 [ERROR] LogOutputStream:75 - [STDERR_REDIRECT] 
2026-09-17 21:15:40,156 [ERROR] LogOutputStream:75 - [STDERR_REDIRECT] [Fatal Error] :1:1: Premature end of file.
2026-09-17 21:15:40,156 [ERROR] LogOutputStream:75 - [STDERR_REDIRECT] 
2026-09-17 21:15:41,149 [ERROR] LogOutputStream:75 - [STDERR_REDIRECT] [Fatal Error] :1:1: Premature end of file.
2026-09-17 21:15:41,149 [ERROR] LogOutputStream:75 - [STDERR_REDIRECT] 
2026-09-17 21:15:42,162 [ERROR] LogOutputStream:75 - [STDERR_REDIRECT] [Fatal Error] :1:1: Premature end of file.
2026-09-17 21:15:42,162 [ERROR] LogOutputStream:75 - [STDERR_REDIRECT] 
2026-09-17 21:15:43,164 [ERROR] LogOutputStream:75 - [STDERR_REDIRECT] [Fatal Error] :1:1: Premature end of file.
2026-09-17 21:15:43,164 [ERROR] LogOutputStream:75 - [STDERR_REDIRECT] 
2026-09-17 21:15:44,164 [ERROR] LogOutputStream:75 - [STDERR_REDIRECT] [Fatal Error] :1:1: Premature end of file.
2026-09-17 21:15:44,164 [ERROR] LogOutputStream:75 - [STDERR_REDIRECT] 
2026-09-17 21:15:45,167 [ERROR] LogOutputStream:75 - [STDERR_REDIRECT] [Fatal Error] :1:1: Premature end of file.
2026-09-17 21:15:45,167 [ERROR] LogOutputStream:75 - [STDERR_REDIRECT] 
2026-09-17 21:15:46,156 [ERROR] LogOutputStream:75 - [STDERR_REDIRECT] [Fatal Error] :1:1: Premature end of file.
2026-09-17 21:15:46,156 [ERROR] LogOutputStream:75 - [STDERR_REDIRECT] 
2026-09-17 21:15:47,157 [ERROR] LogOutputStream:75 - [STDERR_REDIRECT] [Fatal Error] :1:1: Premature end of file.
2026-09-17 21:15:47,158 [ERROR] LogOutputStream:75 - [STDERR_REDIRECT] 
2026-09-17 21:15:48,155 [ERROR] LogOutputStream:75 - [STDERR_REDIRECT] [Fatal Error] :1:1: Premature end of file.
2026-09-17 21:15:48,155 [ERROR] LogOutputStream:75 - [STDERR_REDIRECT] 
2026-09-17 21:15:49,159 [ERROR] LogOutputStream:75 - [STDERR_REDIRECT] [Fatal Error] :1:1: Premature end of file.
2026-09-17 21:15:49,159 [ERROR] LogOutputStream:75 - [STDERR_REDIRECT] 
2026-09-17 21:15:50,159 [ERROR] LogOutputStream:75 - [STDERR_REDIRECT] [Fatal Error] :1:1: Premature end of file.
2026-09-17 21:15:50,159 [ERROR] LogOutputStream:75 - [STDERR_REDIRECT] 
2026-09-17 21:15:51,164 [ERROR] LogOutputStream:75 - [STDERR_REDIRECT] [Fatal Error] :1:1: Premature end of file.
2026-09-17 21:15:51,164 [ERROR] LogOutputStream:75 - [STDERR_REDIRECT] 
2026-09-17 21:15:52,152 [ERROR] LogOutputStream:75 - [STDERR_REDIRECT] [Fatal Error] :1:1: Premature end of file.
2026-09-17 21:15:52,152 [ERROR] LogOutputStream:75 - [STDERR_REDIRECT] 
2026-09-17 21:15:53,152 [ERROR] LogOutputStream:75 - [STDERR_REDIRECT] [Fatal Error] :1:1: Premature end of file.
2026-09-17 21:15:53,152 [ERROR] LogOutputStream:75 - [STDERR_REDIRECT] 
2026-09-17 21:15:54,155 [ERROR] LogOutputStream:75 - [STDERR_REDIRECT] [Fatal Error] :1:1: Premature end of file.
2026-09-17 21:15:54,155 [ERROR] LogOutputStream:75 - [STDERR_REDIRECT] 
2026-09-17 21:15:55,156 [ERROR] LogOutputStream:75 - [STDERR_REDIRECT] [Fatal Error] :1:1: Premature end of file.
2026-09-17 21:15:55,156 [ERROR] LogOutputStream:75 - [STDERR_REDIRECT] 
2026-09-17 21:15:56,160 [ERROR] LogOutputStream:75 - [STDERR_REDIRECT] [Fatal Error] :1:1: Premature end of file.
2026-09-17 21:15:56,160 [ERROR] LogOutputStream:75 - [STDERR_REDIRECT] 
2026-09-17 21:15:57,161 [ERROR] LogOutputStream:75 - [STDERR_REDIRECT] [Fatal Error] :1:1: Premature end of file.
2026-09-17 21:15:57,161 [ERROR] LogOutputStream:75 - [STDERR_REDIRECT] 
2026-09-17 21:15:58,155 [ERROR] LogOutputStream:75 - [STDERR_REDIRECT] [Fatal Error] :1:1: Premature end of file.
2026-09-17 21:15:58,155 [ERROR] LogOutputStream:75 - [STDERR_REDIRECT] 
2026-09-17 21:15:59,147 [ERROR] LogOutputStream:75 - [STDERR_REDIRECT] [Fatal Error] :1:1: Premature end of file.
2026-09-17 21:15:59,147 [ERROR] LogOutputStream:75 - [STDERR_REDIRECT] 
2026-09-17 21:16:00,161 [ERROR] LogOutputStream:75 - [STDERR_REDIRECT] [Fatal Error] :1:1: Premature end of file.
2026-09-17 21:16:00,161 [ERROR] LogOutputStream:75 - [STDERR_REDIRECT] 
2026-09-17 21:16:01,161 [ERROR] LogOutputStream:75 - [STDERR_REDIRECT] [Fatal Error] :1:1: Premature end of file.
2026-09-17 21:16:01,161 [ERROR] LogOutputStream:75 - [STDERR_REDIRECT] 
2026-09-17 21:16:02,161 [ERROR] LogOutputStream:75 - [STDERR_REDIRECT] [Fatal Error] :1:1: Premature end of file.
2026-09-17 21:16:02,161 [ERROR] LogOutputStream:75 - [STDERR_REDIRECT] 
2026-09-17 21:16:03,155 [ERROR] LogOutputStream:75 - [STDERR_REDIRECT] [Fatal Error] :1:1: Premature end of file.
2026-09-17 21:16:03,156 [ERROR] LogOutputStream:75 - [STDERR_REDIRECT] 
2026-09-17 21:16:04,157 [ERROR] LogOutputStream:75 - [STDERR_REDIRECT] [Fatal Error] :1:1: Premature end of file.
2026-09-17 21:16:04,157 [ERROR] LogOutputStream:75 - [STDERR_REDIRECT] 
2026-09-17 21:16:05,164 [ERROR] LogOutputStream:75 - [STDERR_REDIRECT] [Fatal Error] :1:1: Premature end of file.
2026-09-17 21:16:05,189 [ERROR] LogOutputStream:75 - [STDERR_REDIRECT] 
2026-09-17 21:16:06,155 [ERROR] LogOutputStream:75 - [STDERR_REDIRECT] [Fatal Error] :1:1: Premature end of file.
2026-09-17 21:16:06,155 [ERROR] LogOutputStream:75 - [STDERR_REDIRECT] 
2026-09-17 21:16:07,147 [ERROR] LogOutputStream:75 - [STDERR_REDIRECT] [Fatal Error] :1:1: Premature end of file.
2026-09-17 21:16:07,147 [ERROR] LogOutputStream:75 - [STDERR_REDIRECT] 
2026-09-17 21:16:08,158 [ERROR] LogOutputStream:75 - [STDERR_REDIRECT] [Fatal Error] :1:1: Premature end of file.
2026-09-17 21:16:08,158 [ERROR] LogOutputStream:75 - [STDERR_REDIRECT] 
2026-09-17 21:16:09,156 [ERROR] LogOutputStream:75 - [STDERR_REDIRECT] [Fatal Error] :1:1: Premature end of file.
2026-09-17 21:16:09,156 [ERROR] LogOutputStream:75 - [STDERR_REDIRECT] 
2026-09-17 21:16:10,151 [ERROR] LogOutputStream:75 - [STDERR_REDIRECT] [Fatal Error] :1:1: Premature end of file.
2026-09-17 21:16:10,151 [ERROR] LogOutputStream:75 - [STDERR_REDIRECT] 
2026-09-17 21:16:11,159 [ERROR] LogOutputStream:75 - [STDERR_REDIRECT] [Fatal Error] :1:1: Premature end of file.
2026-09-17 21:16:11,159 [ERROR] LogOutputStream:75 - [STDERR_REDIRECT] 
2026-09-17 21:16:12,187 [ERROR] LogOutputStream:75 - [STDERR_REDIRECT] [Fatal Error] :1:1: Premature end of file.
2026-09-17 21:16:12,187 [ERROR] LogOutputStream:75 - [STDERR_REDIRECT] 
2026-09-17 21:16:13,159 [ERROR] LogOutputStream:75 - [STDERR_REDIRECT] [Fatal Error] :1:1: Premature end of file.
2026-09-17 21:16:13,165 [ERROR] LogOutputStream:75 - [STDERR_REDIRECT] 
2026-09-17 21:16:14,170 [ERROR] LogOutputStream:75 - [STDERR_REDIRECT] [Fatal Error] :1:1: Premature end of file.
2026-09-17 21:16:14,170 [ERROR] LogOutputStream:75 - [STDERR_REDIRECT] 
2026-09-17 21:16:15,175 [ERROR] LogOutputStream:75 - [STDERR_REDIRECT] [Fatal Error] :1:1: Premature end of file.
2026-09-17 21:16:15,175 [ERROR] LogOutputStream:75 - [STDERR_REDIRECT] 
2026-09-17 21:16:16,168 [ERROR] LogOutputStream:75 - [STDERR_REDIRECT] [Fatal Error] :1:1: Premature end of file.
2026-09-17 21:16:16,168 [ERROR] LogOutputStream:75 - [STDERR_REDIRECT] 
2026-09-17 21:16:17,164 [ERROR] LogOutputStream:75 - [STDERR_REDIRECT] [Fatal Error] :1:1: Premature end of file.
2026-09-17 21:16:17,164 [ERROR] LogOutputStream:75 - [STDERR_REDIRECT] 
2026-09-17 21:16:18,166 [ERROR] LogOutputStream:75 - [STDERR_REDIRECT] [Fatal Error] :1:1: Premature end of file.
2026-09-17 21:16:18,166 [ERROR] LogOutputStream:75 - [STDERR_REDIRECT] 
2026-09-17 21:16:19,171 [ERROR] LogOutputStream:75 - [STDERR_REDIRECT] [Fatal Error] :1:1: Premature end of file.
2026-09-17 21:16:19,171 [ERROR] LogOutputStream:75 - [STDERR_REDIRECT] 
2026-09-17 21:16:20,166 [ERROR] LogOutputStream:75 - [STDERR_REDIRECT] [Fatal Error] :1:1: Premature end of file.
2026-09-17 21:16:20,166 [ERROR] LogOutputStream:75 - [STDERR_REDIRECT] 
2026-09-17 21:16:21,175 [ERROR] LogOutputStream:75 - [STDERR_REDIRECT] [Fatal Error] :1:1: Premature end of file.
2026-09-17 21:16:21,175 [ERROR] LogOutputStream:75 - [STDERR_REDIRECT] 
2026-09-17 21:16:22,161 [ERROR] LogOutputStream:75 - [STDERR_REDIRECT] [Fatal Error] :1:1: Premature end of file.
2026-09-17 21:16:22,161 [ERROR] LogOutputStream:75 - [STDERR_REDIRECT] 
2026-09-17 21:16:23,166 [ERROR] LogOutputStream:75 - [STDERR_REDIRECT] [Fatal Error] :1:1: Premature end of file.
2026-09-17 21:16:23,166 [ERROR] LogOutputStream:75 - [STDERR_REDIRECT] 
2026-09-17 21:16:24,166 [ERROR] LogOutputStream:75 - [STDERR_REDIRECT] [Fatal Error] :1:1: Premature end of file.
2026-09-17 21:16:24,166 [ERROR] LogOutputStream:75 - [STDERR_REDIRECT] 
2026-09-17 21:16:25,166 [ERROR] LogOutputStream:75 - [STDERR_REDIRECT] [Fatal Error] :1:1: Premature end of file.
2026-09-17 21:16:25,166 [ERROR] LogOutputStream:75 - [STDERR_REDIRECT] 
2026-09-17 21:16:26,172 [ERROR] LogOutputStream:75 - [STDERR_REDIRECT] [Fatal Error] :1:1: Premature end of file.
2026-09-17 21:16:26,172 [ERROR] LogOutputStream:75 - [STDERR_REDIRECT] 
2026-09-17 21:16:27,159 [ERROR] LogOutputStream:75 - [STDERR_REDIRECT] [Fatal Error] :1:1: Premature end of file.
2026-09-17 21:16:27,159 [ERROR] LogOutputStream:75 - [STDERR_REDIRECT] 
2026-09-17 21:16:28,169 [ERROR] LogOutputStream:75 - [STDERR_REDIRECT] [Fatal Error] :1:1: Premature end of file.
2026-09-17 21:16:28,169 [ERROR] LogOutputStream:75 - [STDERR_REDIRECT] 
2026-09-17 21:16:29,163 [ERROR] LogOutputStream:75 - [STDERR_REDIRECT] [Fatal Error] :1:1: Premature end of file.
2026-09-17 21:16:29,163 [ERROR] LogOutputStream:75 - [STDERR_REDIRECT] 
2026-09-17 21:16:30,157 [ERROR] LogOutputStream:75 - [STDERR_REDIRECT] [Fatal Error] :1:1: Premature end of file.
2026-09-17 21:16:30,157 [ERROR] LogOutputStream:75 - [STDERR_REDIRECT] 
2026-09-17 21:16:31,162 [ERROR] LogOutputStream:75 - [STDERR_REDIRECT] [Fatal Error] :1:1: Premature end of file.
2026-09-17 21:16:31,163 [ERROR] LogOutputStream:75 - [STDERR_REDIRECT] 
2026-09-17 21:16:32,157 [ERROR] LogOutputStream:75 - [STDERR_REDIRECT] [Fatal Error] :1:1: Premature end of file.
2026-09-17 21:16:32,157 [ERROR] LogOutputStream:75 - [STDERR_REDIRECT] 
2026-09-17 21:16:33,156 [ERROR] LogOutputStream:75 - [STDERR_REDIRECT] [Fatal Error] :1:1: Premature end of file.
2026-09-17 21:16:33,156 [ERROR] LogOutputStream:75 - [STDERR_REDIRECT] 
2026-09-17 21:16:34,155 [ERROR] LogOutputStream:75 - [STDERR_REDIRECT] [Fatal Error] :1:1: Premature end of file.
2026-09-17 21:16:34,155 [ERROR] LogOutputStream:75 - [STDERR_REDIRECT] 
2026-09-17 21:16:35,153 [ERROR] LogOutputStream:75 - [STDERR_REDIRECT] [Fatal Error] :1:1: Premature end of file.
2026-09-17 21:16:35,195 [ERROR] LogOutputStream:75 - [STDERR_REDIRECT] 
2026-09-17 21:16:36,154 [ERROR] LogOutputStream:75 - [STDERR_REDIRECT] [Fatal Error] :1:1: Premature end of file.
2026-09-17 21:16:36,154 [ERROR] LogOutputStream:75 - [STDERR_REDIRECT] 
2026-09-17 21:16:37,152 [ERROR] LogOutputStream:75 - [STDERR_REDIRECT] [Fatal Error] :1:1: Premature end of file.
2026-09-17 21:16:37,152 [ERROR] LogOutputStream:75 - [STDERR_REDIRECT] 
2026-09-17 21:16:38,159 [ERROR] LogOutputStream:75 - [STDERR_REDIRECT] [Fatal Error] :1:1: Premature end of file.
2026-09-17 21:16:38,159 [ERROR] LogOutputStream:75 - [STDERR_REDIRECT] 
2026-09-17 21:16:39,157 [ERROR] LogOutputStream:75 - [STDERR_REDIRECT] [Fatal Error] :1:1: Premature end of file.
2026-09-17 21:16:39,157 [ERROR] LogOutputStream:75 - [STDERR_REDIRECT] 
2026-09-17 21:16:40,154 [ERROR] LogOutputStream:75 - [STDERR_REDIRECT] [Fatal Error] :1:1: Premature end of file.
2026-09-17 21:16:40,154 [ERROR] LogOutputStream:75 - [STDERR_REDIRECT] 
2026-09-17 21:16:41,164 [ERROR] LogOutputStream:75 - [STDERR_REDIRECT] [Fatal Error] :1:1: Premature end of file.
2026-09-17 21:16:41,164 [ERROR] LogOutputStream:75 - [STDERR_REDIRECT] 
2026-09-17 21:16:42,160 [ERROR] LogOutputStream:75 - [STDERR_REDIRECT] [Fatal Error] :1:1: Premature end of file.
2026-09-17 21:16:42,160 [ERROR] LogOutputStream:75 - [STDERR_REDIRECT] 
2026-09-17 21:16:43,158 [ERROR] LogOutputStream:75 - [STDERR_REDIRECT] [Fatal Error] :1:1: Premature end of file.
2026-09-17 21:16:43,159 [ERROR] LogOutputStream:75 - [STDERR_REDIRECT] 
2026-09-17 21:16:44,158 [ERROR] LogOutputStream:75 - [STDERR_REDIRECT] [Fatal Error] :1:1: Premature end of file.
2026-09-17 21:16:44,159 [ERROR] LogOutputStream:75 - [STDERR_REDIRECT] 
2026-09-17 21:16:45,158 [ERROR] LogOutputStream:75 - [STDERR_REDIRECT] [Fatal Error] :1:1: Premature end of file.
2026-09-17 21:16:45,158 [ERROR] LogOutputStream:75 - [STDERR_REDIRECT] 
2026-09-17 21:16:46,153 [ERROR] LogOutputStream:75 - [STDERR_REDIRECT] [Fatal Error] :1:1: Premature end of file.
2026-09-17 21:16:46,153 [ERROR] LogOutputStream:75 - [STDERR_REDIRECT] 
2026-09-17 21:16:47,157 [ERROR] LogOutputStream:75 - [STDERR_REDIRECT] [Fatal Error] :1:1: Premature end of file.
2026-09-17 21:16:47,157 [ERROR] LogOutputStream:75 - [STDERR_REDIRECT] 
2026-09-17 21:16:48,153 [ERROR] LogOutputStream:75 - [STDERR_REDIRECT] [Fatal Error] :1:1: Premature end of file.
2026-09-17 21:16:48,153 [ERROR] LogOutputStream:75 - [STDERR_REDIRECT] 
2026-09-17 21:16:49,158 [ERROR] LogOutputStream:75 - [STDERR_REDIRECT] [Fatal Error] :1:1: Premature end of file.
2026-09-17 21:16:49,158 [ERROR] LogOutputStream:75 - [STDERR_REDIRECT] 
2026-09-17 21:16:50,152 [ERROR] LogOutputStream:75 - [STDERR_REDIRECT] [Fatal Error] :1:1: Premature end of file.
2026-09-17 21:16:50,159 [ERROR] LogOutputStream:75 - [STDERR_REDIRECT] 
2026-09-17 21:16:51,158 [ERROR] LogOutputStream:75 - [STDERR_REDIRECT] [Fatal Error] :1:1: Premature end of file.
2026-09-17 21:16:51,158 [ERROR] LogOutputStream:75 - [STDERR_REDIRECT] 
2026-09-17 21:16:52,157 [ERROR] LogOutputStream:75 - [STDERR_REDIRECT] [Fatal Error] :1:1: Premature end of file.
2026-09-17 21:16:52,157 [ERROR] LogOutputStream:75 - [STDERR_REDIRECT] 
2026-09-17 21:16:53,156 [ERROR] LogOutputStream:75 - [STDERR_REDIRECT] [Fatal Error] :1:1: Premature end of file.
2026-09-17 21:16:53,156 [ERROR] LogOutputStream:75 - [STDERR_REDIRECT] 
2026-09-17 21:16:54,155 [ERROR] LogOutputStream:75 - [STDERR_REDIRECT] [Fatal Error] :1:1: Premature end of file.
2026-09-17 21:16:54,155 [ERROR] LogOutputStream:75 - [STDERR_REDIRECT] 
2026-09-17 21:16:55,161 [ERROR] LogOutputStream:75 - [STDERR_REDIRECT] [Fatal Error] :1:1: Premature end of file.
2026-09-17 21:16:55,161 [ERROR] LogOutputStream:75 - [STDERR_REDIRECT] 
2026-09-17 21:16:56,148 [ERROR] LogOutputStream:75 - [STDERR_REDIRECT] [Fatal Error] :1:1: Premature end of file.
2026-09-17 21:16:56,148 [ERROR] LogOutputStream:75 - [STDERR_REDIRECT] 
2026-09-17 21:16:57,155 [ERROR] LogOutputStream:75 - [STDERR_REDIRECT] [Fatal Error] :1:1: Premature end of file.
2026-09-17 21:16:57,155 [ERROR] LogOutputStream:75 - [STDERR_REDIRECT] 
2026-09-17 21:16:58,156 [ERROR] LogOutputStream:75 - [STDERR_REDIRECT] [Fatal Error] :1:1: Premature end of file.
2026-09-17 21:16:58,156 [ERROR] LogOutputStream:75 - [STDERR_REDIRECT] 
2026-09-17 21:16:59,150 [ERROR] LogOutputStream:75 - [STDERR_REDIRECT] [Fatal Error] :1:1: Premature end of file.
2026-09-17 21:16:59,150 [ERROR] LogOutputStream:75 - [STDERR_REDIRECT] 
2026-09-17 21:17:00,161 [ERROR] LogOutputStream:75 - [STDERR_REDIRECT] [Fatal Error] :1:1: Premature end of file.
2026-09-17 21:17:00,161 [ERROR] LogOutputStream:75 - [STDERR_REDIRECT] 
2026-09-17 21:17:01,152 [ERROR] LogOutputStream:75 - [STDERR_REDIRECT] [Fatal Error] :1:1: Premature end of file.
2026-09-17 21:17:01,152 [ERROR] LogOutputStream:75 - [STDERR_REDIRECT] 
2026-09-17 21:17:02,158 [ERROR] LogOutputStream:75 - [STDERR_REDIRECT] [Fatal Error] :1:1: Premature end of file.
2026-09-17 21:17:02,158 [ERROR] LogOutputStream:75 - [STDERR_REDIRECT] 
2026-09-17 21:17:03,153 [ERROR] LogOutputStream:75 - [STDERR_REDIRECT] [Fatal Error] :1:1: Premature end of file.
2026-09-17 21:17:03,153 [ERROR] LogOutputStream:75 - [STDERR_REDIRECT] 
2026-09-17 21:17:04,159 [ERROR] LogOutputStream:75 - [STDERR_REDIRECT] [Fatal Error] :1:1: Premature end of file.
2026-09-17 21:17:04,159 [ERROR] LogOutputStream:75 - [STDERR_REDIRECT] 
2026-09-17 21:17:05,156 [ERROR] LogOutputStream:75 - [STDERR_REDIRECT] [Fatal Error] :1:1: Premature end of file.
2026-09-17 21:17:05,182 [ERROR] LogOutputStream:75 - [STDERR_REDIRECT] 
2026-09-17 21:17:06,159 [ERROR] LogOutputStream:75 - [STDERR_REDIRECT] [Fatal Error] :1:1: Premature end of file.
2026-09-17 21:17:06,159 [ERROR] LogOutputStream:75 - [STDERR_REDIRECT] 
2026-09-17 21:17:07,156 [ERROR] LogOutputStream:75 - [STDERR_REDIRECT] [Fatal Error] :1:1: Premature end of file.
2026-09-17 21:17:07,156 [ERROR] LogOutputStream:75 - [STDERR_REDIRECT] 
2026-09-17 21:17:08,166 [ERROR] LogOutputStream:75 - [STDERR_REDIRECT] [Fatal Error] :1:1: Premature end of file.
2026-09-17 21:17:08,166 [ERROR] LogOutputStream:75 - [STDERR_REDIRECT] 
2026-09-17 21:17:09,159 [ERROR] LogOutputStream:75 - [STDERR_REDIRECT] [Fatal Error] :1:1: Premature end of file.
2026-09-17 21:17:09,159 [ERROR] LogOutputStream:75 - [STDERR_REDIRECT] 
2026-09-17 21:17:10,150 [ERROR] LogOutputStream:75 - [STDERR_REDIRECT] [Fatal Error] :1:1: Premature end of file.
2026-09-17 21:17:10,150 [ERROR] LogOutputStream:75 - [STDERR_REDIRECT] 
2026-09-17 21:17:11,159 [ERROR] LogOutputStream:75 - [STDERR_REDIRECT] [Fatal Error] :1:1: Premature end of file.
2026-09-17 21:17:11,159 [ERROR] LogOutputStream:75 - [STDERR_REDIRECT] 
2026-09-17 21:17:12,149 [ERROR] LogOutputStream:75 - [STDERR_REDIRECT] [Fatal Error] :1:1: Premature end of file.
2026-09-17 21:17:12,149 [ERROR] LogOutputStream:75 - [STDERR_REDIRECT] 
2026-09-17 21:17:13,154 [ERROR] LogOutputStream:75 - [STDERR_REDIRECT] [Fatal Error] :1:1: Premature end of file.
2026-09-17 21:17:13,154 [ERROR] LogOutputStream:75 - [STDERR_REDIRECT] 
2026-09-17 21:17:14,151 [ERROR] LogOutputStream:75 - [STDERR_REDIRECT] [Fatal Error] :1:1: Premature end of file.
2026-09-17 21:17:14,151 [ERROR] LogOutputStream:75 - [STDERR_REDIRECT] 
2026-09-17 21:17:15,155 [ERROR] LogOutputStream:75 - [STDERR_REDIRECT] [Fatal Error] :1:1: Premature end of file.
2026-09-17 21:17:15,155 [ERROR] LogOutputStream:75 - [STDERR_REDIRECT] 
2026-09-17 21:17:16,153 [ERROR] LogOutputStream:75 - [STDERR_REDIRECT] [Fatal Error] :1:1: Premature end of file.
2026-09-17 21:17:16,153 [ERROR] LogOutputStream:75 - [STDERR_REDIRECT] 
2026-09-17 21:17:17,151 [ERROR] LogOutputStream:75 - [STDERR_REDIRECT] [Fatal Error] :1:1: Premature end of file.
2026-09-17 21:17:17,151 [ERROR] LogOutputStream:75 - [STDERR_REDIRECT] 
2026-09-17 21:17:18,160 [ERROR] LogOutputStream:75 - [STDERR_REDIRECT] [Fatal Error] :1:1: Premature end of file.
2026-09-17 21:17:18,160 [ERROR] LogOutputStream:75 - [STDERR_REDIRECT] 
2026-09-17 21:17:19,157 [ERROR] LogOutputStream:75 - [STDERR_REDIRECT] [Fatal Error] :1:1: Premature end of file.
2026-09-17 21:17:19,157 [ERROR] LogOutputStream:75 - [STDERR_REDIRECT] 
2026-09-17 21:17:20,160 [ERROR] LogOutputStream:75 - [STDERR_REDIRECT] [Fatal Error] :1:1: Premature end of file.
2026-09-17 21:17:20,160 [ERROR] LogOutputStream:75 - [STDERR_REDIRECT] 
2026-09-17 21:17:21,155 [ERROR] LogOutputStream:75 - [STDERR_REDIRECT] [Fatal Error] :1:1: Premature end of file.
2026-09-17 21:17:21,155 [ERROR] LogOutputStream:75 - [STDERR_REDIRECT] 
2026-09-17 21:17:22,157 [ERROR] LogOutputStream:75 - [STDERR_REDIRECT] [Fatal Error] :1:1: Premature end of file.
2026-09-17 21:17:22,157 [ERROR] LogOutputStream:75 - [STDERR_REDIRECT] 
2026-09-17 21:17:23,158 [ERROR] LogOutputStream:75 - [STDERR_REDIRECT] [Fatal Error] :1:1: Premature end of file.
2026-09-17 21:17:23,158 [ERROR] LogOutputStream:75 - [STDERR_REDIRECT] 
2026-09-17 21:17:24,150 [ERROR] LogOutputStream:75 - [STDERR_REDIRECT] [Fatal Error] :1:1: Premature end of file.
2026-09-17 21:17:24,152 [ERROR] LogOutputStream:75 - [STDERR_REDIRECT] 
2026-09-17 21:17:25,154 [ERROR] LogOutputStream:75 - [STDERR_REDIRECT] [Fatal Error] :1:1: Premature end of file.
2026-09-17 21:17:25,154 [ERROR] LogOutputStream:75 - [STDERR_REDIRECT] 
2026-09-17 21:17:26,158 [ERROR] LogOutputStream:75 - [STDERR_REDIRECT] [Fatal Error] :1:1: Premature end of file.
2026-09-17 21:17:26,158 [ERROR] LogOutputStream:75 - [STDERR_REDIRECT] 
2026-09-17 21:17:27,156 [ERROR] LogOutputStream:75 - [STDERR_REDIRECT] [Fatal Error] :1:1: Premature end of file.
2026-09-17 21:17:27,156 [ERROR] LogOutputStream:75 - [STDERR_REDIRECT] 
2026-09-17 21:17:28,152 [ERROR] LogOutputStream:75 - [STDERR_REDIRECT] [Fatal Error] :1:1: Premature end of file.
2026-09-17 21:17:28,153 [ERROR] LogOutputStream:75 - [STDERR_REDIRECT] 
2026-09-17 21:17:29,152 [ERROR] LogOutputStream:75 - [STDERR_REDIRECT] [Fatal Error] :1:1: Premature end of file.
2026-09-17 21:17:29,152 [ERROR] LogOutputStream:75 - [STDERR_REDIRECT] 
2026-09-17 21:17:30,150 [ERROR] LogOutputStream:75 - [STDERR_REDIRECT] [Fatal Error] :1:1: Premature end of file.
2026-09-17 21:17:30,150 [ERROR] LogOutputStream:75 - [STDERR_REDIRECT] 
2026-09-17 21:17:31,148 [ERROR] LogOutputStream:75 - [STDERR_REDIRECT] [Fatal Error] :1:1: Premature end of file.
2026-09-17 21:17:31,148 [ERROR] LogOutputStream:75 - [STDERR_REDIRECT] 
2026-09-17 21:17:32,159 [ERROR] LogOutputStream:75 - [STDERR_REDIRECT] [Fatal Error] :1:1: Premature end of file.
2026-09-17 21:17:32,159 [ERROR] LogOutputStream:75 - [STDERR_REDIRECT] 
2026-09-17 21:17:33,158 [ERROR] LogOutputStream:75 - [STDERR_REDIRECT] [Fatal Error] :1:1: Premature end of file.
2026-09-17 21:17:33,158 [ERROR] LogOutputStream:75 - [STDERR_REDIRECT] 
2026-09-17 21:17:34,162 [ERROR] LogOutputStream:75 - [STDERR_REDIRECT] [Fatal Error] :1:1: Premature end of file.
2026-09-17 21:17:34,162 [ERROR] LogOutputStream:75 - [STDERR_REDIRECT] 
2026-09-17 21:17:35,154 [ERROR] LogOutputStream:75 - [STDERR_REDIRECT] [Fatal Error] :1:1: Premature end of file.
2026-09-17 21:17:35,166 [ERROR] LogOutputStream:75 - [STDERR_REDIRECT] 
2026-09-17 21:17:36,146 [ERROR] LogOutputStream:75 - [STDERR_REDIRECT] [Fatal Error] :1:1: Premature end of file.
2026-09-17 21:17:36,146 [ERROR] LogOutputStream:75 - [STDERR_REDIRECT] 
2026-09-17 21:17:37,156 [ERROR] LogOutputStream:75 - [STDERR_REDIRECT] [Fatal Error] :1:1: Premature end of file.
2026-09-17 21:17:37,156 [ERROR] LogOutputStream:75 - [STDERR_REDIRECT] 
2026-09-17 21:17:38,161 [ERROR] LogOutputStream:75 - [STDERR_REDIRECT] [Fatal Error] :1:1: Premature end of file.
2026-09-17 21:17:38,162 [ERROR] LogOutputStream:75 - [STDERR_REDIRECT] 
2026-09-17 21:17:39,151 [ERROR] LogOutputStream:75 - [STDERR_REDIRECT] [Fatal Error] :1:1: Premature end of file.
2026-09-17 21:17:39,152 [ERROR] LogOutputStream:75 - [STDERR_REDIRECT] 
2026-09-17 21:17:40,157 [ERROR] LogOutputStream:75 - [STDERR_REDIRECT] [Fatal Error] :1:1: Premature end of file.
2026-09-17 21:17:40,157 [ERROR] LogOutputStream:75 - [STDERR_REDIRECT] 
2026-09-17 21:17:41,161 [ERROR] LogOutputStream:75 - [STDERR_REDIRECT] [Fatal Error] :1:1: Premature end of file.
2026-09-17 21:17:41,161 [ERROR] LogOutputStream:75 - [STDERR_REDIRECT] 
2026-09-17 21:17:42,158 [ERROR] LogOutputStream:75 - [STDERR_REDIRECT] [Fatal Error] :1:1: Premature end of file.
2026-09-17 21:17:42,158 [ERROR] LogOutputStream:75 - [STDERR_REDIRECT] 
2026-09-17 21:17:43,154 [ERROR] LogOutputStream:75 - [STDERR_REDIRECT] [Fatal Error] :1:1: Premature end of file.
2026-09-17 21:17:43,154 [ERROR] LogOutputStream:75 - [STDERR_REDIRECT] 
2026-09-17 21:17:44,158 [ERROR] LogOutputStream:75 - [STDERR_REDIRECT] [Fatal Error] :1:1: Premature end of file.
2026-09-17 21:17:44,159 [ERROR] LogOutputStream:75 - [STDERR_REDIRECT] 
2026-09-17 21:17:45,158 [ERROR] LogOutputStream:75 - [STDERR_REDIRECT] [Fatal Error] :1:1: Premature end of file.
2026-09-17 21:17:45,158 [ERROR] LogOutputStream:75 - [STDERR_REDIRECT] 
2026-09-17 21:17:46,148 [ERROR] LogOutputStream:75 - [STDERR_REDIRECT] [Fatal Error] :1:1: Premature end of file.
2026-09-17 21:17:46,148 [ERROR] LogOutputStream:75 - [STDERR_REDIRECT] 
2026-09-17 21:17:47,155 [ERROR] LogOutputStream:75 - [STDERR_REDIRECT] [Fatal Error] :1:1: Premature end of file.
2026-09-17 21:17:47,155 [ERROR] LogOutputStream:75 - [STDERR_REDIRECT] 
2026-09-17 21:17:48,162 [ERROR] LogOutputStream:75 - [STDERR_REDIRECT] [Fatal Error] :1:1: Premature end of file.
2026-09-17 21:17:48,162 [ERROR] LogOutputStream:75 - [STDERR_REDIRECT] 
2026-09-17 21:17:49,151 [ERROR] LogOutputStream:75 - [STDERR_REDIRECT] [Fatal Error] :1:1: Premature end of file.
2026-09-17 21:17:49,151 [ERROR] LogOutputStream:75 - [STDERR_REDIRECT] 
2026-09-17 21:17:50,164 [ERROR] LogOutputStream:75 - [STDERR_REDIRECT] [Fatal Error] :1:1: Premature end of file.
2026-09-17 21:17:50,164 [ERROR] LogOutputStream:75 - [STDERR_REDIRECT] 
2026-09-17 21:17:51,155 [ERROR] LogOutputStream:75 - [STDERR_REDIRECT] [Fatal Error] :1:1: Premature end of file.
2026-09-17 21:17:51,155 [ERROR] LogOutputStream:75 - [STDERR_REDIRECT] 
2026-09-17 21:17:52,163 [ERROR] LogOutputStream:75 - [STDERR_REDIRECT] [Fatal Error] :1:1: Premature end of file.
2026-09-17 21:17:52,163 [ERROR] LogOutputStream:75 - [STDERR_REDIRECT] 
2026-09-17 21:17:53,159 [ERROR] LogOutputStream:75 - [STDERR_REDIRECT] [Fatal Error] :1:1: Premature end of file.
2026-09-17 21:17:53,159 [ERROR] LogOutputStream:75 - [STDERR_REDIRECT] 
2026-09-17 21:17:54,160 [ERROR] LogOutputStream:75 - [STDERR_REDIRECT] [Fatal Error] :1:1: Premature end of file.
2026-09-17 21:17:54,160 [ERROR] LogOutputStream:75 - [STDERR_REDIRECT] 
2026-09-17 21:17:55,149 [ERROR] LogOutputStream:75 - [STDERR_REDIRECT] [Fatal Error] :1:1: Premature end of file.
2026-09-17 21:17:55,149 [ERROR] LogOutputStream:75 - [STDERR_REDIRECT] 
2026-09-17 21:17:56,158 [ERROR] LogOutputStream:75 - [STDERR_REDIRECT] [Fatal Error] :1:1: Premature end of file.
2026-09-17 21:17:56,158 [ERROR] LogOutputStream:75 - [STDERR_REDIRECT] 
2026-09-17 21:17:57,161 [ERROR] LogOutputStream:75 - [STDERR_REDIRECT] [Fatal Error] :1:1: Premature end of file.
2026-09-17 21:17:57,161 [ERROR] LogOutputStream:75 - [STDERR_REDIRECT] 
2026-09-17 21:17:58,158 [ERROR] LogOutputStream:75 - [STDERR_REDIRECT] [Fatal Error] :1:1: Premature end of file.
2026-09-17 21:17:58,158 [ERROR] LogOutputStream:75 - [STDERR_REDIRECT] 
2026-09-17 21:17:59,146 [ERROR] LogOutputStream:75 - [STDERR_REDIRECT] [Fatal Error] :1:1: Premature end of file.
2026-09-17 21:17:59,146 [ERROR] LogOutputStream:75 - [STDERR_REDIRECT] 
2026-09-17 21:18:00,163 [ERROR] LogOutputStream:75 - [STDERR_REDIRECT] [Fatal Error] :1:1: Premature end of file.
2026-09-17 21:18:00,163 [ERROR] LogOutputStream:75 - [STDERR_REDIRECT] 
2026-09-17 21:18:01,156 [ERROR] LogOutputStream:75 - [STDERR_REDIRECT] [Fatal Error] :1:1: Premature end of file.
2026-09-17 21:18:01,156 [ERROR] LogOutputStream:75 - [STDERR_REDIRECT] 
2026-09-17 21:18:02,164 [ERROR] LogOutputStream:75 - [STDERR_REDIRECT] [Fatal Error] :1:1: Premature end of file.
2026-09-17 21:18:02,164 [ERROR] LogOutputStream:75 - [STDERR_REDIRECT] 
2026-09-17 21:18:03,158 [ERROR] LogOutputStream:75 - [STDERR_REDIRECT] [Fatal Error] :1:1: Premature end of file.
2026-09-17 21:18:03,158 [ERROR] LogOutputStream:75 - [STDERR_REDIRECT] 
2026-09-17 21:18:04,157 [ERROR] LogOutputStream:75 - [STDERR_REDIRECT] [Fatal Error] :1:1: Premature end of file.
2026-09-17 21:18:04,157 [ERROR] LogOutputStream:75 - [STDERR_REDIRECT] 
2026-09-17 21:18:05,146 [ERROR] LogOutputStream:75 - [STDERR_REDIRECT] [Fatal Error] :1:1: Premature end of file.
2026-09-17 21:18:05,147 [ERROR] LogOutputStream:75 - [STDERR_REDIRECT] 
2026-09-17 21:18:06,161 [ERROR] LogOutputStream:75 - [STDERR_REDIRECT] [Fatal Error] :1:1: Premature end of file.
2026-09-17 21:18:06,161 [ERROR] LogOutputStream:75 - [STDERR_REDIRECT] 
2026-09-17 21:18:07,157 [ERROR] LogOutputStream:75 - [STDERR_REDIRECT] [Fatal Error] :1:1: Premature end of file.
2026-09-17 21:18:07,157 [ERROR] LogOutputStream:75 - [STDERR_REDIRECT] 
2026-09-17 21:18:08,161 [ERROR] LogOutputStream:75 - [STDERR_REDIRECT] [Fatal Error] :1:1: Premature end of file.
2026-09-17 21:18:08,161 [ERROR] LogOutputStream:75 - [STDERR_REDIRECT] 
2026-09-17 21:18:09,153 [ERROR] LogOutputStream:75 - [STDERR_REDIRECT] [Fatal Error] :1:1: Premature end of file.
2026-09-17 21:18:09,153 [ERROR] LogOutputStream:75 - [STDERR_REDIRECT] 
2026-09-17 21:18:10,156 [ERROR] LogOutputStream:75 - [STDERR_REDIRECT] [Fatal Error] :1:1: Premature end of file.
2026-09-17 21:18:10,156 [ERROR] LogOutputStream:75 - [STDERR_REDIRECT] 
2026-09-17 21:18:11,160 [ERROR] LogOutputStream:75 - [STDERR_REDIRECT] [Fatal Error] :1:1: Premature end of file.
2026-09-17 21:18:11,160 [ERROR] LogOutputStream:75 - [STDERR_REDIRECT] 
2026-09-17 21:18:12,156 [ERROR] LogOutputStream:75 - [STDERR_REDIRECT] [Fatal Error] :1:1: Premature end of file.
2026-09-17 21:18:12,157 [ERROR] LogOutputStream:75 - [STDERR_REDIRECT] 
2026-09-17 21:18:13,155 [ERROR] LogOutputStream:75 - [STDERR_REDIRECT] [Fatal Error] :1:1: Premature end of file.
2026-09-17 21:18:13,155 [ERROR] LogOutputStream:75 - [STDERR_REDIRECT] 
2026-09-17 21:18:14,163 [ERROR] LogOutputStream:75 - [STDERR_REDIRECT] [Fatal Error] :1:1: Premature end of file.
2026-09-17 21:18:14,163 [ERROR] LogOutputStream:75 - [STDERR_REDIRECT] 
2026-09-17 21:18:15,162 [ERROR] LogOutputStream:75 - [STDERR_REDIRECT] [Fatal Error] :1:1: Premature end of file.
2026-09-17 21:18:15,162 [ERROR] LogOutputStream:75 - [STDERR_REDIRECT] 
2026-09-17 21:18:16,154 [ERROR] LogOutputStream:75 - [STDERR_REDIRECT] [Fatal Error] :1:1: Premature end of file.
2026-09-17 21:18:16,154 [ERROR] LogOutputStream:75 - [STDERR_REDIRECT] 
2026-09-17 21:18:17,153 [ERROR] LogOutputStream:75 - [STDERR_REDIRECT] [Fatal Error] :1:1: Premature end of file.
2026-09-17 21:18:17,153 [ERROR] LogOutputStream:75 - [STDERR_REDIRECT] 
2026-09-17 21:18:18,162 [ERROR] LogOutputStream:75 - [STDERR_REDIRECT] [Fatal Error] :1:1: Premature end of file.
2026-09-17 21:18:18,162 [ERROR] LogOutputStream:75 - [STDERR_REDIRECT] 
2026-09-17 21:18:19,153 [ERROR] LogOutputStream:75 - [STDERR_REDIRECT] [Fatal Error] :1:1: Premature end of file.
2026-09-17 21:18:19,153 [ERROR] LogOutputStream:75 - [STDERR_REDIRECT] 
2026-09-17 21:18:20,147 [ERROR] LogOutputStream:75 - [STDERR_REDIRECT] [Fatal Error] :1:1: Premature end of file.
2026-09-17 21:18:20,147 [ERROR] LogOutputStream:75 - [STDERR_REDIRECT] 
2026-09-17 21:18:21,154 [ERROR] LogOutputStream:75 - [STDERR_REDIRECT] [Fatal Error] :1:1: Premature end of file.
2026-09-17 21:18:21,154 [ERROR] LogOutputStream:75 - [STDERR_REDIRECT] 
2026-09-17 21:18:22,167 [ERROR] LogOutputStream:75 - [STDERR_REDIRECT] [Fatal Error] :1:1: Premature end of file.
2026-09-17 21:18:22,167 [ERROR] LogOutputStream:75 - [STDERR_REDIRECT] 
2026-09-17 21:18:23,152 [ERROR] LogOutputStream:75 - [STDERR_REDIRECT] [Fatal Error] :1:1: Premature end of file.
2026-09-17 21:18:23,152 [ERROR] LogOutputStream:75 - [STDERR_REDIRECT] 
2026-09-17 21:18:24,153 [ERROR] LogOutputStream:75 - [STDERR_REDIRECT] [Fatal Error] :1:1: Premature end of file.
2026-09-17 21:18:24,153 [ERROR] LogOutputStream:75 - [STDERR_REDIRECT] 
2026-09-17 21:18:25,148 [ERROR] LogOutputStream:75 - [STDERR_REDIRECT] [Fatal Error] :1:1: Premature end of file.
2026-09-17 21:18:25,148 [ERROR] LogOutputStream:75 - [STDERR_REDIRECT] 
2026-09-17 21:18:26,157 [ERROR] LogOutputStream:75 - [STDERR_REDIRECT] [Fatal Error] :1:1: Premature end of file.
2026-09-17 21:18:26,157 [ERROR] LogOutputStream:75 - [STDERR_REDIRECT] 
2026-09-17 21:18:27,155 [ERROR] LogOutputStream:75 - [STDERR_REDIRECT] [Fatal Error] :1:1: Premature end of file.
2026-09-17 21:18:27,155 [ERROR] LogOutputStream:75 - [STDERR_REDIRECT] 
2026-09-17 21:18:28,157 [ERROR] LogOutputStream:75 - [STDERR_REDIRECT] [Fatal Error] :1:1: Premature end of file.
2026-09-17 21:18:28,157 [ERROR] LogOutputStream:75 - [STDERR_REDIRECT] 
2026-09-17 21:18:29,155 [ERROR] LogOutputStream:75 - [STDERR_REDIRECT] [Fatal Error] :1:1: Premature end of file.
2026-09-17 21:18:29,155 [ERROR] LogOutputStream:75 - [STDERR_REDIRECT] 
2026-09-17 21:18:30,164 [ERROR] LogOutputStream:75 - [STDERR_REDIRECT] [Fatal Error] :1:1: Premature end of file.
2026-09-17 21:18:30,164 [ERROR] LogOutputStream:75 - [STDERR_REDIRECT] 
2026-09-17 21:18:31,159 [ERROR] LogOutputStream:75 - [STDERR_REDIRECT] [Fatal Error] :1:1: Premature end of file.
2026-09-17 21:18:31,159 [ERROR] LogOutputStream:75 - [STDERR_REDIRECT] 
2026-09-17 21:18:32,158 [ERROR] LogOutputStream:75 - [STDERR_REDIRECT] [Fatal Error] :1:1: Premature end of file.
2026-09-17 21:18:32,158 [ERROR] LogOutputStream:75 - [STDERR_REDIRECT] 
2026-09-17 21:18:33,147 [ERROR] LogOutputStream:75 - [STDERR_REDIRECT] [Fatal Error] :1:1: Premature end of file.
2026-09-17 21:18:33,147 [ERROR] LogOutputStream:75 - [STDERR_REDIRECT] 
2026-09-17 21:18:34,157 [ERROR] LogOutputStream:75 - [STDERR_REDIRECT] [Fatal Error] :1:1: Premature end of file.
2026-09-17 21:18:34,158 [ERROR] LogOutputStream:75 - [STDERR_REDIRECT] 
2026-09-17 21:18:35,153 [ERROR] LogOutputStream:75 - [STDERR_REDIRECT] [Fatal Error] :1:1: Premature end of file.
2026-09-17 21:18:35,153 [ERROR] LogOutputStream:75 - [STDERR_REDIRECT] 
2026-09-17 21:18:36,163 [ERROR] LogOutputStream:75 - [STDERR_REDIRECT] [Fatal Error] :1:1: Premature end of file.
2026-09-17 21:18:36,163 [ERROR] LogOutputStream:75 - [STDERR_REDIRECT] 
2026-09-17 21:18:37,157 [ERROR] LogOutputStream:75 - [STDERR_REDIRECT] [Fatal Error] :1:1: Premature end of file.
2026-09-17 21:18:37,157 [ERROR] LogOutputStream:75 - [STDERR_REDIRECT] 
2026-09-17 21:18:38,155 [ERROR] LogOutputStream:75 - [STDERR_REDIRECT] [Fatal Error] :1:1: Premature end of file.
2026-09-17 21:18:38,155 [ERROR] LogOutputStream:75 - [STDERR_REDIRECT] 
2026-09-17 21:18:39,158 [ERROR] LogOutputStream:75 - [STDERR_REDIRECT] [Fatal Error] :1:1: Premature end of file.
2026-09-17 21:18:39,158 [ERROR] LogOutputStream:75 - [STDERR_REDIRECT] 
2026-09-17 21:18:40,158 [ERROR] LogOutputStream:75 - [STDERR_REDIRECT] [Fatal Error] :1:1: Premature end of file.
2026-09-17 21:18:40,158 [ERROR] LogOutputStream:75 - [STDERR_REDIRECT] 
2026-09-17 21:18:41,160 [ERROR] LogOutputStream:75 - [STDERR_REDIRECT] [Fatal Error] :1:1: Premature end of file.
2026-09-17 21:18:41,160 [ERROR] LogOutputStream:75 - [STDERR_REDIRECT] 
2026-09-17 21:18:42,163 [ERROR] LogOutputStream:75 - [STDERR_REDIRECT] [Fatal Error] :1:1: Premature end of file.
2026-09-17 21:18:42,163 [ERROR] LogOutputStream:75 - [STDERR_REDIRECT] 
2026-09-17 21:18:43,157 [ERROR] LogOutputStream:75 - [STDERR_REDIRECT] [Fatal Error] :1:1: Premature end of file.
2026-09-17 21:18:43,157 [ERROR] LogOutputStream:75 - [STDERR_REDIRECT] 
2026-09-17 21:18:44,156 [ERROR] LogOutputStream:75 - [STDERR_REDIRECT] [Fatal Error] :1:1: Premature end of file.
2026-09-17 21:18:44,156 [ERROR] LogOutputStream:75 - [STDERR_REDIRECT] 
2026-09-17 21:18:45,143 [ERROR] LogOutputStream:75 - [STDERR_REDIRECT] [Fatal Error] :1:1: Premature end of file.
2026-09-17 21:18:45,144 [ERROR] LogOutputStream:75 - [STDERR_REDIRECT] 
2026-09-17 21:18:46,161 [ERROR] LogOutputStream:75 - [STDERR_REDIRECT] [Fatal Error] :1:1: Premature end of file.
2026-09-17 21:18:46,161 [ERROR] LogOutputStream:75 - [STDERR_REDIRECT] 
2026-09-17 21:18:47,140 [ERROR] LogOutputStream:75 - [STDERR_REDIRECT] [Fatal Error] :1:1: Premature end of file.
2026-09-17 21:18:47,140 [ERROR] LogOutputStream:75 - [STDERR_REDIRECT] 
2026-09-17 21:18:48,151 [ERROR] LogOutputStream:75 - [STDERR_REDIRECT] [Fatal Error] :1:1: Premature end of file.
2026-09-17 21:18:48,151 [ERROR] LogOutputStream:75 - [STDERR_REDIRECT] 
2026-09-17 21:18:49,155 [ERROR] LogOutputStream:75 - [STDERR_REDIRECT] [Fatal Error] :1:1: Premature end of file.
2026-09-17 21:18:49,155 [ERROR] LogOutputStream:75 - [STDERR_REDIRECT] 
2026-09-17 21:18:50,160 [ERROR] LogOutputStream:75 - [STDERR_REDIRECT] [Fatal Error] :1:1: Premature end of file.
2026-09-17 21:18:50,160 [ERROR] LogOutputStream:75 - [STDERR_REDIRECT] 
2026-09-17 21:18:51,155 [ERROR] LogOutputStream:75 - [STDERR_REDIRECT] [Fatal Error] :1:1: Premature end of file.
2026-09-17 21:18:51,155 [ERROR] LogOutputStream:75 - [STDERR_REDIRECT] 
2026-09-17 21:18:52,160 [ERROR] LogOutputStream:75 - [STDERR_REDIRECT] [Fatal Error] :1:1: Premature end of file.
2026-09-17 21:18:52,160 [ERROR] LogOutputStream:75 - [STDERR_REDIRECT] 
2026-09-17 21:18:53,157 [ERROR] LogOutputStream:75 - [STDERR_REDIRECT] [Fatal Error] :1:1: Premature end of file.
2026-09-17 21:18:53,157 [ERROR] LogOutputStream:75 - [STDERR_REDIRECT] 
2026-09-17 21:18:54,152 [ERROR] LogOutputStream:75 - [STDERR_REDIRECT] [Fatal Error] :1:1: Premature end of file.
2026-09-17 21:18:54,152 [ERROR] LogOutputStream:75 - [STDERR_REDIRECT] 
2026-09-17 21:18:55,146 [ERROR] LogOutputStream:75 - [STDERR_REDIRECT] [Fatal Error] :1:1: Premature end of file.
2026-09-17 21:18:55,146 [ERROR] LogOutputStream:75 - [STDERR_REDIRECT] 
2026-09-17 21:18:56,152 [ERROR] LogOutputStream:75 - [STDERR_REDIRECT] [Fatal Error] :1:1: Premature end of file.
2026-09-17 21:18:56,152 [ERROR] LogOutputStream:75 - [STDERR_REDIRECT] 
2026-09-17 21:18:57,160 [ERROR] LogOutputStream:75 - [STDERR_REDIRECT] [Fatal Error] :1:1: Premature end of file.
2026-09-17 21:18:57,160 [ERROR] LogOutputStream:75 - [STDERR_REDIRECT] 
2026-09-17 21:18:58,157 [ERROR] LogOutputStream:75 - [STDERR_REDIRECT] [Fatal Error] :1:1: Premature end of file.
2026-09-17 21:18:58,157 [ERROR] LogOutputStream:75 - [STDERR_REDIRECT] 
2026-09-17 21:18:59,153 [ERROR] LogOutputStream:75 - [STDERR_REDIRECT] [Fatal Error] :1:1: Premature end of file.
2026-09-17 21:18:59,153 [ERROR] LogOutputStream:75 - [STDERR_REDIRECT] 
2026-09-17 21:19:00,157 [ERROR] LogOutputStream:75 - [STDERR_REDIRECT] [Fatal Error] :1:1: Premature end of file.
2026-09-17 21:19:00,158 [ERROR] LogOutputStream:75 - [STDERR_REDIRECT] 
2026-09-17 21:19:01,162 [ERROR] LogOutputStream:75 - [STDERR_REDIRECT] [Fatal Error] :1:1: Premature end of file.
2026-09-17 21:19:01,162 [ERROR] LogOutputStream:75 - [STDERR_REDIRECT] 
2026-09-17 21:19:02,162 [ERROR] LogOutputStream:75 - [STDERR_REDIRECT] [Fatal Error] :1:1: Premature end of file.
2026-09-17 21:19:02,162 [ERROR] LogOutputStream:75 - [STDERR_REDIRECT] 
2026-09-17 21:19:03,159 [ERROR] LogOutputStream:75 - [STDERR_REDIRECT] [Fatal Error] :1:1: Premature end of file.
2026-09-17 21:19:03,159 [ERROR] LogOutputStream:75 - [STDERR_REDIRECT] 
2026-09-17 21:19:04,156 [ERROR] LogOutputStream:75 - [STDERR_REDIRECT] [Fatal Error] :1:1: Premature end of file.
2026-09-17 21:19:04,156 [ERROR] LogOutputStream:75 - [STDERR_REDIRECT] 
2026-09-17 21:19:05,157 [ERROR] LogOutputStream:75 - [STDERR_REDIRECT] [Fatal Error] :1:1: Premature end of file.
2026-09-17 21:19:05,157 [ERROR] LogOutputStream:75 - [STDERR_REDIRECT] 
2026-09-17 21:19:06,157 [ERROR] LogOutputStream:75 - [STDERR_REDIRECT] [Fatal Error] :1:1: Premature end of file.
2026-09-17 21:19:06,157 [ERROR] LogOutputStream:75 - [STDERR_REDIRECT] 
2026-09-17 21:19:07,153 [ERROR] LogOutputStream:75 - [STDERR_REDIRECT] [Fatal Error] :1:1: Premature end of file.
2026-09-17 21:19:07,153 [ERROR] LogOutputStream:75 - [STDERR_REDIRECT] 
2026-09-17 21:19:08,159 [ERROR] LogOutputStream:75 - [STDERR_REDIRECT] [Fatal Error] :1:1: Premature end of file.
2026-09-17 21:19:08,159 [ERROR] LogOutputStream:75 - [STDERR_REDIRECT] 
2026-09-17 21:19:09,164 [ERROR] LogOutputStream:75 - [STDERR_REDIRECT] [Fatal Error] :1:1: Premature end of file.
2026-09-17 21:19:09,225 [ERROR] LogOutputStream:75 - [STDERR_REDIRECT] 
2026-09-17 21:19:10,150 [ERROR] LogOutputStream:75 - [STDERR_REDIRECT] [Fatal Error] :1:1: Premature end of file.
2026-09-17 21:19:10,150 [ERROR] LogOutputStream:75 - [STDERR_REDIRECT] 
2026-09-17 21:19:11,156 [ERROR] LogOutputStream:75 - [STDERR_REDIRECT] [Fatal Error] :1:1: Premature end of file.
2026-09-17 21:19:11,156 [ERROR] LogOutputStream:75 - [STDERR_REDIRECT] 
2026-09-17 21:19:12,157 [ERROR] LogOutputStream:75 - [STDERR_REDIRECT] [Fatal Error] :1:1: Premature end of file.
2026-09-17 21:19:12,157 [ERROR] LogOutputStream:75 - [STDERR_REDIRECT] 
2026-09-17 21:19:13,157 [ERROR] LogOutputStream:75 - [STDERR_REDIRECT] [Fatal Error] :1:1: Premature end of file.
2026-09-17 21:19:13,157 [ERROR] LogOutputStream:75 - [STDERR_REDIRECT] 
2026-09-17 21:19:14,157 [ERROR] LogOutputStream:75 - [STDERR_REDIRECT] [Fatal Error] :1:1: Premature end of file.
2026-09-17 21:19:14,157 [ERROR] LogOutputStream:75 - [STDERR_REDIRECT] 
2026-09-17 21:19:15,163 [ERROR] LogOutputStream:75 - [STDERR_REDIRECT] [Fatal Error] :1:1: Premature end of file.
2026-09-17 21:19:15,164 [ERROR] LogOutputStream:75 - [STDERR_REDIRECT] 
2026-09-17 21:19:16,161 [ERROR] LogOutputStream:75 - [STDERR_REDIRECT] [Fatal Error] :1:1: Premature end of file.
2026-09-17 21:19:16,162 [ERROR] LogOutputStream:75 - [STDERR_REDIRECT] 
2026-09-17 21:19:17,155 [ERROR] LogOutputStream:75 - [STDERR_REDIRECT] [Fatal Error] :1:1: Premature end of file.
2026-09-17 21:19:17,155 [ERROR] LogOutputStream:75 - [STDERR_REDIRECT] 
2026-09-17 21:19:18,156 [ERROR] LogOutputStream:75 - [STDERR_REDIRECT] [Fatal Error] :1:1: Premature end of file.
2026-09-17 21:19:18,156 [ERROR] LogOutputStream:75 - [STDERR_REDIRECT] 
2026-09-17 21:19:19,162 [ERROR] LogOutputStream:75 - [STDERR_REDIRECT] [Fatal Error] :1:1: Premature end of file.
2026-09-17 21:19:19,162 [ERROR] LogOutputStream:75 - [STDERR_REDIRECT] 
2026-09-17 21:19:20,152 [ERROR] LogOutputStream:75 - [STDERR_REDIRECT] [Fatal Error] :1:1: Premature end of file.
2026-09-17 21:19:20,152 [ERROR] LogOutputStream:75 - [STDERR_REDIRECT] 
2026-09-17 21:19:21,160 [ERROR] LogOutputStream:75 - [STDERR_REDIRECT] [Fatal Error] :1:1: Premature end of file.
2026-09-17 21:19:21,160 [ERROR] LogOutputStream:75 - [STDERR_REDIRECT] 
2026-09-17 21:19:22,160 [ERROR] LogOutputStream:75 - [STDERR_REDIRECT] [Fatal Error] :1:1: Premature end of file.
2026-09-17 21:19:22,160 [ERROR] LogOutputStream:75 - [STDERR_REDIRECT] 
2026-09-17 21:19:23,163 [ERROR] LogOutputStream:75 - [STDERR_REDIRECT] [Fatal Error] :1:1: Premature end of file.
2026-09-17 21:19:23,163 [ERROR] LogOutputStream:75 - [STDERR_REDIRECT] 
2026-09-17 21:19:24,163 [ERROR] LogOutputStream:75 - [STDERR_REDIRECT] [Fatal Error] :1:1: Premature end of file.
2026-09-17 21:19:24,210 [ERROR] LogOutputStream:75 - [STDERR_REDIRECT] 
2026-09-17 21:19:25,163 [ERROR] LogOutputStream:75 - [STDERR_REDIRECT] [Fatal Error] :1:1: Premature end of file.
2026-09-17 21:19:25,163 [ERROR] LogOutputStream:75 - [STDERR_REDIRECT] 
2026-09-17 21:19:26,172 [ERROR] LogOutputStream:75 - [STDERR_REDIRECT] [Fatal Error] :1:1: Premature end of file.
2026-09-17 21:19:26,172 [ERROR] LogOutputStream:75 - [STDERR_REDIRECT] 
2026-09-17 21:19:27,157 [ERROR] LogOutputStream:75 - [STDERR_REDIRECT] [Fatal Error] :1:1: Premature end of file.
2026-09-17 21:19:27,158 [ERROR] LogOutputStream:75 - [STDERR_REDIRECT] 
2026-09-17 21:19:28,155 [ERROR] LogOutputStream:75 - [STDERR_REDIRECT] [Fatal Error] :1:1: Premature end of file.
2026-09-17 21:19:28,155 [ERROR] LogOutputStream:75 - [STDERR_REDIRECT] 
2026-09-17 21:19:29,160 [ERROR] LogOutputStream:75 - [STDERR_REDIRECT] [Fatal Error] :1:1: Premature end of file.
2026-09-17 21:19:29,160 [ERROR] LogOutputStream:75 - [STDERR_REDIRECT] 
2026-09-17 21:19:30,160 [ERROR] LogOutputStream:75 - [STDERR_REDIRECT] [Fatal Error] :1:1: Premature end of file.
2026-09-17 21:19:30,160 [ERROR] LogOutputStream:75 - [STDERR_REDIRECT] 
2026-09-17 21:19:31,159 [ERROR] LogOutputStream:75 - [STDERR_REDIRECT] [Fatal Error] :1:1: Premature end of file.
2026-09-17 21:19:31,159 [ERROR] LogOutputStream:75 - [STDERR_REDIRECT] 
2026-09-17 21:19:32,160 [ERROR] LogOutputStream:75 - [STDERR_REDIRECT] [Fatal Error] :1:1: Premature end of file.
2026-09-17 21:19:32,160 [ERROR] LogOutputStream:75 - [STDERR_REDIRECT] 
2026-09-17 21:19:33,157 [ERROR] LogOutputStream:75 - [STDERR_REDIRECT] [Fatal Error] :1:1: Premature end of file.
2026-09-17 21:19:33,157 [ERROR] LogOutputStream:75 - [STDERR_REDIRECT] 
2026-09-17 21:19:34,159 [ERROR] LogOutputStream:75 - [STDERR_REDIRECT] [Fatal Error] :1:1: Premature end of file.
2026-09-17 21:19:34,159 [ERROR] LogOutputStream:75 - [STDERR_REDIRECT] 
2026-09-17 21:19:35,154 [ERROR] LogOutputStream:75 - [STDERR_REDIRECT] [Fatal Error] :1:1: Premature end of file.
2026-09-17 21:19:35,154 [ERROR] LogOutputStream:75 - [STDERR_REDIRECT] 
2026-09-17 21:19:36,163 [ERROR] LogOutputStream:75 - [STDERR_REDIRECT] [Fatal Error] :1:1: Premature end of file.
2026-09-17 21:19:36,163 [ERROR] LogOutputStream:75 - [STDERR_REDIRECT] 
2026-09-17 21:19:37,157 [ERROR] LogOutputStream:75 - [STDERR_REDIRECT] [Fatal Error] :1:1: Premature end of file.
2026-09-17 21:19:37,157 [ERROR] LogOutputStream:75 - [STDERR_REDIRECT] 
2026-09-17 21:19:38,159 [ERROR] LogOutputStream:75 - [STDERR_REDIRECT] [Fatal Error] :1:1: Premature end of file.
2026-09-17 21:19:38,159 [ERROR] LogOutputStream:75 - [STDERR_REDIRECT] 
2026-09-17 21:19:39,165 [ERROR] LogOutputStream:75 - [STDERR_REDIRECT] [Fatal Error] :1:1: Premature end of file.
2026-09-17 21:19:39,217 [ERROR] LogOutputStream:75 - [STDERR_REDIRECT] 
2026-09-17 21:19:40,156 [ERROR] LogOutputStream:75 - [STDERR_REDIRECT] [Fatal Error] :1:1: Premature end of file.
2026-09-17 21:19:40,156 [ERROR] LogOutputStream:75 - [STDERR_REDIRECT] 
2026-09-17 21:19:41,162 [ERROR] LogOutputStream:75 - [STDERR_REDIRECT] [Fatal Error] :1:1: Premature end of file.
2026-09-17 21:19:41,162 [ERROR] LogOutputStream:75 - [STDERR_REDIRECT] 
2026-09-17 21:19:42,165 [ERROR] LogOutputStream:75 - [STDERR_REDIRECT] [Fatal Error] :1:1: Premature end of file.
2026-09-17 21:19:42,165 [ERROR] LogOutputStream:75 - [STDERR_REDIRECT] 
2026-09-17 21:19:43,162 [ERROR] LogOutputStream:75 - [STDERR_REDIRECT] [Fatal Error] :1:1: Premature end of file.
2026-09-17 21:19:43,163 [ERROR] LogOutputStream:75 - [STDERR_REDIRECT] 
2026-09-17 21:19:44,157 [ERROR] LogOutputStream:75 - [STDERR_REDIRECT] [Fatal Error] :1:1: Premature end of file.
2026-09-17 21:19:44,157 [ERROR] LogOutputStream:75 - [STDERR_REDIRECT] 
2026-09-17 21:19:45,161 [ERROR] LogOutputStream:75 - [STDERR_REDIRECT] [Fatal Error] :1:1: Premature end of file.
2026-09-17 21:19:45,161 [ERROR] LogOutputStream:75 - [STDERR_REDIRECT] 
2026-09-17 21:19:46,160 [ERROR] LogOutputStream:75 - [STDERR_REDIRECT] [Fatal Error] :1:1: Premature end of file.
2026-09-17 21:19:46,160 [ERROR] LogOutputStream:75 - [STDERR_REDIRECT] 
2026-09-17 21:19:47,162 [ERROR] LogOutputStream:75 - [STDERR_REDIRECT] [Fatal Error] :1:1: Premature end of file.
2026-09-17 21:19:47,162 [ERROR] LogOutputStream:75 - [STDERR_REDIRECT] 
2026-09-17 21:19:48,173 [ERROR] LogOutputStream:75 - [STDERR_REDIRECT] [Fatal Error] :1:1: Premature end of file.
2026-09-17 21:19:48,173 [ERROR] LogOutputStream:75 - [STDERR_REDIRECT] 
2026-09-17 21:19:49,175 [ERROR] LogOutputStream:75 - [STDERR_REDIRECT] [Fatal Error] :1:1: Premature end of file.
2026-09-17 21:19:49,175 [ERROR] LogOutputStream:75 - [STDERR_REDIRECT] 
2026-09-17 21:19:50,163 [ERROR] LogOutputStream:75 - [STDERR_REDIRECT] [Fatal Error] :1:1: Premature end of file.
2026-09-17 21:19:50,163 [ERROR] LogOutputStream:75 - [STDERR_REDIRECT] 
2026-09-17 21:19:51,149 [ERROR] LogOutputStream:75 - [STDERR_REDIRECT] [Fatal Error] :1:1: Premature end of file.
2026-09-17 21:19:51,149 [ERROR] LogOutputStream:75 - [STDERR_REDIRECT] 
2026-09-17 21:19:52,166 [ERROR] LogOutputStream:75 - [STDERR_REDIRECT] [Fatal Error] :1:1: Premature end of file.
2026-09-17 21:19:52,166 [ERROR] LogOutputStream:75 - [STDERR_REDIRECT] 
2026-09-17 21:19:53,152 [ERROR] LogOutputStream:75 - [STDERR_REDIRECT] [Fatal Error] :1:1: Premature end of file.
2026-09-17 21:19:53,152 [ERROR] LogOutputStream:75 - [STDERR_REDIRECT] 
2026-09-17 21:19:54,165 [ERROR] LogOutputStream:75 - [STDERR_REDIRECT] [Fatal Error] :1:1: Premature end of file.
2026-09-17 21:19:54,216 [ERROR] LogOutputStream:75 - [STDERR_REDIRECT] 
2026-09-17 21:19:55,169 [ERROR] LogOutputStream:75 - [STDERR_REDIRECT] [Fatal Error] :1:1: Premature end of file.
2026-09-17 21:19:55,174 [ERROR] LogOutputStream:75 - [STDERR_REDIRECT] 
2026-09-17 21:19:56,166 [ERROR] LogOutputStream:75 - [STDERR_REDIRECT] [Fatal Error] :1:1: Premature end of file.
2026-09-17 21:19:56,166 [ERROR] LogOutputStream:75 - [STDERR_REDIRECT] 
2026-09-17 21:19:57,169 [ERROR] LogOutputStream:75 - [STDERR_REDIRECT] [Fatal Error] :1:1: Premature end of file.
2026-09-17 21:19:57,169 [ERROR] LogOutputStream:75 - [STDERR_REDIRECT] 
2026-09-17 21:19:58,166 [ERROR] LogOutputStream:75 - [STDERR_REDIRECT] [Fatal Error] :1:1: Premature end of file.
2026-09-17 21:19:58,166 [ERROR] LogOutputStream:75 - [STDERR_REDIRECT] 
2026-09-17 21:19:59,166 [ERROR] LogOutputStream:75 - [STDERR_REDIRECT] [Fatal Error] :1:1: Premature end of file.
2026-09-17 21:19:59,166 [ERROR] LogOutputStream:75 - [STDERR_REDIRECT] 
2026-09-17 21:20:00,178 [ERROR] LogOutputStream:75 - [STDERR_REDIRECT] [Fatal Error] :1:1: Premature end of file.
2026-09-17 21:20:00,178 [ERROR] LogOutputStream:75 - [STDERR_REDIRECT] 
2026-09-17 21:20:01,163 [ERROR] LogOutputStream:75 - [STDERR_REDIRECT] [Fatal Error] :1:1: Premature end of file.
2026-09-17 21:20:01,163 [ERROR] LogOutputStream:75 - [STDERR_REDIRECT] 
2026-09-17 21:20:02,159 [ERROR] LogOutputStream:75 - [STDERR_REDIRECT] [Fatal Error] :1:1: Premature end of file.
2026-09-17 21:20:02,160 [ERROR] LogOutputStream:75 - [STDERR_REDIRECT] 
2026-09-17 21:20:03,160 [ERROR] LogOutputStream:75 - [STDERR_REDIRECT] [Fatal Error] :1:1: Premature end of file.
2026-09-17 21:20:03,160 [ERROR] LogOutputStream:75 - [STDERR_REDIRECT] 
2026-09-17 21:20:04,153 [ERROR] LogOutputStream:75 - [STDERR_REDIRECT] [Fatal Error] :1:1: Premature end of file.
2026-09-17 21:20:04,153 [ERROR] LogOutputStream:75 - [STDERR_REDIRECT] 
2026-09-17 21:20:05,160 [ERROR] LogOutputStream:75 - [STDERR_REDIRECT] [Fatal Error] :1:1: Premature end of file.
2026-09-17 21:20:05,160 [ERROR] LogOutputStream:75 - [STDERR_REDIRECT] 
2026-09-17 21:20:06,158 [ERROR] LogOutputStream:75 - [STDERR_REDIRECT] [Fatal Error] :1:1: Premature end of file.
2026-09-17 21:20:06,158 [ERROR] LogOutputStream:75 - [STDERR_REDIRECT] 
2026-09-17 21:20:07,168 [ERROR] LogOutputStream:75 - [STDERR_REDIRECT] [Fatal Error] :1:1: Premature end of file.
2026-09-17 21:20:07,168 [ERROR] LogOutputStream:75 - [STDERR_REDIRECT] 
2026-09-17 21:20:08,151 [ERROR] LogOutputStream:75 - [STDERR_REDIRECT] [Fatal Error] :1:1: Premature end of file.
2026-09-17 21:20:08,151 [ERROR] LogOutputStream:75 - [STDERR_REDIRECT] 
2026-09-17 21:20:09,157 [ERROR] LogOutputStream:75 - [STDERR_REDIRECT] [Fatal Error] :1:1: Premature end of file.
2026-09-17 21:20:09,174 [ERROR] LogOutputStream:75 - [STDERR_REDIRECT] 
2026-09-17 21:20:10,155 [ERROR] LogOutputStream:75 - [STDERR_REDIRECT] [Fatal Error] :1:1: Premature end of file.
2026-09-17 21:20:10,155 [ERROR] LogOutputStream:75 - [STDERR_REDIRECT] 
2026-09-17 21:20:11,158 [ERROR] LogOutputStream:75 - [STDERR_REDIRECT] [Fatal Error] :1:1: Premature end of file.
2026-09-17 21:20:11,158 [ERROR] LogOutputStream:75 - [STDERR_REDIRECT] 
2026-09-17 21:20:12,155 [ERROR] LogOutputStream:75 - [STDERR_REDIRECT] [Fatal Error] :1:1: Premature end of file.
2026-09-17 21:20:12,155 [ERROR] LogOutputStream:75 - [STDERR_REDIRECT] 
2026-09-17 21:20:13,148 [ERROR] LogOutputStream:75 - [STDERR_REDIRECT] [Fatal Error] :1:1: Premature end of file.
2026-09-17 21:20:13,148 [ERROR] LogOutputStream:75 - [STDERR_REDIRECT] 
2026-09-17 21:20:14,160 [ERROR] LogOutputStream:75 - [STDERR_REDIRECT] [Fatal Error] :1:1: Premature end of file.
2026-09-17 21:20:14,160 [ERROR] LogOutputStream:75 - [STDERR_REDIRECT] 
2026-09-17 21:20:15,156 [ERROR] LogOutputStream:75 - [STDERR_REDIRECT] [Fatal Error] :1:1: Premature end of file.
2026-09-17 21:20:15,157 [ERROR] LogOutputStream:75 - [STDERR_REDIRECT] 
2026-09-17 21:20:16,165 [ERROR] LogOutputStream:75 - [STDERR_REDIRECT] [Fatal Error] :1:1: Premature end of file.
2026-09-17 21:20:16,165 [ERROR] LogOutputStream:75 - [STDERR_REDIRECT] 
2026-09-17 21:20:17,167 [ERROR] LogOutputStream:75 - [STDERR_REDIRECT] [Fatal Error] :1:1: Premature end of file.
2026-09-17 21:20:17,167 [ERROR] LogOutputStream:75 - [STDERR_REDIRECT] 
2026-09-17 21:20:18,155 [ERROR] LogOutputStream:75 - [STDERR_REDIRECT] [Fatal Error] :1:1: Premature end of file.
2026-09-17 21:20:18,155 [ERROR] LogOutputStream:75 - [STDERR_REDIRECT] 
2026-09-17 21:20:19,155 [ERROR] LogOutputStream:75 - [STDERR_REDIRECT] [Fatal Error] :1:1: Premature end of file.
2026-09-17 21:20:19,155 [ERROR] LogOutputStream:75 - [STDERR_REDIRECT] 
2026-09-17 21:20:20,147 [ERROR] LogOutputStream:75 - [STDERR_REDIRECT] [Fatal Error] :1:1: Premature end of file.
2026-09-17 21:20:20,147 [ERROR] LogOutputStream:75 - [STDERR_REDIRECT] 
2026-09-17 21:20:21,149 [ERROR] LogOutputStream:75 - [STDERR_REDIRECT] [Fatal Error] :1:1: Premature end of file.
2026-09-17 21:20:21,150 [ERROR] LogOutputStream:75 - [STDERR_REDIRECT] 
2026-09-17 21:20:22,154 [ERROR] LogOutputStream:75 - [STDERR_REDIRECT] [Fatal Error] :1:1: Premature end of file.
2026-09-17 21:20:22,154 [ERROR] LogOutputStream:75 - [STDERR_REDIRECT] 
2026-09-17 21:20:23,152 [ERROR] LogOutputStream:75 - [STDERR_REDIRECT] [Fatal Error] :1:1: Premature end of file.
2026-09-17 21:20:23,152 [ERROR] LogOutputStream:75 - [STDERR_REDIRECT] 
2026-09-17 21:20:24,173 [ERROR] LogOutputStream:75 - [STDERR_REDIRECT] [Fatal Error] :1:1: Premature end of file.
2026-09-17 21:20:24,175 [ERROR] LogOutputStream:75 - [STDERR_REDIRECT] 
2026-09-17 21:20:25,157 [ERROR] LogOutputStream:75 - [STDERR_REDIRECT] [Fatal Error] :1:1: Premature end of file.
2026-09-17 21:20:25,157 [ERROR] LogOutputStream:75 - [STDERR_REDIRECT] 
2026-09-17 21:20:26,158 [ERROR] LogOutputStream:75 - [STDERR_REDIRECT] [Fatal Error] :1:1: Premature end of file.
2026-09-17 21:20:26,158 [ERROR] LogOutputStream:75 - [STDERR_REDIRECT] 
2026-09-17 21:20:27,158 [ERROR] LogOutputStream:75 - [STDERR_REDIRECT] [Fatal Error] :1:1: Premature end of file.
2026-09-17 21:20:27,158 [ERROR] LogOutputStream:75 - [STDERR_REDIRECT] 
2026-09-17 21:20:28,150 [ERROR] LogOutputStream:75 - [STDERR_REDIRECT] [Fatal Error] :1:1: Premature end of file.
2026-09-17 21:20:28,150 [ERROR] LogOutputStream:75 - [STDERR_REDIRECT] 
2026-09-17 21:20:29,151 [ERROR] LogOutputStream:75 - [STDERR_REDIRECT] [Fatal Error] :1:1: Premature end of file.
2026-09-17 21:20:29,151 [ERROR] LogOutputStream:75 - [STDERR_REDIRECT] 
2026-09-17 21:20:30,155 [ERROR] LogOutputStream:75 - [STDERR_REDIRECT] [Fatal Error] :1:1: Premature end of file.
2026-09-17 21:20:30,155 [ERROR] LogOutputStream:75 - [STDERR_REDIRECT] 
2026-09-17 21:20:31,157 [ERROR] LogOutputStream:75 - [STDERR_REDIRECT] [Fatal Error] :1:1: Premature end of file.
2026-09-17 21:20:31,157 [ERROR] LogOutputStream:75 - [STDERR_REDIRECT] 
2026-09-17 21:20:32,152 [ERROR] LogOutputStream:75 - [STDERR_REDIRECT] [Fatal Error] :1:1: Premature end of file.
2026-09-17 21:20:32,152 [ERROR] LogOutputStream:75 - [STDERR_REDIRECT] 
2026-09-17 21:20:33,173 [ERROR] LogOutputStream:75 - [STDERR_REDIRECT] [Fatal Error] :1:1: Premature end of file.
2026-09-17 21:20:33,173 [ERROR] LogOutputStream:75 - [STDERR_REDIRECT] 
2026-09-17 21:20:34,156 [ERROR] LogOutputStream:75 - [STDERR_REDIRECT] [Fatal Error] :1:1: Premature end of file.
2026-09-17 21:20:34,156 [ERROR] LogOutputStream:75 - [STDERR_REDIRECT] 
2026-09-17 21:20:35,158 [ERROR] LogOutputStream:75 - [STDERR_REDIRECT] [Fatal Error] :1:1: Premature end of file.
2026-09-17 21:20:35,158 [ERROR] LogOutputStream:75 - [STDERR_REDIRECT] 
2026-09-17 21:20:36,158 [ERROR] LogOutputStream:75 - [STDERR_REDIRECT] [Fatal Error] :1:1: Premature end of file.
2026-09-17 21:20:36,158 [ERROR] LogOutputStream:75 - [STDERR_REDIRECT] 
2026-09-17 21:20:37,154 [ERROR] LogOutputStream:75 - [STDERR_REDIRECT] [Fatal Error] :1:1: Premature end of file.
2026-09-17 21:20:37,154 [ERROR] LogOutputStream:75 - [STDERR_REDIRECT] 
2026-09-17 21:20:38,152 [ERROR] LogOutputStream:75 - [STDERR_REDIRECT] [Fatal Error] :1:1: Premature end of file.
2026-09-17 21:20:38,153 [ERROR] LogOutputStream:75 - [STDERR_REDIRECT] 
2026-09-17 21:20:39,169 [ERROR] LogOutputStream:75 - [STDERR_REDIRECT] [Fatal Error] :1:1: Premature end of file.
2026-09-17 21:20:39,179 [ERROR] LogOutputStream:75 - [STDERR_REDIRECT] 
2026-09-17 21:20:40,155 [ERROR] LogOutputStream:75 - [STDERR_REDIRECT] [Fatal Error] :1:1: Premature end of file.
2026-09-17 21:20:40,155 [ERROR] LogOutputStream:75 - [STDERR_REDIRECT] 
2026-09-17 21:20:41,158 [ERROR] LogOutputStream:75 - [STDERR_REDIRECT] [Fatal Error] :1:1: Premature end of file.
2026-09-17 21:20:41,158 [ERROR] LogOutputStream:75 - [STDERR_REDIRECT] 
2026-09-17 21:20:42,160 [ERROR] LogOutputStream:75 - [STDERR_REDIRECT] [Fatal Error] :1:1: Premature end of file.
2026-09-17 21:20:42,160 [ERROR] LogOutputStream:75 - [STDERR_REDIRECT] 
2026-09-17 21:20:43,164 [ERROR] LogOutputStream:75 - [STDERR_REDIRECT] [Fatal Error] :1:1: Premature end of file.
2026-09-17 21:20:43,164 [ERROR] LogOutputStream:75 - [STDERR_REDIRECT] 
2026-09-17 21:20:44,158 [ERROR] LogOutputStream:75 - [STDERR_REDIRECT] [Fatal Error] :1:1: Premature end of file.
2026-09-17 21:20:44,158 [ERROR] LogOutputStream:75 - [STDERR_REDIRECT] 
2026-09-17 21:20:45,158 [ERROR] LogOutputStream:75 - [STDERR_REDIRECT] [Fatal Error] :1:1: Premature end of file.
2026-09-17 21:20:45,158 [ERROR] LogOutputStream:75 - [STDERR_REDIRECT] 
2026-09-17 21:20:46,164 [ERROR] LogOutputStream:75 - [STDERR_REDIRECT] [Fatal Error] :1:1: Premature end of file.
2026-09-17 21:20:46,164 [ERROR] LogOutputStream:75 - [STDERR_REDIRECT] 
2026-09-17 21:20:47,160 [ERROR] LogOutputStream:75 - [STDERR_REDIRECT] [Fatal Error] :1:1: Premature end of file.
2026-09-17 21:20:47,160 [ERROR] LogOutputStream:75 - [STDERR_REDIRECT] 
2026-09-17 21:20:48,145 [ERROR] LogOutputStream:75 - [STDERR_REDIRECT] [Fatal Error] :1:1: Premature end of file.
2026-09-17 21:20:48,145 [ERROR] LogOutputStream:75 - [STDERR_REDIRECT] 
2026-09-17 21:20:49,155 [ERROR] LogOutputStream:75 - [STDERR_REDIRECT] [Fatal Error] :1:1: Premature end of file.
2026-09-17 21:20:49,155 [ERROR] LogOutputStream:75 - [STDERR_REDIRECT] 
2026-09-17 21:20:50,155 [ERROR] LogOutputStream:75 - [STDERR_REDIRECT] [Fatal Error] :1:1: Premature end of file.
2026-09-17 21:20:50,155 [ERROR] LogOutputStream:75 - [STDERR_REDIRECT] 
2026-09-17 21:20:51,156 [ERROR] LogOutputStream:75 - [STDERR_REDIRECT] [Fatal Error] :1:1: Premature end of file.
2026-09-17 21:20:51,156 [ERROR] LogOutputStream:75 - [STDERR_REDIRECT] 
2026-09-17 21:20:52,157 [ERROR] LogOutputStream:75 - [STDERR_REDIRECT] [Fatal Error] :1:1: Premature end of file.
2026-09-17 21:20:52,157 [ERROR] LogOutputStream:75 - [STDERR_REDIRECT] 
2026-09-17 21:20:53,157 [ERROR] LogOutputStream:75 - [STDERR_REDIRECT] [Fatal Error] :1:1: Premature end of file.
2026-09-17 21:20:53,157 [ERROR] LogOutputStream:75 - [STDERR_REDIRECT] 
2026-09-17 21:20:54,197 [ERROR] LogOutputStream:75 - [STDERR_REDIRECT] [Fatal Error] :1:1: Premature end of file.
2026-09-17 21:20:54,197 [ERROR] LogOutputStream:75 - [STDERR_REDIRECT] 
2026-09-17 21:20:55,155 [ERROR] LogOutputStream:75 - [STDERR_REDIRECT] [Fatal Error] :1:1: Premature end of file.
2026-09-17 21:20:55,156 [ERROR] LogOutputStream:75 - [STDERR_REDIRECT] 
2026-09-17 21:20:56,156 [ERROR] LogOutputStream:75 - [STDERR_REDIRECT] [Fatal Error] :1:1: Premature end of file.
2026-09-17 21:20:56,157 [ERROR] LogOutputStream:75 - [STDERR_REDIRECT] 
2026-09-17 21:20:57,159 [ERROR] LogOutputStream:75 - [STDERR_REDIRECT] [Fatal Error] :1:1: Premature end of file.
2026-09-17 21:20:57,159 [ERROR] LogOutputStream:75 - [STDERR_REDIRECT] 
2026-09-17 21:20:58,155 [ERROR] LogOutputStream:75 - [STDERR_REDIRECT] [Fatal Error] :1:1: Premature end of file.
2026-09-17 21:20:58,155 [ERROR] LogOutputStream:75 - [STDERR_REDIRECT] 
2026-09-17 21:20:59,152 [ERROR] LogOutputStream:75 - [STDERR_REDIRECT] [Fatal Error] :1:1: Premature end of file.
2026-09-17 21:20:59,152 [ERROR] LogOutputStream:75 - [STDERR_REDIRECT] 
2026-09-17 21:21:00,209 [ERROR] LogOutputStream:75 - [STDERR_REDIRECT] [Fatal Error] :1:1: Premature end of file.
2026-09-17 21:21:00,209 [ERROR] LogOutputStream:75 - [STDERR_REDIRECT] 
2026-09-17 21:21:01,156 [ERROR] LogOutputStream:75 - [STDERR_REDIRECT] [Fatal Error] :1:1: Premature end of file.
2026-09-17 21:21:01,156 [ERROR] LogOutputStream:75 - [STDERR_REDIRECT] 
2026-09-17 21:21:02,165 [ERROR] LogOutputStream:75 - [STDERR_REDIRECT] [Fatal Error] :1:1: Premature end of file.
2026-09-17 21:21:02,165 [ERROR] LogOutputStream:75 - [STDERR_REDIRECT] 
2026-09-17 21:21:03,158 [ERROR] LogOutputStream:75 - [STDERR_REDIRECT] [Fatal Error] :1:1: Premature end of file.
2026-09-17 21:21:03,158 [ERROR] LogOutputStream:75 - [STDERR_REDIRECT] 
2026-09-17 21:21:04,157 [ERROR] LogOutputStream:75 - [STDERR_REDIRECT] [Fatal Error] :1:1: Premature end of file.
2026-09-17 21:21:04,157 [ERROR] LogOutputStream:75 - [STDERR_REDIRECT] 
2026-09-17 21:21:05,161 [ERROR] LogOutputStream:75 - [STDERR_REDIRECT] [Fatal Error] :1:1: Premature end of file.
2026-09-17 21:21:05,161 [ERROR] LogOutputStream:75 - [STDERR_REDIRECT] 
2026-09-17 21:21:06,154 [ERROR] LogOutputStream:75 - [STDERR_REDIRECT] [Fatal Error] :1:1: Premature end of file.
2026-09-17 21:21:06,154 [ERROR] LogOutputStream:75 - [STDERR_REDIRECT] 
2026-09-17 21:21:07,158 [ERROR] LogOutputStream:75 - [STDERR_REDIRECT] [Fatal Error] :1:1: Premature end of file.
2026-09-17 21:21:07,158 [ERROR] LogOutputStream:75 - [STDERR_REDIRECT] 
2026-09-17 21:21:08,166 [ERROR] LogOutputStream:75 - [STDERR_REDIRECT] [Fatal Error] :1:1: Premature end of file.
2026-09-17 21:21:08,166 [ERROR] LogOutputStream:75 - [STDERR_REDIRECT] 
2026-09-17 21:21:09,162 [ERROR] LogOutputStream:75 - [STDERR_REDIRECT] [Fatal Error] :1:1: Premature end of file.
2026-09-17 21:21:09,165 [ERROR] LogOutputStream:75 - [STDERR_REDIRECT] 
2026-09-17 21:21:10,160 [ERROR] LogOutputStream:75 - [STDERR_REDIRECT] [Fatal Error] :1:1: Premature end of file.
2026-09-17 21:21:10,160 [ERROR] LogOutputStream:75 - [STDERR_REDIRECT] 
2026-09-17 21:21:11,145 [ERROR] LogOutputStream:75 - [STDERR_REDIRECT] [Fatal Error] :1:1: Premature end of file.
2026-09-17 21:21:11,145 [ERROR] LogOutputStream:75 - [STDERR_REDIRECT] 
2026-09-17 21:21:12,156 [ERROR] LogOutputStream:75 - [STDERR_REDIRECT] [Fatal Error] :1:1: Premature end of file.
2026-09-17 21:21:12,156 [ERROR] LogOutputStream:75 - [STDERR_REDIRECT] 
2026-09-17 21:21:13,154 [ERROR] LogOutputStream:75 - [STDERR_REDIRECT] [Fatal Error] :1:1: Premature end of file.
2026-09-17 21:21:13,154 [ERROR] LogOutputStream:75 - [STDERR_REDIRECT] 
2026-09-17 21:21:14,152 [ERROR] LogOutputStream:75 - [STDERR_REDIRECT] [Fatal Error] :1:1: Premature end of file.
2026-09-17 21:21:14,152 [ERROR] LogOutputStream:75 - [STDERR_REDIRECT] 
2026-09-17 21:21:15,155 [ERROR] LogOutputStream:75 - [STDERR_REDIRECT] [Fatal Error] :1:1: Premature end of file.
2026-09-17 21:21:15,155 [ERROR] LogOutputStream:75 - [STDERR_REDIRECT] 
2026-09-17 21:21:16,163 [ERROR] LogOutputStream:75 - [STDERR_REDIRECT] [Fatal Error] :1:1: Premature end of file.
2026-09-17 21:21:16,163 [ERROR] LogOutputStream:75 - [STDERR_REDIRECT] 
2026-09-17 21:21:17,184 [ERROR] LogOutputStream:75 - [STDERR_REDIRECT] [Fatal Error] :1:1: Premature end of file.
2026-09-17 21:21:17,185 [ERROR] LogOutputStream:75 - [STDERR_REDIRECT] 
2026-09-17 21:21:18,167 [ERROR] LogOutputStream:75 - [STDERR_REDIRECT] [Fatal Error] :1:1: Premature end of file.
2026-09-17 21:21:18,167 [ERROR] LogOutputStream:75 - [STDERR_REDIRECT] 
2026-09-17 21:21:19,175 [ERROR] LogOutputStream:75 - [STDERR_REDIRECT] [Fatal Error] :1:1: Premature end of file.
2026-09-17 21:21:19,175 [ERROR] LogOutputStream:75 - [STDERR_REDIRECT] 
2026-09-17 21:21:20,190 [ERROR] LogOutputStream:75 - [STDERR_REDIRECT] [Fatal Error] :1:1: Premature end of file.
2026-09-17 21:21:20,190 [ERROR] LogOutputStream:75 - [STDERR_REDIRECT] 
2026-09-17 21:21:21,188 [ERROR] LogOutputStream:75 - [STDERR_REDIRECT] [Fatal Error] :1:1: Premature end of file.
2026-09-17 21:21:21,188 [ERROR] LogOutputStream:75 - [STDERR_REDIRECT] 
2026-09-17 21:21:22,156 [ERROR] LogOutputStream:75 - [STDERR_REDIRECT] [Fatal Error] :1:1: Premature end of file.
2026-09-17 21:21:22,156 [ERROR] LogOutputStream:75 - [STDERR_REDIRECT] 
2026-09-17 21:21:23,167 [ERROR] LogOutputStream:75 - [STDERR_REDIRECT] [Fatal Error] :1:1: Premature end of file.
2026-09-17 21:21:23,167 [ERROR] LogOutputStream:75 - [STDERR_REDIRECT] 
2026-09-17 21:21:24,180 [ERROR] LogOutputStream:75 - [STDERR_REDIRECT] [Fatal Error] :1:1: Premature end of file.
2026-09-17 21:21:24,180 [ERROR] LogOutputStream:75 - [STDERR_REDIRECT] 
2026-09-17 21:21:25,170 [ERROR] LogOutputStream:75 - [STDERR_REDIRECT] [Fatal Error] :1:1: Premature end of file.
2026-09-17 21:21:25,170 [ERROR] LogOutputStream:75 - [STDERR_REDIRECT] 
2026-09-17 21:21:26,152 [ERROR] LogOutputStream:75 - [STDERR_REDIRECT] [Fatal Error] :1:1: Premature end of file.
2026-09-17 21:21:26,152 [ERROR] LogOutputStream:75 - [STDERR_REDIRECT] 
2026-09-17 21:21:27,167 [ERROR] LogOutputStream:75 - [STDERR_REDIRECT] [Fatal Error] :1:1: Premature end of file.
2026-09-17 21:21:27,171 [ERROR] LogOutputStream:75 - [STDERR_REDIRECT] 
2026-09-17 21:21:28,171 [ERROR] LogOutputStream:75 - [STDERR_REDIRECT] [Fatal Error] :1:1: Premature end of file.
2026-09-17 21:21:28,171 [ERROR] LogOutputStream:75 - [STDERR_REDIRECT] 
2026-09-17 21:21:29,160 [ERROR] LogOutputStream:75 - [STDERR_REDIRECT] [Fatal Error] :1:1: Premature end of file.
2026-09-17 21:21:29,160 [ERROR] LogOutputStream:75 - [STDERR_REDIRECT] 
2026-09-17 21:21:30,165 [ERROR] LogOutputStream:75 - [STDERR_REDIRECT] [Fatal Error] :1:1: Premature end of file.
2026-09-17 21:21:30,165 [ERROR] LogOutputStream:75 - [STDERR_REDIRECT] 
2026-09-17 21:21:31,158 [ERROR] LogOutputStream:75 - [STDERR_REDIRECT] [Fatal Error] :1:1: Premature end of file.
2026-09-17 21:21:31,158 [ERROR] LogOutputStream:75 - [STDERR_REDIRECT] 
2026-09-17 21:21:32,160 [ERROR] LogOutputStream:75 - [STDERR_REDIRECT] [Fatal Error] :1:1: Premature end of file.
2026-09-17 21:21:32,160 [ERROR] LogOutputStream:75 - [STDERR_REDIRECT] 
2026-09-17 21:21:33,156 [ERROR] LogOutputStream:75 - [STDERR_REDIRECT] [Fatal Error] :1:1: Premature end of file.
2026-09-17 21:21:33,156 [ERROR] LogOutputStream:75 - [STDERR_REDIRECT] 
2026-09-17 21:21:34,155 [ERROR] LogOutputStream:75 - [STDERR_REDIRECT] [Fatal Error] :1:1: Premature end of file.
2026-09-17 21:21:34,155 [ERROR] LogOutputStream:75 - [STDERR_REDIRECT] 
2026-09-17 21:21:35,157 [ERROR] LogOutputStream:75 - [STDERR_REDIRECT] [Fatal Error] :1:1: Premature end of file.
2026-09-17 21:21:35,158 [ERROR] LogOutputStream:75 - [STDERR_REDIRECT] 
2026-09-17 21:21:36,156 [ERROR] LogOutputStream:75 - [STDERR_REDIRECT] [Fatal Error] :1:1: Premature end of file.
2026-09-17 21:21:36,156 [ERROR] LogOutputStream:75 - [STDERR_REDIRECT] 
2026-09-17 21:21:37,165 [ERROR] LogOutputStream:75 - [STDERR_REDIRECT] [Fatal Error] :1:1: Premature end of file.
2026-09-17 21:21:37,165 [ERROR] LogOutputStream:75 - [STDERR_REDIRECT] 
2026-09-17 21:21:38,159 [ERROR] LogOutputStream:75 - [STDERR_REDIRECT] [Fatal Error] :1:1: Premature end of file.
2026-09-17 21:21:38,159 [ERROR] LogOutputStream:75 - [STDERR_REDIRECT] 
2026-09-17 21:21:39,158 [ERROR] LogOutputStream:75 - [STDERR_REDIRECT] [Fatal Error] :1:1: Premature end of file.
2026-09-17 21:21:39,158 [ERROR] LogOutputStream:75 - [STDERR_REDIRECT] 
2026-09-17 21:21:40,155 [ERROR] LogOutputStream:75 - [STDERR_REDIRECT] [Fatal Error] :1:1: Premature end of file.
2026-09-17 21:21:40,155 [ERROR] LogOutputStream:75 - [STDERR_REDIRECT] 
2026-09-17 21:21:41,155 [ERROR] LogOutputStream:75 - [STDERR_REDIRECT] [Fatal Error] :1:1: Premature end of file.
2026-09-17 21:21:41,155 [ERROR] LogOutputStream:75 - [STDERR_REDIRECT] 
2026-09-17 21:21:42,160 [ERROR] LogOutputStream:75 - [STDERR_REDIRECT] [Fatal Error] :1:1: Premature end of file.
2026-09-17 21:21:42,160 [ERROR] LogOutputStream:75 - [STDERR_REDIRECT] 
2026-09-17 21:21:43,157 [ERROR] LogOutputStream:75 - [STDERR_REDIRECT] [Fatal Error] :1:1: Premature end of file.
2026-09-17 21:21:43,158 [ERROR] LogOutputStream:75 - [STDERR_REDIRECT] 
2026-09-17 21:21:44,159 [ERROR] LogOutputStream:75 - [STDERR_REDIRECT] [Fatal Error] :1:1: Premature end of file.
2026-09-17 21:21:44,159 [ERROR] LogOutputStream:75 - [STDERR_REDIRECT] 
2026-09-17 21:21:45,156 [ERROR] LogOutputStream:75 - [STDERR_REDIRECT] [Fatal Error] :1:1: Premature end of file.
2026-09-17 21:21:45,156 [ERROR] LogOutputStream:75 - [STDERR_REDIRECT] 
2026-09-17 21:21:46,161 [ERROR] LogOutputStream:75 - [STDERR_REDIRECT] [Fatal Error] :1:1: Premature end of file.
2026-09-17 21:21:46,161 [ERROR] LogOutputStream:75 - [STDERR_REDIRECT] 
2026-09-17 21:21:47,148 [ERROR] LogOutputStream:75 - [STDERR_REDIRECT] [Fatal Error] :1:1: Premature end of file.
2026-09-17 21:21:47,148 [ERROR] LogOutputStream:75 - [STDERR_REDIRECT] 
2026-09-17 21:21:48,157 [ERROR] LogOutputStream:75 - [STDERR_REDIRECT] [Fatal Error] :1:1: Premature end of file.
2026-09-17 21:21:48,157 [ERROR] LogOutputStream:75 - [STDERR_REDIRECT] 
2026-09-17 21:21:49,156 [ERROR] LogOutputStream:75 - [STDERR_REDIRECT] [Fatal Error] :1:1: Premature end of file.
2026-09-17 21:21:49,156 [ERROR] LogOutputStream:75 - [STDERR_REDIRECT] 
2026-09-17 21:21:50,153 [ERROR] LogOutputStream:75 - [STDERR_REDIRECT] [Fatal Error] :1:1: Premature end of file.
2026-09-17 21:21:50,153 [ERROR] LogOutputStream:75 - [STDERR_REDIRECT] 
2026-09-17 21:21:51,156 [ERROR] LogOutputStream:75 - [STDERR_REDIRECT] [Fatal Error] :1:1: Premature end of file.
2026-09-17 21:21:51,157 [ERROR] LogOutputStream:75 - [STDERR_REDIRECT] 
2026-09-17 21:21:52,161 [ERROR] LogOutputStream:75 - [STDERR_REDIRECT] [Fatal Error] :1:1: Premature end of file.
2026-09-17 21:21:52,161 [ERROR] LogOutputStream:75 - [STDERR_REDIRECT] 
2026-09-17 21:21:53,159 [ERROR] LogOutputStream:75 - [STDERR_REDIRECT] [Fatal Error] :1:1: Premature end of file.
2026-09-17 21:21:53,159 [ERROR] LogOutputStream:75 - [STDERR_REDIRECT] 
2026-09-17 21:21:54,154 [ERROR] LogOutputStream:75 - [STDERR_REDIRECT] [Fatal Error] :1:1: Premature end of file.
2026-09-17 21:21:54,154 [ERROR] LogOutputStream:75 - [STDERR_REDIRECT] 
2026-09-17 21:21:55,163 [ERROR] LogOutputStream:75 - [STDERR_REDIRECT] [Fatal Error] :1:1: Premature end of file.
2026-09-17 21:21:55,163 [ERROR] LogOutputStream:75 - [STDERR_REDIRECT] 
2026-09-17 21:21:56,156 [ERROR] LogOutputStream:75 - [STDERR_REDIRECT] [Fatal Error] :1:1: Premature end of file.
2026-09-17 21:21:56,156 [ERROR] LogOutputStream:75 - [STDERR_REDIRECT] 
2026-09-17 21:21:57,155 [ERROR] LogOutputStream:75 - [STDERR_REDIRECT] [Fatal Error] :1:1: Premature end of file.
2026-09-17 21:21:57,155 [ERROR] LogOutputStream:75 - [STDERR_REDIRECT] 
2026-09-17 21:21:58,156 [ERROR] LogOutputStream:75 - [STDERR_REDIRECT] [Fatal Error] :1:1: Premature end of file.
2026-09-17 21:21:58,156 [ERROR] LogOutputStream:75 - [STDERR_REDIRECT] 
2026-09-17 21:21:59,157 [ERROR] LogOutputStream:75 - [STDERR_REDIRECT] [Fatal Error] :1:1: Premature end of file.
2026-09-17 21:21:59,157 [ERROR] LogOutputStream:75 - [STDERR_REDIRECT] 
2026-09-17 21:22:00,177 [ERROR] LogOutputStream:75 - [STDERR_REDIRECT] [Fatal Error] :1:1: Premature end of file.
2026-09-17 21:22:00,177 [ERROR] LogOutputStream:75 - [STDERR_REDIRECT] 
2026-09-17 21:22:01,189 [ERROR] LogOutputStream:75 - [STDERR_REDIRECT] [Fatal Error] :1:1: Premature end of file.
2026-09-17 21:22:01,189 [ERROR] LogOutputStream:75 - [STDERR_REDIRECT] 
2026-09-17 21:22:02,166 [ERROR] LogOutputStream:75 - [STDERR_REDIRECT] [Fatal Error] :1:1: Premature end of file.
2026-09-17 21:22:02,166 [ERROR] LogOutputStream:75 - [STDERR_REDIRECT] 
2026-09-17 21:22:03,162 [ERROR] LogOutputStream:75 - [STDERR_REDIRECT] [Fatal Error] :1:1: Premature end of file.
2026-09-17 21:22:03,162 [ERROR] LogOutputStream:75 - [STDERR_REDIRECT] 
2026-09-17 21:22:04,150 [ERROR] LogOutputStream:75 - [STDERR_REDIRECT] [Fatal Error] :1:1: Premature end of file.
2026-09-17 21:22:04,150 [ERROR] LogOutputStream:75 - [STDERR_REDIRECT] 
2026-09-17 21:22:05,148 [ERROR] LogOutputStream:75 - [STDERR_REDIRECT] [Fatal Error] :1:1: Premature end of file.
2026-09-17 21:22:05,148 [ERROR] LogOutputStream:75 - [STDERR_REDIRECT] 
2026-09-17 21:22:06,157 [ERROR] LogOutputStream:75 - [STDERR_REDIRECT] [Fatal Error] :1:1: Premature end of file.
2026-09-17 21:22:06,157 [ERROR] LogOutputStream:75 - [STDERR_REDIRECT] 
2026-09-17 21:22:07,159 [ERROR] LogOutputStream:75 - [STDERR_REDIRECT] [Fatal Error] :1:1: Premature end of file.
2026-09-17 21:22:07,159 [ERROR] LogOutputStream:75 - [STDERR_REDIRECT] 
2026-09-17 21:22:08,155 [ERROR] LogOutputStream:75 - [STDERR_REDIRECT] [Fatal Error] :1:1: Premature end of file.
2026-09-17 21:22:08,155 [ERROR] LogOutputStream:75 - [STDERR_REDIRECT] 
2026-09-17 21:22:09,155 [ERROR] LogOutputStream:75 - [STDERR_REDIRECT] [Fatal Error] :1:1: Premature end of file.
2026-09-17 21:22:09,155 [ERROR] LogOutputStream:75 - [STDERR_REDIRECT] 
2026-09-17 21:22:10,154 [ERROR] LogOutputStream:75 - [STDERR_REDIRECT] [Fatal Error] :1:1: Premature end of file.
2026-09-17 21:22:10,154 [ERROR] LogOutputStream:75 - [STDERR_REDIRECT] 
2026-09-17 21:22:11,162 [ERROR] LogOutputStream:75 - [STDERR_REDIRECT] [Fatal Error] :1:1: Premature end of file.
2026-09-17 21:22:11,163 [ERROR] LogOutputStream:75 - [STDERR_REDIRECT] 
2026-09-17 21:22:12,155 [ERROR] LogOutputStream:75 - [STDERR_REDIRECT] [Fatal Error] :1:1: Premature end of file.
2026-09-17 21:22:12,156 [ERROR] LogOutputStream:75 - [STDERR_REDIRECT] 
2026-09-17 21:22:13,147 [ERROR] LogOutputStream:75 - [STDERR_REDIRECT] [Fatal Error] :1:1: Premature end of file.
2026-09-17 21:22:13,148 [ERROR] LogOutputStream:75 - [STDERR_REDIRECT] 
2026-09-17 21:22:14,155 [ERROR] LogOutputStream:75 - [STDERR_REDIRECT] [Fatal Error] :1:1: Premature end of file.
2026-09-17 21:22:14,155 [ERROR] LogOutputStream:75 - [STDERR_REDIRECT] 
2026-09-17 21:22:15,155 [ERROR] LogOutputStream:75 - [STDERR_REDIRECT] [Fatal Error] :1:1: Premature end of file.
2026-09-17 21:22:15,155 [ERROR] LogOutputStream:75 - [STDERR_REDIRECT] 
2026-09-17 21:22:16,162 [ERROR] LogOutputStream:75 - [STDERR_REDIRECT] [Fatal Error] :1:1: Premature end of file.
2026-09-17 21:22:16,162 [ERROR] LogOutputStream:75 - [STDERR_REDIRECT] 
2026-09-17 21:22:17,161 [ERROR] LogOutputStream:75 - [STDERR_REDIRECT] [Fatal Error] :1:1: Premature end of file.
2026-09-17 21:22:17,162 [ERROR] LogOutputStream:75 - [STDERR_REDIRECT] 
2026-09-17 21:22:18,154 [ERROR] LogOutputStream:75 - [STDERR_REDIRECT] [Fatal Error] :1:1: Premature end of file.
2026-09-17 21:22:18,154 [ERROR] LogOutputStream:75 - [STDERR_REDIRECT] 
2026-09-17 21:22:19,154 [ERROR] LogOutputStream:75 - [STDERR_REDIRECT] [Fatal Error] :1:1: Premature end of file.
2026-09-17 21:22:19,155 [ERROR] LogOutputStream:75 - [STDERR_REDIRECT] 
2026-09-17 21:22:20,154 [ERROR] LogOutputStream:75 - [STDERR_REDIRECT] [Fatal Error] :1:1: Premature end of file.
2026-09-17 21:22:20,154 [ERROR] LogOutputStream:75 - [STDERR_REDIRECT] 
2026-09-17 21:22:21,163 [ERROR] LogOutputStream:75 - [STDERR_REDIRECT] [Fatal Error] :1:1: Premature end of file.
2026-09-17 21:22:21,163 [ERROR] LogOutputStream:75 - [STDERR_REDIRECT] 
2026-09-17 21:22:22,159 [ERROR] LogOutputStream:75 - [STDERR_REDIRECT] [Fatal Error] :1:1: Premature end of file.
2026-09-17 21:22:22,159 [ERROR] LogOutputStream:75 - [STDERR_REDIRECT] 
2026-09-17 21:22:23,159 [ERROR] LogOutputStream:75 - [STDERR_REDIRECT] [Fatal Error] :1:1: Premature end of file.
2026-09-17 21:22:23,159 [ERROR] LogOutputStream:75 - [STDERR_REDIRECT] 
2026-09-17 21:22:24,147 [ERROR] LogOutputStream:75 - [STDERR_REDIRECT] [Fatal Error] :1:1: Premature end of file.
2026-09-17 21:22:24,147 [ERROR] LogOutputStream:75 - [STDERR_REDIRECT] 
2026-09-17 21:22:25,153 [ERROR] LogOutputStream:75 - [STDERR_REDIRECT] [Fatal Error] :1:1: Premature end of file.
2026-09-17 21:22:25,153 [ERROR] LogOutputStream:75 - [STDERR_REDIRECT] 
2026-09-17 21:22:26,160 [ERROR] LogOutputStream:75 - [STDERR_REDIRECT] [Fatal Error] :1:1: Premature end of file.
2026-09-17 21:22:26,160 [ERROR] LogOutputStream:75 - [STDERR_REDIRECT] 
2026-09-17 21:22:27,144 [ERROR] LogOutputStream:75 - [STDERR_REDIRECT] [Fatal Error] :1:1: Premature end of file.
2026-09-17 21:22:27,144 [ERROR] LogOutputStream:75 - [STDERR_REDIRECT] 
2026-09-17 21:22:28,155 [ERROR] LogOutputStream:75 - [STDERR_REDIRECT] [Fatal Error] :1:1: Premature end of file.
2026-09-17 21:22:28,155 [ERROR] LogOutputStream:75 - [STDERR_REDIRECT] 
2026-09-17 21:22:29,155 [ERROR] LogOutputStream:75 - [STDERR_REDIRECT] [Fatal Error] :1:1: Premature end of file.
2026-09-17 21:22:29,155 [ERROR] LogOutputStream:75 - [STDERR_REDIRECT] 
2026-09-17 21:22:30,162 [ERROR] LogOutputStream:75 - [STDERR_REDIRECT] [Fatal Error] :1:1: Premature end of file.
2026-09-17 21:22:30,162 [ERROR] LogOutputStream:75 - [STDERR_REDIRECT] 
2026-09-17 21:22:31,159 [ERROR] LogOutputStream:75 - [STDERR_REDIRECT] [Fatal Error] :1:1: Premature end of file.
2026-09-17 21:22:31,159 [ERROR] LogOutputStream:75 - [STDERR_REDIRECT] 
2026-09-17 21:22:32,157 [ERROR] LogOutputStream:75 - [STDERR_REDIRECT] [Fatal Error] :1:1: Premature end of file.
2026-09-17 21:22:32,158 [ERROR] LogOutputStream:75 - [STDERR_REDIRECT] 
2026-09-17 21:22:33,152 [ERROR] LogOutputStream:75 - [STDERR_REDIRECT] [Fatal Error] :1:1: Premature end of file.
2026-09-17 21:22:33,152 [ERROR] LogOutputStream:75 - [STDERR_REDIRECT] 
2026-09-17 21:22:34,144 [ERROR] LogOutputStream:75 - [STDERR_REDIRECT] [Fatal Error] :1:1: Premature end of file.
2026-09-17 21:22:34,144 [ERROR] LogOutputStream:75 - [STDERR_REDIRECT] 
2026-09-17 21:22:35,156 [ERROR] LogOutputStream:75 - [STDERR_REDIRECT] [Fatal Error] :1:1: Premature end of file.
2026-09-17 21:22:35,156 [ERROR] LogOutputStream:75 - [STDERR_REDIRECT] 
2026-09-17 21:22:36,166 [ERROR] LogOutputStream:75 - [STDERR_REDIRECT] [Fatal Error] :1:1: Premature end of file.
2026-09-17 21:22:36,167 [ERROR] LogOutputStream:75 - [STDERR_REDIRECT] 
2026-09-17 21:22:37,147 [ERROR] LogOutputStream:75 - [STDERR_REDIRECT] [Fatal Error] :1:1: Premature end of file.
2026-09-17 21:22:37,147 [ERROR] LogOutputStream:75 - [STDERR_REDIRECT] 
2026-09-17 21:22:38,163 [ERROR] LogOutputStream:75 - [STDERR_REDIRECT] [Fatal Error] :1:1: Premature end of file.
2026-09-17 21:22:38,163 [ERROR] LogOutputStream:75 - [STDERR_REDIRECT] 
2026-09-17 21:22:39,166 [ERROR] LogOutputStream:75 - [STDERR_REDIRECT] [Fatal Error] :1:1: Premature end of file.
2026-09-17 21:22:39,166 [ERROR] LogOutputStream:75 - [STDERR_REDIRECT] 
2026-09-17 21:22:40,166 [ERROR] LogOutputStream:75 - [STDERR_REDIRECT] [Fatal Error] :1:1: Premature end of file.
2026-09-17 21:22:40,166 [ERROR] LogOutputStream:75 - [STDERR_REDIRECT] 
2026-09-17 21:22:41,162 [ERROR] LogOutputStream:75 - [STDERR_REDIRECT] [Fatal Error] :1:1: Premature end of file.
2026-09-17 21:22:41,162 [ERROR] LogOutputStream:75 - [STDERR_REDIRECT] 
2026-09-17 21:22:42,161 [ERROR] LogOutputStream:75 - [STDERR_REDIRECT] [Fatal Error] :1:1: Premature end of file.
2026-09-17 21:22:42,161 [ERROR] LogOutputStream:75 - [STDERR_REDIRECT] 
2026-09-17 21:22:43,170 [ERROR] LogOutputStream:75 - [STDERR_REDIRECT] [Fatal Error] :1:1: Premature end of file.
2026-09-17 21:22:43,216 [ERROR] LogOutputStream:75 - [STDERR_REDIRECT] 
2026-09-17 21:22:44,155 [ERROR] LogOutputStream:75 - [STDERR_REDIRECT] [Fatal Error] :1:1: Premature end of file.
2026-09-17 21:22:44,155 [ERROR] LogOutputStream:75 - [STDERR_REDIRECT] 
2026-09-17 21:22:45,168 [ERROR] LogOutputStream:75 - [STDERR_REDIRECT] [Fatal Error] :1:1: Premature end of file.
2026-09-17 21:22:45,168 [ERROR] LogOutputStream:75 - [STDERR_REDIRECT] 
2026-09-17 21:22:46,166 [ERROR] LogOutputStream:75 - [STDERR_REDIRECT] [Fatal Error] :1:1: Premature end of file.
2026-09-17 21:22:46,166 [ERROR] LogOutputStream:75 - [STDERR_REDIRECT] 
2026-09-17 21:22:47,150 [ERROR] LogOutputStream:75 - [STDERR_REDIRECT] [Fatal Error] :1:1: Premature end of file.
2026-09-17 21:22:47,150 [ERROR] LogOutputStream:75 - [STDERR_REDIRECT] 
2026-09-17 21:22:48,160 [ERROR] LogOutputStream:75 - [STDERR_REDIRECT] [Fatal Error] :1:1: Premature end of file.
2026-09-17 21:22:48,160 [ERROR] LogOutputStream:75 - [STDERR_REDIRECT] 
2026-09-17 21:22:49,145 [ERROR] LogOutputStream:75 - [STDERR_REDIRECT] [Fatal Error] :1:1: Premature end of file.
2026-09-17 21:22:49,145 [ERROR] LogOutputStream:75 - [STDERR_REDIRECT] 
2026-09-17 21:22:50,165 [ERROR] LogOutputStream:75 - [STDERR_REDIRECT] [Fatal Error] :1:1: Premature end of file.
2026-09-17 21:22:50,166 [ERROR] LogOutputStream:75 - [STDERR_REDIRECT] 
2026-09-17 21:22:51,153 [ERROR] LogOutputStream:75 - [STDERR_REDIRECT] [Fatal Error] :1:1: Premature end of file.
2026-09-17 21:22:51,153 [ERROR] LogOutputStream:75 - [STDERR_REDIRECT] 
2026-09-17 21:22:52,156 [ERROR] LogOutputStream:75 - [STDERR_REDIRECT] [Fatal Error] :1:1: Premature end of file.
2026-09-17 21:22:52,156 [ERROR] LogOutputStream:75 - [STDERR_REDIRECT] 
2026-09-17 21:22:53,159 [ERROR] LogOutputStream:75 - [STDERR_REDIRECT] [Fatal Error] :1:1: Premature end of file.
2026-09-17 21:22:53,159 [ERROR] LogOutputStream:75 - [STDERR_REDIRECT] 
2026-09-17 21:22:54,151 [ERROR] LogOutputStream:75 - [STDERR_REDIRECT] [Fatal Error] :1:1: Premature end of file.
2026-09-17 21:22:54,151 [ERROR] LogOutputStream:75 - [STDERR_REDIRECT] 
2026-09-17 21:22:55,172 [ERROR] LogOutputStream:75 - [STDERR_REDIRECT] [Fatal Error] :1:1: Premature end of file.
2026-09-17 21:22:55,172 [ERROR] LogOutputStream:75 - [STDERR_REDIRECT] 
2026-09-17 21:22:56,156 [ERROR] LogOutputStream:75 - [STDERR_REDIRECT] [Fatal Error] :1:1: Premature end of file.
2026-09-17 21:22:56,156 [ERROR] LogOutputStream:75 - [STDERR_REDIRECT] 
2026-09-17 21:22:57,158 [ERROR] LogOutputStream:75 - [STDERR_REDIRECT] [Fatal Error] :1:1: Premature end of file.
2026-09-17 21:22:57,158 [ERROR] LogOutputStream:75 - [STDERR_REDIRECT] 
2026-09-17 21:22:58,163 [ERROR] LogOutputStream:75 - [STDERR_REDIRECT] [Fatal Error] :1:1: Premature end of file.
2026-09-17 21:22:58,163 [ERROR] LogOutputStream:75 - [STDERR_REDIRECT] 
2026-09-17 21:22:59,171 [ERROR] LogOutputStream:75 - [STDERR_REDIRECT] [Fatal Error] :1:1: Premature end of file.
2026-09-17 21:22:59,171 [ERROR] LogOutputStream:75 - [STDERR_REDIRECT] 
2026-09-17 21:23:00,155 [ERROR] LogOutputStream:75 - [STDERR_REDIRECT] [Fatal Error] :1:1: Premature end of file.
2026-09-17 21:23:00,155 [ERROR] LogOutputStream:75 - [STDERR_REDIRECT] 
2026-09-17 21:23:01,159 [ERROR] LogOutputStream:75 - [STDERR_REDIRECT] [Fatal Error] :1:1: Premature end of file.
2026-09-17 21:23:01,159 [ERROR] LogOutputStream:75 - [STDERR_REDIRECT] 
2026-09-17 21:23:02,168 [ERROR] LogOutputStream:75 - [STDERR_REDIRECT] [Fatal Error] :1:1: Premature end of file.
2026-09-17 21:23:02,168 [ERROR] LogOutputStream:75 - [STDERR_REDIRECT] 
2026-09-17 21:23:03,158 [ERROR] LogOutputStream:75 - [STDERR_REDIRECT] [Fatal Error] :1:1: Premature end of file.
2026-09-17 21:23:03,158 [ERROR] LogOutputStream:75 - [STDERR_REDIRECT] 
2026-09-17 21:23:04,167 [ERROR] LogOutputStream:75 - [STDERR_REDIRECT] [Fatal Error] :1:1: Premature end of file.
2026-09-17 21:23:04,167 [ERROR] LogOutputStream:75 - [STDERR_REDIRECT] 
2026-09-17 21:23:05,159 [ERROR] LogOutputStream:75 - [STDERR_REDIRECT] [Fatal Error] :1:1: Premature end of file.
2026-09-17 21:23:05,160 [ERROR] LogOutputStream:75 - [STDERR_REDIRECT] 
2026-09-17 21:23:06,160 [ERROR] LogOutputStream:75 - [STDERR_REDIRECT] [Fatal Error] :1:1: Premature end of file.
2026-09-17 21:23:06,160 [ERROR] LogOutputStream:75 - [STDERR_REDIRECT] 
2026-09-17 21:23:07,154 [ERROR] LogOutputStream:75 - [STDERR_REDIRECT] [Fatal Error] :1:1: Premature end of file.
2026-09-17 21:23:07,154 [ERROR] LogOutputStream:75 - [STDERR_REDIRECT] 
2026-09-17 21:23:08,157 [ERROR] LogOutputStream:75 - [STDERR_REDIRECT] [Fatal Error] :1:1: Premature end of file.
2026-09-17 21:23:08,157 [ERROR] LogOutputStream:75 - [STDERR_REDIRECT] 
2026-09-17 21:23:09,161 [ERROR] LogOutputStream:75 - [STDERR_REDIRECT] [Fatal Error] :1:1: Premature end of file.
2026-09-17 21:23:09,161 [ERROR] LogOutputStream:75 - [STDERR_REDIRECT] 
2026-09-17 21:23:10,159 [ERROR] LogOutputStream:75 - [STDERR_REDIRECT] [Fatal Error] :1:1: Premature end of file.
2026-09-17 21:23:10,159 [ERROR] LogOutputStream:75 - [STDERR_REDIRECT] 
2026-09-17 21:23:11,159 [ERROR] LogOutputStream:75 - [STDERR_REDIRECT] [Fatal Error] :1:1: Premature end of file.
2026-09-17 21:23:11,159 [ERROR] LogOutputStream:75 - [STDERR_REDIRECT] 
2026-09-17 21:23:12,160 [ERROR] LogOutputStream:75 - [STDERR_REDIRECT] [Fatal Error] :1:1: Premature end of file.
2026-09-17 21:23:12,160 [ERROR] LogOutputStream:75 - [STDERR_REDIRECT] 
2026-09-17 21:23:13,162 [ERROR] LogOutputStream:75 - [STDERR_REDIRECT] [Fatal Error] :1:1: Premature end of file.
2026-09-17 21:23:13,231 [ERROR] LogOutputStream:75 - [STDERR_REDIRECT] 
2026-09-17 21:23:14,156 [ERROR] LogOutputStream:75 - [STDERR_REDIRECT] [Fatal Error] :1:1: Premature end of file.
2026-09-17 21:23:14,157 [ERROR] LogOutputStream:75 - [STDERR_REDIRECT] 
2026-09-17 21:23:15,155 [ERROR] LogOutputStream:75 - [STDERR_REDIRECT] [Fatal Error] :1:1: Premature end of file.
2026-09-17 21:23:15,155 [ERROR] LogOutputStream:75 - [STDERR_REDIRECT] 
2026-09-17 21:23:16,160 [ERROR] LogOutputStream:75 - [STDERR_REDIRECT] [Fatal Error] :1:1: Premature end of file.
2026-09-17 21:23:16,161 [ERROR] LogOutputStream:75 - [STDERR_REDIRECT] 
2026-09-17 21:23:17,148 [ERROR] LogOutputStream:75 - [STDERR_REDIRECT] [Fatal Error] :1:1: Premature end of file.
2026-09-17 21:23:17,148 [ERROR] LogOutputStream:75 - [STDERR_REDIRECT] 
2026-09-17 21:23:18,156 [ERROR] LogOutputStream:75 - [STDERR_REDIRECT] [Fatal Error] :1:1: Premature end of file.
2026-09-17 21:23:18,156 [ERROR] LogOutputStream:75 - [STDERR_REDIRECT] 
2026-09-17 21:23:19,161 [ERROR] LogOutputStream:75 - [STDERR_REDIRECT] [Fatal Error] :1:1: Premature end of file.
2026-09-17 21:23:19,161 [ERROR] LogOutputStream:75 - [STDERR_REDIRECT] 
2026-09-17 21:23:20,162 [ERROR] LogOutputStream:75 - [STDERR_REDIRECT] [Fatal Error] :1:1: Premature end of file.
2026-09-17 21:23:20,162 [ERROR] LogOutputStream:75 - [STDERR_REDIRECT] 
2026-09-17 21:23:21,149 [ERROR] LogOutputStream:75 - [STDERR_REDIRECT] [Fatal Error] :1:1: Premature end of file.
2026-09-17 21:23:21,149 [ERROR] LogOutputStream:75 - [STDERR_REDIRECT] 
2026-09-17 21:23:22,151 [ERROR] LogOutputStream:75 - [STDERR_REDIRECT] [Fatal Error] :1:1: Premature end of file.
2026-09-17 21:23:22,151 [ERROR] LogOutputStream:75 - [STDERR_REDIRECT] 
2026-09-17 21:23:23,150 [ERROR] LogOutputStream:75 - [STDERR_REDIRECT] [Fatal Error] :1:1: Premature end of file.
2026-09-17 21:23:23,150 [ERROR] LogOutputStream:75 - [STDERR_REDIRECT] 
2026-09-17 21:23:24,158 [ERROR] LogOutputStream:75 - [STDERR_REDIRECT] [Fatal Error] :1:1: Premature end of file.
2026-09-17 21:23:24,158 [ERROR] LogOutputStream:75 - [STDERR_REDIRECT] 
2026-09-17 21:23:25,157 [ERROR] LogOutputStream:75 - [STDERR_REDIRECT] [Fatal Error] :1:1: Premature end of file.
2026-09-17 21:23:25,157 [ERROR] LogOutputStream:75 - [STDERR_REDIRECT] 
2026-09-17 21:23:26,152 [ERROR] LogOutputStream:75 - [STDERR_REDIRECT] [Fatal Error] :1:1: Premature end of file.
2026-09-17 21:23:26,152 [ERROR] LogOutputStream:75 - [STDERR_REDIRECT] 
2026-09-17 21:23:27,145 [ERROR] LogOutputStream:75 - [STDERR_REDIRECT] [Fatal Error] :1:1: Premature end of file.
2026-09-17 21:23:27,145 [ERROR] LogOutputStream:75 - [STDERR_REDIRECT] 
2026-09-17 21:23:28,164 [ERROR] LogOutputStream:75 - [STDERR_REDIRECT] [Fatal Error] :1:1: Premature end of file.
2026-09-17 21:23:28,208 [ERROR] LogOutputStream:75 - [STDERR_REDIRECT] 
2026-09-17 21:23:29,161 [ERROR] LogOutputStream:75 - [STDERR_REDIRECT] [Fatal Error] :1:1: Premature end of file.
2026-09-17 21:23:29,161 [ERROR] LogOutputStream:75 - [STDERR_REDIRECT] 
2026-09-17 21:23:30,156 [ERROR] LogOutputStream:75 - [STDERR_REDIRECT] [Fatal Error] :1:1: Premature end of file.
2026-09-17 21:23:30,156 [ERROR] LogOutputStream:75 - [STDERR_REDIRECT] 
2026-09-17 21:23:31,166 [ERROR] LogOutputStream:75 - [STDERR_REDIRECT] [Fatal Error] :1:1: Premature end of file.
2026-09-17 21:23:31,166 [ERROR] LogOutputStream:75 - [STDERR_REDIRECT] 
2026-09-17 21:23:32,159 [ERROR] LogOutputStream:75 - [STDERR_REDIRECT] [Fatal Error] :1:1: Premature end of file.
2026-09-17 21:23:32,160 [ERROR] LogOutputStream:75 - [STDERR_REDIRECT] 
2026-09-17 21:23:33,160 [ERROR] LogOutputStream:75 - [STDERR_REDIRECT] [Fatal Error] :1:1: Premature end of file.
2026-09-17 21:23:33,160 [ERROR] LogOutputStream:75 - [STDERR_REDIRECT] 
2026-09-17 21:23:34,160 [ERROR] LogOutputStream:75 - [STDERR_REDIRECT] [Fatal Error] :1:1: Premature end of file.
2026-09-17 21:23:34,160 [ERROR] LogOutputStream:75 - [STDERR_REDIRECT] 
2026-09-17 21:23:35,160 [ERROR] LogOutputStream:75 - [STDERR_REDIRECT] [Fatal Error] :1:1: Premature end of file.
2026-09-17 21:23:35,160 [ERROR] LogOutputStream:75 - [STDERR_REDIRECT] 
2026-09-17 21:23:36,152 [ERROR] LogOutputStream:75 - [STDERR_REDIRECT] [Fatal Error] :1:1: Premature end of file.
2026-09-17 21:23:36,153 [ERROR] LogOutputStream:75 - [STDERR_REDIRECT] 
2026-09-17 21:23:37,166 [ERROR] LogOutputStream:75 - [STDERR_REDIRECT] [Fatal Error] :1:1: Premature end of file.
2026-09-17 21:23:37,166 [ERROR] LogOutputStream:75 - [STDERR_REDIRECT] 
2026-09-17 21:23:38,159 [ERROR] LogOutputStream:75 - [STDERR_REDIRECT] [Fatal Error] :1:1: Premature end of file.
2026-09-17 21:23:38,159 [ERROR] LogOutputStream:75 - [STDERR_REDIRECT] 
2026-09-17 21:23:39,151 [ERROR] LogOutputStream:75 - [STDERR_REDIRECT] [Fatal Error] :1:1: Premature end of file.
2026-09-17 21:23:39,151 [ERROR] LogOutputStream:75 - [STDERR_REDIRECT] 
2026-09-17 21:23:40,160 [ERROR] LogOutputStream:75 - [STDERR_REDIRECT] [Fatal Error] :1:1: Premature end of file.
2026-09-17 21:23:40,161 [ERROR] LogOutputStream:75 - [STDERR_REDIRECT] 
2026-09-17 21:23:41,160 [ERROR] LogOutputStream:75 - [STDERR_REDIRECT] [Fatal Error] :1:1: Premature end of file.
2026-09-17 21:23:41,161 [ERROR] LogOutputStream:75 - [STDERR_REDIRECT] 
2026-09-17 21:23:42,161 [ERROR] LogOutputStream:75 - [STDERR_REDIRECT] [Fatal Error] :1:1: Premature end of file.
2026-09-17 21:23:42,162 [ERROR] LogOutputStream:75 - [STDERR_REDIRECT] 
2026-09-17 21:23:43,157 [ERROR] LogOutputStream:75 - [STDERR_REDIRECT] [Fatal Error] :1:1: Premature end of file.
2026-09-17 21:23:43,158 [ERROR] LogOutputStream:75 - [STDERR_REDIRECT] 
2026-09-17 21:23:44,156 [ERROR] LogOutputStream:75 - [STDERR_REDIRECT] [Fatal Error] :1:1: Premature end of file.
2026-09-17 21:23:44,156 [ERROR] LogOutputStream:75 - [STDERR_REDIRECT] 
2026-09-17 21:23:45,151 [ERROR] LogOutputStream:75 - [STDERR_REDIRECT] [Fatal Error] :1:1: Premature end of file.
2026-09-17 21:23:45,151 [ERROR] LogOutputStream:75 - [STDERR_REDIRECT] 
2026-09-17 21:23:46,160 [ERROR] LogOutputStream:75 - [STDERR_REDIRECT] [Fatal Error] :1:1: Premature end of file.
2026-09-17 21:23:46,160 [ERROR] LogOutputStream:75 - [STDERR_REDIRECT] 
2026-09-17 21:23:47,158 [ERROR] LogOutputStream:75 - [STDERR_REDIRECT] [Fatal Error] :1:1: Premature end of file.
2026-09-17 21:23:47,158 [ERROR] LogOutputStream:75 - [STDERR_REDIRECT] 
2026-09-17 21:23:48,148 [ERROR] LogOutputStream:75 - [STDERR_REDIRECT] [Fatal Error] :1:1: Premature end of file.
2026-09-17 21:23:48,148 [ERROR] LogOutputStream:75 - [STDERR_REDIRECT] 
2026-09-17 21:23:49,159 [ERROR] LogOutputStream:75 - [STDERR_REDIRECT] [Fatal Error] :1:1: Premature end of file.
2026-09-17 21:23:49,159 [ERROR] LogOutputStream:75 - [STDERR_REDIRECT] 
2026-09-17 21:23:50,154 [ERROR] LogOutputStream:75 - [STDERR_REDIRECT] [Fatal Error] :1:1: Premature end of file.
2026-09-17 21:23:50,154 [ERROR] LogOutputStream:75 - [STDERR_REDIRECT] 
2026-09-17 21:23:51,163 [ERROR] LogOutputStream:75 - [STDERR_REDIRECT] [Fatal Error] :1:1: Premature end of file.
2026-09-17 21:23:51,163 [ERROR] LogOutputStream:75 - [STDERR_REDIRECT] 
2026-09-17 21:23:52,157 [ERROR] LogOutputStream:75 - [STDERR_REDIRECT] [Fatal Error] :1:1: Premature end of file.
2026-09-17 21:23:52,157 [ERROR] LogOutputStream:75 - [STDERR_REDIRECT] 
2026-09-17 21:23:53,158 [ERROR] LogOutputStream:75 - [STDERR_REDIRECT] [Fatal Error] :1:1: Premature end of file.
2026-09-17 21:23:53,158 [ERROR] LogOutputStream:75 - [STDERR_REDIRECT] 
2026-09-17 21:23:54,155 [ERROR] LogOutputStream:75 - [STDERR_REDIRECT] [Fatal Error] :1:1: Premature end of file.
2026-09-17 21:23:54,155 [ERROR] LogOutputStream:75 - [STDERR_REDIRECT] 
2026-09-17 21:23:55,153 [ERROR] LogOutputStream:75 - [STDERR_REDIRECT] [Fatal Error] :1:1: Premature end of file.
2026-09-17 21:23:55,154 [ERROR] LogOutputStream:75 - [STDERR_REDIRECT] 
2026-09-17 21:23:56,162 [ERROR] LogOutputStream:75 - [STDERR_REDIRECT] [Fatal Error] :1:1: Premature end of file.
2026-09-17 21:23:56,162 [ERROR] LogOutputStream:75 - [STDERR_REDIRECT] 
2026-09-17 21:23:57,155 [ERROR] LogOutputStream:75 - [STDERR_REDIRECT] [Fatal Error] :1:1: Premature end of file.
2026-09-17 21:23:57,155 [ERROR] LogOutputStream:75 - [STDERR_REDIRECT] 
2026-09-17 21:23:58,158 [ERROR] LogOutputStream:75 - [STDERR_REDIRECT] [Fatal Error] :1:1: Premature end of file.
2026-09-17 21:23:58,158 [ERROR] LogOutputStream:75 - [STDERR_REDIRECT] 
2026-09-17 21:23:59,159 [ERROR] LogOutputStream:75 - [STDERR_REDIRECT] [Fatal Error] :1:1: Premature end of file.
2026-09-17 21:23:59,159 [ERROR] LogOutputStream:75 - [STDERR_REDIRECT] 
2026-09-17 21:24:00,182 [ERROR] LogOutputStream:75 - [STDERR_REDIRECT] [Fatal Error] :1:1: Premature end of file.
2026-09-17 21:24:00,182 [ERROR] LogOutputStream:75 - [STDERR_REDIRECT] 
2026-09-17 21:24:01,185 [ERROR] LogOutputStream:75 - [STDERR_REDIRECT] [Fatal Error] :1:1: Premature end of file.
2026-09-17 21:24:01,185 [ERROR] LogOutputStream:75 - [STDERR_REDIRECT] 
2026-09-17 21:24:02,191 [ERROR] LogOutputStream:75 - [STDERR_REDIRECT] [Fatal Error] :1:1: Premature end of file.
2026-09-17 21:24:02,191 [ERROR] LogOutputStream:75 - [STDERR_REDIRECT] 
2026-09-17 21:24:03,187 [ERROR] LogOutputStream:75 - [STDERR_REDIRECT] [Fatal Error] :1:1: Premature end of file.
2026-09-17 21:24:03,187 [ERROR] LogOutputStream:75 - [STDERR_REDIRECT] 
2026-09-17 21:24:04,187 [ERROR] LogOutputStream:75 - [STDERR_REDIRECT] [Fatal Error] :1:1: Premature end of file.
2026-09-17 21:24:04,187 [ERROR] LogOutputStream:75 - [STDERR_REDIRECT] 
2026-09-17 21:24:05,186 [ERROR] LogOutputStream:75 - [STDERR_REDIRECT] [Fatal Error] :1:1: Premature end of file.
2026-09-17 21:24:05,186 [ERROR] LogOutputStream:75 - [STDERR_REDIRECT] 
2026-09-17 21:24:06,183 [ERROR] LogOutputStream:75 - [STDERR_REDIRECT] [Fatal Error] :1:1: Premature end of file.
2026-09-17 21:24:06,183 [ERROR] LogOutputStream:75 - [STDERR_REDIRECT] 
2026-09-17 21:24:07,179 [ERROR] LogOutputStream:75 - [STDERR_REDIRECT] [Fatal Error] :1:1: Premature end of file.
2026-09-17 21:24:07,179 [ERROR] LogOutputStream:75 - [STDERR_REDIRECT] 
2026-09-17 21:24:08,196 [ERROR] LogOutputStream:75 - [STDERR_REDIRECT] [Fatal Error] :1:1: Premature end of file.
2026-09-17 21:24:08,196 [ERROR] LogOutputStream:75 - [STDERR_REDIRECT] 
2026-09-17 21:24:09,200 [ERROR] LogOutputStream:75 - [STDERR_REDIRECT] [Fatal Error] :1:1: Premature end of file.
2026-09-17 21:24:09,200 [ERROR] LogOutputStream:75 - [STDERR_REDIRECT] 
2026-09-17 21:24:10,173 [ERROR] LogOutputStream:75 - [STDERR_REDIRECT] [Fatal Error] :1:1: Premature end of file.
2026-09-17 21:24:10,174 [ERROR] LogOutputStream:75 - [STDERR_REDIRECT] 
2026-09-17 21:24:11,155 [ERROR] LogOutputStream:75 - [STDERR_REDIRECT] [Fatal Error] :1:1: Premature end of file.
2026-09-17 21:24:11,155 [ERROR] LogOutputStream:75 - [STDERR_REDIRECT] 
2026-09-17 21:24:12,166 [ERROR] LogOutputStream:75 - [STDERR_REDIRECT] [Fatal Error] :1:1: Premature end of file.
2026-09-17 21:24:12,167 [ERROR] LogOutputStream:75 - [STDERR_REDIRECT] 
2026-09-17 21:24:13,189 [ERROR] LogOutputStream:75 - [STDERR_REDIRECT] [Fatal Error] :1:1: Premature end of file.
2026-09-17 21:24:13,189 [ERROR] LogOutputStream:75 - [STDERR_REDIRECT] 
2026-09-17 21:24:14,186 [ERROR] LogOutputStream:75 - [STDERR_REDIRECT] [Fatal Error] :1:1: Premature end of file.
2026-09-17 21:24:14,186 [ERROR] LogOutputStream:75 - [STDERR_REDIRECT] 
2026-09-17 21:24:15,182 [ERROR] LogOutputStream:75 - [STDERR_REDIRECT] [Fatal Error] :1:1: Premature end of file.
2026-09-17 21:24:15,182 [ERROR] LogOutputStream:75 - [STDERR_REDIRECT] 
2026-09-17 21:24:16,175 [ERROR] LogOutputStream:75 - [STDERR_REDIRECT] [Fatal Error] :1:1: Premature end of file.
2026-09-17 21:24:16,177 [ERROR] LogOutputStream:75 - [STDERR_REDIRECT] 
2026-09-17 21:24:17,164 [ERROR] LogOutputStream:75 - [STDERR_REDIRECT] [Fatal Error] :1:1: Premature end of file.
2026-09-17 21:24:17,164 [ERROR] LogOutputStream:75 - [STDERR_REDIRECT] 
2026-09-17 21:24:18,181 [ERROR] LogOutputStream:75 - [STDERR_REDIRECT] [Fatal Error] :1:1: Premature end of file.
2026-09-17 21:24:18,181 [ERROR] LogOutputStream:75 - [STDERR_REDIRECT] 
2026-09-17 21:24:19,186 [ERROR] LogOutputStream:75 - [STDERR_REDIRECT] [Fatal Error] :1:1: Premature end of file.
2026-09-17 21:24:19,186 [ERROR] LogOutputStream:75 - [STDERR_REDIRECT] 
2026-09-17 21:24:20,159 [ERROR] LogOutputStream:75 - [STDERR_REDIRECT] [Fatal Error] :1:1: Premature end of file.
2026-09-17 21:24:20,159 [ERROR] LogOutputStream:75 - [STDERR_REDIRECT] 
2026-09-17 21:24:21,185 [ERROR] LogOutputStream:75 - [STDERR_REDIRECT] [Fatal Error] :1:1: Premature end of file.
2026-09-17 21:24:21,186 [ERROR] LogOutputStream:75 - [STDERR_REDIRECT] 
2026-09-17 21:24:22,187 [ERROR] LogOutputStream:75 - [STDERR_REDIRECT] [Fatal Error] :1:1: Premature end of file.
2026-09-17 21:24:22,187 [ERROR] LogOutputStream:75 - [STDERR_REDIRECT] 
2026-09-17 21:24:23,197 [ERROR] LogOutputStream:75 - [STDERR_REDIRECT] [Fatal Error] :1:1: Premature end of file.
2026-09-17 21:24:23,197 [ERROR] LogOutputStream:75 - [STDERR_REDIRECT] 
2026-09-17 21:24:24,172 [ERROR] LogOutputStream:75 - [STDERR_REDIRECT] [Fatal Error] :1:1: Premature end of file.
2026-09-17 21:24:24,172 [ERROR] LogOutputStream:75 - [STDERR_REDIRECT] 
2026-09-17 21:24:25,166 [ERROR] LogOutputStream:75 - [STDERR_REDIRECT] [Fatal Error] :1:1: Premature end of file.
2026-09-17 21:24:25,166 [ERROR] LogOutputStream:75 - [STDERR_REDIRECT] 
2026-09-17 21:24:26,157 [ERROR] LogOutputStream:75 - [STDERR_REDIRECT] [Fatal Error] :1:1: Premature end of file.
2026-09-17 21:24:26,158 [ERROR] LogOutputStream:75 - [STDERR_REDIRECT] 
2026-09-17 21:24:27,160 [ERROR] LogOutputStream:75 - [STDERR_REDIRECT] [Fatal Error] :1:1: Premature end of file.
2026-09-17 21:24:27,160 [ERROR] LogOutputStream:75 - [STDERR_REDIRECT] 
2026-09-17 21:24:28,161 [ERROR] LogOutputStream:75 - [STDERR_REDIRECT] [Fatal Error] :1:1: Premature end of file.
2026-09-17 21:24:28,161 [ERROR] LogOutputStream:75 - [STDERR_REDIRECT] 
2026-09-17 21:24:29,165 [ERROR] LogOutputStream:75 - [STDERR_REDIRECT] [Fatal Error] :1:1: Premature end of file.
2026-09-17 21:24:29,165 [ERROR] LogOutputStream:75 - [STDERR_REDIRECT] 
2026-09-17 21:24:30,155 [ERROR] LogOutputStream:75 - [STDERR_REDIRECT] [Fatal Error] :1:1: Premature end of file.
2026-09-17 21:24:30,155 [ERROR] LogOutputStream:75 - [STDERR_REDIRECT] 
2026-09-17 21:24:31,153 [ERROR] LogOutputStream:75 - [STDERR_REDIRECT] [Fatal Error] :1:1: Premature end of file.
2026-09-17 21:24:31,153 [ERROR] LogOutputStream:75 - [STDERR_REDIRECT] 
2026-09-17 21:24:32,182 [ERROR] LogOutputStream:75 - [STDERR_REDIRECT] [Fatal Error] :1:1: Premature end of file.
2026-09-17 21:24:32,182 [ERROR] LogOutputStream:75 - [STDERR_REDIRECT] 
2026-09-17 21:24:33,183 [ERROR] LogOutputStream:75 - [STDERR_REDIRECT] [Fatal Error] :1:1: Premature end of file.
2026-09-17 21:24:33,184 [ERROR] LogOutputStream:75 - [STDERR_REDIRECT] 
2026-09-17 21:24:34,173 [ERROR] LogOutputStream:75 - [STDERR_REDIRECT] [Fatal Error] :1:1: Premature end of file.
2026-09-17 21:24:34,173 [ERROR] LogOutputStream:75 - [STDERR_REDIRECT] 
2026-09-17 21:24:35,194 [ERROR] LogOutputStream:75 - [STDERR_REDIRECT] [Fatal Error] :1:1: Premature end of file.
2026-09-17 21:24:35,194 [ERROR] LogOutputStream:75 - [STDERR_REDIRECT] 
2026-09-17 21:24:36,196 [ERROR] LogOutputStream:75 - [STDERR_REDIRECT] [Fatal Error] :1:1: Premature end of file.
2026-09-17 21:24:36,196 [ERROR] LogOutputStream:75 - [STDERR_REDIRECT] 
2026-09-17 21:24:37,180 [ERROR] LogOutputStream:75 - [STDERR_REDIRECT] [Fatal Error] :1:1: Premature end of file.
2026-09-17 21:24:37,180 [ERROR] LogOutputStream:75 - [STDERR_REDIRECT] 
2026-09-17 21:24:38,184 [ERROR] LogOutputStream:75 - [STDERR_REDIRECT] [Fatal Error] :1:1: Premature end of file.
2026-09-17 21:24:38,184 [ERROR] LogOutputStream:75 - [STDERR_REDIRECT] 
2026-09-17 21:24:39,183 [ERROR] LogOutputStream:75 - [STDERR_REDIRECT] [Fatal Error] :1:1: Premature end of file.
2026-09-17 21:24:39,184 [ERROR] LogOutputStream:75 - [STDERR_REDIRECT] 
2026-09-17 21:24:40,188 [ERROR] LogOutputStream:75 - [STDERR_REDIRECT] [Fatal Error] :1:1: Premature end of file.
2026-09-17 21:24:40,188 [ERROR] LogOutputStream:75 - [STDERR_REDIRECT] 
2026-09-17 21:24:41,186 [ERROR] LogOutputStream:75 - [STDERR_REDIRECT] [Fatal Error] :1:1: Premature end of file.
2026-09-17 21:24:41,186 [ERROR] LogOutputStream:75 - [STDERR_REDIRECT] 
2026-09-17 21:24:42,166 [ERROR] LogOutputStream:75 - [STDERR_REDIRECT] [Fatal Error] :1:1: Premature end of file.
2026-09-17 21:24:42,166 [ERROR] LogOutputStream:75 - [STDERR_REDIRECT] 
2026-09-17 21:24:43,188 [ERROR] LogOutputStream:75 - [STDERR_REDIRECT] [Fatal Error] :1:1: Premature end of file.
2026-09-17 21:24:43,208 [ERROR] LogOutputStream:75 - [STDERR_REDIRECT] 
2026-09-17 21:24:44,173 [ERROR] LogOutputStream:75 - [STDERR_REDIRECT] [Fatal Error] :1:1: Premature end of file.
2026-09-17 21:24:44,173 [ERROR] LogOutputStream:75 - [STDERR_REDIRECT] 
2026-09-17 21:24:45,165 [ERROR] LogOutputStream:75 - [STDERR_REDIRECT] [Fatal Error] :1:1: Premature end of file.
2026-09-17 21:24:45,165 [ERROR] LogOutputStream:75 - [STDERR_REDIRECT] 
2026-09-17 21:24:46,184 [ERROR] LogOutputStream:75 - [STDERR_REDIRECT] [Fatal Error] :1:1: Premature end of file.
2026-09-17 21:24:46,184 [ERROR] LogOutputStream:75 - [STDERR_REDIRECT] 
2026-09-17 21:24:47,175 [ERROR] LogOutputStream:75 - [STDERR_REDIRECT] [Fatal Error] :1:1: Premature end of file.
2026-09-17 21:24:47,175 [ERROR] LogOutputStream:75 - [STDERR_REDIRECT] 
2026-09-17 21:24:48,181 [ERROR] LogOutputStream:75 - [STDERR_REDIRECT] [Fatal Error] :1:1: Premature end of file.
2026-09-17 21:24:48,181 [ERROR] LogOutputStream:75 - [STDERR_REDIRECT] 
2026-09-17 21:24:49,185 [ERROR] LogOutputStream:75 - [STDERR_REDIRECT] [Fatal Error] :1:1: Premature end of file.
2026-09-17 21:24:49,185 [ERROR] LogOutputStream:75 - [STDERR_REDIRECT] 
2026-09-17 21:24:50,172 [ERROR] LogOutputStream:75 - [STDERR_REDIRECT] [Fatal Error] :1:1: Premature end of file.
2026-09-17 21:24:50,172 [ERROR] LogOutputStream:75 - [STDERR_REDIRECT] 
2026-09-17 21:24:51,172 [ERROR] LogOutputStream:75 - [STDERR_REDIRECT] [Fatal Error] :1:1: Premature end of file.
2026-09-17 21:24:51,172 [ERROR] LogOutputStream:75 - [STDERR_REDIRECT] 
2026-09-17 21:24:52,175 [ERROR] LogOutputStream:75 - [STDERR_REDIRECT] [Fatal Error] :1:1: Premature end of file.
2026-09-17 21:24:52,176 [ERROR] LogOutputStream:75 - [STDERR_REDIRECT] 
2026-09-17 21:24:53,176 [ERROR] LogOutputStream:75 - [STDERR_REDIRECT] [Fatal Error] :1:1: Premature end of file.
2026-09-17 21:24:53,177 [ERROR] LogOutputStream:75 - [STDERR_REDIRECT] 
2026-09-17 21:24:54,186 [ERROR] LogOutputStream:75 - [STDERR_REDIRECT] [Fatal Error] :1:1: Premature end of file.
2026-09-17 21:24:54,186 [ERROR] LogOutputStream:75 - [STDERR_REDIRECT] 
2026-09-17 21:24:55,187 [ERROR] LogOutputStream:75 - [STDERR_REDIRECT] [Fatal Error] :1:1: Premature end of file.
2026-09-17 21:24:55,187 [ERROR] LogOutputStream:75 - [STDERR_REDIRECT] 
2026-09-17 21:24:56,184 [ERROR] LogOutputStream:75 - [STDERR_REDIRECT] [Fatal Error] :1:1: Premature end of file.
2026-09-17 21:24:56,185 [ERROR] LogOutputStream:75 - [STDERR_REDIRECT] 
2026-09-17 21:24:57,181 [ERROR] LogOutputStream:75 - [STDERR_REDIRECT] [Fatal Error] :1:1: Premature end of file.
2026-09-17 21:24:57,181 [ERROR] LogOutputStream:75 - [STDERR_REDIRECT] 
2026-09-17 21:24:58,171 [ERROR] LogOutputStream:75 - [STDERR_REDIRECT] [Fatal Error] :1:1: Premature end of file.
2026-09-17 21:24:58,204 [ERROR] LogOutputStream:75 - [STDERR_REDIRECT] 
2026-09-17 21:24:59,186 [ERROR] LogOutputStream:75 - [STDERR_REDIRECT] [Fatal Error] :1:1: Premature end of file.
2026-09-17 21:24:59,186 [ERROR] LogOutputStream:75 - [STDERR_REDIRECT] 
2026-09-17 21:25:00,183 [ERROR] LogOutputStream:75 - [STDERR_REDIRECT] [Fatal Error] :1:1: Premature end of file.
2026-09-17 21:25:00,183 [ERROR] LogOutputStream:75 - [STDERR_REDIRECT] 
2026-09-17 21:25:01,187 [ERROR] LogOutputStream:75 - [STDERR_REDIRECT] [Fatal Error] :1:1: Premature end of file.
2026-09-17 21:25:01,187 [ERROR] LogOutputStream:75 - [STDERR_REDIRECT] 
2026-09-17 21:25:02,178 [ERROR] LogOutputStream:75 - [STDERR_REDIRECT] [Fatal Error] :1:1: Premature end of file.
2026-09-17 21:25:02,178 [ERROR] LogOutputStream:75 - [STDERR_REDIRECT] 
2026-09-17 21:25:03,180 [ERROR] LogOutputStream:75 - [STDERR_REDIRECT] [Fatal Error] :1:1: Premature end of file.
2026-09-17 21:25:03,180 [ERROR] LogOutputStream:75 - [STDERR_REDIRECT] 
2026-09-17 21:25:04,185 [ERROR] LogOutputStream:75 - [STDERR_REDIRECT] [Fatal Error] :1:1: Premature end of file.
2026-09-17 21:25:04,185 [ERROR] LogOutputStream:75 - [STDERR_REDIRECT] 
2026-09-17 21:25:05,176 [ERROR] LogOutputStream:75 - [STDERR_REDIRECT] [Fatal Error] :1:1: Premature end of file.
2026-09-17 21:25:05,176 [ERROR] LogOutputStream:75 - [STDERR_REDIRECT] 
2026-09-17 21:25:06,187 [ERROR] LogOutputStream:75 - [STDERR_REDIRECT] [Fatal Error] :1:1: Premature end of file.
2026-09-17 21:25:06,187 [ERROR] LogOutputStream:75 - [STDERR_REDIRECT] 
2026-09-17 21:25:07,186 [ERROR] LogOutputStream:75 - [STDERR_REDIRECT] [Fatal Error] :1:1: Premature end of file.
2026-09-17 21:25:07,186 [ERROR] LogOutputStream:75 - [STDERR_REDIRECT] 
2026-09-17 21:25:08,181 [ERROR] LogOutputStream:75 - [STDERR_REDIRECT] [Fatal Error] :1:1: Premature end of file.
2026-09-17 21:25:08,181 [ERROR] LogOutputStream:75 - [STDERR_REDIRECT] 
2026-09-17 21:25:09,193 [ERROR] LogOutputStream:75 - [STDERR_REDIRECT] [Fatal Error] :1:1: Premature end of file.
2026-09-17 21:25:09,193 [ERROR] LogOutputStream:75 - [STDERR_REDIRECT] 
2026-09-17 21:25:10,185 [ERROR] LogOutputStream:75 - [STDERR_REDIRECT] [Fatal Error] :1:1: Premature end of file.
2026-09-17 21:25:10,185 [ERROR] LogOutputStream:75 - [STDERR_REDIRECT] 
2026-09-17 21:25:11,196 [ERROR] LogOutputStream:75 - [STDERR_REDIRECT] [Fatal Error] :1:1: Premature end of file.
2026-09-17 21:25:11,197 [ERROR] LogOutputStream:75 - [STDERR_REDIRECT] 
2026-09-17 21:25:12,183 [ERROR] LogOutputStream:75 - [STDERR_REDIRECT] [Fatal Error] :1:1: Premature end of file.
2026-09-17 21:25:12,183 [ERROR] LogOutputStream:75 - [STDERR_REDIRECT] 
2026-09-17 21:25:13,191 [ERROR] LogOutputStream:75 - [STDERR_REDIRECT] [Fatal Error] :1:1: Premature end of file.
2026-09-17 21:25:13,210 [ERROR] LogOutputStream:75 - [STDERR_REDIRECT] 
2026-09-17 21:25:14,182 [ERROR] LogOutputStream:75 - [STDERR_REDIRECT] [Fatal Error] :1:1: Premature end of file.
2026-09-17 21:25:14,182 [ERROR] LogOutputStream:75 - [STDERR_REDIRECT] 
2026-09-17 21:25:15,182 [ERROR] LogOutputStream:75 - [STDERR_REDIRECT] [Fatal Error] :1:1: Premature end of file.
2026-09-17 21:25:15,182 [ERROR] LogOutputStream:75 - [STDERR_REDIRECT] 
2026-09-17 21:25:16,188 [ERROR] LogOutputStream:75 - [STDERR_REDIRECT] [Fatal Error] :1:1: Premature end of file.
2026-09-17 21:25:16,188 [ERROR] LogOutputStream:75 - [STDERR_REDIRECT] 
2026-09-17 21:25:17,175 [ERROR] LogOutputStream:75 - [STDERR_REDIRECT] [Fatal Error] :1:1: Premature end of file.
2026-09-17 21:25:17,175 [ERROR] LogOutputStream:75 - [STDERR_REDIRECT] 
2026-09-17 21:25:18,174 [ERROR] LogOutputStream:75 - [STDERR_REDIRECT] [Fatal Error] :1:1: Premature end of file.
2026-09-17 21:25:18,175 [ERROR] LogOutputStream:75 - [STDERR_REDIRECT] 
2026-09-17 21:25:19,182 [ERROR] LogOutputStream:75 - [STDERR_REDIRECT] [Fatal Error] :1:1: Premature end of file.
2026-09-17 21:25:19,183 [ERROR] LogOutputStream:75 - [STDERR_REDIRECT] 
2026-09-17 21:25:20,186 [ERROR] LogOutputStream:75 - [STDERR_REDIRECT] [Fatal Error] :1:1: Premature end of file.
2026-09-17 21:25:20,187 [ERROR] LogOutputStream:75 - [STDERR_REDIRECT] 
2026-09-17 21:25:21,193 [ERROR] LogOutputStream:75 - [STDERR_REDIRECT] [Fatal Error] :1:1: Premature end of file.
2026-09-17 21:25:21,193 [ERROR] LogOutputStream:75 - [STDERR_REDIRECT] 
2026-09-17 21:25:22,184 [ERROR] LogOutputStream:75 - [STDERR_REDIRECT] [Fatal Error] :1:1: Premature end of file.
2026-09-17 21:25:22,184 [ERROR] LogOutputStream:75 - [STDERR_REDIRECT] 
2026-09-17 21:25:23,196 [ERROR] LogOutputStream:75 - [STDERR_REDIRECT] [Fatal Error] :1:1: Premature end of file.
2026-09-17 21:25:23,197 [ERROR] LogOutputStream:75 - [STDERR_REDIRECT] 
2026-09-17 21:25:24,185 [ERROR] LogOutputStream:75 - [STDERR_REDIRECT] [Fatal Error] :1:1: Premature end of file.
2026-09-17 21:25:24,185 [ERROR] LogOutputStream:75 - [STDERR_REDIRECT] 
2026-09-17 21:25:25,191 [ERROR] LogOutputStream:75 - [STDERR_REDIRECT] [Fatal Error] :1:1: Premature end of file.
2026-09-17 21:25:25,191 [ERROR] LogOutputStream:75 - [STDERR_REDIRECT] 
2026-09-17 21:25:26,184 [ERROR] LogOutputStream:75 - [STDERR_REDIRECT] [Fatal Error] :1:1: Premature end of file.
2026-09-17 21:25:26,184 [ERROR] LogOutputStream:75 - [STDERR_REDIRECT] 
2026-09-17 21:25:27,183 [ERROR] LogOutputStream:75 - [STDERR_REDIRECT] [Fatal Error] :1:1: Premature end of file.
2026-09-17 21:25:27,183 [ERROR] LogOutputStream:75 - [STDERR_REDIRECT] 
2026-09-17 21:25:28,190 [ERROR] LogOutputStream:75 - [STDERR_REDIRECT] [Fatal Error] :1:1: Premature end of file.
2026-09-17 21:25:28,207 [ERROR] LogOutputStream:75 - [STDERR_REDIRECT] 
2026-09-17 21:25:29,182 [ERROR] LogOutputStream:75 - [STDERR_REDIRECT] [Fatal Error] :1:1: Premature end of file.
2026-09-17 21:25:29,182 [ERROR] LogOutputStream:75 - [STDERR_REDIRECT] 
2026-09-17 21:25:30,185 [ERROR] LogOutputStream:75 - [STDERR_REDIRECT] [Fatal Error] :1:1: Premature end of file.
2026-09-17 21:25:30,185 [ERROR] LogOutputStream:75 - [STDERR_REDIRECT] 
2026-09-17 21:25:31,189 [ERROR] LogOutputStream:75 - [STDERR_REDIRECT] [Fatal Error] :1:1: Premature end of file.
2026-09-17 21:25:31,189 [ERROR] LogOutputStream:75 - [STDERR_REDIRECT] 
2026-09-17 21:25:32,185 [ERROR] LogOutputStream:75 - [STDERR_REDIRECT] [Fatal Error] :1:1: Premature end of file.
2026-09-17 21:25:32,185 [ERROR] LogOutputStream:75 - [STDERR_REDIRECT] 
2026-09-17 21:25:33,188 [ERROR] LogOutputStream:75 - [STDERR_REDIRECT] [Fatal Error] :1:1: Premature end of file.
2026-09-17 21:25:33,188 [ERROR] LogOutputStream:75 - [STDERR_REDIRECT] 
2026-09-17 21:25:34,194 [ERROR] LogOutputStream:75 - [STDERR_REDIRECT] [Fatal Error] :1:1: Premature end of file.
2026-09-17 21:25:34,194 [ERROR] LogOutputStream:75 - [STDERR_REDIRECT] 
2026-09-17 21:25:35,186 [ERROR] LogOutputStream:75 - [STDERR_REDIRECT] [Fatal Error] :1:1: Premature end of file.
2026-09-17 21:25:35,186 [ERROR] LogOutputStream:75 - [STDERR_REDIRECT] 
2026-09-17 21:25:36,195 [ERROR] LogOutputStream:75 - [STDERR_REDIRECT] [Fatal Error] :1:1: Premature end of file.
2026-09-17 21:25:36,195 [ERROR] LogOutputStream:75 - [STDERR_REDIRECT] 
2026-09-17 21:25:37,187 [ERROR] LogOutputStream:75 - [STDERR_REDIRECT] [Fatal Error] :1:1: Premature end of file.
2026-09-17 21:25:37,187 [ERROR] LogOutputStream:75 - [STDERR_REDIRECT] 
2026-09-17 21:25:38,186 [ERROR] LogOutputStream:75 - [STDERR_REDIRECT] [Fatal Error] :1:1: Premature end of file.
2026-09-17 21:25:38,186 [ERROR] LogOutputStream:75 - [STDERR_REDIRECT] 
2026-09-17 21:25:39,185 [ERROR] LogOutputStream:75 - [STDERR_REDIRECT] [Fatal Error] :1:1: Premature end of file.
2026-09-17 21:25:39,185 [ERROR] LogOutputStream:75 - [STDERR_REDIRECT] 
2026-09-17 21:25:40,184 [ERROR] LogOutputStream:75 - [STDERR_REDIRECT] [Fatal Error] :1:1: Premature end of file.
2026-09-17 21:25:40,185 [ERROR] LogOutputStream:75 - [STDERR_REDIRECT] 
2026-09-17 21:25:41,191 [ERROR] LogOutputStream:75 - [STDERR_REDIRECT] [Fatal Error] :1:1: Premature end of file.
2026-09-17 21:25:41,191 [ERROR] LogOutputStream:75 - [STDERR_REDIRECT] 
2026-09-17 21:25:42,178 [ERROR] LogOutputStream:75 - [STDERR_REDIRECT] [Fatal Error] :1:1: Premature end of file.
2026-09-17 21:25:42,178 [ERROR] LogOutputStream:75 - [STDERR_REDIRECT] 
2026-09-17 21:25:43,195 [ERROR] LogOutputStream:75 - [STDERR_REDIRECT] [Fatal Error] :1:1: Premature end of file.
2026-09-17 21:25:43,195 [ERROR] LogOutputStream:75 - [STDERR_REDIRECT] 
2026-09-17 21:25:44,190 [ERROR] LogOutputStream:75 - [STDERR_REDIRECT] [Fatal Error] :1:1: Premature end of file.
2026-09-17 21:25:44,190 [ERROR] LogOutputStream:75 - [STDERR_REDIRECT] 
2026-09-17 21:25:45,186 [ERROR] LogOutputStream:75 - [STDERR_REDIRECT] [Fatal Error] :1:1: Premature end of file.
2026-09-17 21:25:45,186 [ERROR] LogOutputStream:75 - [STDERR_REDIRECT] 
2026-09-17 21:25:46,187 [ERROR] LogOutputStream:75 - [STDERR_REDIRECT] [Fatal Error] :1:1: Premature end of file.
2026-09-17 21:25:46,187 [ERROR] LogOutputStream:75 - [STDERR_REDIRECT] 
2026-09-17 21:25:47,174 [ERROR] LogOutputStream:75 - [STDERR_REDIRECT] [Fatal Error] :1:1: Premature end of file.
2026-09-17 21:25:47,174 [ERROR] LogOutputStream:75 - [STDERR_REDIRECT] 
2026-09-17 21:25:48,163 [ERROR] LogOutputStream:75 - [STDERR_REDIRECT] [Fatal Error] :1:1: Premature end of file.
2026-09-17 21:25:48,163 [ERROR] LogOutputStream:75 - [STDERR_REDIRECT] 
2026-09-17 21:25:49,183 [ERROR] LogOutputStream:75 - [STDERR_REDIRECT] [Fatal Error] :1:1: Premature end of file.
2026-09-17 21:25:49,183 [ERROR] LogOutputStream:75 - [STDERR_REDIRECT] 
2026-09-17 21:25:50,182 [ERROR] LogOutputStream:75 - [STDERR_REDIRECT] [Fatal Error] :1:1: Premature end of file.
2026-09-17 21:25:50,182 [ERROR] LogOutputStream:75 - [STDERR_REDIRECT] 
2026-09-17 21:25:51,187 [ERROR] LogOutputStream:75 - [STDERR_REDIRECT] [Fatal Error] :1:1: Premature end of file.
2026-09-17 21:25:51,187 [ERROR] LogOutputStream:75 - [STDERR_REDIRECT] 
2026-09-17 21:25:52,161 [ERROR] LogOutputStream:75 - [STDERR_REDIRECT] [Fatal Error] :1:1: Premature end of file.
2026-09-17 21:25:52,161 [ERROR] LogOutputStream:75 - [STDERR_REDIRECT] 
2026-09-17 21:25:53,185 [ERROR] LogOutputStream:75 - [STDERR_REDIRECT] [Fatal Error] :1:1: Premature end of file.
2026-09-17 21:25:53,185 [ERROR] LogOutputStream:75 - [STDERR_REDIRECT] 
2026-09-17 21:25:54,178 [ERROR] LogOutputStream:75 - [STDERR_REDIRECT] [Fatal Error] :1:1: Premature end of file.
2026-09-17 21:25:54,178 [ERROR] LogOutputStream:75 - [STDERR_REDIRECT] 
2026-09-17 21:25:55,159 [ERROR] LogOutputStream:75 - [STDERR_REDIRECT] [Fatal Error] :1:1: Premature end of file.
2026-09-17 21:25:55,159 [ERROR] LogOutputStream:75 - [STDERR_REDIRECT] 
2026-09-17 21:25:56,161 [ERROR] LogOutputStream:75 - [STDERR_REDIRECT] [Fatal Error] :1:1: Premature end of file.
2026-09-17 21:25:56,161 [ERROR] LogOutputStream:75 - [STDERR_REDIRECT] 
2026-09-17 21:25:57,184 [ERROR] LogOutputStream:75 - [STDERR_REDIRECT] [Fatal Error] :1:1: Premature end of file.
2026-09-17 21:25:57,184 [ERROR] LogOutputStream:75 - [STDERR_REDIRECT] 
2026-09-17 21:25:58,155 [ERROR] LogOutputStream:75 - [STDERR_REDIRECT] [Fatal Error] :1:1: Premature end of file.
2026-09-17 21:25:58,155 [ERROR] LogOutputStream:75 - [STDERR_REDIRECT] 
2026-09-17 21:25:59,187 [ERROR] LogOutputStream:75 - [STDERR_REDIRECT] [Fatal Error] :1:1: Premature end of file.
2026-09-17 21:25:59,187 [ERROR] LogOutputStream:75 - [STDERR_REDIRECT] 
2026-09-17 21:26:00,188 [ERROR] LogOutputStream:75 - [STDERR_REDIRECT] [Fatal Error] :1:1: Premature end of file.
2026-09-17 21:26:00,188 [ERROR] LogOutputStream:75 - [STDERR_REDIRECT] 
2026-09-17 21:26:01,187 [ERROR] LogOutputStream:75 - [STDERR_REDIRECT] [Fatal Error] :1:1: Premature end of file.
2026-09-17 21:26:01,187 [ERROR] LogOutputStream:75 - [STDERR_REDIRECT] 
2026-09-17 21:26:02,174 [ERROR] LogOutputStream:75 - [STDERR_REDIRECT] [Fatal Error] :1:1: Premature end of file.
2026-09-17 21:26:02,175 [ERROR] LogOutputStream:75 - [STDERR_REDIRECT] 
2026-09-17 21:26:03,168 [ERROR] LogOutputStream:75 - [STDERR_REDIRECT] [Fatal Error] :1:1: Premature end of file.
2026-09-17 21:26:03,168 [ERROR] LogOutputStream:75 - [STDERR_REDIRECT] 
2026-09-17 21:26:04,191 [ERROR] LogOutputStream:75 - [STDERR_REDIRECT] [Fatal Error] :1:1: Premature end of file.
2026-09-17 21:26:04,191 [ERROR] LogOutputStream:75 - [STDERR_REDIRECT] 
2026-09-17 21:26:05,188 [ERROR] LogOutputStream:75 - [STDERR_REDIRECT] [Fatal Error] :1:1: Premature end of file.
2026-09-17 21:26:05,188 [ERROR] LogOutputStream:75 - [STDERR_REDIRECT] 
2026-09-17 21:26:06,183 [ERROR] LogOutputStream:75 - [STDERR_REDIRECT] [Fatal Error] :1:1: Premature end of file.
2026-09-17 21:26:06,184 [ERROR] LogOutputStream:75 - [STDERR_REDIRECT] 
2026-09-17 21:26:07,181 [ERROR] LogOutputStream:75 - [STDERR_REDIRECT] [Fatal Error] :1:1: Premature end of file.
2026-09-17 21:26:07,181 [ERROR] LogOutputStream:75 - [STDERR_REDIRECT] 
2026-09-17 21:26:08,167 [ERROR] LogOutputStream:75 - [STDERR_REDIRECT] [Fatal Error] :1:1: Premature end of file.
2026-09-17 21:26:08,168 [ERROR] LogOutputStream:75 - [STDERR_REDIRECT] 
2026-09-17 21:26:09,158 [ERROR] LogOutputStream:75 - [STDERR_REDIRECT] [Fatal Error] :1:1: Premature end of file.
2026-09-17 21:26:09,158 [ERROR] LogOutputStream:75 - [STDERR_REDIRECT] 
2026-09-17 21:26:10,170 [ERROR] LogOutputStream:75 - [STDERR_REDIRECT] [Fatal Error] :1:1: Premature end of file.
2026-09-17 21:26:10,170 [ERROR] LogOutputStream:75 - [STDERR_REDIRECT] 
2026-09-17 21:26:11,171 [ERROR] LogOutputStream:75 - [STDERR_REDIRECT] [Fatal Error] :1:1: Premature end of file.
2026-09-17 21:26:11,171 [ERROR] LogOutputStream:75 - [STDERR_REDIRECT] 
2026-09-17 21:26:12,163 [ERROR] LogOutputStream:75 - [STDERR_REDIRECT] [Fatal Error] :1:1: Premature end of file.
2026-09-17 21:26:12,163 [ERROR] LogOutputStream:75 - [STDERR_REDIRECT] 
2026-09-17 21:26:13,169 [ERROR] LogOutputStream:75 - [STDERR_REDIRECT] [Fatal Error] :1:1: Premature end of file.
2026-09-17 21:26:13,176 [ERROR] LogOutputStream:75 - [STDERR_REDIRECT] 
2026-09-17 21:26:14,176 [ERROR] LogOutputStream:75 - [STDERR_REDIRECT] [Fatal Error] :1:1: Premature end of file.
2026-09-17 21:26:14,176 [ERROR] LogOutputStream:75 - [STDERR_REDIRECT] 
2026-09-17 21:26:15,170 [ERROR] LogOutputStream:75 - [STDERR_REDIRECT] [Fatal Error] :1:1: Premature end of file.
2026-09-17 21:26:15,170 [ERROR] LogOutputStream:75 - [STDERR_REDIRECT] 
2026-09-17 21:26:16,186 [ERROR] LogOutputStream:75 - [STDERR_REDIRECT] [Fatal Error] :1:1: Premature end of file.
2026-09-17 21:26:16,186 [ERROR] LogOutputStream:75 - [STDERR_REDIRECT] 
2026-09-17 21:26:17,186 [ERROR] LogOutputStream:75 - [STDERR_REDIRECT] [Fatal Error] :1:1: Premature end of file.
2026-09-17 21:26:17,186 [ERROR] LogOutputStream:75 - [STDERR_REDIRECT] 
2026-09-17 21:26:18,181 [ERROR] LogOutputStream:75 - [STDERR_REDIRECT] [Fatal Error] :1:1: Premature end of file.
2026-09-17 21:26:18,181 [ERROR] LogOutputStream:75 - [STDERR_REDIRECT] 
2026-09-17 21:26:19,183 [ERROR] LogOutputStream:75 - [STDERR_REDIRECT] [Fatal Error] :1:1: Premature end of file.
2026-09-17 21:26:19,183 [ERROR] LogOutputStream:75 - [STDERR_REDIRECT] 
2026-09-17 21:26:20,176 [ERROR] LogOutputStream:75 - [STDERR_REDIRECT] [Fatal Error] :1:1: Premature end of file.
2026-09-17 21:26:20,177 [ERROR] LogOutputStream:75 - [STDERR_REDIRECT] 
2026-09-17 21:26:21,185 [ERROR] LogOutputStream:75 - [STDERR_REDIRECT] [Fatal Error] :1:1: Premature end of file.
2026-09-17 21:26:21,186 [ERROR] LogOutputStream:75 - [STDERR_REDIRECT] 
2026-09-17 21:26:22,182 [ERROR] LogOutputStream:75 - [STDERR_REDIRECT] [Fatal Error] :1:1: Premature end of file.
2026-09-17 21:26:22,183 [ERROR] LogOutputStream:75 - [STDERR_REDIRECT] 
2026-09-17 21:26:23,187 [ERROR] LogOutputStream:75 - [STDERR_REDIRECT] [Fatal Error] :1:1: Premature end of file.
2026-09-17 21:26:23,187 [ERROR] LogOutputStream:75 - [STDERR_REDIRECT] 
2026-09-17 21:26:24,165 [ERROR] LogOutputStream:75 - [STDERR_REDIRECT] [Fatal Error] :1:1: Premature end of file.
2026-09-17 21:26:24,165 [ERROR] LogOutputStream:75 - [STDERR_REDIRECT] 
2026-09-17 21:26:25,186 [ERROR] LogOutputStream:75 - [STDERR_REDIRECT] [Fatal Error] :1:1: Premature end of file.
2026-09-17 21:26:25,186 [ERROR] LogOutputStream:75 - [STDERR_REDIRECT] 
2026-09-17 21:26:26,181 [ERROR] LogOutputStream:75 - [STDERR_REDIRECT] [Fatal Error] :1:1: Premature end of file.
2026-09-17 21:26:26,181 [ERROR] LogOutputStream:75 - [STDERR_REDIRECT] 
2026-09-17 21:26:27,157 [ERROR] LogOutputStream:75 - [STDERR_REDIRECT] [Fatal Error] :1:1: Premature end of file.
2026-09-17 21:26:27,157 [ERROR] LogOutputStream:75 - [STDERR_REDIRECT] 
2026-09-17 21:26:28,175 [ERROR] LogOutputStream:75 - [STDERR_REDIRECT] [Fatal Error] :1:1: Premature end of file.
2026-09-17 21:26:28,195 [ERROR] LogOutputStream:75 - [STDERR_REDIRECT] 
2026-09-17 21:26:29,186 [ERROR] LogOutputStream:75 - [STDERR_REDIRECT] [Fatal Error] :1:1: Premature end of file.
2026-09-17 21:26:29,186 [ERROR] LogOutputStream:75 - [STDERR_REDIRECT] 
2026-09-17 21:26:30,188 [ERROR] LogOutputStream:75 - [STDERR_REDIRECT] [Fatal Error] :1:1: Premature end of file.
2026-09-17 21:26:30,189 [ERROR] LogOutputStream:75 - [STDERR_REDIRECT] 
2026-09-17 21:26:31,183 [ERROR] LogOutputStream:75 - [STDERR_REDIRECT] [Fatal Error] :1:1: Premature end of file.
2026-09-17 21:26:31,183 [ERROR] LogOutputStream:75 - [STDERR_REDIRECT] 
2026-09-17 21:26:32,182 [ERROR] LogOutputStream:75 - [STDERR_REDIRECT] [Fatal Error] :1:1: Premature end of file.
2026-09-17 21:26:32,182 [ERROR] LogOutputStream:75 - [STDERR_REDIRECT] 
2026-09-17 21:26:33,188 [ERROR] LogOutputStream:75 - [STDERR_REDIRECT] [Fatal Error] :1:1: Premature end of file.
2026-09-17 21:26:33,188 [ERROR] LogOutputStream:75 - [STDERR_REDIRECT] 
2026-09-17 21:26:34,181 [ERROR] LogOutputStream:75 - [STDERR_REDIRECT] [Fatal Error] :1:1: Premature end of file.
2026-09-17 21:26:34,181 [ERROR] LogOutputStream:75 - [STDERR_REDIRECT] 
2026-09-17 21:26:35,180 [ERROR] LogOutputStream:75 - [STDERR_REDIRECT] [Fatal Error] :1:1: Premature end of file.
2026-09-17 21:26:35,180 [ERROR] LogOutputStream:75 - [STDERR_REDIRECT] 
2026-09-17 21:26:36,182 [ERROR] LogOutputStream:75 - [STDERR_REDIRECT] [Fatal Error] :1:1: Premature end of file.
2026-09-17 21:26:36,182 [ERROR] LogOutputStream:75 - [STDERR_REDIRECT] 
2026-09-17 21:26:37,183 [ERROR] LogOutputStream:75 - [STDERR_REDIRECT] [Fatal Error] :1:1: Premature end of file.
2026-09-17 21:26:37,183 [ERROR] LogOutputStream:75 - [STDERR_REDIRECT] 
2026-09-17 21:26:38,180 [ERROR] LogOutputStream:75 - [STDERR_REDIRECT] [Fatal Error] :1:1: Premature end of file.
2026-09-17 21:26:38,180 [ERROR] LogOutputStream:75 - [STDERR_REDIRECT] 
2026-09-17 21:26:39,167 [ERROR] LogOutputStream:75 - [STDERR_REDIRECT] [Fatal Error] :1:1: Premature end of file.
2026-09-17 21:26:39,168 [ERROR] LogOutputStream:75 - [STDERR_REDIRECT] 
2026-09-17 21:26:40,189 [ERROR] LogOutputStream:75 - [STDERR_REDIRECT] [Fatal Error] :1:1: Premature end of file.
2026-09-17 21:26:40,189 [ERROR] LogOutputStream:75 - [STDERR_REDIRECT] 
2026-09-17 21:26:41,192 [ERROR] LogOutputStream:75 - [STDERR_REDIRECT] [Fatal Error] :1:1: Premature end of file.
2026-09-17 21:26:41,193 [ERROR] LogOutputStream:75 - [STDERR_REDIRECT] 
2026-09-17 21:26:42,182 [ERROR] LogOutputStream:75 - [STDERR_REDIRECT] [Fatal Error] :1:1: Premature end of file.
2026-09-17 21:26:42,182 [ERROR] LogOutputStream:75 - [STDERR_REDIRECT] 
2026-09-17 21:26:43,187 [ERROR] LogOutputStream:75 - [STDERR_REDIRECT] [Fatal Error] :1:1: Premature end of file.
2026-09-17 21:26:43,187 [ERROR] LogOutputStream:75 - [STDERR_REDIRECT] 
2026-09-17 21:26:44,177 [ERROR] LogOutputStream:75 - [STDERR_REDIRECT] [Fatal Error] :1:1: Premature end of file.
2026-09-17 21:26:44,177 [ERROR] LogOutputStream:75 - [STDERR_REDIRECT] 
2026-09-17 21:26:45,191 [ERROR] LogOutputStream:75 - [STDERR_REDIRECT] [Fatal Error] :1:1: Premature end of file.
2026-09-17 21:26:45,191 [ERROR] LogOutputStream:75 - [STDERR_REDIRECT] 
2026-09-17 21:26:46,182 [ERROR] LogOutputStream:75 - [STDERR_REDIRECT] [Fatal Error] :1:1: Premature end of file.
2026-09-17 21:26:46,182 [ERROR] LogOutputStream:75 - [STDERR_REDIRECT] 
2026-09-17 21:26:47,188 [ERROR] LogOutputStream:75 - [STDERR_REDIRECT] [Fatal Error] :1:1: Premature end of file.
2026-09-17 21:26:47,249 [ERROR] LogOutputStream:75 - [STDERR_REDIRECT] 
2026-09-17 21:26:48,184 [ERROR] LogOutputStream:75 - [STDERR_REDIRECT] [Fatal Error] :1:1: Premature end of file.
2026-09-17 21:26:48,184 [ERROR] LogOutputStream:75 - [STDERR_REDIRECT] 
2026-09-17 21:26:49,174 [ERROR] LogOutputStream:75 - [STDERR_REDIRECT] [Fatal Error] :1:1: Premature end of file.
2026-09-17 21:26:49,174 [ERROR] LogOutputStream:75 - [STDERR_REDIRECT] 
2026-09-17 21:26:50,186 [ERROR] LogOutputStream:75 - [STDERR_REDIRECT] [Fatal Error] :1:1: Premature end of file.
2026-09-17 21:26:50,186 [ERROR] LogOutputStream:75 - [STDERR_REDIRECT] 
2026-09-17 21:26:51,184 [ERROR] LogOutputStream:75 - [STDERR_REDIRECT] [Fatal Error] :1:1: Premature end of file.
2026-09-17 21:26:51,184 [ERROR] LogOutputStream:75 - [STDERR_REDIRECT] 
2026-09-17 21:26:52,154 [ERROR] LogOutputStream:75 - [STDERR_REDIRECT] [Fatal Error] :1:1: Premature end of file.
2026-09-17 21:26:52,154 [ERROR] LogOutputStream:75 - [STDERR_REDIRECT] 
2026-09-17 21:26:53,167 [ERROR] LogOutputStream:75 - [STDERR_REDIRECT] [Fatal Error] :1:1: Premature end of file.
2026-09-17 21:26:53,167 [ERROR] LogOutputStream:75 - [STDERR_REDIRECT] 
2026-09-17 21:26:54,178 [ERROR] LogOutputStream:75 - [STDERR_REDIRECT] [Fatal Error] :1:1: Premature end of file.
2026-09-17 21:26:54,179 [ERROR] LogOutputStream:75 - [STDERR_REDIRECT] 
2026-09-17 21:26:55,186 [ERROR] LogOutputStream:75 - [STDERR_REDIRECT] [Fatal Error] :1:1: Premature end of file.
2026-09-17 21:26:55,186 [ERROR] LogOutputStream:75 - [STDERR_REDIRECT] 
2026-09-17 21:26:56,186 [ERROR] LogOutputStream:75 - [STDERR_REDIRECT] [Fatal Error] :1:1: Premature end of file.
2026-09-17 21:26:56,186 [ERROR] LogOutputStream:75 - [STDERR_REDIRECT] 
2026-09-17 21:26:57,172 [ERROR] LogOutputStream:75 - [STDERR_REDIRECT] [Fatal Error] :1:1: Premature end of file.
2026-09-17 21:26:57,172 [ERROR] LogOutputStream:75 - [STDERR_REDIRECT] 
2026-09-17 21:26:58,188 [ERROR] LogOutputStream:75 - [STDERR_REDIRECT] [Fatal Error] :1:1: Premature end of file.
2026-09-17 21:26:58,189 [ERROR] LogOutputStream:75 - [STDERR_REDIRECT] 
2026-09-17 21:26:59,187 [ERROR] LogOutputStream:75 - [STDERR_REDIRECT] [Fatal Error] :1:1: Premature end of file.
2026-09-17 21:26:59,187 [ERROR] LogOutputStream:75 - [STDERR_REDIRECT] 
2026-09-17 21:27:00,188 [ERROR] LogOutputStream:75 - [STDERR_REDIRECT] [Fatal Error] :1:1: Premature end of file.
2026-09-17 21:27:00,188 [ERROR] LogOutputStream:75 - [STDERR_REDIRECT] 
2026-09-17 21:27:01,173 [ERROR] LogOutputStream:75 - [STDERR_REDIRECT] [Fatal Error] :1:1: Premature end of file.
2026-09-17 21:27:01,173 [ERROR] LogOutputStream:75 - [STDERR_REDIRECT] 
2026-09-17 21:27:02,186 [ERROR] LogOutputStream:75 - [STDERR_REDIRECT] [Fatal Error] :1:1: Premature end of file.
2026-09-17 21:27:02,233 [ERROR] LogOutputStream:75 - [STDERR_REDIRECT] 
2026-09-17 21:27:03,184 [ERROR] LogOutputStream:75 - [STDERR_REDIRECT] [Fatal Error] :1:1: Premature end of file.
2026-09-17 21:27:03,184 [ERROR] LogOutputStream:75 - [STDERR_REDIRECT] 
2026-09-17 21:27:04,187 [ERROR] LogOutputStream:75 - [STDERR_REDIRECT] [Fatal Error] :1:1: Premature end of file.
2026-09-17 21:27:04,187 [ERROR] LogOutputStream:75 - [STDERR_REDIRECT] 
2026-09-17 21:27:05,188 [ERROR] LogOutputStream:75 - [STDERR_REDIRECT] [Fatal Error] :1:1: Premature end of file.
2026-09-17 21:27:05,189 [ERROR] LogOutputStream:75 - [STDERR_REDIRECT] 
2026-09-17 21:27:06,162 [ERROR] LogOutputStream:75 - [STDERR_REDIRECT] [Fatal Error] :1:1: Premature end of file.
2026-09-17 21:27:06,162 [ERROR] LogOutputStream:75 - [STDERR_REDIRECT] 
2026-09-17 21:27:07,195 [ERROR] LogOutputStream:75 - [STDERR_REDIRECT] [Fatal Error] :1:1: Premature end of file.
2026-09-17 21:27:07,195 [ERROR] LogOutputStream:75 - [STDERR_REDIRECT] 
2026-09-17 21:27:08,184 [ERROR] LogOutputStream:75 - [STDERR_REDIRECT] [Fatal Error] :1:1: Premature end of file.
2026-09-17 21:27:08,184 [ERROR] LogOutputStream:75 - [STDERR_REDIRECT] 
2026-09-17 21:27:09,195 [ERROR] LogOutputStream:75 - [STDERR_REDIRECT] [Fatal Error] :1:1: Premature end of file.
2026-09-17 21:27:09,195 [ERROR] LogOutputStream:75 - [STDERR_REDIRECT] 
2026-09-17 21:27:10,195 [ERROR] LogOutputStream:75 - [STDERR_REDIRECT] [Fatal Error] :1:1: Premature end of file.
2026-09-17 21:27:10,195 [ERROR] LogOutputStream:75 - [STDERR_REDIRECT] 
2026-09-17 21:27:11,189 [ERROR] LogOutputStream:75 - [STDERR_REDIRECT] [Fatal Error] :1:1: Premature end of file.
2026-09-17 21:27:11,190 [ERROR] LogOutputStream:75 - [STDERR_REDIRECT] 
2026-09-17 21:27:12,188 [ERROR] LogOutputStream:75 - [STDERR_REDIRECT] [Fatal Error] :1:1: Premature end of file.
2026-09-17 21:27:12,189 [ERROR] LogOutputStream:75 - [STDERR_REDIRECT] 
2026-09-17 21:27:13,187 [ERROR] LogOutputStream:75 - [STDERR_REDIRECT] [Fatal Error] :1:1: Premature end of file.
2026-09-17 21:27:13,188 [ERROR] LogOutputStream:75 - [STDERR_REDIRECT] 
2026-09-17 21:27:14,189 [ERROR] LogOutputStream:75 - [STDERR_REDIRECT] [Fatal Error] :1:1: Premature end of file.
2026-09-17 21:27:14,190 [ERROR] LogOutputStream:75 - [STDERR_REDIRECT] 
2026-09-17 21:27:15,189 [ERROR] LogOutputStream:75 - [STDERR_REDIRECT] [Fatal Error] :1:1: Premature end of file.
2026-09-17 21:27:15,189 [ERROR] LogOutputStream:75 - [STDERR_REDIRECT] 
2026-09-17 21:27:16,160 [ERROR] LogOutputStream:75 - [STDERR_REDIRECT] [Fatal Error] :1:1: Premature end of file.
2026-09-17 21:27:16,160 [ERROR] LogOutputStream:75 - [STDERR_REDIRECT] 
2026-09-17 21:27:17,188 [ERROR] LogOutputStream:75 - [STDERR_REDIRECT] [Fatal Error] :1:1: Premature end of file.
2026-09-17 21:27:17,188 [ERROR] LogOutputStream:75 - [STDERR_REDIRECT] 
2026-09-17 21:27:18,183 [ERROR] LogOutputStream:75 - [STDERR_REDIRECT] [Fatal Error] :1:1: Premature end of file.
2026-09-17 21:27:18,183 [ERROR] LogOutputStream:75 - [STDERR_REDIRECT] 
2026-09-17 21:27:19,189 [ERROR] LogOutputStream:75 - [STDERR_REDIRECT] [Fatal Error] :1:1: Premature end of file.
2026-09-17 21:27:19,189 [ERROR] LogOutputStream:75 - [STDERR_REDIRECT] 
2026-09-17 21:27:20,163 [ERROR] LogOutputStream:75 - [STDERR_REDIRECT] [Fatal Error] :1:1: Premature end of file.
2026-09-17 21:27:20,163 [ERROR] LogOutputStream:75 - [STDERR_REDIRECT] 
2026-09-17 21:27:21,188 [ERROR] LogOutputStream:75 - [STDERR_REDIRECT] [Fatal Error] :1:1: Premature end of file.
2026-09-17 21:27:21,188 [ERROR] LogOutputStream:75 - [STDERR_REDIRECT] 
2026-09-17 21:27:22,191 [ERROR] LogOutputStream:75 - [STDERR_REDIRECT] [Fatal Error] :1:1: Premature end of file.
2026-09-17 21:27:22,191 [ERROR] LogOutputStream:75 - [STDERR_REDIRECT] 
2026-09-17 21:27:23,188 [ERROR] LogOutputStream:75 - [STDERR_REDIRECT] [Fatal Error] :1:1: Premature end of file.
2026-09-17 21:27:23,188 [ERROR] LogOutputStream:75 - [STDERR_REDIRECT] 
2026-09-17 21:27:24,182 [ERROR] LogOutputStream:75 - [STDERR_REDIRECT] [Fatal Error] :1:1: Premature end of file.
2026-09-17 21:27:24,182 [ERROR] LogOutputStream:75 - [STDERR_REDIRECT] 
2026-09-17 21:27:25,184 [ERROR] LogOutputStream:75 - [STDERR_REDIRECT] [Fatal Error] :1:1: Premature end of file.
2026-09-17 21:27:25,184 [ERROR] LogOutputStream:75 - [STDERR_REDIRECT] 
2026-09-17 21:27:26,190 [ERROR] LogOutputStream:75 - [STDERR_REDIRECT] [Fatal Error] :1:1: Premature end of file.
2026-09-17 21:27:26,191 [ERROR] LogOutputStream:75 - [STDERR_REDIRECT] 
2026-09-17 21:27:27,187 [ERROR] LogOutputStream:75 - [STDERR_REDIRECT] [Fatal Error] :1:1: Premature end of file.
2026-09-17 21:27:27,187 [ERROR] LogOutputStream:75 - [STDERR_REDIRECT] 
2026-09-17 21:27:28,178 [ERROR] LogOutputStream:75 - [STDERR_REDIRECT] [Fatal Error] :1:1: Premature end of file.
2026-09-17 21:27:28,178 [ERROR] LogOutputStream:75 - [STDERR_REDIRECT] 
2026-09-17 21:27:29,167 [ERROR] LogOutputStream:75 - [STDERR_REDIRECT] [Fatal Error] :1:1: Premature end of file.
2026-09-17 21:27:29,168 [ERROR] LogOutputStream:75 - [STDERR_REDIRECT] 
2026-09-17 21:27:30,187 [ERROR] LogOutputStream:75 - [STDERR_REDIRECT] [Fatal Error] :1:1: Premature end of file.
2026-09-17 21:27:30,187 [ERROR] LogOutputStream:75 - [STDERR_REDIRECT] 
2026-09-17 21:27:31,179 [ERROR] LogOutputStream:75 - [STDERR_REDIRECT] [Fatal Error] :1:1: Premature end of file.
2026-09-17 21:27:31,179 [ERROR] LogOutputStream:75 - [STDERR_REDIRECT] 
2026-09-17 21:27:32,193 [ERROR] LogOutputStream:75 - [STDERR_REDIRECT] [Fatal Error] :1:1: Premature end of file.
2026-09-17 21:27:32,237 [ERROR] LogOutputStream:75 - [STDERR_REDIRECT] 
2026-09-17 21:27:33,188 [ERROR] LogOutputStream:75 - [STDERR_REDIRECT] [Fatal Error] :1:1: Premature end of file.
2026-09-17 21:27:33,189 [ERROR] LogOutputStream:75 - [STDERR_REDIRECT] 
2026-09-17 21:27:34,193 [ERROR] LogOutputStream:75 - [STDERR_REDIRECT] [Fatal Error] :1:1: Premature end of file.
2026-09-17 21:27:34,193 [ERROR] LogOutputStream:75 - [STDERR_REDIRECT] 
2026-09-17 21:27:35,161 [ERROR] LogOutputStream:75 - [STDERR_REDIRECT] [Fatal Error] :1:1: Premature end of file.
2026-09-17 21:27:35,162 [ERROR] LogOutputStream:75 - [STDERR_REDIRECT] 
2026-09-17 21:27:36,161 [ERROR] LogOutputStream:75 - [STDERR_REDIRECT] [Fatal Error] :1:1: Premature end of file.
2026-09-17 21:27:36,161 [ERROR] LogOutputStream:75 - [STDERR_REDIRECT] 
2026-09-17 21:27:37,182 [ERROR] LogOutputStream:75 - [STDERR_REDIRECT] [Fatal Error] :1:1: Premature end of file.
2026-09-17 21:27:37,182 [ERROR] LogOutputStream:75 - [STDERR_REDIRECT] 
2026-09-17 21:27:38,184 [ERROR] LogOutputStream:75 - [STDERR_REDIRECT] [Fatal Error] :1:1: Premature end of file.
2026-09-17 21:27:38,184 [ERROR] LogOutputStream:75 - [STDERR_REDIRECT] 
2026-09-17 21:27:39,162 [ERROR] LogOutputStream:75 - [STDERR_REDIRECT] [Fatal Error] :1:1: Premature end of file.
2026-09-17 21:27:39,162 [ERROR] LogOutputStream:75 - [STDERR_REDIRECT] 
2026-09-17 21:27:40,151 [ERROR] LogOutputStream:75 - [STDERR_REDIRECT] [Fatal Error] :1:1: Premature end of file.
2026-09-17 21:27:40,151 [ERROR] LogOutputStream:75 - [STDERR_REDIRECT] 
2026-09-17 21:27:41,167 [ERROR] LogOutputStream:75 - [STDERR_REDIRECT] [Fatal Error] :1:1: Premature end of file.
2026-09-17 21:27:41,167 [ERROR] LogOutputStream:75 - [STDERR_REDIRECT] 
2026-09-17 21:27:42,179 [ERROR] LogOutputStream:75 - [STDERR_REDIRECT] [Fatal Error] :1:1: Premature end of file.
2026-09-17 21:27:42,180 [ERROR] LogOutputStream:75 - [STDERR_REDIRECT] 
2026-09-17 21:27:43,169 [ERROR] LogOutputStream:75 - [STDERR_REDIRECT] [Fatal Error] :1:1: Premature end of file.
2026-09-17 21:27:43,169 [ERROR] LogOutputStream:75 - [STDERR_REDIRECT] 
2026-09-17 21:27:44,158 [ERROR] LogOutputStream:75 - [STDERR_REDIRECT] [Fatal Error] :1:1: Premature end of file.
2026-09-17 21:27:44,158 [ERROR] LogOutputStream:75 - [STDERR_REDIRECT] 
2026-09-17 21:27:45,174 [ERROR] LogOutputStream:75 - [STDERR_REDIRECT] [Fatal Error] :1:1: Premature end of file.
2026-09-17 21:27:45,174 [ERROR] LogOutputStream:75 - [STDERR_REDIRECT] 
2026-09-17 21:27:46,171 [ERROR] LogOutputStream:75 - [STDERR_REDIRECT] [Fatal Error] :1:1: Premature end of file.
2026-09-17 21:27:46,172 [ERROR] LogOutputStream:75 - [STDERR_REDIRECT] 
2026-09-17 21:27:47,194 [ERROR] LogOutputStream:75 - [STDERR_REDIRECT] [Fatal Error] :1:1: Premature end of file.
2026-09-17 21:27:47,249 [ERROR] LogOutputStream:75 - [STDERR_REDIRECT] 
2026-09-17 21:27:48,179 [ERROR] LogOutputStream:75 - [STDERR_REDIRECT] [Fatal Error] :1:1: Premature end of file.
2026-09-17 21:27:48,179 [ERROR] LogOutputStream:75 - [STDERR_REDIRECT] 
2026-09-17 21:27:49,181 [ERROR] LogOutputStream:75 - [STDERR_REDIRECT] [Fatal Error] :1:1: Premature end of file.
2026-09-17 21:27:49,182 [ERROR] LogOutputStream:75 - [STDERR_REDIRECT] 
2026-09-17 21:27:50,190 [ERROR] LogOutputStream:75 - [STDERR_REDIRECT] [Fatal Error] :1:1: Premature end of file.
2026-09-17 21:27:50,190 [ERROR] LogOutputStream:75 - [STDERR_REDIRECT] 
2026-09-17 21:27:51,195 [ERROR] LogOutputStream:75 - [STDERR_REDIRECT] [Fatal Error] :1:1: Premature end of file.
2026-09-17 21:27:51,196 [ERROR] LogOutputStream:75 - [STDERR_REDIRECT] 
2026-09-17 21:27:52,170 [ERROR] LogOutputStream:75 - [STDERR_REDIRECT] [Fatal Error] :1:1: Premature end of file.
2026-09-17 21:27:52,170 [ERROR] LogOutputStream:75 - [STDERR_REDIRECT] 
2026-09-17 21:27:53,176 [ERROR] LogOutputStream:75 - [STDERR_REDIRECT] [Fatal Error] :1:1: Premature end of file.
2026-09-17 21:27:53,176 [ERROR] LogOutputStream:75 - [STDERR_REDIRECT] 
2026-09-17 21:27:54,202 [ERROR] LogOutputStream:75 - [STDERR_REDIRECT] [Fatal Error] :1:1: Premature end of file.
2026-09-17 21:27:54,202 [ERROR] LogOutputStream:75 - [STDERR_REDIRECT] 
2026-09-17 21:27:55,175 [ERROR] LogOutputStream:75 - [STDERR_REDIRECT] [Fatal Error] :1:1: Premature end of file.
2026-09-17 21:27:55,176 [ERROR] LogOutputStream:75 - [STDERR_REDIRECT] 
2026-09-17 21:27:56,178 [ERROR] LogOutputStream:75 - [STDERR_REDIRECT] [Fatal Error] :1:1: Premature end of file.
2026-09-17 21:27:56,178 [ERROR] LogOutputStream:75 - [STDERR_REDIRECT] 
2026-09-17 21:27:57,165 [ERROR] LogOutputStream:75 - [STDERR_REDIRECT] [Fatal Error] :1:1: Premature end of file.
2026-09-17 21:27:57,165 [ERROR] LogOutputStream:75 - [STDERR_REDIRECT] 
2026-09-17 21:27:58,160 [ERROR] LogOutputStream:75 - [STDERR_REDIRECT] [Fatal Error] :1:1: Premature end of file.
2026-09-17 21:27:58,160 [ERROR] LogOutputStream:75 - [STDERR_REDIRECT] 
2026-09-17 21:27:59,171 [ERROR] LogOutputStream:75 - [STDERR_REDIRECT] [Fatal Error] :1:1: Premature end of file.
2026-09-17 21:27:59,172 [ERROR] LogOutputStream:75 - [STDERR_REDIRECT] 
2026-09-17 21:28:00,162 [ERROR] LogOutputStream:75 - [STDERR_REDIRECT] [Fatal Error] :1:1: Premature end of file.
2026-09-17 21:28:00,162 [ERROR] LogOutputStream:75 - [STDERR_REDIRECT] 
2026-09-17 21:28:01,175 [ERROR] LogOutputStream:75 - [STDERR_REDIRECT] [Fatal Error] :1:1: Premature end of file.
2026-09-17 21:28:01,176 [ERROR] LogOutputStream:75 - [STDERR_REDIRECT] 
2026-09-17 21:28:02,183 [ERROR] LogOutputStream:75 - [STDERR_REDIRECT] [Fatal Error] :1:1: Premature end of file.
2026-09-17 21:28:02,218 [ERROR] LogOutputStream:75 - [STDERR_REDIRECT] 
2026-09-17 21:28:03,186 [ERROR] LogOutputStream:75 - [STDERR_REDIRECT] [Fatal Error] :1:1: Premature end of file.
2026-09-17 21:28:03,186 [ERROR] LogOutputStream:75 - [STDERR_REDIRECT] 
2026-09-17 21:28:04,180 [ERROR] LogOutputStream:75 - [STDERR_REDIRECT] [Fatal Error] :1:1: Premature end of file.
2026-09-17 21:28:04,180 [ERROR] LogOutputStream:75 - [STDERR_REDIRECT] 
2026-09-17 21:28:05,185 [ERROR] LogOutputStream:75 - [STDERR_REDIRECT] [Fatal Error] :1:1: Premature end of file.
2026-09-17 21:28:05,185 [ERROR] LogOutputStream:75 - [STDERR_REDIRECT] 
2026-09-17 21:28:06,179 [ERROR] LogOutputStream:75 - [STDERR_REDIRECT] [Fatal Error] :1:1: Premature end of file.
2026-09-17 21:28:06,184 [ERROR] LogOutputStream:75 - [STDERR_REDIRECT] 
2026-09-17 21:28:07,188 [ERROR] LogOutputStream:75 - [STDERR_REDIRECT] [Fatal Error] :1:1: Premature end of file.
2026-09-17 21:28:07,188 [ERROR] LogOutputStream:75 - [STDERR_REDIRECT] 
2026-09-17 21:28:08,183 [ERROR] LogOutputStream:75 - [STDERR_REDIRECT] [Fatal Error] :1:1: Premature end of file.
2026-09-17 21:28:08,183 [ERROR] LogOutputStream:75 - [STDERR_REDIRECT] 
2026-09-17 21:28:09,189 [ERROR] LogOutputStream:75 - [STDERR_REDIRECT] [Fatal Error] :1:1: Premature end of file.
2026-09-17 21:28:09,189 [ERROR] LogOutputStream:75 - [STDERR_REDIRECT] 
2026-09-17 21:28:10,179 [ERROR] LogOutputStream:75 - [STDERR_REDIRECT] [Fatal Error] :1:1: Premature end of file.
2026-09-17 21:28:10,179 [ERROR] LogOutputStream:75 - [STDERR_REDIRECT] 
2026-09-17 21:28:11,181 [ERROR] LogOutputStream:75 - [STDERR_REDIRECT] [Fatal Error] :1:1: Premature end of file.
2026-09-17 21:28:11,182 [ERROR] LogOutputStream:75 - [STDERR_REDIRECT] 
2026-09-17 21:28:12,184 [ERROR] LogOutputStream:75 - [STDERR_REDIRECT] [Fatal Error] :1:1: Premature end of file.
2026-09-17 21:28:12,184 [ERROR] LogOutputStream:75 - [STDERR_REDIRECT] 
2026-09-17 21:28:13,158 [ERROR] LogOutputStream:75 - [STDERR_REDIRECT] [Fatal Error] :1:1: Premature end of file.
2026-09-17 21:28:13,158 [ERROR] LogOutputStream:75 - [STDERR_REDIRECT] 
2026-09-17 21:28:14,179 [ERROR] LogOutputStream:75 - [STDERR_REDIRECT] [Fatal Error] :1:1: Premature end of file.
2026-09-17 21:28:14,179 [ERROR] LogOutputStream:75 - [STDERR_REDIRECT] 
2026-09-17 21:28:15,183 [ERROR] LogOutputStream:75 - [STDERR_REDIRECT] [Fatal Error] :1:1: Premature end of file.
2026-09-17 21:28:15,184 [ERROR] LogOutputStream:75 - [STDERR_REDIRECT] 
2026-09-17 21:28:16,154 [ERROR] LogOutputStream:75 - [STDERR_REDIRECT] [Fatal Error] :1:1: Premature end of file.
2026-09-17 21:28:16,154 [ERROR] LogOutputStream:75 - [STDERR_REDIRECT] 
2026-09-17 21:28:17,192 [ERROR] LogOutputStream:75 - [STDERR_REDIRECT] [Fatal Error] :1:1: Premature end of file.
2026-09-17 21:28:17,237 [ERROR] LogOutputStream:75 - [STDERR_REDIRECT] 
2026-09-17 21:28:18,185 [ERROR] LogOutputStream:75 - [STDERR_REDIRECT] [Fatal Error] :1:1: Premature end of file.
2026-09-17 21:28:18,185 [ERROR] LogOutputStream:75 - [STDERR_REDIRECT] 
2026-09-17 21:28:19,179 [ERROR] LogOutputStream:75 - [STDERR_REDIRECT] [Fatal Error] :1:1: Premature end of file.
2026-09-17 21:28:19,179 [ERROR] LogOutputStream:75 - [STDERR_REDIRECT] 
2026-09-17 21:28:20,173 [ERROR] LogOutputStream:75 - [STDERR_REDIRECT] [Fatal Error] :1:1: Premature end of file.
2026-09-17 21:28:20,173 [ERROR] LogOutputStream:75 - [STDERR_REDIRECT] 
2026-09-17 21:28:21,177 [ERROR] LogOutputStream:75 - [STDERR_REDIRECT] [Fatal Error] :1:1: Premature end of file.
2026-09-17 21:28:21,177 [ERROR] LogOutputStream:75 - [STDERR_REDIRECT] 
2026-09-17 21:28:22,186 [ERROR] LogOutputStream:75 - [STDERR_REDIRECT] [Fatal Error] :1:1: Premature end of file.
2026-09-17 21:28:22,186 [ERROR] LogOutputStream:75 - [STDERR_REDIRECT] 
2026-09-17 21:28:23,179 [ERROR] LogOutputStream:75 - [STDERR_REDIRECT] [Fatal Error] :1:1: Premature end of file.
2026-09-17 21:28:23,179 [ERROR] LogOutputStream:75 - [STDERR_REDIRECT] 
2026-09-17 21:28:24,157 [ERROR] LogOutputStream:75 - [STDERR_REDIRECT] [Fatal Error] :1:1: Premature end of file.
2026-09-17 21:28:24,158 [ERROR] LogOutputStream:75 - [STDERR_REDIRECT] 
2026-09-17 21:28:25,165 [ERROR] LogOutputStream:75 - [STDERR_REDIRECT] [Fatal Error] :1:1: Premature end of file.
2026-09-17 21:28:25,165 [ERROR] LogOutputStream:75 - [STDERR_REDIRECT] 
2026-09-17 21:28:26,171 [ERROR] LogOutputStream:75 - [STDERR_REDIRECT] [Fatal Error] :1:1: Premature end of file.
2026-09-17 21:28:26,171 [ERROR] LogOutputStream:75 - [STDERR_REDIRECT] 
2026-09-17 21:28:27,180 [ERROR] LogOutputStream:75 - [STDERR_REDIRECT] [Fatal Error] :1:1: Premature end of file.
2026-09-17 21:28:27,180 [ERROR] LogOutputStream:75 - [STDERR_REDIRECT] 
2026-09-17 21:28:28,186 [ERROR] LogOutputStream:75 - [STDERR_REDIRECT] [Fatal Error] :1:1: Premature end of file.
2026-09-17 21:28:28,186 [ERROR] LogOutputStream:75 - [STDERR_REDIRECT] 
2026-09-17 21:28:29,183 [ERROR] LogOutputStream:75 - [STDERR_REDIRECT] [Fatal Error] :1:1: Premature end of file.
2026-09-17 21:28:29,184 [ERROR] LogOutputStream:75 - [STDERR_REDIRECT] 
2026-09-17 21:28:30,183 [ERROR] LogOutputStream:75 - [STDERR_REDIRECT] [Fatal Error] :1:1: Premature end of file.
2026-09-17 21:28:30,183 [ERROR] LogOutputStream:75 - [STDERR_REDIRECT] 
2026-09-17 21:28:31,178 [ERROR] LogOutputStream:75 - [STDERR_REDIRECT] [Fatal Error] :1:1: Premature end of file.
2026-09-17 21:28:31,178 [ERROR] LogOutputStream:75 - [STDERR_REDIRECT] 
2026-09-17 21:28:32,167 [ERROR] LogOutputStream:75 - [STDERR_REDIRECT] [Fatal Error] :1:1: Premature end of file.
2026-09-17 21:28:32,237 [ERROR] LogOutputStream:75 - [STDERR_REDIRECT] 
2026-09-17 21:28:33,180 [ERROR] LogOutputStream:75 - [STDERR_REDIRECT] [Fatal Error] :1:1: Premature end of file.
2026-09-17 21:28:33,181 [ERROR] LogOutputStream:75 - [STDERR_REDIRECT] 
2026-09-17 21:28:34,186 [ERROR] LogOutputStream:75 - [STDERR_REDIRECT] [Fatal Error] :1:1: Premature end of file.
2026-09-17 21:28:34,186 [ERROR] LogOutputStream:75 - [STDERR_REDIRECT] 
2026-09-17 21:28:35,190 [ERROR] LogOutputStream:75 - [STDERR_REDIRECT] [Fatal Error] :1:1: Premature end of file.
2026-09-17 21:28:35,190 [ERROR] LogOutputStream:75 - [STDERR_REDIRECT] 
2026-09-17 21:28:36,167 [ERROR] LogOutputStream:75 - [STDERR_REDIRECT] [Fatal Error] :1:1: Premature end of file.
2026-09-17 21:28:36,167 [ERROR] LogOutputStream:75 - [STDERR_REDIRECT] 
2026-09-17 21:28:37,181 [ERROR] LogOutputStream:75 - [STDERR_REDIRECT] [Fatal Error] :1:1: Premature end of file.
2026-09-17 21:28:37,181 [ERROR] LogOutputStream:75 - [STDERR_REDIRECT] 
2026-09-17 21:28:38,180 [ERROR] LogOutputStream:75 - [STDERR_REDIRECT] [Fatal Error] :1:1: Premature end of file.
2026-09-17 21:28:38,182 [ERROR] LogOutputStream:75 - [STDERR_REDIRECT] 
2026-09-17 21:28:39,170 [ERROR] LogOutputStream:75 - [STDERR_REDIRECT] [Fatal Error] :1:1: Premature end of file.
2026-09-17 21:28:39,170 [ERROR] LogOutputStream:75 - [STDERR_REDIRECT] 
2026-09-17 21:28:40,179 [ERROR] LogOutputStream:75 - [STDERR_REDIRECT] [Fatal Error] :1:1: Premature end of file.
2026-09-17 21:28:40,179 [ERROR] LogOutputStream:75 - [STDERR_REDIRECT] 
2026-09-17 21:28:41,178 [ERROR] LogOutputStream:75 - [STDERR_REDIRECT] [Fatal Error] :1:1: Premature end of file.
2026-09-17 21:28:41,178 [ERROR] LogOutputStream:75 - [STDERR_REDIRECT] 
2026-09-17 21:28:42,177 [ERROR] LogOutputStream:75 - [STDERR_REDIRECT] [Fatal Error] :1:1: Premature end of file.
2026-09-17 21:28:42,177 [ERROR] LogOutputStream:75 - [STDERR_REDIRECT] 
2026-09-17 21:28:43,179 [ERROR] LogOutputStream:75 - [STDERR_REDIRECT] [Fatal Error] :1:1: Premature end of file.
2026-09-17 21:28:43,179 [ERROR] LogOutputStream:75 - [STDERR_REDIRECT] 
2026-09-17 21:28:44,177 [ERROR] LogOutputStream:75 - [STDERR_REDIRECT] [Fatal Error] :1:1: Premature end of file.
2026-09-17 21:28:44,177 [ERROR] LogOutputStream:75 - [STDERR_REDIRECT] 
2026-09-17 21:28:45,182 [ERROR] LogOutputStream:75 - [STDERR_REDIRECT] [Fatal Error] :1:1: Premature end of file.
2026-09-17 21:28:45,182 [ERROR] LogOutputStream:75 - [STDERR_REDIRECT] 
2026-09-17 21:28:46,185 [ERROR] LogOutputStream:75 - [STDERR_REDIRECT] [Fatal Error] :1:1: Premature end of file.
2026-09-17 21:28:46,185 [ERROR] LogOutputStream:75 - [STDERR_REDIRECT] 
2026-09-17 21:28:47,197 [ERROR] LogOutputStream:75 - [STDERR_REDIRECT] [Fatal Error] :1:1: Premature end of file.
2026-09-17 21:28:47,203 [ERROR] LogOutputStream:75 - [STDERR_REDIRECT] 
2026-09-17 21:28:48,177 [ERROR] LogOutputStream:75 - [STDERR_REDIRECT] [Fatal Error] :1:1: Premature end of file.
2026-09-17 21:28:48,178 [ERROR] LogOutputStream:75 - [STDERR_REDIRECT] 
2026-09-17 21:28:49,174 [ERROR] LogOutputStream:75 - [STDERR_REDIRECT] [Fatal Error] :1:1: Premature end of file.
2026-09-17 21:28:49,174 [ERROR] LogOutputStream:75 - [STDERR_REDIRECT] 
2026-09-17 21:28:50,173 [ERROR] LogOutputStream:75 - [STDERR_REDIRECT] [Fatal Error] :1:1: Premature end of file.
2026-09-17 21:28:50,174 [ERROR] LogOutputStream:75 - [STDERR_REDIRECT] 
2026-09-17 21:28:51,185 [ERROR] LogOutputStream:75 - [STDERR_REDIRECT] [Fatal Error] :1:1: Premature end of file.
2026-09-17 21:28:51,186 [ERROR] LogOutputStream:75 - [STDERR_REDIRECT] 
2026-09-17 21:28:52,188 [ERROR] LogOutputStream:75 - [STDERR_REDIRECT] [Fatal Error] :1:1: Premature end of file.
2026-09-17 21:28:52,188 [ERROR] LogOutputStream:75 - [STDERR_REDIRECT] 
2026-09-17 21:28:53,195 [ERROR] LogOutputStream:75 - [STDERR_REDIRECT] [Fatal Error] :1:1: Premature end of file.
2026-09-17 21:28:53,196 [ERROR] LogOutputStream:75 - [STDERR_REDIRECT] 
2026-09-17 21:28:54,173 [ERROR] LogOutputStream:75 - [STDERR_REDIRECT] [Fatal Error] :1:1: Premature end of file.
2026-09-17 21:28:54,174 [ERROR] LogOutputStream:75 - [STDERR_REDIRECT] 
2026-09-17 21:28:55,180 [ERROR] LogOutputStream:75 - [STDERR_REDIRECT] [Fatal Error] :1:1: Premature end of file.
2026-09-17 21:28:55,180 [ERROR] LogOutputStream:75 - [STDERR_REDIRECT] 
2026-09-17 21:28:56,181 [ERROR] LogOutputStream:75 - [STDERR_REDIRECT] [Fatal Error] :1:1: Premature end of file.
2026-09-17 21:28:56,181 [ERROR] LogOutputStream:75 - [STDERR_REDIRECT] 
2026-09-17 21:28:57,186 [ERROR] LogOutputStream:75 - [STDERR_REDIRECT] [Fatal Error] :1:1: Premature end of file.
2026-09-17 21:28:57,186 [ERROR] LogOutputStream:75 - [STDERR_REDIRECT] 
2026-09-17 21:28:58,179 [ERROR] LogOutputStream:75 - [STDERR_REDIRECT] [Fatal Error] :1:1: Premature end of file.
2026-09-17 21:28:58,179 [ERROR] LogOutputStream:75 - [STDERR_REDIRECT] 
2026-09-17 21:28:59,184 [ERROR] LogOutputStream:75 - [STDERR_REDIRECT] [Fatal Error] :1:1: Premature end of file.
2026-09-17 21:28:59,184 [ERROR] LogOutputStream:75 - [STDERR_REDIRECT] 
2026-09-17 21:29:00,185 [ERROR] LogOutputStream:75 - [STDERR_REDIRECT] [Fatal Error] :1:1: Premature end of file.
2026-09-17 21:29:00,185 [ERROR] LogOutputStream:75 - [STDERR_REDIRECT] 
2026-09-17 21:29:01,176 [ERROR] LogOutputStream:75 - [STDERR_REDIRECT] [Fatal Error] :1:1: Premature end of file.
2026-09-17 21:29:01,176 [ERROR] LogOutputStream:75 - [STDERR_REDIRECT] 
2026-09-17 21:29:02,166 [ERROR] LogOutputStream:75 - [STDERR_REDIRECT] [Fatal Error] :1:1: Premature end of file.
2026-09-17 21:29:02,206 [ERROR] LogOutputStream:75 - [STDERR_REDIRECT] 
2026-09-17 21:29:03,187 [ERROR] LogOutputStream:75 - [STDERR_REDIRECT] [Fatal Error] :1:1: Premature end of file.
2026-09-17 21:29:03,187 [ERROR] LogOutputStream:75 - [STDERR_REDIRECT] 
2026-09-17 21:29:04,182 [ERROR] LogOutputStream:75 - [STDERR_REDIRECT] [Fatal Error] :1:1: Premature end of file.
2026-09-17 21:29:04,182 [ERROR] LogOutputStream:75 - [STDERR_REDIRECT] 
2026-09-17 21:29:05,184 [ERROR] LogOutputStream:75 - [STDERR_REDIRECT] [Fatal Error] :1:1: Premature end of file.
2026-09-17 21:29:05,184 [ERROR] LogOutputStream:75 - [STDERR_REDIRECT] 
2026-09-17 21:29:06,182 [ERROR] LogOutputStream:75 - [STDERR_REDIRECT] [Fatal Error] :1:1: Premature end of file.
2026-09-17 21:29:06,182 [ERROR] LogOutputStream:75 - [STDERR_REDIRECT] 
2026-09-17 21:29:07,165 [ERROR] LogOutputStream:75 - [STDERR_REDIRECT] [Fatal Error] :1:1: Premature end of file.
2026-09-17 21:29:07,165 [ERROR] LogOutputStream:75 - [STDERR_REDIRECT] 
2026-09-17 21:29:08,158 [ERROR] LogOutputStream:75 - [STDERR_REDIRECT] [Fatal Error] :1:1: Premature end of file.
2026-09-17 21:29:08,158 [ERROR] LogOutputStream:75 - [STDERR_REDIRECT] 
2026-09-17 21:29:09,176 [ERROR] LogOutputStream:75 - [STDERR_REDIRECT] [Fatal Error] :1:1: Premature end of file.
2026-09-17 21:29:09,176 [ERROR] LogOutputStream:75 - [STDERR_REDIRECT] 
2026-09-17 21:29:10,179 [ERROR] LogOutputStream:75 - [STDERR_REDIRECT] [Fatal Error] :1:1: Premature end of file.
2026-09-17 21:29:10,179 [ERROR] LogOutputStream:75 - [STDERR_REDIRECT] 
2026-09-17 21:29:11,192 [ERROR] LogOutputStream:75 - [STDERR_REDIRECT] [Fatal Error] :1:1: Premature end of file.
2026-09-17 21:29:11,192 [ERROR] LogOutputStream:75 - [STDERR_REDIRECT] 
2026-09-17 21:29:12,182 [ERROR] LogOutputStream:75 - [STDERR_REDIRECT] [Fatal Error] :1:1: Premature end of file.
2026-09-17 21:29:12,182 [ERROR] LogOutputStream:75 - [STDERR_REDIRECT] 
2026-09-17 21:29:13,169 [ERROR] LogOutputStream:75 - [STDERR_REDIRECT] [Fatal Error] :1:1: Premature end of file.
2026-09-17 21:29:13,169 [ERROR] LogOutputStream:75 - [STDERR_REDIRECT] 
2026-09-17 21:29:14,164 [ERROR] LogOutputStream:75 - [STDERR_REDIRECT] [Fatal Error] :1:1: Premature end of file.
2026-09-17 21:29:14,164 [ERROR] LogOutputStream:75 - [STDERR_REDIRECT] 
2026-09-17 21:29:15,169 [ERROR] LogOutputStream:75 - [STDERR_REDIRECT] [Fatal Error] :1:1: Premature end of file.
2026-09-17 21:29:15,169 [ERROR] LogOutputStream:75 - [STDERR_REDIRECT] 
2026-09-17 21:29:16,186 [ERROR] LogOutputStream:75 - [STDERR_REDIRECT] [Fatal Error] :1:1: Premature end of file.
2026-09-17 21:29:16,187 [ERROR] LogOutputStream:75 - [STDERR_REDIRECT] 
2026-09-17 21:29:17,190 [ERROR] LogOutputStream:75 - [STDERR_REDIRECT] [Fatal Error] :1:1: Premature end of file.
2026-09-17 21:29:17,190 [ERROR] LogOutputStream:75 - [STDERR_REDIRECT] 
2026-09-17 21:29:18,178 [ERROR] LogOutputStream:75 - [STDERR_REDIRECT] [Fatal Error] :1:1: Premature end of file.
2026-09-17 21:29:18,178 [ERROR] LogOutputStream:75 - [STDERR_REDIRECT] 
2026-09-17 21:29:19,178 [ERROR] LogOutputStream:75 - [STDERR_REDIRECT] [Fatal Error] :1:1: Premature end of file.
2026-09-17 21:29:19,178 [ERROR] LogOutputStream:75 - [STDERR_REDIRECT] 
2026-09-17 21:29:20,164 [ERROR] LogOutputStream:75 - [STDERR_REDIRECT] [Fatal Error] :1:1: Premature end of file.
2026-09-17 21:29:20,164 [ERROR] LogOutputStream:75 - [STDERR_REDIRECT] 
2026-09-17 21:29:21,184 [ERROR] LogOutputStream:75 - [STDERR_REDIRECT] [Fatal Error] :1:1: Premature end of file.
2026-09-17 21:29:21,184 [ERROR] LogOutputStream:75 - [STDERR_REDIRECT] 
2026-09-17 21:29:22,184 [ERROR] LogOutputStream:75 - [STDERR_REDIRECT] [Fatal Error] :1:1: Premature end of file.
2026-09-17 21:29:22,184 [ERROR] LogOutputStream:75 - [STDERR_REDIRECT] 
2026-09-17 21:29:23,186 [ERROR] LogOutputStream:75 - [STDERR_REDIRECT] [Fatal Error] :1:1: Premature end of file.
2026-09-17 21:29:23,186 [ERROR] LogOutputStream:75 - [STDERR_REDIRECT] 
2026-09-17 21:29:24,175 [ERROR] LogOutputStream:75 - [STDERR_REDIRECT] [Fatal Error] :1:1: Premature end of file.
2026-09-17 21:29:24,175 [ERROR] LogOutputStream:75 - [STDERR_REDIRECT] 
2026-09-17 21:29:25,181 [ERROR] LogOutputStream:75 - [STDERR_REDIRECT] [Fatal Error] :1:1: Premature end of file.
2026-09-17 21:29:25,182 [ERROR] LogOutputStream:75 - [STDERR_REDIRECT] 
2026-09-17 21:29:26,179 [ERROR] LogOutputStream:75 - [STDERR_REDIRECT] [Fatal Error] :1:1: Premature end of file.
2026-09-17 21:29:26,180 [ERROR] LogOutputStream:75 - [STDERR_REDIRECT] 
2026-09-17 21:29:27,169 [ERROR] LogOutputStream:75 - [STDERR_REDIRECT] [Fatal Error] :1:1: Premature end of file.
2026-09-17 21:29:27,169 [ERROR] LogOutputStream:75 - [STDERR_REDIRECT] 
2026-09-17 21:29:28,183 [ERROR] LogOutputStream:75 - [STDERR_REDIRECT] [Fatal Error] :1:1: Premature end of file.
2026-09-17 21:29:28,183 [ERROR] LogOutputStream:75 - [STDERR_REDIRECT] 
2026-09-17 21:29:29,179 [ERROR] LogOutputStream:75 - [STDERR_REDIRECT] [Fatal Error] :1:1: Premature end of file.
2026-09-17 21:29:29,179 [ERROR] LogOutputStream:75 - [STDERR_REDIRECT] 
2026-09-17 21:29:30,182 [ERROR] LogOutputStream:75 - [STDERR_REDIRECT] [Fatal Error] :1:1: Premature end of file.
2026-09-17 21:29:30,182 [ERROR] LogOutputStream:75 - [STDERR_REDIRECT] 
2026-09-17 21:29:31,177 [ERROR] LogOutputStream:75 - [STDERR_REDIRECT] [Fatal Error] :1:1: Premature end of file.
2026-09-17 21:29:31,177 [ERROR] LogOutputStream:75 - [STDERR_REDIRECT] 
2026-09-17 21:29:32,178 [ERROR] LogOutputStream:75 - [STDERR_REDIRECT] [Fatal Error] :1:1: Premature end of file.
2026-09-17 21:29:32,178 [ERROR] LogOutputStream:75 - [STDERR_REDIRECT] 
2026-09-17 21:29:33,175 [ERROR] LogOutputStream:75 - [STDERR_REDIRECT] [Fatal Error] :1:1: Premature end of file.
2026-09-17 21:29:33,175 [ERROR] LogOutputStream:75 - [STDERR_REDIRECT] 
2026-09-17 21:29:34,172 [ERROR] LogOutputStream:75 - [STDERR_REDIRECT] [Fatal Error] :1:1: Premature end of file.
2026-09-17 21:29:34,172 [ERROR] LogOutputStream:75 - [STDERR_REDIRECT] 
2026-09-17 21:29:35,181 [ERROR] LogOutputStream:75 - [STDERR_REDIRECT] [Fatal Error] :1:1: Premature end of file.
2026-09-17 21:29:35,181 [ERROR] LogOutputStream:75 - [STDERR_REDIRECT] 
2026-09-17 21:29:36,171 [ERROR] LogOutputStream:75 - [STDERR_REDIRECT] [Fatal Error] :1:1: Premature end of file.
2026-09-17 21:29:36,171 [ERROR] LogOutputStream:75 - [STDERR_REDIRECT] 
2026-09-17 21:29:37,181 [ERROR] LogOutputStream:75 - [STDERR_REDIRECT] [Fatal Error] :1:1: Premature end of file.
2026-09-17 21:29:37,181 [ERROR] LogOutputStream:75 - [STDERR_REDIRECT] 
2026-09-17 21:29:38,182 [ERROR] LogOutputStream:75 - [STDERR_REDIRECT] [Fatal Error] :1:1: Premature end of file.
2026-09-17 21:29:38,182 [ERROR] LogOutputStream:75 - [STDERR_REDIRECT] 
2026-09-17 21:29:39,182 [ERROR] LogOutputStream:75 - [STDERR_REDIRECT] [Fatal Error] :1:1: Premature end of file.
2026-09-17 21:29:39,182 [ERROR] LogOutputStream:75 - [STDERR_REDIRECT] 
2026-09-17 21:29:40,172 [ERROR] LogOutputStream:75 - [STDERR_REDIRECT] [Fatal Error] :1:1: Premature end of file.
2026-09-17 21:29:40,172 [ERROR] LogOutputStream:75 - [STDERR_REDIRECT] 
2026-09-17 21:29:41,181 [ERROR] LogOutputStream:75 - [STDERR_REDIRECT] [Fatal Error] :1:1: Premature end of file.
2026-09-17 21:29:41,181 [ERROR] LogOutputStream:75 - [STDERR_REDIRECT] 
2026-09-17 21:29:42,177 [ERROR] LogOutputStream:75 - [STDERR_REDIRECT] [Fatal Error] :1:1: Premature end of file.
2026-09-17 21:29:42,178 [ERROR] LogOutputStream:75 - [STDERR_REDIRECT] 
2026-09-17 21:29:43,161 [ERROR] LogOutputStream:75 - [STDERR_REDIRECT] [Fatal Error] :1:1: Premature end of file.
2026-09-17 21:29:43,161 [ERROR] LogOutputStream:75 - [STDERR_REDIRECT] 
2026-09-17 21:29:44,175 [ERROR] LogOutputStream:75 - [STDERR_REDIRECT] [Fatal Error] :1:1: Premature end of file.
2026-09-17 21:29:44,175 [ERROR] LogOutputStream:75 - [STDERR_REDIRECT] 
2026-09-17 21:29:45,174 [ERROR] LogOutputStream:75 - [STDERR_REDIRECT] [Fatal Error] :1:1: Premature end of file.
2026-09-17 21:29:45,175 [ERROR] LogOutputStream:75 - [STDERR_REDIRECT] 
2026-09-17 21:29:46,173 [ERROR] LogOutputStream:75 - [STDERR_REDIRECT] [Fatal Error] :1:1: Premature end of file.
2026-09-17 21:29:46,173 [ERROR] LogOutputStream:75 - [STDERR_REDIRECT] 
2026-09-17 21:29:47,185 [ERROR] LogOutputStream:75 - [STDERR_REDIRECT] [Fatal Error] :1:1: Premature end of file.
2026-09-17 21:29:47,205 [ERROR] LogOutputStream:75 - [STDERR_REDIRECT] 
2026-09-17 21:29:48,183 [ERROR] LogOutputStream:75 - [STDERR_REDIRECT] [Fatal Error] :1:1: Premature end of file.
2026-09-17 21:29:48,183 [ERROR] LogOutputStream:75 - [STDERR_REDIRECT] 
2026-09-17 21:29:49,172 [ERROR] LogOutputStream:75 - [STDERR_REDIRECT] [Fatal Error] :1:1: Premature end of file.
2026-09-17 21:29:49,172 [ERROR] LogOutputStream:75 - [STDERR_REDIRECT] 
2026-09-17 21:29:50,161 [ERROR] LogOutputStream:75 - [STDERR_REDIRECT] [Fatal Error] :1:1: Premature end of file.
2026-09-17 21:29:50,162 [ERROR] LogOutputStream:75 - [STDERR_REDIRECT] 
2026-09-17 21:29:51,176 [ERROR] LogOutputStream:75 - [STDERR_REDIRECT] [Fatal Error] :1:1: Premature end of file.
2026-09-17 21:29:51,176 [ERROR] LogOutputStream:75 - [STDERR_REDIRECT] 
2026-09-17 21:29:52,179 [ERROR] LogOutputStream:75 - [STDERR_REDIRECT] [Fatal Error] :1:1: Premature end of file.
2026-09-17 21:29:52,180 [ERROR] LogOutputStream:75 - [STDERR_REDIRECT] 
2026-09-17 21:29:53,167 [ERROR] LogOutputStream:75 - [STDERR_REDIRECT] [Fatal Error] :1:1: Premature end of file.
2026-09-17 21:29:53,167 [ERROR] LogOutputStream:75 - [STDERR_REDIRECT] 
2026-09-17 21:29:54,171 [ERROR] LogOutputStream:75 - [STDERR_REDIRECT] [Fatal Error] :1:1: Premature end of file.
2026-09-17 21:29:54,171 [ERROR] LogOutputStream:75 - [STDERR_REDIRECT] 
2026-09-17 21:29:55,166 [ERROR] LogOutputStream:75 - [STDERR_REDIRECT] [Fatal Error] :1:1: Premature end of file.
2026-09-17 21:29:55,166 [ERROR] LogOutputStream:75 - [STDERR_REDIRECT] 
2026-09-17 21:29:56,176 [ERROR] LogOutputStream:75 - [STDERR_REDIRECT] [Fatal Error] :1:1: Premature end of file.
2026-09-17 21:29:56,176 [ERROR] LogOutputStream:75 - [STDERR_REDIRECT] 
2026-09-17 21:29:57,157 [ERROR] LogOutputStream:75 - [STDERR_REDIRECT] [Fatal Error] :1:1: Premature end of file.
2026-09-17 21:29:57,158 [ERROR] LogOutputStream:75 - [STDERR_REDIRECT] 
2026-09-17 21:29:58,155 [ERROR] LogOutputStream:75 - [STDERR_REDIRECT] [Fatal Error] :1:1: Premature end of file.
2026-09-17 21:29:58,156 [ERROR] LogOutputStream:75 - [STDERR_REDIRECT] 
2026-09-17 21:29:59,156 [ERROR] LogOutputStream:75 - [STDERR_REDIRECT] [Fatal Error] :1:1: Premature end of file.
2026-09-17 21:29:59,156 [ERROR] LogOutputStream:75 - [STDERR_REDIRECT] 
2026-09-17 21:30:00,153 [ERROR] LogOutputStream:75 - [STDERR_REDIRECT] [Fatal Error] :1:1: Premature end of file.
2026-09-17 21:30:00,154 [ERROR] LogOutputStream:75 - [STDERR_REDIRECT] 
2026-09-17 21:30:01,182 [ERROR] LogOutputStream:75 - [STDERR_REDIRECT] [Fatal Error] :1:1: Premature end of file.
2026-09-17 21:30:01,182 [ERROR] LogOutputStream:75 - [STDERR_REDIRECT] 
2026-09-17 21:30:02,161 [ERROR] LogOutputStream:75 - [STDERR_REDIRECT] [Fatal Error] :1:1: Premature end of file.
2026-09-17 21:30:02,198 [ERROR] LogOutputStream:75 - [STDERR_REDIRECT] 
2026-09-17 21:30:03,162 [ERROR] LogOutputStream:75 - [STDERR_REDIRECT] [Fatal Error] :1:1: Premature end of file.
2026-09-17 21:30:03,162 [ERROR] LogOutputStream:75 - [STDERR_REDIRECT] 
2026-09-17 21:30:04,178 [ERROR] LogOutputStream:75 - [STDERR_REDIRECT] [Fatal Error] :1:1: Premature end of file.
2026-09-17 21:30:04,179 [ERROR] LogOutputStream:75 - [STDERR_REDIRECT] 
2026-09-17 21:30:05,174 [ERROR] LogOutputStream:75 - [STDERR_REDIRECT] [Fatal Error] :1:1: Premature end of file.
2026-09-17 21:30:05,174 [ERROR] LogOutputStream:75 - [STDERR_REDIRECT] 
2026-09-17 21:30:06,158 [ERROR] LogOutputStream:75 - [STDERR_REDIRECT] [Fatal Error] :1:1: Premature end of file.
2026-09-17 21:30:06,158 [ERROR] LogOutputStream:75 - [STDERR_REDIRECT] 
2026-09-17 21:30:07,188 [ERROR] LogOutputStream:75 - [STDERR_REDIRECT] [Fatal Error] :1:1: Premature end of file.
2026-09-17 21:30:07,189 [ERROR] LogOutputStream:75 - [STDERR_REDIRECT] 
2026-09-17 21:30:08,167 [ERROR] LogOutputStream:75 - [STDERR_REDIRECT] [Fatal Error] :1:1: Premature end of file.
2026-09-17 21:30:08,167 [ERROR] LogOutputStream:75 - [STDERR_REDIRECT] 
2026-09-17 21:30:09,160 [ERROR] LogOutputStream:75 - [STDERR_REDIRECT] [Fatal Error] :1:1: Premature end of file.
2026-09-17 21:30:09,160 [ERROR] LogOutputStream:75 - [STDERR_REDIRECT] 
2026-09-17 21:30:10,163 [ERROR] LogOutputStream:75 - [STDERR_REDIRECT] [Fatal Error] :1:1: Premature end of file.
2026-09-17 21:30:10,163 [ERROR] LogOutputStream:75 - [STDERR_REDIRECT] 
2026-09-17 21:30:11,190 [ERROR] LogOutputStream:75 - [STDERR_REDIRECT] [Fatal Error] :1:1: Premature end of file.
2026-09-17 21:30:11,190 [ERROR] LogOutputStream:75 - [STDERR_REDIRECT] 
2026-09-17 21:30:12,185 [ERROR] LogOutputStream:75 - [STDERR_REDIRECT] [Fatal Error] :1:1: Premature end of file.
2026-09-17 21:30:12,185 [ERROR] LogOutputStream:75 - [STDERR_REDIRECT] 
2026-09-17 21:30:13,156 [ERROR] LogOutputStream:75 - [STDERR_REDIRECT] [Fatal Error] :1:1: Premature end of file.
2026-09-17 21:30:13,156 [ERROR] LogOutputStream:75 - [STDERR_REDIRECT] 
2026-09-17 21:30:14,177 [ERROR] LogOutputStream:75 - [STDERR_REDIRECT] [Fatal Error] :1:1: Premature end of file.
2026-09-17 21:30:14,178 [ERROR] LogOutputStream:75 - [STDERR_REDIRECT] 
2026-09-17 21:30:15,182 [ERROR] LogOutputStream:75 - [STDERR_REDIRECT] [Fatal Error] :1:1: Premature end of file.
2026-09-17 21:30:15,182 [ERROR] LogOutputStream:75 - [STDERR_REDIRECT] 
2026-09-17 21:30:16,185 [ERROR] LogOutputStream:75 - [STDERR_REDIRECT] [Fatal Error] :1:1: Premature end of file.
2026-09-17 21:30:16,185 [ERROR] LogOutputStream:75 - [STDERR_REDIRECT] 
2026-09-17 21:30:17,181 [ERROR] LogOutputStream:75 - [STDERR_REDIRECT] [Fatal Error] :1:1: Premature end of file.
2026-09-17 21:30:17,203 [ERROR] LogOutputStream:75 - [STDERR_REDIRECT] 
2026-09-17 21:30:18,186 [ERROR] LogOutputStream:75 - [STDERR_REDIRECT] [Fatal Error] :1:1: Premature end of file.
2026-09-17 21:30:18,186 [ERROR] LogOutputStream:75 - [STDERR_REDIRECT] 
2026-09-17 21:30:19,155 [ERROR] LogOutputStream:75 - [STDERR_REDIRECT] [Fatal Error] :1:1: Premature end of file.
2026-09-17 21:30:19,156 [ERROR] LogOutputStream:75 - [STDERR_REDIRECT] 
2026-09-17 21:30:20,186 [ERROR] LogOutputStream:75 - [STDERR_REDIRECT] [Fatal Error] :1:1: Premature end of file.
2026-09-17 21:30:20,187 [ERROR] LogOutputStream:75 - [STDERR_REDIRECT] 
2026-09-17 21:30:21,183 [ERROR] LogOutputStream:75 - [STDERR_REDIRECT] [Fatal Error] :1:1: Premature end of file.
2026-09-17 21:30:21,183 [ERROR] LogOutputStream:75 - [STDERR_REDIRECT] 
2026-09-17 21:30:22,189 [ERROR] LogOutputStream:75 - [STDERR_REDIRECT] [Fatal Error] :1:1: Premature end of file.
2026-09-17 21:30:22,190 [ERROR] LogOutputStream:75 - [STDERR_REDIRECT] 
2026-09-17 21:30:23,188 [ERROR] LogOutputStream:75 - [STDERR_REDIRECT] [Fatal Error] :1:1: Premature end of file.
2026-09-17 21:30:23,188 [ERROR] LogOutputStream:75 - [STDERR_REDIRECT] 
2026-09-17 21:30:24,181 [ERROR] LogOutputStream:75 - [STDERR_REDIRECT] [Fatal Error] :1:1: Premature end of file.
2026-09-17 21:30:24,181 [ERROR] LogOutputStream:75 - [STDERR_REDIRECT] 
2026-09-17 21:30:25,186 [ERROR] LogOutputStream:75 - [STDERR_REDIRECT] [Fatal Error] :1:1: Premature end of file.
2026-09-17 21:30:25,186 [ERROR] LogOutputStream:75 - [STDERR_REDIRECT] 
2026-09-17 21:30:26,174 [ERROR] LogOutputStream:75 - [STDERR_REDIRECT] [Fatal Error] :1:1: Premature end of file.
2026-09-17 21:30:26,174 [ERROR] LogOutputStream:75 - [STDERR_REDIRECT] 
2026-09-17 21:30:27,163 [ERROR] LogOutputStream:75 - [STDERR_REDIRECT] [Fatal Error] :1:1: Premature end of file.
2026-09-17 21:30:27,163 [ERROR] LogOutputStream:75 - [STDERR_REDIRECT] 
2026-09-17 21:30:28,159 [ERROR] LogOutputStream:75 - [STDERR_REDIRECT] [Fatal Error] :1:1: Premature end of file.
2026-09-17 21:30:28,159 [ERROR] LogOutputStream:75 - [STDERR_REDIRECT] 
2026-09-17 21:30:29,168 [ERROR] LogOutputStream:75 - [STDERR_REDIRECT] [Fatal Error] :1:1: Premature end of file.
2026-09-17 21:30:29,169 [ERROR] LogOutputStream:75 - [STDERR_REDIRECT] 
2026-09-17 21:30:30,182 [ERROR] LogOutputStream:75 - [STDERR_REDIRECT] [Fatal Error] :1:1: Premature end of file.
2026-09-17 21:30:30,182 [ERROR] LogOutputStream:75 - [STDERR_REDIRECT] 
2026-09-17 21:30:31,169 [ERROR] LogOutputStream:75 - [STDERR_REDIRECT] [Fatal Error] :1:1: Premature end of file.
2026-09-17 21:30:31,169 [ERROR] LogOutputStream:75 - [STDERR_REDIRECT] 
2026-09-17 21:30:32,155 [ERROR] LogOutputStream:75 - [STDERR_REDIRECT] [Fatal Error] :1:1: Premature end of file.
2026-09-17 21:30:32,155 [ERROR] LogOutputStream:75 - [STDERR_REDIRECT] 
2026-09-17 21:30:33,164 [ERROR] LogOutputStream:75 - [STDERR_REDIRECT] [Fatal Error] :1:1: Premature end of file.
2026-09-17 21:30:33,164 [ERROR] LogOutputStream:75 - [STDERR_REDIRECT] 
2026-09-17 21:30:34,187 [ERROR] LogOutputStream:75 - [STDERR_REDIRECT] [Fatal Error] :1:1: Premature end of file.
2026-09-17 21:30:34,187 [ERROR] LogOutputStream:75 - [STDERR_REDIRECT] 
2026-09-17 21:30:35,179 [ERROR] LogOutputStream:75 - [STDERR_REDIRECT] [Fatal Error] :1:1: Premature end of file.
2026-09-17 21:30:35,180 [ERROR] LogOutputStream:75 - [STDERR_REDIRECT] 
2026-09-17 21:30:36,180 [ERROR] LogOutputStream:75 - [STDERR_REDIRECT] [Fatal Error] :1:1: Premature end of file.
2026-09-17 21:30:36,180 [ERROR] LogOutputStream:75 - [STDERR_REDIRECT] 
2026-09-17 21:30:37,189 [ERROR] LogOutputStream:75 - [STDERR_REDIRECT] [Fatal Error] :1:1: Premature end of file.
2026-09-17 21:30:37,189 [ERROR] LogOutputStream:75 - [STDERR_REDIRECT] 
2026-09-17 21:30:38,180 [ERROR] LogOutputStream:75 - [STDERR_REDIRECT] [Fatal Error] :1:1: Premature end of file.
2026-09-17 21:30:38,180 [ERROR] LogOutputStream:75 - [STDERR_REDIRECT] 
2026-09-17 21:30:39,181 [ERROR] LogOutputStream:75 - [STDERR_REDIRECT] [Fatal Error] :1:1: Premature end of file.
2026-09-17 21:30:39,181 [ERROR] LogOutputStream:75 - [STDERR_REDIRECT] 
2026-09-17 21:30:40,192 [ERROR] LogOutputStream:75 - [STDERR_REDIRECT] [Fatal Error] :1:1: Premature end of file.
2026-09-17 21:30:40,192 [ERROR] LogOutputStream:75 - [STDERR_REDIRECT] 
2026-09-17 21:30:41,186 [ERROR] LogOutputStream:75 - [STDERR_REDIRECT] [Fatal Error] :1:1: Premature end of file.
2026-09-17 21:30:41,186 [ERROR] LogOutputStream:75 - [STDERR_REDIRECT] 
2026-09-17 21:30:42,181 [ERROR] LogOutputStream:75 - [STDERR_REDIRECT] [Fatal Error] :1:1: Premature end of file.
2026-09-17 21:30:42,182 [ERROR] LogOutputStream:75 - [STDERR_REDIRECT] 
2026-09-17 21:30:43,192 [ERROR] LogOutputStream:75 - [STDERR_REDIRECT] [Fatal Error] :1:1: Premature end of file.
2026-09-17 21:30:43,192 [ERROR] LogOutputStream:75 - [STDERR_REDIRECT] 
2026-09-17 21:30:44,181 [ERROR] LogOutputStream:75 - [STDERR_REDIRECT] [Fatal Error] :1:1: Premature end of file.
2026-09-17 21:30:44,181 [ERROR] LogOutputStream:75 - [STDERR_REDIRECT] 
2026-09-17 21:30:45,167 [ERROR] LogOutputStream:75 - [STDERR_REDIRECT] [Fatal Error] :1:1: Premature end of file.
2026-09-17 21:30:45,167 [ERROR] LogOutputStream:75 - [STDERR_REDIRECT] 
2026-09-17 21:30:46,185 [ERROR] LogOutputStream:75 - [STDERR_REDIRECT] [Fatal Error] :1:1: Premature end of file.
2026-09-17 21:30:46,185 [ERROR] LogOutputStream:75 - [STDERR_REDIRECT] 
2026-09-17 21:30:47,180 [ERROR] LogOutputStream:75 - [STDERR_REDIRECT] [Fatal Error] :1:1: Premature end of file.
2026-09-17 21:30:47,180 [ERROR] LogOutputStream:75 - [STDERR_REDIRECT] 
2026-09-17 21:30:48,181 [ERROR] LogOutputStream:75 - [STDERR_REDIRECT] [Fatal Error] :1:1: Premature end of file.
2026-09-17 21:30:48,182 [ERROR] LogOutputStream:75 - [STDERR_REDIRECT] 
2026-09-17 21:30:49,173 [ERROR] LogOutputStream:75 - [STDERR_REDIRECT] [Fatal Error] :1:1: Premature end of file.
2026-09-17 21:30:49,173 [ERROR] LogOutputStream:75 - [STDERR_REDIRECT] 
2026-09-17 21:30:50,177 [ERROR] LogOutputStream:75 - [STDERR_REDIRECT] [Fatal Error] :1:1: Premature end of file.
2026-09-17 21:30:50,177 [ERROR] LogOutputStream:75 - [STDERR_REDIRECT] 
2026-09-17 21:30:51,180 [ERROR] LogOutputStream:75 - [STDERR_REDIRECT] [Fatal Error] :1:1: Premature end of file.
2026-09-17 21:30:51,180 [ERROR] LogOutputStream:75 - [STDERR_REDIRECT] 
2026-09-17 21:30:52,162 [ERROR] LogOutputStream:75 - [STDERR_REDIRECT] [Fatal Error] :1:1: Premature end of file.
2026-09-17 21:30:52,162 [ERROR] LogOutputStream:75 - [STDERR_REDIRECT] 
2026-09-17 21:30:53,175 [ERROR] LogOutputStream:75 - [STDERR_REDIRECT] [Fatal Error] :1:1: Premature end of file.
2026-09-17 21:30:53,177 [ERROR] LogOutputStream:75 - [STDERR_REDIRECT] 
2026-09-17 21:30:54,166 [ERROR] LogOutputStream:75 - [STDERR_REDIRECT] [Fatal Error] :1:1: Premature end of file.
2026-09-17 21:30:54,166 [ERROR] LogOutputStream:75 - [STDERR_REDIRECT] 
2026-09-17 21:30:55,172 [ERROR] LogOutputStream:75 - [STDERR_REDIRECT] [Fatal Error] :1:1: Premature end of file.
2026-09-17 21:30:55,172 [ERROR] LogOutputStream:75 - [STDERR_REDIRECT] 
2026-09-17 21:30:56,178 [ERROR] LogOutputStream:75 - [STDERR_REDIRECT] [Fatal Error] :1:1: Premature end of file.
2026-09-17 21:30:56,178 [ERROR] LogOutputStream:75 - [STDERR_REDIRECT] 
2026-09-17 21:30:57,180 [ERROR] LogOutputStream:75 - [STDERR_REDIRECT] [Fatal Error] :1:1: Premature end of file.
2026-09-17 21:30:57,180 [ERROR] LogOutputStream:75 - [STDERR_REDIRECT] 
2026-09-17 21:30:58,163 [ERROR] LogOutputStream:75 - [STDERR_REDIRECT] [Fatal Error] :1:1: Premature end of file.
2026-09-17 21:30:58,163 [ERROR] LogOutputStream:75 - [STDERR_REDIRECT] 
2026-09-17 21:30:59,182 [ERROR] LogOutputStream:75 - [STDERR_REDIRECT] [Fatal Error] :1:1: Premature end of file.
2026-09-17 21:30:59,182 [ERROR] LogOutputStream:75 - [STDERR_REDIRECT] 
2026-09-17 21:31:00,179 [ERROR] LogOutputStream:75 - [STDERR_REDIRECT] [Fatal Error] :1:1: Premature end of file.
2026-09-17 21:31:00,179 [ERROR] LogOutputStream:75 - [STDERR_REDIRECT] 
2026-09-17 21:31:01,178 [ERROR] LogOutputStream:75 - [STDERR_REDIRECT] [Fatal Error] :1:1: Premature end of file.
2026-09-17 21:31:01,179 [ERROR] LogOutputStream:75 - [STDERR_REDIRECT] 
2026-09-17 21:31:02,172 [ERROR] LogOutputStream:75 - [STDERR_REDIRECT] [Fatal Error] :1:1: Premature end of file.
2026-09-17 21:31:02,172 [ERROR] LogOutputStream:75 - [STDERR_REDIRECT] 
2026-09-17 21:31:03,174 [ERROR] LogOutputStream:75 - [STDERR_REDIRECT] [Fatal Error] :1:1: Premature end of file.
2026-09-17 21:31:03,174 [ERROR] LogOutputStream:75 - [STDERR_REDIRECT] 
2026-09-17 21:31:04,180 [ERROR] LogOutputStream:75 - [STDERR_REDIRECT] [Fatal Error] :1:1: Premature end of file.
2026-09-17 21:31:04,180 [ERROR] LogOutputStream:75 - [STDERR_REDIRECT] 
2026-09-17 21:31:05,187 [ERROR] LogOutputStream:75 - [STDERR_REDIRECT] [Fatal Error] :1:1: Premature end of file.
2026-09-17 21:31:05,187 [ERROR] LogOutputStream:75 - [STDERR_REDIRECT] 
2026-09-17 21:31:06,185 [ERROR] LogOutputStream:75 - [STDERR_REDIRECT] [Fatal Error] :1:1: Premature end of file.
2026-09-17 21:31:06,185 [ERROR] LogOutputStream:75 - [STDERR_REDIRECT] 
2026-09-17 21:31:07,185 [ERROR] LogOutputStream:75 - [STDERR_REDIRECT] [Fatal Error] :1:1: Premature end of file.
2026-09-17 21:31:07,186 [ERROR] LogOutputStream:75 - [STDERR_REDIRECT] 
2026-09-17 21:31:08,183 [ERROR] LogOutputStream:75 - [STDERR_REDIRECT] [Fatal Error] :1:1: Premature end of file.
2026-09-17 21:31:08,183 [ERROR] LogOutputStream:75 - [STDERR_REDIRECT] 
2026-09-17 21:31:09,174 [ERROR] LogOutputStream:75 - [STDERR_REDIRECT] [Fatal Error] :1:1: Premature end of file.
2026-09-17 21:31:09,174 [ERROR] LogOutputStream:75 - [STDERR_REDIRECT] 
2026-09-17 21:31:10,186 [ERROR] LogOutputStream:75 - [STDERR_REDIRECT] [Fatal Error] :1:1: Premature end of file.
2026-09-17 21:31:10,187 [ERROR] LogOutputStream:75 - [STDERR_REDIRECT] 
2026-09-17 21:31:11,182 [ERROR] LogOutputStream:75 - [STDERR_REDIRECT] [Fatal Error] :1:1: Premature end of file.
2026-09-17 21:31:11,182 [ERROR] LogOutputStream:75 - [STDERR_REDIRECT] 
2026-09-17 21:31:12,183 [ERROR] LogOutputStream:75 - [STDERR_REDIRECT] [Fatal Error] :1:1: Premature end of file.
2026-09-17 21:31:12,183 [ERROR] LogOutputStream:75 - [STDERR_REDIRECT] 
2026-09-17 21:31:13,182 [ERROR] LogOutputStream:75 - [STDERR_REDIRECT] [Fatal Error] :1:1: Premature end of file.
2026-09-17 21:31:13,182 [ERROR] LogOutputStream:75 - [STDERR_REDIRECT] 
2026-09-17 21:31:14,172 [ERROR] LogOutputStream:75 - [STDERR_REDIRECT] [Fatal Error] :1:1: Premature end of file.
2026-09-17 21:31:14,172 [ERROR] LogOutputStream:75 - [STDERR_REDIRECT] 
2026-09-17 21:31:15,184 [ERROR] LogOutputStream:75 - [STDERR_REDIRECT] [Fatal Error] :1:1: Premature end of file.
2026-09-17 21:31:15,184 [ERROR] LogOutputStream:75 - [STDERR_REDIRECT] 
2026-09-17 21:31:16,166 [ERROR] LogOutputStream:75 - [STDERR_REDIRECT] [Fatal Error] :1:1: Premature end of file.
2026-09-17 21:31:16,166 [ERROR] LogOutputStream:75 - [STDERR_REDIRECT] 
2026-09-17 21:31:17,175 [ERROR] LogOutputStream:75 - [STDERR_REDIRECT] [Fatal Error] :1:1: Premature end of file.
2026-09-17 21:31:17,175 [ERROR] LogOutputStream:75 - [STDERR_REDIRECT] 
2026-09-17 21:31:18,184 [ERROR] LogOutputStream:75 - [STDERR_REDIRECT] [Fatal Error] :1:1: Premature end of file.
2026-09-17 21:31:18,184 [ERROR] LogOutputStream:75 - [STDERR_REDIRECT] 
2026-09-17 21:31:19,184 [ERROR] LogOutputStream:75 - [STDERR_REDIRECT] [Fatal Error] :1:1: Premature end of file.
2026-09-17 21:31:19,184 [ERROR] LogOutputStream:75 - [STDERR_REDIRECT] 
2026-09-17 21:31:20,163 [ERROR] LogOutputStream:75 - [STDERR_REDIRECT] [Fatal Error] :1:1: Premature end of file.
2026-09-17 21:31:20,164 [ERROR] LogOutputStream:75 - [STDERR_REDIRECT] 
2026-09-17 21:31:21,183 [ERROR] LogOutputStream:75 - [STDERR_REDIRECT] [Fatal Error] :1:1: Premature end of file.
2026-09-17 21:31:21,183 [ERROR] LogOutputStream:75 - [STDERR_REDIRECT] 
2026-09-17 21:31:22,180 [ERROR] LogOutputStream:75 - [STDERR_REDIRECT] [Fatal Error] :1:1: Premature end of file.
2026-09-17 21:31:22,180 [ERROR] LogOutputStream:75 - [STDERR_REDIRECT] 
2026-09-17 21:31:23,153 [ERROR] LogOutputStream:75 - [STDERR_REDIRECT] [Fatal Error] :1:1: Premature end of file.
2026-09-17 21:31:23,153 [ERROR] LogOutputStream:75 - [STDERR_REDIRECT] 
2026-09-17 21:31:24,184 [ERROR] LogOutputStream:75 - [STDERR_REDIRECT] [Fatal Error] :1:1: Premature end of file.
2026-09-17 21:31:24,184 [ERROR] LogOutputStream:75 - [STDERR_REDIRECT] 
2026-09-17 21:31:25,185 [ERROR] LogOutputStream:75 - [STDERR_REDIRECT] [Fatal Error] :1:1: Premature end of file.
2026-09-17 21:31:25,185 [ERROR] LogOutputStream:75 - [STDERR_REDIRECT] 
2026-09-17 21:31:26,171 [ERROR] LogOutputStream:75 - [STDERR_REDIRECT] [Fatal Error] :1:1: Premature end of file.
2026-09-17 21:31:26,171 [ERROR] LogOutputStream:75 - [STDERR_REDIRECT] 
2026-09-17 21:31:27,185 [ERROR] LogOutputStream:75 - [STDERR_REDIRECT] [Fatal Error] :1:1: Premature end of file.
2026-09-17 21:31:27,185 [ERROR] LogOutputStream:75 - [STDERR_REDIRECT] 
2026-09-17 21:31:28,164 [ERROR] LogOutputStream:75 - [STDERR_REDIRECT] [Fatal Error] :1:1: Premature end of file.
2026-09-17 21:31:28,164 [ERROR] LogOutputStream:75 - [STDERR_REDIRECT] 
2026-09-17 21:31:29,188 [ERROR] LogOutputStream:75 - [STDERR_REDIRECT] [Fatal Error] :1:1: Premature end of file.
2026-09-17 21:31:29,188 [ERROR] LogOutputStream:75 - [STDERR_REDIRECT] 
2026-09-17 21:31:30,187 [ERROR] LogOutputStream:75 - [STDERR_REDIRECT] [Fatal Error] :1:1: Premature end of file.
2026-09-17 21:31:30,187 [ERROR] LogOutputStream:75 - [STDERR_REDIRECT] 
2026-09-17 21:31:31,165 [ERROR] LogOutputStream:75 - [STDERR_REDIRECT] [Fatal Error] :1:1: Premature end of file.
2026-09-17 21:31:31,166 [ERROR] LogOutputStream:75 - [STDERR_REDIRECT] 
2026-09-17 21:31:32,200 [ERROR] LogOutputStream:75 - [STDERR_REDIRECT] [Fatal Error] :1:1: Premature end of file.
2026-09-17 21:31:32,201 [ERROR] LogOutputStream:75 - [STDERR_REDIRECT] 
2026-09-17 21:31:33,184 [ERROR] LogOutputStream:75 - [STDERR_REDIRECT] [Fatal Error] :1:1: Premature end of file.
2026-09-17 21:31:33,184 [ERROR] LogOutputStream:75 - [STDERR_REDIRECT] 
2026-09-17 21:31:34,178 [ERROR] LogOutputStream:75 - [STDERR_REDIRECT] [Fatal Error] :1:1: Premature end of file.
2026-09-17 21:31:34,180 [ERROR] LogOutputStream:75 - [STDERR_REDIRECT] 
2026-09-17 21:31:35,186 [ERROR] LogOutputStream:75 - [STDERR_REDIRECT] [Fatal Error] :1:1: Premature end of file.
2026-09-17 21:31:35,186 [ERROR] LogOutputStream:75 - [STDERR_REDIRECT] 
2026-09-17 21:31:36,194 [ERROR] LogOutputStream:75 - [STDERR_REDIRECT] [Fatal Error] :1:1: Premature end of file.
2026-09-17 21:31:36,255 [ERROR] LogOutputStream:75 - [STDERR_REDIRECT] 
2026-09-17 21:31:37,188 [ERROR] LogOutputStream:75 - [STDERR_REDIRECT] [Fatal Error] :1:1: Premature end of file.
2026-09-17 21:31:37,188 [ERROR] LogOutputStream:75 - [STDERR_REDIRECT] 
2026-09-17 21:31:38,186 [ERROR] LogOutputStream:75 - [STDERR_REDIRECT] [Fatal Error] :1:1: Premature end of file.
2026-09-17 21:31:38,187 [ERROR] LogOutputStream:75 - [STDERR_REDIRECT] 
2026-09-17 21:31:39,182 [ERROR] LogOutputStream:75 - [STDERR_REDIRECT] [Fatal Error] :1:1: Premature end of file.
2026-09-17 21:31:39,182 [ERROR] LogOutputStream:75 - [STDERR_REDIRECT] 
2026-09-17 21:31:40,172 [ERROR] LogOutputStream:75 - [STDERR_REDIRECT] [Fatal Error] :1:1: Premature end of file.
2026-09-17 21:31:40,172 [ERROR] LogOutputStream:75 - [STDERR_REDIRECT] 
2026-09-17 21:31:41,192 [ERROR] LogOutputStream:75 - [STDERR_REDIRECT] [Fatal Error] :1:1: Premature end of file.
2026-09-17 21:31:41,192 [ERROR] LogOutputStream:75 - [STDERR_REDIRECT] 
2026-09-17 21:31:42,184 [ERROR] LogOutputStream:75 - [STDERR_REDIRECT] [Fatal Error] :1:1: Premature end of file.
2026-09-17 21:31:42,184 [ERROR] LogOutputStream:75 - [STDERR_REDIRECT] 
2026-09-17 21:31:43,178 [ERROR] LogOutputStream:75 - [STDERR_REDIRECT] [Fatal Error] :1:1: Premature end of file.
2026-09-17 21:31:43,178 [ERROR] LogOutputStream:75 - [STDERR_REDIRECT] 
2026-09-17 21:31:44,193 [ERROR] LogOutputStream:75 - [STDERR_REDIRECT] [Fatal Error] :1:1: Premature end of file.
2026-09-17 21:31:44,193 [ERROR] LogOutputStream:75 - [STDERR_REDIRECT] 
2026-09-17 21:31:45,179 [ERROR] LogOutputStream:75 - [STDERR_REDIRECT] [Fatal Error] :1:1: Premature end of file.
2026-09-17 21:31:45,180 [ERROR] LogOutputStream:75 - [STDERR_REDIRECT] 
2026-09-17 21:31:46,188 [ERROR] LogOutputStream:75 - [STDERR_REDIRECT] [Fatal Error] :1:1: Premature end of file.
2026-09-17 21:31:46,188 [ERROR] LogOutputStream:75 - [STDERR_REDIRECT] 
2026-09-17 21:31:47,188 [ERROR] LogOutputStream:75 - [STDERR_REDIRECT] [Fatal Error] :1:1: Premature end of file.
2026-09-17 21:31:47,188 [ERROR] LogOutputStream:75 - [STDERR_REDIRECT] 
2026-09-17 21:31:48,183 [ERROR] LogOutputStream:75 - [STDERR_REDIRECT] [Fatal Error] :1:1: Premature end of file.
2026-09-17 21:31:48,183 [ERROR] LogOutputStream:75 - [STDERR_REDIRECT] 
2026-09-17 21:31:49,183 [ERROR] LogOutputStream:75 - [STDERR_REDIRECT] [Fatal Error] :1:1: Premature end of file.
2026-09-17 21:31:49,184 [ERROR] LogOutputStream:75 - [STDERR_REDIRECT] 
2026-09-17 21:31:50,181 [ERROR] LogOutputStream:75 - [STDERR_REDIRECT] [Fatal Error] :1:1: Premature end of file.
2026-09-17 21:31:50,181 [ERROR] LogOutputStream:75 - [STDERR_REDIRECT] 
2026-09-17 21:31:51,181 [ERROR] LogOutputStream:75 - [STDERR_REDIRECT] [Fatal Error] :1:1: Premature end of file.
2026-09-17 21:31:51,257 [ERROR] LogOutputStream:75 - [STDERR_REDIRECT] 
2026-09-17 21:31:52,177 [ERROR] LogOutputStream:75 - [STDERR_REDIRECT] [Fatal Error] :1:1: Premature end of file.
2026-09-17 21:31:52,177 [ERROR] LogOutputStream:75 - [STDERR_REDIRECT] 
2026-09-17 21:31:53,181 [ERROR] LogOutputStream:75 - [STDERR_REDIRECT] [Fatal Error] :1:1: Premature end of file.
2026-09-17 21:31:53,181 [ERROR] LogOutputStream:75 - [STDERR_REDIRECT] 
2026-09-17 21:31:54,181 [ERROR] LogOutputStream:75 - [STDERR_REDIRECT] [Fatal Error] :1:1: Premature end of file.
2026-09-17 21:31:54,181 [ERROR] LogOutputStream:75 - [STDERR_REDIRECT] 
2026-09-17 21:31:55,186 [ERROR] LogOutputStream:75 - [STDERR_REDIRECT] [Fatal Error] :1:1: Premature end of file.
2026-09-17 21:31:55,186 [ERROR] LogOutputStream:75 - [STDERR_REDIRECT] 
2026-09-17 21:31:56,186 [ERROR] LogOutputStream:75 - [STDERR_REDIRECT] [Fatal Error] :1:1: Premature end of file.
2026-09-17 21:31:56,187 [ERROR] LogOutputStream:75 - [STDERR_REDIRECT] 
2026-09-17 21:31:57,175 [ERROR] LogOutputStream:75 - [STDERR_REDIRECT] [Fatal Error] :1:1: Premature end of file.
2026-09-17 21:31:57,175 [ERROR] LogOutputStream:75 - [STDERR_REDIRECT] 
2026-09-17 21:31:58,191 [ERROR] LogOutputStream:75 - [STDERR_REDIRECT] [Fatal Error] :1:1: Premature end of file.
2026-09-17 21:31:58,191 [ERROR] LogOutputStream:75 - [STDERR_REDIRECT] 
2026-09-17 21:31:59,194 [ERROR] LogOutputStream:75 - [STDERR_REDIRECT] [Fatal Error] :1:1: Premature end of file.
2026-09-17 21:31:59,194 [ERROR] LogOutputStream:75 - [STDERR_REDIRECT] 
2026-09-17 21:32:00,184 [ERROR] LogOutputStream:75 - [STDERR_REDIRECT] [Fatal Error] :1:1: Premature end of file.
2026-09-17 21:32:00,184 [ERROR] LogOutputStream:75 - [STDERR_REDIRECT] 
2026-09-17 21:32:01,184 [ERROR] LogOutputStream:75 - [STDERR_REDIRECT] [Fatal Error] :1:1: Premature end of file.
2026-09-17 21:32:01,184 [ERROR] LogOutputStream:75 - [STDERR_REDIRECT] 
2026-09-17 21:32:02,183 [ERROR] LogOutputStream:75 - [STDERR_REDIRECT] [Fatal Error] :1:1: Premature end of file.
2026-09-17 21:32:02,183 [ERROR] LogOutputStream:75 - [STDERR_REDIRECT] 
2026-09-17 21:32:03,180 [ERROR] LogOutputStream:75 - [STDERR_REDIRECT] [Fatal Error] :1:1: Premature end of file.
2026-09-17 21:32:03,180 [ERROR] LogOutputStream:75 - [STDERR_REDIRECT] 
2026-09-17 21:32:04,162 [ERROR] LogOutputStream:75 - [STDERR_REDIRECT] [Fatal Error] :1:1: Premature end of file.
2026-09-17 21:32:04,162 [ERROR] LogOutputStream:75 - [STDERR_REDIRECT] 
2026-09-17 21:32:05,184 [ERROR] LogOutputStream:75 - [STDERR_REDIRECT] [Fatal Error] :1:1: Premature end of file.
2026-09-17 21:32:05,184 [ERROR] LogOutputStream:75 - [STDERR_REDIRECT] 
2026-09-17 21:32:06,182 [ERROR] LogOutputStream:75 - [STDERR_REDIRECT] [Fatal Error] :1:1: Premature end of file.
2026-09-17 21:32:06,223 [ERROR] LogOutputStream:75 - [STDERR_REDIRECT] 
2026-09-17 21:32:07,186 [ERROR] LogOutputStream:75 - [STDERR_REDIRECT] [Fatal Error] :1:1: Premature end of file.
2026-09-17 21:32:07,186 [ERROR] LogOutputStream:75 - [STDERR_REDIRECT] 
2026-09-17 21:32:08,188 [ERROR] LogOutputStream:75 - [STDERR_REDIRECT] [Fatal Error] :1:1: Premature end of file.
2026-09-17 21:32:08,188 [ERROR] LogOutputStream:75 - [STDERR_REDIRECT] 
2026-09-17 21:32:09,181 [ERROR] LogOutputStream:75 - [STDERR_REDIRECT] [Fatal Error] :1:1: Premature end of file.
2026-09-17 21:32:09,181 [ERROR] LogOutputStream:75 - [STDERR_REDIRECT] 
2026-09-17 21:32:10,173 [ERROR] LogOutputStream:75 - [STDERR_REDIRECT] [Fatal Error] :1:1: Premature end of file.
2026-09-17 21:32:10,173 [ERROR] LogOutputStream:75 - [STDERR_REDIRECT] 
2026-09-17 21:32:11,162 [ERROR] LogOutputStream:75 - [STDERR_REDIRECT] [Fatal Error] :1:1: Premature end of file.
2026-09-17 21:32:11,162 [ERROR] LogOutputStream:75 - [STDERR_REDIRECT] 
2026-09-17 21:32:12,188 [ERROR] LogOutputStream:75 - [STDERR_REDIRECT] [Fatal Error] :1:1: Premature end of file.
2026-09-17 21:32:12,189 [ERROR] LogOutputStream:75 - [STDERR_REDIRECT] 
2026-09-17 21:32:13,173 [ERROR] LogOutputStream:75 - [STDERR_REDIRECT] [Fatal Error] :1:1: Premature end of file.
2026-09-17 21:32:13,173 [ERROR] LogOutputStream:75 - [STDERR_REDIRECT] 
2026-09-17 21:32:14,183 [ERROR] LogOutputStream:75 - [STDERR_REDIRECT] [Fatal Error] :1:1: Premature end of file.
2026-09-17 21:32:14,183 [ERROR] LogOutputStream:75 - [STDERR_REDIRECT] 
2026-09-17 21:32:15,192 [ERROR] LogOutputStream:75 - [STDERR_REDIRECT] [Fatal Error] :1:1: Premature end of file.
2026-09-17 21:32:15,192 [ERROR] LogOutputStream:75 - [STDERR_REDIRECT] 
2026-09-17 21:32:16,183 [ERROR] LogOutputStream:75 - [STDERR_REDIRECT] [Fatal Error] :1:1: Premature end of file.
2026-09-17 21:32:16,183 [ERROR] LogOutputStream:75 - [STDERR_REDIRECT] 
2026-09-17 21:32:17,151 [ERROR] LogOutputStream:75 - [STDERR_REDIRECT] [Fatal Error] :1:1: Premature end of file.
2026-09-17 21:32:17,158 [ERROR] LogOutputStream:75 - [STDERR_REDIRECT] 
2026-09-17 21:32:18,157 [ERROR] LogOutputStream:75 - [STDERR_REDIRECT] [Fatal Error] :1:1: Premature end of file.
2026-09-17 21:32:18,157 [ERROR] LogOutputStream:75 - [STDERR_REDIRECT] 
2026-09-17 21:32:19,159 [ERROR] LogOutputStream:75 - [STDERR_REDIRECT] [Fatal Error] :1:1: Premature end of file.
2026-09-17 21:32:19,159 [ERROR] LogOutputStream:75 - [STDERR_REDIRECT] 
2026-09-17 21:32:20,185 [ERROR] LogOutputStream:75 - [STDERR_REDIRECT] [Fatal Error] :1:1: Premature end of file.
2026-09-17 21:32:20,185 [ERROR] LogOutputStream:75 - [STDERR_REDIRECT] 
2026-09-17 21:32:21,191 [ERROR] LogOutputStream:75 - [STDERR_REDIRECT] [Fatal Error] :1:1: Premature end of file.
2026-09-17 21:32:21,253 [ERROR] LogOutputStream:75 - [STDERR_REDIRECT] 
2026-09-17 21:32:22,183 [ERROR] LogOutputStream:75 - [STDERR_REDIRECT] [Fatal Error] :1:1: Premature end of file.
2026-09-17 21:32:22,184 [ERROR] LogOutputStream:75 - [STDERR_REDIRECT] 
2026-09-17 21:32:23,188 [ERROR] LogOutputStream:75 - [STDERR_REDIRECT] [Fatal Error] :1:1: Premature end of file.
2026-09-17 21:32:23,188 [ERROR] LogOutputStream:75 - [STDERR_REDIRECT] 
2026-09-17 21:32:24,185 [ERROR] LogOutputStream:75 - [STDERR_REDIRECT] [Fatal Error] :1:1: Premature end of file.
2026-09-17 21:32:24,185 [ERROR] LogOutputStream:75 - [STDERR_REDIRECT] 
2026-09-17 21:32:25,182 [ERROR] LogOutputStream:75 - [STDERR_REDIRECT] [Fatal Error] :1:1: Premature end of file.
2026-09-17 21:32:25,182 [ERROR] LogOutputStream:75 - [STDERR_REDIRECT] 
2026-09-17 21:32:26,186 [ERROR] LogOutputStream:75 - [STDERR_REDIRECT] [Fatal Error] :1:1: Premature end of file.
2026-09-17 21:32:26,186 [ERROR] LogOutputStream:75 - [STDERR_REDIRECT] 
2026-09-17 21:32:27,182 [ERROR] LogOutputStream:75 - [STDERR_REDIRECT] [Fatal Error] :1:1: Premature end of file.
2026-09-17 21:32:27,183 [ERROR] LogOutputStream:75 - [STDERR_REDIRECT] 
2026-09-17 21:32:28,172 [ERROR] LogOutputStream:75 - [STDERR_REDIRECT] [Fatal Error] :1:1: Premature end of file.
2026-09-17 21:32:28,172 [ERROR] LogOutputStream:75 - [STDERR_REDIRECT] 
2026-09-17 21:32:29,179 [ERROR] LogOutputStream:75 - [STDERR_REDIRECT] [Fatal Error] :1:1: Premature end of file.
2026-09-17 21:32:29,179 [ERROR] LogOutputStream:75 - [STDERR_REDIRECT] 
2026-09-17 21:32:30,162 [ERROR] LogOutputStream:75 - [STDERR_REDIRECT] [Fatal Error] :1:1: Premature end of file.
2026-09-17 21:32:30,162 [ERROR] LogOutputStream:75 - [STDERR_REDIRECT] 
2026-09-17 21:32:31,168 [ERROR] LogOutputStream:75 - [STDERR_REDIRECT] [Fatal Error] :1:1: Premature end of file.
2026-09-17 21:32:31,168 [ERROR] LogOutputStream:75 - [STDERR_REDIRECT] 
2026-09-17 21:32:32,190 [ERROR] LogOutputStream:75 - [STDERR_REDIRECT] [Fatal Error] :1:1: Premature end of file.
2026-09-17 21:32:32,190 [ERROR] LogOutputStream:75 - [STDERR_REDIRECT] 
2026-09-17 21:32:33,157 [ERROR] LogOutputStream:75 - [STDERR_REDIRECT] [Fatal Error] :1:1: Premature end of file.
2026-09-17 21:32:33,157 [ERROR] LogOutputStream:75 - [STDERR_REDIRECT] 
2026-09-17 21:32:34,177 [ERROR] LogOutputStream:75 - [STDERR_REDIRECT] [Fatal Error] :1:1: Premature end of file.
2026-09-17 21:32:34,177 [ERROR] LogOutputStream:75 - [STDERR_REDIRECT] 
2026-09-17 21:32:35,192 [ERROR] LogOutputStream:75 - [STDERR_REDIRECT] [Fatal Error] :1:1: Premature end of file.
2026-09-17 21:32:35,192 [ERROR] LogOutputStream:75 - [STDERR_REDIRECT] 
2026-09-17 21:32:36,190 [ERROR] LogOutputStream:75 - [STDERR_REDIRECT] [Fatal Error] :1:1: Premature end of file.
2026-09-17 21:32:36,190 [ERROR] LogOutputStream:75 - [STDERR_REDIRECT] 
2026-09-17 21:32:37,182 [ERROR] LogOutputStream:75 - [STDERR_REDIRECT] [Fatal Error] :1:1: Premature end of file.
2026-09-17 21:32:37,182 [ERROR] LogOutputStream:75 - [STDERR_REDIRECT] 
2026-09-17 21:32:38,190 [ERROR] LogOutputStream:75 - [STDERR_REDIRECT] [Fatal Error] :1:1: Premature end of file.
2026-09-17 21:32:38,190 [ERROR] LogOutputStream:75 - [STDERR_REDIRECT] 
2026-09-17 21:32:39,160 [ERROR] LogOutputStream:75 - [STDERR_REDIRECT] [Fatal Error] :1:1: Premature end of file.
2026-09-17 21:32:39,160 [ERROR] LogOutputStream:75 - [STDERR_REDIRECT] 
2026-09-17 21:32:40,185 [ERROR] LogOutputStream:75 - [STDERR_REDIRECT] [Fatal Error] :1:1: Premature end of file.
2026-09-17 21:32:40,185 [ERROR] LogOutputStream:75 - [STDERR_REDIRECT] 
2026-09-17 21:32:41,184 [ERROR] LogOutputStream:75 - [STDERR_REDIRECT] [Fatal Error] :1:1: Premature end of file.
2026-09-17 21:32:41,184 [ERROR] LogOutputStream:75 - [STDERR_REDIRECT] 
2026-09-17 21:32:42,185 [ERROR] LogOutputStream:75 - [STDERR_REDIRECT] [Fatal Error] :1:1: Premature end of file.
2026-09-17 21:32:42,186 [ERROR] LogOutputStream:75 - [STDERR_REDIRECT] 
2026-09-17 21:32:43,160 [ERROR] LogOutputStream:75 - [STDERR_REDIRECT] [Fatal Error] :1:1: Premature end of file.
2026-09-17 21:32:43,160 [ERROR] LogOutputStream:75 - [STDERR_REDIRECT] 
2026-09-17 21:32:44,155 [ERROR] LogOutputStream:75 - [STDERR_REDIRECT] [Fatal Error] :1:1: Premature end of file.
2026-09-17 21:32:44,155 [ERROR] LogOutputStream:75 - [STDERR_REDIRECT] 
2026-09-17 21:32:45,182 [ERROR] LogOutputStream:75 - [STDERR_REDIRECT] [Fatal Error] :1:1: Premature end of file.
2026-09-17 21:32:45,182 [ERROR] LogOutputStream:75 - [STDERR_REDIRECT] 
2026-09-17 21:32:46,183 [ERROR] LogOutputStream:75 - [STDERR_REDIRECT] [Fatal Error] :1:1: Premature end of file.
2026-09-17 21:32:46,183 [ERROR] LogOutputStream:75 - [STDERR_REDIRECT] 
2026-09-17 21:32:47,156 [ERROR] LogOutputStream:75 - [STDERR_REDIRECT] [Fatal Error] :1:1: Premature end of file.
2026-09-17 21:32:47,156 [ERROR] LogOutputStream:75 - [STDERR_REDIRECT] 
2026-09-17 21:32:48,158 [ERROR] LogOutputStream:75 - [STDERR_REDIRECT] [Fatal Error] :1:1: Premature end of file.
2026-09-17 21:32:48,158 [ERROR] LogOutputStream:75 - [STDERR_REDIRECT] 
2026-09-17 21:32:49,183 [ERROR] LogOutputStream:75 - [STDERR_REDIRECT] [Fatal Error] :1:1: Premature end of file.
2026-09-17 21:32:49,183 [ERROR] LogOutputStream:75 - [STDERR_REDIRECT] 
2026-09-17 21:32:50,188 [ERROR] LogOutputStream:75 - [STDERR_REDIRECT] [Fatal Error] :1:1: Premature end of file.
2026-09-17 21:32:50,188 [ERROR] LogOutputStream:75 - [STDERR_REDIRECT] 
2026-09-17 21:32:51,183 [ERROR] LogOutputStream:75 - [STDERR_REDIRECT] [Fatal Error] :1:1: Premature end of file.
2026-09-17 21:32:51,224 [ERROR] LogOutputStream:75 - [STDERR_REDIRECT] 
2026-09-17 21:32:52,186 [ERROR] LogOutputStream:75 - [STDERR_REDIRECT] [Fatal Error] :1:1: Premature end of file.
2026-09-17 21:32:52,186 [ERROR] LogOutputStream:75 - [STDERR_REDIRECT] 
2026-09-17 21:32:53,181 [ERROR] LogOutputStream:75 - [STDERR_REDIRECT] [Fatal Error] :1:1: Premature end of file.
2026-09-17 21:32:53,181 [ERROR] LogOutputStream:75 - [STDERR_REDIRECT] 
2026-09-17 21:32:54,179 [ERROR] LogOutputStream:75 - [STDERR_REDIRECT] [Fatal Error] :1:1: Premature end of file.
2026-09-17 21:32:54,179 [ERROR] LogOutputStream:75 - [STDERR_REDIRECT] 
2026-09-17 21:32:55,184 [ERROR] LogOutputStream:75 - [STDERR_REDIRECT] [Fatal Error] :1:1: Premature end of file.
2026-09-17 21:32:55,184 [ERROR] LogOutputStream:75 - [STDERR_REDIRECT] 
2026-09-17 21:32:56,177 [ERROR] LogOutputStream:75 - [STDERR_REDIRECT] [Fatal Error] :1:1: Premature end of file.
2026-09-17 21:32:56,177 [ERROR] LogOutputStream:75 - [STDERR_REDIRECT] 
2026-09-17 21:32:57,179 [ERROR] LogOutputStream:75 - [STDERR_REDIRECT] [Fatal Error] :1:1: Premature end of file.
2026-09-17 21:32:57,180 [ERROR] LogOutputStream:75 - [STDERR_REDIRECT] 
2026-09-17 21:32:58,182 [ERROR] LogOutputStream:75 - [STDERR_REDIRECT] [Fatal Error] :1:1: Premature end of file.
2026-09-17 21:32:58,182 [ERROR] LogOutputStream:75 - [STDERR_REDIRECT] 
2026-09-17 21:32:59,186 [ERROR] LogOutputStream:75 - [STDERR_REDIRECT] [Fatal Error] :1:1: Premature end of file.
2026-09-17 21:32:59,187 [ERROR] LogOutputStream:75 - [STDERR_REDIRECT] 
2026-09-17 21:33:00,187 [ERROR] LogOutputStream:75 - [STDERR_REDIRECT] [Fatal Error] :1:1: Premature end of file.
2026-09-17 21:33:00,188 [ERROR] LogOutputStream:75 - [STDERR_REDIRECT] 
2026-09-17 21:33:01,180 [ERROR] LogOutputStream:75 - [STDERR_REDIRECT] [Fatal Error] :1:1: Premature end of file.
2026-09-17 21:33:01,180 [ERROR] LogOutputStream:75 - [STDERR_REDIRECT] 
2026-09-17 21:33:02,189 [ERROR] LogOutputStream:75 - [STDERR_REDIRECT] [Fatal Error] :1:1: Premature end of file.
2026-09-17 21:33:02,189 [ERROR] LogOutputStream:75 - [STDERR_REDIRECT] 
2026-09-17 21:33:03,186 [ERROR] LogOutputStream:75 - [STDERR_REDIRECT] [Fatal Error] :1:1: Premature end of file.
2026-09-17 21:33:03,187 [ERROR] LogOutputStream:75 - [STDERR_REDIRECT] 
2026-09-17 21:33:04,188 [ERROR] LogOutputStream:75 - [STDERR_REDIRECT] [Fatal Error] :1:1: Premature end of file.
2026-09-17 21:33:04,188 [ERROR] LogOutputStream:75 - [STDERR_REDIRECT] 
2026-09-17 21:33:05,179 [ERROR] LogOutputStream:75 - [STDERR_REDIRECT] [Fatal Error] :1:1: Premature end of file.
2026-09-17 21:33:05,179 [ERROR] LogOutputStream:75 - [STDERR_REDIRECT] 
2026-09-17 21:33:06,182 [ERROR] LogOutputStream:75 - [STDERR_REDIRECT] [Fatal Error] :1:1: Premature end of file.
2026-09-17 21:33:06,221 [ERROR] LogOutputStream:75 - [STDERR_REDIRECT] 
2026-09-17 21:33:07,187 [ERROR] LogOutputStream:75 - [STDERR_REDIRECT] [Fatal Error] :1:1: Premature end of file.
2026-09-17 21:33:07,187 [ERROR] LogOutputStream:75 - [STDERR_REDIRECT] 
2026-09-17 21:33:08,183 [ERROR] LogOutputStream:75 - [STDERR_REDIRECT] [Fatal Error] :1:1: Premature end of file.
2026-09-17 21:33:08,183 [ERROR] LogOutputStream:75 - [STDERR_REDIRECT] 
2026-09-17 21:33:09,186 [ERROR] LogOutputStream:75 - [STDERR_REDIRECT] [Fatal Error] :1:1: Premature end of file.
2026-09-17 21:33:09,186 [ERROR] LogOutputStream:75 - [STDERR_REDIRECT] 
2026-09-17 21:33:10,182 [ERROR] LogOutputStream:75 - [STDERR_REDIRECT] [Fatal Error] :1:1: Premature end of file.
2026-09-17 21:33:10,182 [ERROR] LogOutputStream:75 - [STDERR_REDIRECT] 
2026-09-17 21:33:11,185 [ERROR] LogOutputStream:75 - [STDERR_REDIRECT] [Fatal Error] :1:1: Premature end of file.
2026-09-17 21:33:11,185 [ERROR] LogOutputStream:75 - [STDERR_REDIRECT] 
2026-09-17 21:33:12,187 [ERROR] LogOutputStream:75 - [STDERR_REDIRECT] [Fatal Error] :1:1: Premature end of file.
2026-09-17 21:33:12,187 [ERROR] LogOutputStream:75 - [STDERR_REDIRECT] 
2026-09-17 21:33:13,180 [ERROR] LogOutputStream:75 - [STDERR_REDIRECT] [Fatal Error] :1:1: Premature end of file.
2026-09-17 21:33:13,180 [ERROR] LogOutputStream:75 - [STDERR_REDIRECT] 
2026-09-17 21:33:14,186 [ERROR] LogOutputStream:75 - [STDERR_REDIRECT] [Fatal Error] :1:1: Premature end of file.
2026-09-17 21:33:14,186 [ERROR] LogOutputStream:75 - [STDERR_REDIRECT] 
2026-09-17 21:33:15,180 [ERROR] LogOutputStream:75 - [STDERR_REDIRECT] [Fatal Error] :1:1: Premature end of file.
2026-09-17 21:33:15,181 [ERROR] LogOutputStream:75 - [STDERR_REDIRECT] 
2026-09-17 21:33:16,187 [ERROR] LogOutputStream:75 - [STDERR_REDIRECT] [Fatal Error] :1:1: Premature end of file.
2026-09-17 21:33:16,187 [ERROR] LogOutputStream:75 - [STDERR_REDIRECT] 
2026-09-17 21:33:17,183 [ERROR] LogOutputStream:75 - [STDERR_REDIRECT] [Fatal Error] :1:1: Premature end of file.
2026-09-17 21:33:17,184 [ERROR] LogOutputStream:75 - [STDERR_REDIRECT] 
2026-09-17 21:33:18,181 [ERROR] LogOutputStream:75 - [STDERR_REDIRECT] [Fatal Error] :1:1: Premature end of file.
2026-09-17 21:33:18,181 [ERROR] LogOutputStream:75 - [STDERR_REDIRECT] 
2026-09-17 21:33:19,181 [ERROR] LogOutputStream:75 - [STDERR_REDIRECT] [Fatal Error] :1:1: Premature end of file.
2026-09-17 21:33:19,181 [ERROR] LogOutputStream:75 - [STDERR_REDIRECT] 
2026-09-17 21:33:20,180 [ERROR] LogOutputStream:75 - [STDERR_REDIRECT] [Fatal Error] :1:1: Premature end of file.
2026-09-17 21:33:20,180 [ERROR] LogOutputStream:75 - [STDERR_REDIRECT] 
2026-09-17 21:33:21,193 [ERROR] LogOutputStream:75 - [STDERR_REDIRECT] [Fatal Error] :1:1: Premature end of file.
2026-09-17 21:33:21,206 [ERROR] LogOutputStream:75 - [STDERR_REDIRECT] 
2026-09-17 21:33:22,183 [ERROR] LogOutputStream:75 - [STDERR_REDIRECT] [Fatal Error] :1:1: Premature end of file.
2026-09-17 21:33:22,183 [ERROR] LogOutputStream:75 - [STDERR_REDIRECT] 
2026-09-17 21:33:23,180 [ERROR] LogOutputStream:75 - [STDERR_REDIRECT] [Fatal Error] :1:1: Premature end of file.
2026-09-17 21:33:23,180 [ERROR] LogOutputStream:75 - [STDERR_REDIRECT] 
2026-09-17 21:33:24,198 [ERROR] LogOutputStream:75 - [STDERR_REDIRECT] [Fatal Error] :1:1: Premature end of file.
2026-09-17 21:33:24,198 [ERROR] LogOutputStream:75 - [STDERR_REDIRECT] 
2026-09-17 21:33:25,173 [ERROR] LogOutputStream:75 - [STDERR_REDIRECT] [Fatal Error] :1:1: Premature end of file.
2026-09-17 21:33:25,173 [ERROR] LogOutputStream:75 - [STDERR_REDIRECT] 
2026-09-17 21:33:26,188 [ERROR] LogOutputStream:75 - [STDERR_REDIRECT] [Fatal Error] :1:1: Premature end of file.
2026-09-17 21:33:26,188 [ERROR] LogOutputStream:75 - [STDERR_REDIRECT] 
2026-09-17 21:33:27,180 [ERROR] LogOutputStream:75 - [STDERR_REDIRECT] [Fatal Error] :1:1: Premature end of file.
2026-09-17 21:33:27,180 [ERROR] LogOutputStream:75 - [STDERR_REDIRECT] 
2026-09-17 21:33:28,169 [ERROR] LogOutputStream:75 - [STDERR_REDIRECT] [Fatal Error] :1:1: Premature end of file.
2026-09-17 21:33:28,169 [ERROR] LogOutputStream:75 - [STDERR_REDIRECT] 
2026-09-17 21:33:29,199 [ERROR] LogOutputStream:75 - [STDERR_REDIRECT] [Fatal Error] :1:1: Premature end of file.
2026-09-17 21:33:29,199 [ERROR] LogOutputStream:75 - [STDERR_REDIRECT] 
2026-09-17 21:33:30,178 [ERROR] LogOutputStream:75 - [STDERR_REDIRECT] [Fatal Error] :1:1: Premature end of file.
2026-09-17 21:33:30,179 [ERROR] LogOutputStream:75 - [STDERR_REDIRECT] 
2026-09-17 21:33:31,175 [ERROR] LogOutputStream:75 - [STDERR_REDIRECT] [Fatal Error] :1:1: Premature end of file.
2026-09-17 21:33:31,176 [ERROR] LogOutputStream:75 - [STDERR_REDIRECT] 
2026-09-17 21:33:32,188 [ERROR] LogOutputStream:75 - [STDERR_REDIRECT] [Fatal Error] :1:1: Premature end of file.
2026-09-17 21:33:32,189 [ERROR] LogOutputStream:75 - [STDERR_REDIRECT] 
2026-09-17 21:33:33,181 [ERROR] LogOutputStream:75 - [STDERR_REDIRECT] [Fatal Error] :1:1: Premature end of file.
2026-09-17 21:33:33,181 [ERROR] LogOutputStream:75 - [STDERR_REDIRECT] 
2026-09-17 21:33:34,183 [ERROR] LogOutputStream:75 - [STDERR_REDIRECT] [Fatal Error] :1:1: Premature end of file.
2026-09-17 21:33:34,183 [ERROR] LogOutputStream:75 - [STDERR_REDIRECT] 
2026-09-17 21:33:35,185 [ERROR] LogOutputStream:75 - [STDERR_REDIRECT] [Fatal Error] :1:1: Premature end of file.
2026-09-17 21:33:35,185 [ERROR] LogOutputStream:75 - [STDERR_REDIRECT] 
2026-09-17 21:33:36,185 [ERROR] LogOutputStream:75 - [STDERR_REDIRECT] [Fatal Error] :1:1: Premature end of file.
2026-09-17 21:33:36,185 [ERROR] LogOutputStream:75 - [STDERR_REDIRECT] 
2026-09-17 21:33:37,186 [ERROR] LogOutputStream:75 - [STDERR_REDIRECT] [Fatal Error] :1:1: Premature end of file.
2026-09-17 21:33:37,186 [ERROR] LogOutputStream:75 - [STDERR_REDIRECT] 
2026-09-17 21:33:38,188 [ERROR] LogOutputStream:75 - [STDERR_REDIRECT] [Fatal Error] :1:1: Premature end of file.
2026-09-17 21:33:38,188 [ERROR] LogOutputStream:75 - [STDERR_REDIRECT] 
2026-09-17 21:33:39,180 [ERROR] LogOutputStream:75 - [STDERR_REDIRECT] [Fatal Error] :1:1: Premature end of file.
2026-09-17 21:33:39,181 [ERROR] LogOutputStream:75 - [STDERR_REDIRECT] 
2026-09-17 21:33:40,186 [ERROR] LogOutputStream:75 - [STDERR_REDIRECT] [Fatal Error] :1:1: Premature end of file.
2026-09-17 21:33:40,186 [ERROR] LogOutputStream:75 - [STDERR_REDIRECT] 
2026-09-17 21:33:41,156 [ERROR] LogOutputStream:75 - [STDERR_REDIRECT] [Fatal Error] :1:1: Premature end of file.
2026-09-17 21:33:41,156 [ERROR] LogOutputStream:75 - [STDERR_REDIRECT] 
2026-09-17 21:33:42,187 [ERROR] LogOutputStream:75 - [STDERR_REDIRECT] [Fatal Error] :1:1: Premature end of file.
2026-09-17 21:33:42,187 [ERROR] LogOutputStream:75 - [STDERR_REDIRECT] 
2026-09-17 21:33:43,188 [ERROR] LogOutputStream:75 - [STDERR_REDIRECT] [Fatal Error] :1:1: Premature end of file.
2026-09-17 21:33:43,188 [ERROR] LogOutputStream:75 - [STDERR_REDIRECT] 
2026-09-17 21:33:44,185 [ERROR] LogOutputStream:75 - [STDERR_REDIRECT] [Fatal Error] :1:1: Premature end of file.
2026-09-17 21:33:44,186 [ERROR] LogOutputStream:75 - [STDERR_REDIRECT] 
2026-09-17 21:33:45,178 [ERROR] LogOutputStream:75 - [STDERR_REDIRECT] [Fatal Error] :1:1: Premature end of file.
2026-09-17 21:33:45,178 [ERROR] LogOutputStream:75 - [STDERR_REDIRECT] 
2026-09-17 21:33:46,187 [ERROR] LogOutputStream:75 - [STDERR_REDIRECT] [Fatal Error] :1:1: Premature end of file.
2026-09-17 21:33:46,187 [ERROR] LogOutputStream:75 - [STDERR_REDIRECT] 
2026-09-17 21:33:47,181 [ERROR] LogOutputStream:75 - [STDERR_REDIRECT] [Fatal Error] :1:1: Premature end of file.
2026-09-17 21:33:47,181 [ERROR] LogOutputStream:75 - [STDERR_REDIRECT] 
2026-09-17 21:33:48,190 [ERROR] LogOutputStream:75 - [STDERR_REDIRECT] [Fatal Error] :1:1: Premature end of file.
2026-09-17 21:33:48,190 [ERROR] LogOutputStream:75 - [STDERR_REDIRECT] 
2026-09-17 21:33:49,174 [ERROR] LogOutputStream:75 - [STDERR_REDIRECT] [Fatal Error] :1:1: Premature end of file.
2026-09-17 21:33:49,174 [ERROR] LogOutputStream:75 - [STDERR_REDIRECT] 
2026-09-17 21:33:50,187 [ERROR] LogOutputStream:75 - [STDERR_REDIRECT] [Fatal Error] :1:1: Premature end of file.
2026-09-17 21:33:50,187 [ERROR] LogOutputStream:75 - [STDERR_REDIRECT] 
2026-09-17 21:33:51,170 [ERROR] LogOutputStream:75 - [STDERR_REDIRECT] [Fatal Error] :1:1: Premature end of file.
2026-09-17 21:33:51,170 [ERROR] LogOutputStream:75 - [STDERR_REDIRECT] 
2026-09-17 21:33:52,189 [ERROR] LogOutputStream:75 - [STDERR_REDIRECT] [Fatal Error] :1:1: Premature end of file.
2026-09-17 21:33:52,189 [ERROR] LogOutputStream:75 - [STDERR_REDIRECT] 
2026-09-17 21:33:53,186 [ERROR] LogOutputStream:75 - [STDERR_REDIRECT] [Fatal Error] :1:1: Premature end of file.
2026-09-17 21:33:53,186 [ERROR] LogOutputStream:75 - [STDERR_REDIRECT] 
2026-09-17 21:33:54,197 [ERROR] LogOutputStream:75 - [STDERR_REDIRECT] [Fatal Error] :1:1: Premature end of file.
2026-09-17 21:33:54,197 [ERROR] LogOutputStream:75 - [STDERR_REDIRECT] 
2026-09-17 21:33:55,160 [ERROR] LogOutputStream:75 - [STDERR_REDIRECT] [Fatal Error] :1:1: Premature end of file.
2026-09-17 21:33:55,161 [ERROR] LogOutputStream:75 - [STDERR_REDIRECT] 
2026-09-17 21:33:56,173 [ERROR] LogOutputStream:75 - [STDERR_REDIRECT] [Fatal Error] :1:1: Premature end of file.
2026-09-17 21:33:56,173 [ERROR] LogOutputStream:75 - [STDERR_REDIRECT] 
2026-09-17 21:33:57,156 [ERROR] LogOutputStream:75 - [STDERR_REDIRECT] [Fatal Error] :1:1: Premature end of file.
2026-09-17 21:33:57,156 [ERROR] LogOutputStream:75 - [STDERR_REDIRECT] 
2026-09-17 21:33:58,180 [ERROR] LogOutputStream:75 - [STDERR_REDIRECT] [Fatal Error] :1:1: Premature end of file.
2026-09-17 21:33:58,180 [ERROR] LogOutputStream:75 - [STDERR_REDIRECT] 
2026-09-17 21:33:59,164 [ERROR] LogOutputStream:75 - [STDERR_REDIRECT] [Fatal Error] :1:1: Premature end of file.
2026-09-17 21:33:59,171 [ERROR] LogOutputStream:75 - [STDERR_REDIRECT] 
2026-09-17 21:34:00,178 [ERROR] LogOutputStream:75 - [STDERR_REDIRECT] [Fatal Error] :1:1: Premature end of file.
2026-09-17 21:34:00,178 [ERROR] LogOutputStream:75 - [STDERR_REDIRECT] 
2026-09-17 21:34:01,168 [ERROR] LogOutputStream:75 - [STDERR_REDIRECT] [Fatal Error] :1:1: Premature end of file.
2026-09-17 21:34:01,168 [ERROR] LogOutputStream:75 - [STDERR_REDIRECT] 
2026-09-17 21:34:02,184 [ERROR] LogOutputStream:75 - [STDERR_REDIRECT] [Fatal Error] :1:1: Premature end of file.
2026-09-17 21:34:02,184 [ERROR] LogOutputStream:75 - [STDERR_REDIRECT] 
2026-09-17 21:34:03,154 [ERROR] LogOutputStream:75 - [STDERR_REDIRECT] [Fatal Error] :1:1: Premature end of file.
2026-09-17 21:34:03,154 [ERROR] LogOutputStream:75 - [STDERR_REDIRECT] 
2026-09-17 21:34:04,188 [ERROR] LogOutputStream:75 - [STDERR_REDIRECT] [Fatal Error] :1:1: Premature end of file.
2026-09-17 21:34:04,188 [ERROR] LogOutputStream:75 - [STDERR_REDIRECT] 
2026-09-17 21:34:05,183 [ERROR] LogOutputStream:75 - [STDERR_REDIRECT] [Fatal Error] :1:1: Premature end of file.
2026-09-17 21:34:05,183 [ERROR] LogOutputStream:75 - [STDERR_REDIRECT] 
2026-09-17 21:34:06,188 [ERROR] LogOutputStream:75 - [STDERR_REDIRECT] [Fatal Error] :1:1: Premature end of file.
2026-09-17 21:34:06,188 [ERROR] LogOutputStream:75 - [STDERR_REDIRECT] 
2026-09-17 21:34:07,186 [ERROR] LogOutputStream:75 - [STDERR_REDIRECT] [Fatal Error] :1:1: Premature end of file.
2026-09-17 21:34:07,186 [ERROR] LogOutputStream:75 - [STDERR_REDIRECT] 
2026-09-17 21:34:08,182 [ERROR] LogOutputStream:75 - [STDERR_REDIRECT] [Fatal Error] :1:1: Premature end of file.
2026-09-17 21:34:08,182 [ERROR] LogOutputStream:75 - [STDERR_REDIRECT] 
2026-09-17 21:34:09,177 [ERROR] LogOutputStream:75 - [STDERR_REDIRECT] [Fatal Error] :1:1: Premature end of file.
2026-09-17 21:34:09,177 [ERROR] LogOutputStream:75 - [STDERR_REDIRECT] 
2026-09-17 21:34:10,184 [ERROR] LogOutputStream:75 - [STDERR_REDIRECT] [Fatal Error] :1:1: Premature end of file.
2026-09-17 21:34:10,184 [ERROR] LogOutputStream:75 - [STDERR_REDIRECT] 
2026-09-17 21:34:11,186 [ERROR] LogOutputStream:75 - [STDERR_REDIRECT] [Fatal Error] :1:1: Premature end of file.
2026-09-17 21:34:11,186 [ERROR] LogOutputStream:75 - [STDERR_REDIRECT] 
2026-09-17 21:34:12,183 [ERROR] LogOutputStream:75 - [STDERR_REDIRECT] [Fatal Error] :1:1: Premature end of file.
2026-09-17 21:34:12,183 [ERROR] LogOutputStream:75 - [STDERR_REDIRECT] 
2026-09-17 21:34:13,184 [ERROR] LogOutputStream:75 - [STDERR_REDIRECT] [Fatal Error] :1:1: Premature end of file.
2026-09-17 21:34:13,184 [ERROR] LogOutputStream:75 - [STDERR_REDIRECT] 
2026-09-17 21:34:14,182 [ERROR] LogOutputStream:75 - [STDERR_REDIRECT] [Fatal Error] :1:1: Premature end of file.
2026-09-17 21:34:14,182 [ERROR] LogOutputStream:75 - [STDERR_REDIRECT] 
2026-09-17 21:34:15,168 [ERROR] LogOutputStream:75 - [STDERR_REDIRECT] [Fatal Error] :1:1: Premature end of file.
2026-09-17 21:34:15,168 [ERROR] LogOutputStream:75 - [STDERR_REDIRECT] 
2026-09-17 21:34:16,189 [ERROR] LogOutputStream:75 - [STDERR_REDIRECT] [Fatal Error] :1:1: Premature end of file.
2026-09-17 21:34:16,189 [ERROR] LogOutputStream:75 - [STDERR_REDIRECT] 
2026-09-17 21:34:17,180 [ERROR] LogOutputStream:75 - [STDERR_REDIRECT] [Fatal Error] :1:1: Premature end of file.
2026-09-17 21:34:17,180 [ERROR] LogOutputStream:75 - [STDERR_REDIRECT] 
2026-09-17 21:34:18,180 [ERROR] LogOutputStream:75 - [STDERR_REDIRECT] [Fatal Error] :1:1: Premature end of file.
2026-09-17 21:34:18,180 [ERROR] LogOutputStream:75 - [STDERR_REDIRECT] 
2026-09-17 21:34:19,181 [ERROR] LogOutputStream:75 - [STDERR_REDIRECT] [Fatal Error] :1:1: Premature end of file.
2026-09-17 21:34:19,181 [ERROR] LogOutputStream:75 - [STDERR_REDIRECT] 
2026-09-17 21:34:20,187 [ERROR] LogOutputStream:75 - [STDERR_REDIRECT] [Fatal Error] :1:1: Premature end of file.
2026-09-17 21:34:20,187 [ERROR] LogOutputStream:75 - [STDERR_REDIRECT] 
2026-09-17 21:34:21,184 [ERROR] LogOutputStream:75 - [STDERR_REDIRECT] [Fatal Error] :1:1: Premature end of file.
2026-09-17 21:34:21,184 [ERROR] LogOutputStream:75 - [STDERR_REDIRECT] 
2026-09-17 21:34:22,188 [ERROR] LogOutputStream:75 - [STDERR_REDIRECT] [Fatal Error] :1:1: Premature end of file.
2026-09-17 21:34:22,188 [ERROR] LogOutputStream:75 - [STDERR_REDIRECT] 
2026-09-17 21:34:23,157 [ERROR] LogOutputStream:75 - [STDERR_REDIRECT] [Fatal Error] :1:1: Premature end of file.
2026-09-17 21:34:23,157 [ERROR] LogOutputStream:75 - [STDERR_REDIRECT] 
2026-09-17 21:34:24,177 [ERROR] LogOutputStream:75 - [STDERR_REDIRECT] [Fatal Error] :1:1: Premature end of file.
2026-09-17 21:34:24,177 [ERROR] LogOutputStream:75 - [STDERR_REDIRECT] 
2026-09-17 21:34:25,188 [ERROR] LogOutputStream:75 - [STDERR_REDIRECT] [Fatal Error] :1:1: Premature end of file.
2026-09-17 21:34:25,188 [ERROR] LogOutputStream:75 - [STDERR_REDIRECT] 
2026-09-17 21:34:26,176 [ERROR] LogOutputStream:75 - [STDERR_REDIRECT] [Fatal Error] :1:1: Premature end of file.
2026-09-17 21:34:26,176 [ERROR] LogOutputStream:75 - [STDERR_REDIRECT] 
2026-09-17 21:34:27,186 [ERROR] LogOutputStream:75 - [STDERR_REDIRECT] [Fatal Error] :1:1: Premature end of file.
2026-09-17 21:34:27,186 [ERROR] LogOutputStream:75 - [STDERR_REDIRECT] 
2026-09-17 21:34:28,172 [ERROR] LogOutputStream:75 - [STDERR_REDIRECT] [Fatal Error] :1:1: Premature end of file.
2026-09-17 21:34:28,172 [ERROR] LogOutputStream:75 - [STDERR_REDIRECT] 
2026-09-17 21:34:29,170 [ERROR] LogOutputStream:75 - [STDERR_REDIRECT] [Fatal Error] :1:1: Premature end of file.
2026-09-17 21:34:29,170 [ERROR] LogOutputStream:75 - [STDERR_REDIRECT] 
2026-09-17 21:34:30,186 [ERROR] LogOutputStream:75 - [STDERR_REDIRECT] [Fatal Error] :1:1: Premature end of file.
2026-09-17 21:34:30,186 [ERROR] LogOutputStream:75 - [STDERR_REDIRECT] 
2026-09-17 21:34:31,154 [ERROR] LogOutputStream:75 - [STDERR_REDIRECT] [Fatal Error] :1:1: Premature end of file.
2026-09-17 21:34:31,154 [ERROR] LogOutputStream:75 - [STDERR_REDIRECT] 
2026-09-17 21:34:32,191 [ERROR] LogOutputStream:75 - [STDERR_REDIRECT] [Fatal Error] :1:1: Premature end of file.
2026-09-17 21:34:32,191 [ERROR] LogOutputStream:75 - [STDERR_REDIRECT] 
2026-09-17 21:34:33,159 [ERROR] LogOutputStream:75 - [STDERR_REDIRECT] [Fatal Error] :1:1: Premature end of file.
2026-09-17 21:34:33,159 [ERROR] LogOutputStream:75 - [STDERR_REDIRECT] 
2026-09-17 21:34:34,165 [ERROR] LogOutputStream:75 - [STDERR_REDIRECT] [Fatal Error] :1:1: Premature end of file.
2026-09-17 21:34:34,165 [ERROR] LogOutputStream:75 - [STDERR_REDIRECT] 
2026-09-17 21:34:35,183 [ERROR] LogOutputStream:75 - [STDERR_REDIRECT] [Fatal Error] :1:1: Premature end of file.
2026-09-17 21:34:35,183 [ERROR] LogOutputStream:75 - [STDERR_REDIRECT] 
2026-09-17 21:34:36,180 [ERROR] LogOutputStream:75 - [STDERR_REDIRECT] [Fatal Error] :1:1: Premature end of file.
2026-09-17 21:34:36,180 [ERROR] LogOutputStream:75 - [STDERR_REDIRECT] 
2026-09-17 21:34:37,182 [ERROR] LogOutputStream:75 - [STDERR_REDIRECT] [Fatal Error] :1:1: Premature end of file.
2026-09-17 21:34:37,182 [ERROR] LogOutputStream:75 - [STDERR_REDIRECT] 
2026-09-17 21:34:38,185 [ERROR] LogOutputStream:75 - [STDERR_REDIRECT] [Fatal Error] :1:1: Premature end of file.
2026-09-17 21:34:38,185 [ERROR] LogOutputStream:75 - [STDERR_REDIRECT] 
2026-09-17 21:34:39,188 [ERROR] LogOutputStream:75 - [STDERR_REDIRECT] [Fatal Error] :1:1: Premature end of file.
2026-09-17 21:34:39,188 [ERROR] LogOutputStream:75 - [STDERR_REDIRECT] 
2026-09-17 21:34:40,169 [ERROR] LogOutputStream:75 - [STDERR_REDIRECT] [Fatal Error] :1:1: Premature end of file.
2026-09-17 21:34:40,169 [ERROR] LogOutputStream:75 - [STDERR_REDIRECT] 
2026-09-17 21:34:41,187 [ERROR] LogOutputStream:75 - [STDERR_REDIRECT] [Fatal Error] :1:1: Premature end of file.
2026-09-17 21:34:41,187 [ERROR] LogOutputStream:75 - [STDERR_REDIRECT] 
2026-09-17 21:34:42,191 [ERROR] LogOutputStream:75 - [STDERR_REDIRECT] [Fatal Error] :1:1: Premature end of file.
2026-09-17 21:34:42,192 [ERROR] LogOutputStream:75 - [STDERR_REDIRECT] 
2026-09-17 21:34:43,191 [ERROR] LogOutputStream:75 - [STDERR_REDIRECT] [Fatal Error] :1:1: Premature end of file.
2026-09-17 21:34:43,193 [ERROR] LogOutputStream:75 - [STDERR_REDIRECT] 
2026-09-17 21:34:44,193 [ERROR] LogOutputStream:75 - [STDERR_REDIRECT] [Fatal Error] :1:1: Premature end of file.
2026-09-17 21:34:44,194 [ERROR] LogOutputStream:75 - [STDERR_REDIRECT] 
2026-09-17 21:34:45,185 [ERROR] LogOutputStream:75 - [STDERR_REDIRECT] [Fatal Error] :1:1: Premature end of file.
2026-09-17 21:34:45,186 [ERROR] LogOutputStream:75 - [STDERR_REDIRECT] 
2026-09-17 21:34:46,188 [ERROR] LogOutputStream:75 - [STDERR_REDIRECT] [Fatal Error] :1:1: Premature end of file.
2026-09-17 21:34:46,188 [ERROR] LogOutputStream:75 - [STDERR_REDIRECT] 
2026-09-17 21:34:47,180 [ERROR] LogOutputStream:75 - [STDERR_REDIRECT] [Fatal Error] :1:1: Premature end of file.
2026-09-17 21:34:47,181 [ERROR] LogOutputStream:75 - [STDERR_REDIRECT] 
2026-09-17 21:34:48,182 [ERROR] LogOutputStream:75 - [STDERR_REDIRECT] [Fatal Error] :1:1: Premature end of file.
2026-09-17 21:34:48,182 [ERROR] LogOutputStream:75 - [STDERR_REDIRECT] 
2026-09-17 21:34:49,187 [ERROR] LogOutputStream:75 - [STDERR_REDIRECT] [Fatal Error] :1:1: Premature end of file.
2026-09-17 21:34:49,187 [ERROR] LogOutputStream:75 - [STDERR_REDIRECT] 
2026-09-17 21:34:50,187 [ERROR] LogOutputStream:75 - [STDERR_REDIRECT] [Fatal Error] :1:1: Premature end of file.
2026-09-17 21:34:50,187 [ERROR] LogOutputStream:75 - [STDERR_REDIRECT] 
2026-09-17 21:34:51,173 [ERROR] LogOutputStream:75 - [STDERR_REDIRECT] [Fatal Error] :1:1: Premature end of file.
2026-09-17 21:34:51,214 [ERROR] LogOutputStream:75 - [STDERR_REDIRECT] 
2026-09-17 21:34:52,186 [ERROR] LogOutputStream:75 - [STDERR_REDIRECT] [Fatal Error] :1:1: Premature end of file.
2026-09-17 21:34:52,187 [ERROR] LogOutputStream:75 - [STDERR_REDIRECT] 
2026-09-17 21:34:53,187 [ERROR] LogOutputStream:75 - [STDERR_REDIRECT] [Fatal Error] :1:1: Premature end of file.
2026-09-17 21:34:53,187 [ERROR] LogOutputStream:75 - [STDERR_REDIRECT] 
2026-09-17 21:34:54,184 [ERROR] LogOutputStream:75 - [STDERR_REDIRECT] [Fatal Error] :1:1: Premature end of file.
2026-09-17 21:34:54,184 [ERROR] LogOutputStream:75 - [STDERR_REDIRECT] 
2026-09-17 21:34:55,154 [ERROR] LogOutputStream:75 - [STDERR_REDIRECT] [Fatal Error] :1:1: Premature end of file.
2026-09-17 21:34:55,154 [ERROR] LogOutputStream:75 - [STDERR_REDIRECT] 
2026-09-17 21:34:56,183 [ERROR] LogOutputStream:75 - [STDERR_REDIRECT] [Fatal Error] :1:1: Premature end of file.
2026-09-17 21:34:56,183 [ERROR] LogOutputStream:75 - [STDERR_REDIRECT] 
2026-09-17 21:34:57,181 [ERROR] LogOutputStream:75 - [STDERR_REDIRECT] [Fatal Error] :1:1: Premature end of file.
2026-09-17 21:34:57,181 [ERROR] LogOutputStream:75 - [STDERR_REDIRECT] 
2026-09-17 21:34:58,188 [ERROR] LogOutputStream:75 - [STDERR_REDIRECT] [Fatal Error] :1:1: Premature end of file.
2026-09-17 21:34:58,188 [ERROR] LogOutputStream:75 - [STDERR_REDIRECT] 
2026-09-17 21:34:59,166 [ERROR] LogOutputStream:75 - [STDERR_REDIRECT] [Fatal Error] :1:1: Premature end of file.
2026-09-17 21:34:59,166 [ERROR] LogOutputStream:75 - [STDERR_REDIRECT] 
2026-09-17 21:35:00,187 [ERROR] LogOutputStream:75 - [STDERR_REDIRECT] [Fatal Error] :1:1: Premature end of file.
2026-09-17 21:35:00,187 [ERROR] LogOutputStream:75 - [STDERR_REDIRECT] 
2026-09-17 21:35:01,182 [ERROR] LogOutputStream:75 - [STDERR_REDIRECT] [Fatal Error] :1:1: Premature end of file.
2026-09-17 21:35:01,182 [ERROR] LogOutputStream:75 - [STDERR_REDIRECT] 
2026-09-17 21:35:02,193 [ERROR] LogOutputStream:75 - [STDERR_REDIRECT] [Fatal Error] :1:1: Premature end of file.
2026-09-17 21:35:02,193 [ERROR] LogOutputStream:75 - [STDERR_REDIRECT] 
2026-09-17 21:35:03,186 [ERROR] LogOutputStream:75 - [STDERR_REDIRECT] [Fatal Error] :1:1: Premature end of file.
2026-09-17 21:35:03,186 [ERROR] LogOutputStream:75 - [STDERR_REDIRECT] 
2026-09-17 21:35:04,183 [ERROR] LogOutputStream:75 - [STDERR_REDIRECT] [Fatal Error] :1:1: Premature end of file.
2026-09-17 21:35:04,184 [ERROR] LogOutputStream:75 - [STDERR_REDIRECT] 
2026-09-17 21:35:05,151 [ERROR] LogOutputStream:75 - [STDERR_REDIRECT] [Fatal Error] :1:1: Premature end of file.
2026-09-17 21:35:05,151 [ERROR] LogOutputStream:75 - [STDERR_REDIRECT] 
2026-09-17 21:35:06,185 [ERROR] LogOutputStream:75 - [STDERR_REDIRECT] [Fatal Error] :1:1: Premature end of file.
2026-09-17 21:35:06,185 [ERROR] LogOutputStream:75 - [STDERR_REDIRECT] 
2026-09-17 21:35:07,187 [ERROR] LogOutputStream:75 - [STDERR_REDIRECT] [Fatal Error] :1:1: Premature end of file.
2026-09-17 21:35:07,187 [ERROR] LogOutputStream:75 - [STDERR_REDIRECT] 
2026-09-17 21:35:08,188 [ERROR] LogOutputStream:75 - [STDERR_REDIRECT] [Fatal Error] :1:1: Premature end of file.
2026-09-17 21:35:08,188 [ERROR] LogOutputStream:75 - [STDERR_REDIRECT] 
2026-09-17 21:35:09,186 [ERROR] LogOutputStream:75 - [STDERR_REDIRECT] [Fatal Error] :1:1: Premature end of file.
2026-09-17 21:35:09,187 [ERROR] LogOutputStream:75 - [STDERR_REDIRECT] 
2026-09-17 21:35:10,185 [ERROR] LogOutputStream:75 - [STDERR_REDIRECT] [Fatal Error] :1:1: Premature end of file.
2026-09-17 21:35:10,185 [ERROR] LogOutputStream:75 - [STDERR_REDIRECT] 
2026-09-17 21:35:11,186 [ERROR] LogOutputStream:75 - [STDERR_REDIRECT] [Fatal Error] :1:1: Premature end of file.
2026-09-17 21:35:11,186 [ERROR] LogOutputStream:75 - [STDERR_REDIRECT] 
2026-09-17 21:35:12,184 [ERROR] LogOutputStream:75 - [STDERR_REDIRECT] [Fatal Error] :1:1: Premature end of file.
2026-09-17 21:35:12,184 [ERROR] LogOutputStream:75 - [STDERR_REDIRECT] 
2026-09-17 21:35:13,173 [ERROR] LogOutputStream:75 - [STDERR_REDIRECT] [Fatal Error] :1:1: Premature end of file.
2026-09-17 21:35:13,173 [ERROR] LogOutputStream:75 - [STDERR_REDIRECT] 
2026-09-17 21:35:14,198 [ERROR] LogOutputStream:75 - [STDERR_REDIRECT] [Fatal Error] :1:1: Premature end of file.
2026-09-17 21:35:14,198 [ERROR] LogOutputStream:75 - [STDERR_REDIRECT] 
2026-09-17 21:35:15,185 [ERROR] LogOutputStream:75 - [STDERR_REDIRECT] [Fatal Error] :1:1: Premature end of file.
2026-09-17 21:35:15,185 [ERROR] LogOutputStream:75 - [STDERR_REDIRECT] 
2026-09-17 21:35:16,185 [ERROR] LogOutputStream:75 - [STDERR_REDIRECT] [Fatal Error] :1:1: Premature end of file.
2026-09-17 21:35:16,185 [ERROR] LogOutputStream:75 - [STDERR_REDIRECT] 
2026-09-17 21:35:17,187 [ERROR] LogOutputStream:75 - [STDERR_REDIRECT] [Fatal Error] :1:1: Premature end of file.
2026-09-17 21:35:17,188 [ERROR] LogOutputStream:75 - [STDERR_REDIRECT] 
2026-09-17 21:35:18,192 [ERROR] LogOutputStream:75 - [STDERR_REDIRECT] [Fatal Error] :1:1: Premature end of file.
2026-09-17 21:35:18,192 [ERROR] LogOutputStream:75 - [STDERR_REDIRECT] 
2026-09-17 21:35:19,190 [ERROR] LogOutputStream:75 - [STDERR_REDIRECT] [Fatal Error] :1:1: Premature end of file.
2026-09-17 21:35:19,190 [ERROR] LogOutputStream:75 - [STDERR_REDIRECT] 
2026-09-17 21:35:20,186 [ERROR] LogOutputStream:75 - [STDERR_REDIRECT] [Fatal Error] :1:1: Premature end of file.
2026-09-17 21:35:20,186 [ERROR] LogOutputStream:75 - [STDERR_REDIRECT] 
2026-09-17 21:35:21,188 [ERROR] LogOutputStream:75 - [STDERR_REDIRECT] [Fatal Error] :1:1: Premature end of file.
2026-09-17 21:35:21,188 [ERROR] LogOutputStream:75 - [STDERR_REDIRECT] 
2026-09-17 21:35:22,185 [ERROR] LogOutputStream:75 - [STDERR_REDIRECT] [Fatal Error] :1:1: Premature end of file.
2026-09-17 21:35:22,186 [ERROR] LogOutputStream:75 - [STDERR_REDIRECT] 
2026-09-17 21:35:23,187 [ERROR] LogOutputStream:75 - [STDERR_REDIRECT] [Fatal Error] :1:1: Premature end of file.
2026-09-17 21:35:23,187 [ERROR] LogOutputStream:75 - [STDERR_REDIRECT] 
2026-09-17 21:35:24,188 [ERROR] LogOutputStream:75 - [STDERR_REDIRECT] [Fatal Error] :1:1: Premature end of file.
2026-09-17 21:35:24,188 [ERROR] LogOutputStream:75 - [STDERR_REDIRECT] 
2026-09-17 21:35:25,186 [ERROR] LogOutputStream:75 - [STDERR_REDIRECT] [Fatal Error] :1:1: Premature end of file.
2026-09-17 21:35:25,186 [ERROR] LogOutputStream:75 - [STDERR_REDIRECT] 
2026-09-17 21:35:26,176 [ERROR] LogOutputStream:75 - [STDERR_REDIRECT] [Fatal Error] :1:1: Premature end of file.
2026-09-17 21:35:26,176 [ERROR] LogOutputStream:75 - [STDERR_REDIRECT] 
2026-09-17 21:35:27,172 [ERROR] LogOutputStream:75 - [STDERR_REDIRECT] [Fatal Error] :1:1: Premature end of file.
2026-09-17 21:35:27,172 [ERROR] LogOutputStream:75 - [STDERR_REDIRECT] 
2026-09-17 21:35:28,178 [ERROR] LogOutputStream:75 - [STDERR_REDIRECT] [Fatal Error] :1:1: Premature end of file.
2026-09-17 21:35:28,179 [ERROR] LogOutputStream:75 - [STDERR_REDIRECT] 
2026-09-17 21:35:29,183 [ERROR] LogOutputStream:75 - [STDERR_REDIRECT] [Fatal Error] :1:1: Premature end of file.
2026-09-17 21:35:29,184 [ERROR] LogOutputStream:75 - [STDERR_REDIRECT] 
2026-09-17 21:35:30,182 [ERROR] LogOutputStream:75 - [STDERR_REDIRECT] [Fatal Error] :1:1: Premature end of file.
2026-09-17 21:35:30,182 [ERROR] LogOutputStream:75 - [STDERR_REDIRECT] 
2026-09-17 21:35:31,182 [ERROR] LogOutputStream:75 - [STDERR_REDIRECT] [Fatal Error] :1:1: Premature end of file.
2026-09-17 21:35:31,182 [ERROR] LogOutputStream:75 - [STDERR_REDIRECT] 
2026-09-17 21:35:32,183 [ERROR] LogOutputStream:75 - [STDERR_REDIRECT] [Fatal Error] :1:1: Premature end of file.
2026-09-17 21:35:32,184 [ERROR] LogOutputStream:75 - [STDERR_REDIRECT] 
2026-09-17 21:35:33,189 [ERROR] LogOutputStream:75 - [STDERR_REDIRECT] [Fatal Error] :1:1: Premature end of file.
2026-09-17 21:35:33,189 [ERROR] LogOutputStream:75 - [STDERR_REDIRECT] 
2026-09-17 21:35:34,184 [ERROR] LogOutputStream:75 - [STDERR_REDIRECT] [Fatal Error] :1:1: Premature end of file.
2026-09-17 21:35:34,184 [ERROR] LogOutputStream:75 - [STDERR_REDIRECT] 
2026-09-17 21:35:35,188 [ERROR] LogOutputStream:75 - [STDERR_REDIRECT] [Fatal Error] :1:1: Premature end of file.
2026-09-17 21:35:35,188 [ERROR] LogOutputStream:75 - [STDERR_REDIRECT] 
2026-09-17 21:35:36,164 [ERROR] LogOutputStream:75 - [STDERR_REDIRECT] [Fatal Error] :1:1: Premature end of file.
2026-09-17 21:35:36,164 [ERROR] LogOutputStream:75 - [STDERR_REDIRECT] 
2026-09-17 21:35:37,182 [ERROR] LogOutputStream:75 - [STDERR_REDIRECT] [Fatal Error] :1:1: Premature end of file.
2026-09-17 21:35:37,183 [ERROR] LogOutputStream:75 - [STDERR_REDIRECT] 
2026-09-17 21:35:38,188 [ERROR] LogOutputStream:75 - [STDERR_REDIRECT] [Fatal Error] :1:1: Premature end of file.
2026-09-17 21:35:38,189 [ERROR] LogOutputStream:75 - [STDERR_REDIRECT] 
2026-09-17 21:35:39,149 [ERROR] LogOutputStream:75 - [STDERR_REDIRECT] [Fatal Error] :1:1: Premature end of file.
2026-09-17 21:35:39,149 [ERROR] LogOutputStream:75 - [STDERR_REDIRECT] 
2026-09-17 21:35:40,189 [ERROR] LogOutputStream:75 - [STDERR_REDIRECT] [Fatal Error] :1:1: Premature end of file.
2026-09-17 21:35:40,189 [ERROR] LogOutputStream:75 - [STDERR_REDIRECT] 
2026-09-17 21:35:41,182 [ERROR] LogOutputStream:75 - [STDERR_REDIRECT] [Fatal Error] :1:1: Premature end of file.
2026-09-17 21:35:41,182 [ERROR] LogOutputStream:75 - [STDERR_REDIRECT] 
2026-09-17 21:35:42,192 [ERROR] LogOutputStream:75 - [STDERR_REDIRECT] [Fatal Error] :1:1: Premature end of file.
2026-09-17 21:35:42,192 [ERROR] LogOutputStream:75 - [STDERR_REDIRECT] 
2026-09-17 21:35:43,186 [ERROR] LogOutputStream:75 - [STDERR_REDIRECT] [Fatal Error] :1:1: Premature end of file.
2026-09-17 21:35:43,186 [ERROR] LogOutputStream:75 - [STDERR_REDIRECT] 
2026-09-17 21:35:44,183 [ERROR] LogOutputStream:75 - [STDERR_REDIRECT] [Fatal Error] :1:1: Premature end of file.
2026-09-17 21:35:44,183 [ERROR] LogOutputStream:75 - [STDERR_REDIRECT] 
2026-09-17 21:35:45,191 [ERROR] LogOutputStream:75 - [STDERR_REDIRECT] [Fatal Error] :1:1: Premature end of file.
2026-09-17 21:35:45,191 [ERROR] LogOutputStream:75 - [STDERR_REDIRECT] 
2026-09-17 21:35:46,189 [ERROR] LogOutputStream:75 - [STDERR_REDIRECT] [Fatal Error] :1:1: Premature end of file.
2026-09-17 21:35:46,189 [ERROR] LogOutputStream:75 - [STDERR_REDIRECT] 
2026-09-17 21:35:47,190 [ERROR] LogOutputStream:75 - [STDERR_REDIRECT] [Fatal Error] :1:1: Premature end of file.
2026-09-17 21:35:47,190 [ERROR] LogOutputStream:75 - [STDERR_REDIRECT] 
2026-09-17 21:35:48,193 [ERROR] LogOutputStream:75 - [STDERR_REDIRECT] [Fatal Error] :1:1: Premature end of file.
2026-09-17 21:35:48,193 [ERROR] LogOutputStream:75 - [STDERR_REDIRECT] 
2026-09-17 21:35:49,184 [ERROR] LogOutputStream:75 - [STDERR_REDIRECT] [Fatal Error] :1:1: Premature end of file.
2026-09-17 21:35:49,184 [ERROR] LogOutputStream:75 - [STDERR_REDIRECT] 
2026-09-17 21:35:50,187 [ERROR] LogOutputStream:75 - [STDERR_REDIRECT] [Fatal Error] :1:1: Premature end of file.
2026-09-17 21:35:50,187 [ERROR] LogOutputStream:75 - [STDERR_REDIRECT] 
2026-09-17 21:35:51,164 [ERROR] LogOutputStream:75 - [STDERR_REDIRECT] [Fatal Error] :1:1: Premature end of file.
2026-09-17 21:35:51,164 [ERROR] LogOutputStream:75 - [STDERR_REDIRECT] 
2026-09-17 21:35:52,188 [ERROR] LogOutputStream:75 - [STDERR_REDIRECT] [Fatal Error] :1:1: Premature end of file.
2026-09-17 21:35:52,188 [ERROR] LogOutputStream:75 - [STDERR_REDIRECT] 
2026-09-17 21:35:53,159 [ERROR] LogOutputStream:75 - [STDERR_REDIRECT] [Fatal Error] :1:1: Premature end of file.
2026-09-17 21:35:53,159 [ERROR] LogOutputStream:75 - [STDERR_REDIRECT] 
2026-09-17 21:35:54,159 [ERROR] LogOutputStream:75 - [STDERR_REDIRECT] [Fatal Error] :1:1: Premature end of file.
2026-09-17 21:35:54,160 [ERROR] LogOutputStream:75 - [STDERR_REDIRECT] 
2026-09-17 21:35:55,188 [ERROR] LogOutputStream:75 - [STDERR_REDIRECT] [Fatal Error] :1:1: Premature end of file.
2026-09-17 21:35:55,188 [ERROR] LogOutputStream:75 - [STDERR_REDIRECT] 
2026-09-17 21:35:56,173 [ERROR] LogOutputStream:75 - [STDERR_REDIRECT] [Fatal Error] :1:1: Premature end of file.
2026-09-17 21:35:56,173 [ERROR] LogOutputStream:75 - [STDERR_REDIRECT] 
2026-09-17 21:35:57,181 [ERROR] LogOutputStream:75 - [STDERR_REDIRECT] [Fatal Error] :1:1: Premature end of file.
2026-09-17 21:35:57,181 [ERROR] LogOutputStream:75 - [STDERR_REDIRECT] 
2026-09-17 21:35:58,190 [ERROR] LogOutputStream:75 - [STDERR_REDIRECT] [Fatal Error] :1:1: Premature end of file.
2026-09-17 21:35:58,190 [ERROR] LogOutputStream:75 - [STDERR_REDIRECT] 
2026-09-17 21:35:59,174 [ERROR] LogOutputStream:75 - [STDERR_REDIRECT] [Fatal Error] :1:1: Premature end of file.
2026-09-17 21:35:59,174 [ERROR] LogOutputStream:75 - [STDERR_REDIRECT] 
2026-09-17 21:36:00,163 [ERROR] LogOutputStream:75 - [STDERR_REDIRECT] [Fatal Error] :1:1: Premature end of file.
2026-09-17 21:36:00,163 [ERROR] LogOutputStream:75 - [STDERR_REDIRECT] 
2026-09-17 21:36:01,187 [ERROR] LogOutputStream:75 - [STDERR_REDIRECT] [Fatal Error] :1:1: Premature end of file.
2026-09-17 21:36:01,187 [ERROR] LogOutputStream:75 - [STDERR_REDIRECT] 
2026-09-17 21:36:02,180 [ERROR] LogOutputStream:75 - [STDERR_REDIRECT] [Fatal Error] :1:1: Premature end of file.
2026-09-17 21:36:02,180 [ERROR] LogOutputStream:75 - [STDERR_REDIRECT] 
2026-09-17 21:36:03,170 [ERROR] LogOutputStream:75 - [STDERR_REDIRECT] [Fatal Error] :1:1: Premature end of file.
2026-09-17 21:36:03,170 [ERROR] LogOutputStream:75 - [STDERR_REDIRECT] 
2026-09-17 21:36:04,183 [ERROR] LogOutputStream:75 - [STDERR_REDIRECT] [Fatal Error] :1:1: Premature end of file.
2026-09-17 21:36:04,183 [ERROR] LogOutputStream:75 - [STDERR_REDIRECT] 
2026-09-17 21:36:05,175 [ERROR] LogOutputStream:75 - [STDERR_REDIRECT] [Fatal Error] :1:1: Premature end of file.
2026-09-17 21:36:05,175 [ERROR] LogOutputStream:75 - [STDERR_REDIRECT] 
2026-09-17 21:36:06,185 [ERROR] LogOutputStream:75 - [STDERR_REDIRECT] [Fatal Error] :1:1: Premature end of file.
2026-09-17 21:36:06,185 [ERROR] LogOutputStream:75 - [STDERR_REDIRECT] 
2026-09-17 21:36:07,179 [ERROR] LogOutputStream:75 - [STDERR_REDIRECT] [Fatal Error] :1:1: Premature end of file.
2026-09-17 21:36:07,179 [ERROR] LogOutputStream:75 - [STDERR_REDIRECT] 
2026-09-17 21:36:08,168 [ERROR] LogOutputStream:75 - [STDERR_REDIRECT] [Fatal Error] :1:1: Premature end of file.
2026-09-17 21:36:08,168 [ERROR] LogOutputStream:75 - [STDERR_REDIRECT] 
2026-09-17 21:36:09,180 [ERROR] LogOutputStream:75 - [STDERR_REDIRECT] [Fatal Error] :1:1: Premature end of file.
2026-09-17 21:36:09,180 [ERROR] LogOutputStream:75 - [STDERR_REDIRECT] 
2026-09-17 21:36:10,191 [ERROR] LogOutputStream:75 - [STDERR_REDIRECT] [Fatal Error] :1:1: Premature end of file.
2026-09-17 21:36:10,258 [ERROR] LogOutputStream:75 - [STDERR_REDIRECT] 
2026-09-17 21:36:11,169 [ERROR] LogOutputStream:75 - [STDERR_REDIRECT] [Fatal Error] :1:1: Premature end of file.
2026-09-17 21:36:11,169 [ERROR] LogOutputStream:75 - [STDERR_REDIRECT] 
2026-09-17 21:36:12,160 [ERROR] LogOutputStream:75 - [STDERR_REDIRECT] [Fatal Error] :1:1: Premature end of file.
2026-09-17 21:36:12,161 [ERROR] LogOutputStream:75 - [STDERR_REDIRECT] 
2026-09-17 21:36:13,156 [ERROR] LogOutputStream:75 - [STDERR_REDIRECT] [Fatal Error] :1:1: Premature end of file.
2026-09-17 21:36:13,156 [ERROR] LogOutputStream:75 - [STDERR_REDIRECT] 
2026-09-17 21:36:14,166 [ERROR] LogOutputStream:75 - [STDERR_REDIRECT] [Fatal Error] :1:1: Premature end of file.
2026-09-17 21:36:14,166 [ERROR] LogOutputStream:75 - [STDERR_REDIRECT] 
2026-09-17 21:36:15,166 [ERROR] LogOutputStream:75 - [STDERR_REDIRECT] [Fatal Error] :1:1: Premature end of file.
2026-09-17 21:36:15,166 [ERROR] LogOutputStream:75 - [STDERR_REDIRECT] 
2026-09-17 21:36:16,162 [ERROR] LogOutputStream:75 - [STDERR_REDIRECT] [Fatal Error] :1:1: Premature end of file.
2026-09-17 21:36:16,162 [ERROR] LogOutputStream:75 - [STDERR_REDIRECT] 
2026-09-17 21:36:17,178 [ERROR] LogOutputStream:75 - [STDERR_REDIRECT] [Fatal Error] :1:1: Premature end of file.
2026-09-17 21:36:17,178 [ERROR] LogOutputStream:75 - [STDERR_REDIRECT] 
2026-09-17 21:36:18,178 [ERROR] LogOutputStream:75 - [STDERR_REDIRECT] [Fatal Error] :1:1: Premature end of file.
2026-09-17 21:36:18,178 [ERROR] LogOutputStream:75 - [STDERR_REDIRECT] 
2026-09-17 21:36:19,153 [ERROR] LogOutputStream:75 - [STDERR_REDIRECT] [Fatal Error] :1:1: Premature end of file.
2026-09-17 21:36:19,153 [ERROR] LogOutputStream:75 - [STDERR_REDIRECT] 
2026-09-17 21:36:20,154 [ERROR] LogOutputStream:75 - [STDERR_REDIRECT] [Fatal Error] :1:1: Premature end of file.
2026-09-17 21:36:20,154 [ERROR] LogOutputStream:75 - [STDERR_REDIRECT] 
2026-09-17 21:36:21,184 [ERROR] LogOutputStream:75 - [STDERR_REDIRECT] [Fatal Error] :1:1: Premature end of file.
2026-09-17 21:36:21,185 [ERROR] LogOutputStream:75 - [STDERR_REDIRECT] 
2026-09-17 21:36:22,191 [ERROR] LogOutputStream:75 - [STDERR_REDIRECT] [Fatal Error] :1:1: Premature end of file.
2026-09-17 21:36:22,192 [ERROR] LogOutputStream:75 - [STDERR_REDIRECT] 
2026-09-17 21:36:23,164 [ERROR] LogOutputStream:75 - [STDERR_REDIRECT] [Fatal Error] :1:1: Premature end of file.
2026-09-17 21:36:23,164 [ERROR] LogOutputStream:75 - [STDERR_REDIRECT] 
2026-09-17 21:36:24,176 [ERROR] LogOutputStream:75 - [STDERR_REDIRECT] [Fatal Error] :1:1: Premature end of file.
2026-09-17 21:36:24,176 [ERROR] LogOutputStream:75 - [STDERR_REDIRECT] 
2026-09-17 21:36:25,202 [ERROR] LogOutputStream:75 - [STDERR_REDIRECT] [Fatal Error] :1:1: Premature end of file.
2026-09-17 21:36:25,220 [ERROR] LogOutputStream:75 - [STDERR_REDIRECT] 
2026-09-17 21:36:26,180 [ERROR] LogOutputStream:75 - [STDERR_REDIRECT] [Fatal Error] :1:1: Premature end of file.
2026-09-17 21:36:26,180 [ERROR] LogOutputStream:75 - [STDERR_REDIRECT] 
2026-09-17 21:36:27,185 [ERROR] LogOutputStream:75 - [STDERR_REDIRECT] [Fatal Error] :1:1: Premature end of file.
2026-09-17 21:36:27,185 [ERROR] LogOutputStream:75 - [STDERR_REDIRECT] 
2026-09-17 21:36:28,179 [ERROR] LogOutputStream:75 - [STDERR_REDIRECT] [Fatal Error] :1:1: Premature end of file.
2026-09-17 21:36:28,179 [ERROR] LogOutputStream:75 - [STDERR_REDIRECT] 
2026-09-17 21:36:29,163 [ERROR] LogOutputStream:75 - [STDERR_REDIRECT] [Fatal Error] :1:1: Premature end of file.
2026-09-17 21:36:29,164 [ERROR] LogOutputStream:75 - [STDERR_REDIRECT] 
2026-09-17 21:36:30,176 [ERROR] LogOutputStream:75 - [STDERR_REDIRECT] [Fatal Error] :1:1: Premature end of file.
2026-09-17 21:36:30,176 [ERROR] LogOutputStream:75 - [STDERR_REDIRECT] 
2026-09-17 21:36:31,187 [ERROR] LogOutputStream:75 - [STDERR_REDIRECT] [Fatal Error] :1:1: Premature end of file.
2026-09-17 21:36:31,187 [ERROR] LogOutputStream:75 - [STDERR_REDIRECT] 
2026-09-17 21:36:32,185 [ERROR] LogOutputStream:75 - [STDERR_REDIRECT] [Fatal Error] :1:1: Premature end of file.
2026-09-17 21:36:32,185 [ERROR] LogOutputStream:75 - [STDERR_REDIRECT] 
2026-09-17 21:36:33,196 [ERROR] LogOutputStream:75 - [STDERR_REDIRECT] [Fatal Error] :1:1: Premature end of file.
2026-09-17 21:36:33,196 [ERROR] LogOutputStream:75 - [STDERR_REDIRECT] 
2026-09-17 21:36:34,185 [ERROR] LogOutputStream:75 - [STDERR_REDIRECT] [Fatal Error] :1:1: Premature end of file.
2026-09-17 21:36:34,186 [ERROR] LogOutputStream:75 - [STDERR_REDIRECT] 
2026-09-17 21:36:35,189 [ERROR] LogOutputStream:75 - [STDERR_REDIRECT] [Fatal Error] :1:1: Premature end of file.
2026-09-17 21:36:35,189 [ERROR] LogOutputStream:75 - [STDERR_REDIRECT] 
2026-09-17 21:36:36,180 [ERROR] LogOutputStream:75 - [STDERR_REDIRECT] [Fatal Error] :1:1: Premature end of file.
2026-09-17 21:36:36,180 [ERROR] LogOutputStream:75 - [STDERR_REDIRECT] 
2026-09-17 21:36:37,186 [ERROR] LogOutputStream:75 - [STDERR_REDIRECT] [Fatal Error] :1:1: Premature end of file.
2026-09-17 21:36:37,187 [ERROR] LogOutputStream:75 - [STDERR_REDIRECT] 
2026-09-17 21:36:38,186 [ERROR] LogOutputStream:75 - [STDERR_REDIRECT] [Fatal Error] :1:1: Premature end of file.
2026-09-17 21:36:38,186 [ERROR] LogOutputStream:75 - [STDERR_REDIRECT] 
2026-09-17 21:36:39,161 [ERROR] LogOutputStream:75 - [STDERR_REDIRECT] [Fatal Error] :1:1: Premature end of file.
2026-09-17 21:36:39,161 [ERROR] LogOutputStream:75 - [STDERR_REDIRECT] 
2026-09-17 21:36:40,191 [ERROR] LogOutputStream:75 - [STDERR_REDIRECT] [Fatal Error] :1:1: Premature end of file.
2026-09-17 21:36:40,235 [ERROR] LogOutputStream:75 - [STDERR_REDIRECT] 
2026-09-17 21:36:41,155 [ERROR] LogOutputStream:75 - [STDERR_REDIRECT] [Fatal Error] :1:1: Premature end of file.
2026-09-17 21:36:41,155 [ERROR] LogOutputStream:75 - [STDERR_REDIRECT] 
2026-09-17 21:36:42,171 [ERROR] LogOutputStream:75 - [STDERR_REDIRECT] [Fatal Error] :1:1: Premature end of file.
2026-09-17 21:36:42,171 [ERROR] LogOutputStream:75 - [STDERR_REDIRECT] 
2026-09-17 21:36:43,188 [ERROR] LogOutputStream:75 - [STDERR_REDIRECT] [Fatal Error] :1:1: Premature end of file.
2026-09-17 21:36:43,188 [ERROR] LogOutputStream:75 - [STDERR_REDIRECT] 
2026-09-17 21:36:44,172 [ERROR] LogOutputStream:75 - [STDERR_REDIRECT] [Fatal Error] :1:1: Premature end of file.
2026-09-17 21:36:44,172 [ERROR] LogOutputStream:75 - [STDERR_REDIRECT] 
2026-09-17 21:36:45,161 [ERROR] LogOutputStream:75 - [STDERR_REDIRECT] [Fatal Error] :1:1: Premature end of file.
2026-09-17 21:36:45,161 [ERROR] LogOutputStream:75 - [STDERR_REDIRECT] 
2026-09-17 21:36:46,181 [ERROR] LogOutputStream:75 - [STDERR_REDIRECT] [Fatal Error] :1:1: Premature end of file.
2026-09-17 21:36:46,181 [ERROR] LogOutputStream:75 - [STDERR_REDIRECT] 
2026-09-17 21:36:47,185 [ERROR] LogOutputStream:75 - [STDERR_REDIRECT] [Fatal Error] :1:1: Premature end of file.
2026-09-17 21:36:47,185 [ERROR] LogOutputStream:75 - [STDERR_REDIRECT] 
2026-09-17 21:36:48,182 [ERROR] LogOutputStream:75 - [STDERR_REDIRECT] [Fatal Error] :1:1: Premature end of file.
2026-09-17 21:36:48,182 [ERROR] LogOutputStream:75 - [STDERR_REDIRECT] 
2026-09-17 21:36:49,186 [ERROR] LogOutputStream:75 - [STDERR_REDIRECT] [Fatal Error] :1:1: Premature end of file.
2026-09-17 21:36:49,186 [ERROR] LogOutputStream:75 - [STDERR_REDIRECT] 
2026-09-17 21:36:50,184 [ERROR] LogOutputStream:75 - [STDERR_REDIRECT] [Fatal Error] :1:1: Premature end of file.
2026-09-17 21:36:50,185 [ERROR] LogOutputStream:75 - [STDERR_REDIRECT] 
2026-09-17 21:36:51,187 [ERROR] LogOutputStream:75 - [STDERR_REDIRECT] [Fatal Error] :1:1: Premature end of file.
2026-09-17 21:36:51,187 [ERROR] LogOutputStream:75 - [STDERR_REDIRECT] 
2026-09-17 21:36:52,182 [ERROR] LogOutputStream:75 - [STDERR_REDIRECT] [Fatal Error] :1:1: Premature end of file.
2026-09-17 21:36:52,182 [ERROR] LogOutputStream:75 - [STDERR_REDIRECT] 
2026-09-17 21:36:53,185 [ERROR] LogOutputStream:75 - [STDERR_REDIRECT] [Fatal Error] :1:1: Premature end of file.
2026-09-17 21:36:53,185 [ERROR] LogOutputStream:75 - [STDERR_REDIRECT] 
2026-09-17 21:36:54,182 [ERROR] LogOutputStream:75 - [STDERR_REDIRECT] [Fatal Error] :1:1: Premature end of file.
2026-09-17 21:36:54,182 [ERROR] LogOutputStream:75 - [STDERR_REDIRECT] 
2026-09-17 21:36:55,185 [ERROR] LogOutputStream:75 - [STDERR_REDIRECT] [Fatal Error] :1:1: Premature end of file.
2026-09-17 21:36:55,211 [ERROR] LogOutputStream:75 - [STDERR_REDIRECT] 
2026-09-17 21:36:56,178 [ERROR] LogOutputStream:75 - [STDERR_REDIRECT] [Fatal Error] :1:1: Premature end of file.
2026-09-17 21:36:56,178 [ERROR] LogOutputStream:75 - [STDERR_REDIRECT] 
2026-09-17 21:36:57,185 [ERROR] LogOutputStream:75 - [STDERR_REDIRECT] [Fatal Error] :1:1: Premature end of file.
2026-09-17 21:36:57,185 [ERROR] LogOutputStream:75 - [STDERR_REDIRECT] 
2026-09-17 21:36:58,186 [ERROR] LogOutputStream:75 - [STDERR_REDIRECT] [Fatal Error] :1:1: Premature end of file.
2026-09-17 21:36:58,186 [ERROR] LogOutputStream:75 - [STDERR_REDIRECT] 
2026-09-17 21:36:59,177 [ERROR] LogOutputStream:75 - [STDERR_REDIRECT] [Fatal Error] :1:1: Premature end of file.
2026-09-17 21:36:59,177 [ERROR] LogOutputStream:75 - [STDERR_REDIRECT] 
2026-09-17 21:37:00,192 [ERROR] LogOutputStream:75 - [STDERR_REDIRECT] [Fatal Error] :1:1: Premature end of file.
2026-09-17 21:37:00,193 [ERROR] LogOutputStream:75 - [STDERR_REDIRECT] 
2026-09-17 21:37:01,188 [ERROR] LogOutputStream:75 - [STDERR_REDIRECT] [Fatal Error] :1:1: Premature end of file.
2026-09-17 21:37:01,188 [ERROR] LogOutputStream:75 - [STDERR_REDIRECT] 
2026-09-17 21:37:02,187 [ERROR] LogOutputStream:75 - [STDERR_REDIRECT] [Fatal Error] :1:1: Premature end of file.
2026-09-17 21:37:02,187 [ERROR] LogOutputStream:75 - [STDERR_REDIRECT] 
2026-09-17 21:37:03,161 [ERROR] LogOutputStream:75 - [STDERR_REDIRECT] [Fatal Error] :1:1: Premature end of file.
2026-09-17 21:37:03,162 [ERROR] LogOutputStream:75 - [STDERR_REDIRECT] 
2026-09-17 21:37:04,158 [ERROR] LogOutputStream:75 - [STDERR_REDIRECT] [Fatal Error] :1:1: Premature end of file.
2026-09-17 21:37:04,158 [ERROR] LogOutputStream:75 - [STDERR_REDIRECT] 
2026-09-17 21:37:05,153 [ERROR] LogOutputStream:75 - [STDERR_REDIRECT] [Fatal Error] :1:1: Premature end of file.
2026-09-17 21:37:05,153 [ERROR] LogOutputStream:75 - [STDERR_REDIRECT] 
2026-09-17 21:37:06,189 [ERROR] LogOutputStream:75 - [STDERR_REDIRECT] [Fatal Error] :1:1: Premature end of file.
2026-09-17 21:37:06,189 [ERROR] LogOutputStream:75 - [STDERR_REDIRECT] 
2026-09-17 21:37:07,182 [ERROR] LogOutputStream:75 - [STDERR_REDIRECT] [Fatal Error] :1:1: Premature end of file.
2026-09-17 21:37:07,182 [ERROR] LogOutputStream:75 - [STDERR_REDIRECT] 
2026-09-17 21:37:08,185 [ERROR] LogOutputStream:75 - [STDERR_REDIRECT] [Fatal Error] :1:1: Premature end of file.
2026-09-17 21:37:08,186 [ERROR] LogOutputStream:75 - [STDERR_REDIRECT] 
2026-09-17 21:37:09,179 [ERROR] LogOutputStream:75 - [STDERR_REDIRECT] [Fatal Error] :1:1: Premature end of file.
2026-09-17 21:37:09,179 [ERROR] LogOutputStream:75 - [STDERR_REDIRECT] 
2026-09-17 21:37:10,193 [ERROR] LogOutputStream:75 - [STDERR_REDIRECT] [Fatal Error] :1:1: Premature end of file.
2026-09-17 21:37:10,224 [ERROR] LogOutputStream:75 - [STDERR_REDIRECT] 
2026-09-17 21:37:11,188 [ERROR] LogOutputStream:75 - [STDERR_REDIRECT] [Fatal Error] :1:1: Premature end of file.
2026-09-17 21:37:11,188 [ERROR] LogOutputStream:75 - [STDERR_REDIRECT] 
2026-09-17 21:37:12,189 [ERROR] LogOutputStream:75 - [STDERR_REDIRECT] [Fatal Error] :1:1: Premature end of file.
2026-09-17 21:37:12,189 [ERROR] LogOutputStream:75 - [STDERR_REDIRECT] 
2026-09-17 21:37:13,181 [ERROR] LogOutputStream:75 - [STDERR_REDIRECT] [Fatal Error] :1:1: Premature end of file.
2026-09-17 21:37:13,181 [ERROR] LogOutputStream:75 - [STDERR_REDIRECT] 
2026-09-17 21:37:14,179 [ERROR] LogOutputStream:75 - [STDERR_REDIRECT] [Fatal Error] :1:1: Premature end of file.
2026-09-17 21:37:14,179 [ERROR] LogOutputStream:75 - [STDERR_REDIRECT] 
2026-09-17 21:37:15,157 [ERROR] LogOutputStream:75 - [STDERR_REDIRECT] [Fatal Error] :1:1: Premature end of file.
2026-09-17 21:37:15,157 [ERROR] LogOutputStream:75 - [STDERR_REDIRECT] 
2026-09-17 21:37:16,161 [ERROR] LogOutputStream:75 - [STDERR_REDIRECT] [Fatal Error] :1:1: Premature end of file.
2026-09-17 21:37:16,161 [ERROR] LogOutputStream:75 - [STDERR_REDIRECT] 
2026-09-17 21:37:17,184 [ERROR] LogOutputStream:75 - [STDERR_REDIRECT] [Fatal Error] :1:1: Premature end of file.
2026-09-17 21:37:17,184 [ERROR] LogOutputStream:75 - [STDERR_REDIRECT] 
2026-09-17 21:37:18,194 [ERROR] LogOutputStream:75 - [STDERR_REDIRECT] [Fatal Error] :1:1: Premature end of file.
2026-09-17 21:37:18,194 [ERROR] LogOutputStream:75 - [STDERR_REDIRECT] 
2026-09-17 21:37:19,180 [ERROR] LogOutputStream:75 - [STDERR_REDIRECT] [Fatal Error] :1:1: Premature end of file.
2026-09-17 21:37:19,180 [ERROR] LogOutputStream:75 - [STDERR_REDIRECT] 
2026-09-17 21:37:20,150 [ERROR] LogOutputStream:75 - [STDERR_REDIRECT] [Fatal Error] :1:1: Premature end of file.
2026-09-17 21:37:20,150 [ERROR] LogOutputStream:75 - [STDERR_REDIRECT] 
2026-09-17 21:37:21,158 [ERROR] LogOutputStream:75 - [STDERR_REDIRECT] [Fatal Error] :1:1: Premature end of file.
2026-09-17 21:37:21,158 [ERROR] LogOutputStream:75 - [STDERR_REDIRECT] 
2026-09-17 21:37:22,181 [ERROR] LogOutputStream:75 - [STDERR_REDIRECT] [Fatal Error] :1:1: Premature end of file.
2026-09-17 21:37:22,181 [ERROR] LogOutputStream:75 - [STDERR_REDIRECT] 
2026-09-17 21:37:23,195 [ERROR] LogOutputStream:75 - [STDERR_REDIRECT] [Fatal Error] :1:1: Premature end of file.
2026-09-17 21:37:23,195 [ERROR] LogOutputStream:75 - [STDERR_REDIRECT] 
2026-09-17 21:37:24,157 [ERROR] LogOutputStream:75 - [STDERR_REDIRECT] [Fatal Error] :1:1: Premature end of file.
2026-09-17 21:37:24,158 [ERROR] LogOutputStream:75 - [STDERR_REDIRECT] 
2026-09-17 21:37:25,164 [ERROR] LogOutputStream:75 - [STDERR_REDIRECT] [Fatal Error] :1:1: Premature end of file.
2026-09-17 21:37:25,164 [ERROR] LogOutputStream:75 - [STDERR_REDIRECT] 
2026-09-17 21:37:26,183 [ERROR] LogOutputStream:75 - [STDERR_REDIRECT] [Fatal Error] :1:1: Premature end of file.
2026-09-17 21:37:26,184 [ERROR] LogOutputStream:75 - [STDERR_REDIRECT] 
2026-09-17 21:37:27,180 [ERROR] LogOutputStream:75 - [STDERR_REDIRECT] [Fatal Error] :1:1: Premature end of file.
2026-09-17 21:37:27,180 [ERROR] LogOutputStream:75 - [STDERR_REDIRECT] 
2026-09-17 21:37:28,175 [ERROR] LogOutputStream:75 - [STDERR_REDIRECT] [Fatal Error] :1:1: Premature end of file.
2026-09-17 21:37:28,175 [ERROR] LogOutputStream:75 - [STDERR_REDIRECT] 
2026-09-17 21:37:29,177 [ERROR] LogOutputStream:75 - [STDERR_REDIRECT] [Fatal Error] :1:1: Premature end of file.
2026-09-17 21:37:29,177 [ERROR] LogOutputStream:75 - [STDERR_REDIRECT] 
2026-09-17 21:37:30,189 [ERROR] LogOutputStream:75 - [STDERR_REDIRECT] [Fatal Error] :1:1: Premature end of file.
2026-09-17 21:37:30,189 [ERROR] LogOutputStream:75 - [STDERR_REDIRECT] 
2026-09-17 21:37:31,182 [ERROR] LogOutputStream:75 - [STDERR_REDIRECT] [Fatal Error] :1:1: Premature end of file.
2026-09-17 21:37:31,182 [ERROR] LogOutputStream:75 - [STDERR_REDIRECT] 
2026-09-17 21:37:32,187 [ERROR] LogOutputStream:75 - [STDERR_REDIRECT] [Fatal Error] :1:1: Premature end of file.
2026-09-17 21:37:32,187 [ERROR] LogOutputStream:75 - [STDERR_REDIRECT] 
2026-09-17 21:37:33,180 [ERROR] LogOutputStream:75 - [STDERR_REDIRECT] [Fatal Error] :1:1: Premature end of file.
2026-09-17 21:37:33,180 [ERROR] LogOutputStream:75 - [STDERR_REDIRECT] 
2026-09-17 21:37:34,166 [ERROR] LogOutputStream:75 - [STDERR_REDIRECT] [Fatal Error] :1:1: Premature end of file.
2026-09-17 21:37:34,166 [ERROR] LogOutputStream:75 - [STDERR_REDIRECT] 
2026-09-17 21:37:35,177 [ERROR] LogOutputStream:75 - [STDERR_REDIRECT] [Fatal Error] :1:1: Premature end of file.
2026-09-17 21:37:35,177 [ERROR] LogOutputStream:75 - [STDERR_REDIRECT] 
2026-09-17 21:37:36,170 [ERROR] LogOutputStream:75 - [STDERR_REDIRECT] [Fatal Error] :1:1: Premature end of file.
2026-09-17 21:37:36,170 [ERROR] LogOutputStream:75 - [STDERR_REDIRECT] 
2026-09-17 21:37:37,191 [ERROR] LogOutputStream:75 - [STDERR_REDIRECT] [Fatal Error] :1:1: Premature end of file.
2026-09-17 21:37:37,191 [ERROR] LogOutputStream:75 - [STDERR_REDIRECT] 
2026-09-17 21:37:38,182 [ERROR] LogOutputStream:75 - [STDERR_REDIRECT] [Fatal Error] :1:1: Premature end of file.
2026-09-17 21:37:38,182 [ERROR] LogOutputStream:75 - [STDERR_REDIRECT] 
2026-09-17 21:37:39,162 [ERROR] LogOutputStream:75 - [STDERR_REDIRECT] [Fatal Error] :1:1: Premature end of file.
2026-09-17 21:37:39,162 [ERROR] LogOutputStream:75 - [STDERR_REDIRECT] 
2026-09-17 21:37:40,190 [ERROR] LogOutputStream:75 - [STDERR_REDIRECT] [Fatal Error] :1:1: Premature end of file.
2026-09-17 21:37:40,200 [ERROR] LogOutputStream:75 - [STDERR_REDIRECT] 
2026-09-17 21:37:41,186 [ERROR] LogOutputStream:75 - [STDERR_REDIRECT] [Fatal Error] :1:1: Premature end of file.
2026-09-17 21:37:41,186 [ERROR] LogOutputStream:75 - [STDERR_REDIRECT] 
2026-09-17 21:37:42,185 [ERROR] LogOutputStream:75 - [STDERR_REDIRECT] [Fatal Error] :1:1: Premature end of file.
2026-09-17 21:37:42,185 [ERROR] LogOutputStream:75 - [STDERR_REDIRECT] 
2026-09-17 21:37:43,184 [ERROR] LogOutputStream:75 - [STDERR_REDIRECT] [Fatal Error] :1:1: Premature end of file.
2026-09-17 21:37:43,184 [ERROR] LogOutputStream:75 - [STDERR_REDIRECT] 
2026-09-17 21:37:44,185 [ERROR] LogOutputStream:75 - [STDERR_REDIRECT] [Fatal Error] :1:1: Premature end of file.
2026-09-17 21:37:44,185 [ERROR] LogOutputStream:75 - [STDERR_REDIRECT] 
2026-09-17 21:37:45,184 [ERROR] LogOutputStream:75 - [STDERR_REDIRECT] [Fatal Error] :1:1: Premature end of file.
2026-09-17 21:37:45,184 [ERROR] LogOutputStream:75 - [STDERR_REDIRECT] 
2026-09-17 21:37:46,184 [ERROR] LogOutputStream:75 - [STDERR_REDIRECT] [Fatal Error] :1:1: Premature end of file.
2026-09-17 21:37:46,184 [ERROR] LogOutputStream:75 - [STDERR_REDIRECT] 
2026-09-17 21:37:47,185 [ERROR] LogOutputStream:75 - [STDERR_REDIRECT] [Fatal Error] :1:1: Premature end of file.
2026-09-17 21:37:47,186 [ERROR] LogOutputStream:75 - [STDERR_REDIRECT] 
2026-09-17 21:37:48,187 [ERROR] LogOutputStream:75 - [STDERR_REDIRECT] [Fatal Error] :1:1: Premature end of file.
2026-09-17 21:37:48,187 [ERROR] LogOutputStream:75 - [STDERR_REDIRECT] 
2026-09-17 21:37:49,187 [ERROR] LogOutputStream:75 - [STDERR_REDIRECT] [Fatal Error] :1:1: Premature end of file.
2026-09-17 21:37:49,187 [ERROR] LogOutputStream:75 - [STDERR_REDIRECT] 
2026-09-17 21:37:50,185 [ERROR] LogOutputStream:75 - [STDERR_REDIRECT] [Fatal Error] :1:1: Premature end of file.
2026-09-17 21:37:50,185 [ERROR] LogOutputStream:75 - [STDERR_REDIRECT] 
2026-09-17 21:37:51,188 [ERROR] LogOutputStream:75 - [STDERR_REDIRECT] [Fatal Error] :1:1: Premature end of file.
2026-09-17 21:37:51,188 [ERROR] LogOutputStream:75 - [STDERR_REDIRECT] 
2026-09-17 21:37:52,190 [ERROR] LogOutputStream:75 - [STDERR_REDIRECT] [Fatal Error] :1:1: Premature end of file.
2026-09-17 21:37:52,190 [ERROR] LogOutputStream:75 - [STDERR_REDIRECT] 
2026-09-17 21:37:53,188 [ERROR] LogOutputStream:75 - [STDERR_REDIRECT] [Fatal Error] :1:1: Premature end of file.
2026-09-17 21:37:53,188 [ERROR] LogOutputStream:75 - [STDERR_REDIRECT] 
2026-09-17 21:37:54,176 [ERROR] LogOutputStream:75 - [STDERR_REDIRECT] [Fatal Error] :1:1: Premature end of file.
2026-09-17 21:37:54,177 [ERROR] LogOutputStream:75 - [STDERR_REDIRECT] 
2026-09-17 21:37:55,186 [ERROR] LogOutputStream:75 - [STDERR_REDIRECT] [Fatal Error] :1:1: Premature end of file.
2026-09-17 21:37:55,186 [ERROR] LogOutputStream:75 - [STDERR_REDIRECT] 
2026-09-17 21:37:56,181 [ERROR] LogOutputStream:75 - [STDERR_REDIRECT] [Fatal Error] :1:1: Premature end of file.
2026-09-17 21:37:56,181 [ERROR] LogOutputStream:75 - [STDERR_REDIRECT] 
2026-09-17 21:37:57,183 [ERROR] LogOutputStream:75 - [STDERR_REDIRECT] [Fatal Error] :1:1: Premature end of file.
2026-09-17 21:37:57,183 [ERROR] LogOutputStream:75 - [STDERR_REDIRECT] 
2026-09-17 21:37:58,186 [ERROR] LogOutputStream:75 - [STDERR_REDIRECT] [Fatal Error] :1:1: Premature end of file.
2026-09-17 21:37:58,186 [ERROR] LogOutputStream:75 - [STDERR_REDIRECT] 
2026-09-17 21:37:59,184 [ERROR] LogOutputStream:75 - [STDERR_REDIRECT] [Fatal Error] :1:1: Premature end of file.
2026-09-17 21:37:59,184 [ERROR] LogOutputStream:75 - [STDERR_REDIRECT] 
2026-09-17 21:38:00,187 [ERROR] LogOutputStream:75 - [STDERR_REDIRECT] [Fatal Error] :1:1: Premature end of file.
2026-09-17 21:38:00,187 [ERROR] LogOutputStream:75 - [STDERR_REDIRECT] 
2026-09-17 21:38:01,182 [ERROR] LogOutputStream:75 - [STDERR_REDIRECT] [Fatal Error] :1:1: Premature end of file.
2026-09-17 21:38:01,182 [ERROR] LogOutputStream:75 - [STDERR_REDIRECT] 
2026-09-17 21:38:02,186 [ERROR] LogOutputStream:75 - [STDERR_REDIRECT] [Fatal Error] :1:1: Premature end of file.
2026-09-17 21:38:02,186 [ERROR] LogOutputStream:75 - [STDERR_REDIRECT] 
2026-09-17 21:38:03,185 [ERROR] LogOutputStream:75 - [STDERR_REDIRECT] [Fatal Error] :1:1: Premature end of file.
2026-09-17 21:38:03,185 [ERROR] LogOutputStream:75 - [STDERR_REDIRECT] 
2026-09-17 21:38:04,180 [ERROR] LogOutputStream:75 - [STDERR_REDIRECT] [Fatal Error] :1:1: Premature end of file.
2026-09-17 21:38:04,180 [ERROR] LogOutputStream:75 - [STDERR_REDIRECT] 
2026-09-17 21:38:05,187 [ERROR] LogOutputStream:75 - [STDERR_REDIRECT] [Fatal Error] :1:1: Premature end of file.
2026-09-17 21:38:05,187 [ERROR] LogOutputStream:75 - [STDERR_REDIRECT] 
2026-09-17 21:38:06,185 [ERROR] LogOutputStream:75 - [STDERR_REDIRECT] [Fatal Error] :1:1: Premature end of file.
2026-09-17 21:38:06,185 [ERROR] LogOutputStream:75 - [STDERR_REDIRECT] 
2026-09-17 21:38:07,190 [ERROR] LogOutputStream:75 - [STDERR_REDIRECT] [Fatal Error] :1:1: Premature end of file.
2026-09-17 21:38:07,190 [ERROR] LogOutputStream:75 - [STDERR_REDIRECT] 
2026-09-17 21:38:08,184 [ERROR] LogOutputStream:75 - [STDERR_REDIRECT] [Fatal Error] :1:1: Premature end of file.
2026-09-17 21:38:08,184 [ERROR] LogOutputStream:75 - [STDERR_REDIRECT] 
2026-09-17 21:38:09,183 [ERROR] LogOutputStream:75 - [STDERR_REDIRECT] [Fatal Error] :1:1: Premature end of file.
2026-09-17 21:38:09,183 [ERROR] LogOutputStream:75 - [STDERR_REDIRECT] 
2026-09-17 21:38:10,191 [ERROR] LogOutputStream:75 - [STDERR_REDIRECT] [Fatal Error] :1:1: Premature end of file.
2026-09-17 21:38:10,191 [ERROR] LogOutputStream:75 - [STDERR_REDIRECT] 
2026-09-17 21:38:11,187 [ERROR] LogOutputStream:75 - [STDERR_REDIRECT] [Fatal Error] :1:1: Premature end of file.
2026-09-17 21:38:11,188 [ERROR] LogOutputStream:75 - [STDERR_REDIRECT] 
2026-09-17 21:38:12,186 [ERROR] LogOutputStream:75 - [STDERR_REDIRECT] [Fatal Error] :1:1: Premature end of file.
2026-09-17 21:38:12,186 [ERROR] LogOutputStream:75 - [STDERR_REDIRECT] 
2026-09-17 21:38:13,186 [ERROR] LogOutputStream:75 - [STDERR_REDIRECT] [Fatal Error] :1:1: Premature end of file.
2026-09-17 21:38:13,186 [ERROR] LogOutputStream:75 - [STDERR_REDIRECT] 
2026-09-17 21:38:14,182 [ERROR] LogOutputStream:75 - [STDERR_REDIRECT] [Fatal Error] :1:1: Premature end of file.
2026-09-17 21:38:14,182 [ERROR] LogOutputStream:75 - [STDERR_REDIRECT] 
2026-09-17 21:38:15,179 [ERROR] LogOutputStream:75 - [STDERR_REDIRECT] [Fatal Error] :1:1: Premature end of file.
2026-09-17 21:38:15,179 [ERROR] LogOutputStream:75 - [STDERR_REDIRECT] 
2026-09-17 21:38:16,185 [ERROR] LogOutputStream:75 - [STDERR_REDIRECT] [Fatal Error] :1:1: Premature end of file.
2026-09-17 21:38:16,187 [ERROR] LogOutputStream:75 - [STDERR_REDIRECT] 
2026-09-17 21:38:17,191 [ERROR] LogOutputStream:75 - [STDERR_REDIRECT] [Fatal Error] :1:1: Premature end of file.
2026-09-17 21:38:17,192 [ERROR] LogOutputStream:75 - [STDERR_REDIRECT] 
2026-09-17 21:38:18,182 [ERROR] LogOutputStream:75 - [STDERR_REDIRECT] [Fatal Error] :1:1: Premature end of file.
2026-09-17 21:38:18,182 [ERROR] LogOutputStream:75 - [STDERR_REDIRECT] 
2026-09-17 21:38:19,177 [ERROR] LogOutputStream:75 - [STDERR_REDIRECT] [Fatal Error] :1:1: Premature end of file.
2026-09-17 21:38:19,177 [ERROR] LogOutputStream:75 - [STDERR_REDIRECT] 
2026-09-17 21:38:20,187 [ERROR] LogOutputStream:75 - [STDERR_REDIRECT] [Fatal Error] :1:1: Premature end of file.
2026-09-17 21:38:20,187 [ERROR] LogOutputStream:75 - [STDERR_REDIRECT] 
2026-09-17 21:38:21,158 [ERROR] LogOutputStream:75 - [STDERR_REDIRECT] [Fatal Error] :1:1: Premature end of file.
2026-09-17 21:38:21,158 [ERROR] LogOutputStream:75 - [STDERR_REDIRECT] 
2026-09-17 21:38:22,187 [ERROR] LogOutputStream:75 - [STDERR_REDIRECT] [Fatal Error] :1:1: Premature end of file.
2026-09-17 21:38:22,187 [ERROR] LogOutputStream:75 - [STDERR_REDIRECT] 
2026-09-17 21:38:23,178 [ERROR] LogOutputStream:75 - [STDERR_REDIRECT] [Fatal Error] :1:1: Premature end of file.
2026-09-17 21:38:23,178 [ERROR] LogOutputStream:75 - [STDERR_REDIRECT] 
2026-09-17 21:38:24,152 [ERROR] LogOutputStream:75 - [STDERR_REDIRECT] [Fatal Error] :1:1: Premature end of file.
2026-09-17 21:38:24,152 [ERROR] LogOutputStream:75 - [STDERR_REDIRECT] 
2026-09-17 21:38:25,188 [ERROR] LogOutputStream:75 - [STDERR_REDIRECT] [Fatal Error] :1:1: Premature end of file.
2026-09-17 21:38:25,188 [ERROR] LogOutputStream:75 - [STDERR_REDIRECT] 
2026-09-17 21:38:26,181 [ERROR] LogOutputStream:75 - [STDERR_REDIRECT] [Fatal Error] :1:1: Premature end of file.
2026-09-17 21:38:26,181 [ERROR] LogOutputStream:75 - [STDERR_REDIRECT] 
2026-09-17 21:38:27,166 [ERROR] LogOutputStream:75 - [STDERR_REDIRECT] [Fatal Error] :1:1: Premature end of file.
2026-09-17 21:38:27,166 [ERROR] LogOutputStream:75 - [STDERR_REDIRECT] 
2026-09-17 21:38:28,170 [ERROR] LogOutputStream:75 - [STDERR_REDIRECT] [Fatal Error] :1:1: Premature end of file.
2026-09-17 21:38:28,170 [ERROR] LogOutputStream:75 - [STDERR_REDIRECT] 
2026-09-17 21:38:29,187 [ERROR] LogOutputStream:75 - [STDERR_REDIRECT] [Fatal Error] :1:1: Premature end of file.
2026-09-17 21:38:29,187 [ERROR] LogOutputStream:75 - [STDERR_REDIRECT] 
2026-09-17 21:38:30,180 [ERROR] LogOutputStream:75 - [STDERR_REDIRECT] [Fatal Error] :1:1: Premature end of file.
2026-09-17 21:38:30,180 [ERROR] LogOutputStream:75 - [STDERR_REDIRECT] 
2026-09-17 21:38:31,178 [ERROR] LogOutputStream:75 - [STDERR_REDIRECT] [Fatal Error] :1:1: Premature end of file.
2026-09-17 21:38:31,178 [ERROR] LogOutputStream:75 - [STDERR_REDIRECT] 
2026-09-17 21:38:32,162 [ERROR] LogOutputStream:75 - [STDERR_REDIRECT] [Fatal Error] :1:1: Premature end of file.
2026-09-17 21:38:32,162 [ERROR] LogOutputStream:75 - [STDERR_REDIRECT] 
2026-09-17 21:38:33,156 [ERROR] LogOutputStream:75 - [STDERR_REDIRECT] [Fatal Error] :1:1: Premature end of file.
2026-09-17 21:38:33,156 [ERROR] LogOutputStream:75 - [STDERR_REDIRECT] 
2026-09-17 21:38:34,160 [ERROR] LogOutputStream:75 - [STDERR_REDIRECT] [Fatal Error] :1:1: Premature end of file.
2026-09-17 21:38:34,160 [ERROR] LogOutputStream:75 - [STDERR_REDIRECT] 
2026-09-17 21:38:35,163 [ERROR] LogOutputStream:75 - [STDERR_REDIRECT] [Fatal Error] :1:1: Premature end of file.
2026-09-17 21:38:35,164 [ERROR] LogOutputStream:75 - [STDERR_REDIRECT] 
2026-09-17 21:38:36,178 [ERROR] LogOutputStream:75 - [STDERR_REDIRECT] [Fatal Error] :1:1: Premature end of file.
2026-09-17 21:38:36,178 [ERROR] LogOutputStream:75 - [STDERR_REDIRECT] 
2026-09-17 21:38:37,167 [ERROR] LogOutputStream:75 - [STDERR_REDIRECT] [Fatal Error] :1:1: Premature end of file.
2026-09-17 21:38:37,167 [ERROR] LogOutputStream:75 - [STDERR_REDIRECT] 
2026-09-17 21:38:38,158 [ERROR] LogOutputStream:75 - [STDERR_REDIRECT] [Fatal Error] :1:1: Premature end of file.
2026-09-17 21:38:38,159 [ERROR] LogOutputStream:75 - [STDERR_REDIRECT] 
2026-09-17 21:38:39,188 [ERROR] LogOutputStream:75 - [STDERR_REDIRECT] [Fatal Error] :1:1: Premature end of file.
2026-09-17 21:38:39,188 [ERROR] LogOutputStream:75 - [STDERR_REDIRECT] 
2026-09-17 21:38:40,193 [ERROR] LogOutputStream:75 - [STDERR_REDIRECT] [Fatal Error] :1:1: Premature end of file.
2026-09-17 21:38:40,193 [ERROR] LogOutputStream:75 - [STDERR_REDIRECT] 
2026-09-17 21:38:41,179 [ERROR] LogOutputStream:75 - [STDERR_REDIRECT] [Fatal Error] :1:1: Premature end of file.
2026-09-17 21:38:41,179 [ERROR] LogOutputStream:75 - [STDERR_REDIRECT] 
2026-09-17 21:38:42,183 [ERROR] LogOutputStream:75 - [STDERR_REDIRECT] [Fatal Error] :1:1: Premature end of file.
2026-09-17 21:38:42,183 [ERROR] LogOutputStream:75 - [STDERR_REDIRECT] 
2026-09-17 21:38:43,174 [ERROR] LogOutputStream:75 - [STDERR_REDIRECT] [Fatal Error] :1:1: Premature end of file.
2026-09-17 21:38:43,174 [ERROR] LogOutputStream:75 - [STDERR_REDIRECT] 
2026-09-17 21:38:44,172 [ERROR] LogOutputStream:75 - [STDERR_REDIRECT] [Fatal Error] :1:1: Premature end of file.
2026-09-17 21:38:44,172 [ERROR] LogOutputStream:75 - [STDERR_REDIRECT] 
2026-09-17 21:38:45,184 [ERROR] LogOutputStream:75 - [STDERR_REDIRECT] [Fatal Error] :1:1: Premature end of file.
2026-09-17 21:38:45,184 [ERROR] LogOutputStream:75 - [STDERR_REDIRECT] 
2026-09-17 21:38:46,182 [ERROR] LogOutputStream:75 - [STDERR_REDIRECT] [Fatal Error] :1:1: Premature end of file.
2026-09-17 21:38:46,183 [ERROR] LogOutputStream:75 - [STDERR_REDIRECT] 
2026-09-17 21:38:47,184 [ERROR] LogOutputStream:75 - [STDERR_REDIRECT] [Fatal Error] :1:1: Premature end of file.
2026-09-17 21:38:47,184 [ERROR] LogOutputStream:75 - [STDERR_REDIRECT] 
2026-09-17 21:38:48,170 [ERROR] LogOutputStream:75 - [STDERR_REDIRECT] [Fatal Error] :1:1: Premature end of file.
2026-09-17 21:38:48,170 [ERROR] LogOutputStream:75 - [STDERR_REDIRECT] 
2026-09-17 21:38:49,186 [ERROR] LogOutputStream:75 - [STDERR_REDIRECT] [Fatal Error] :1:1: Premature end of file.
2026-09-17 21:38:49,186 [ERROR] LogOutputStream:75 - [STDERR_REDIRECT] 
2026-09-17 21:38:50,189 [ERROR] LogOutputStream:75 - [STDERR_REDIRECT] [Fatal Error] :1:1: Premature end of file.
2026-09-17 21:38:50,189 [ERROR] LogOutputStream:75 - [STDERR_REDIRECT] 
2026-09-17 21:38:51,188 [ERROR] LogOutputStream:75 - [STDERR_REDIRECT] [Fatal Error] :1:1: Premature end of file.
2026-09-17 21:38:51,188 [ERROR] LogOutputStream:75 - [STDERR_REDIRECT] 
2026-09-17 21:38:52,185 [ERROR] LogOutputStream:75 - [STDERR_REDIRECT] [Fatal Error] :1:1: Premature end of file.
2026-09-17 21:38:52,185 [ERROR] LogOutputStream:75 - [STDERR_REDIRECT] 
2026-09-17 21:38:53,186 [ERROR] LogOutputStream:75 - [STDERR_REDIRECT] [Fatal Error] :1:1: Premature end of file.
2026-09-17 21:38:53,187 [ERROR] LogOutputStream:75 - [STDERR_REDIRECT] 
2026-09-17 21:38:54,174 [ERROR] LogOutputStream:75 - [STDERR_REDIRECT] [Fatal Error] :1:1: Premature end of file.
2026-09-17 21:38:54,174 [ERROR] LogOutputStream:75 - [STDERR_REDIRECT] 
2026-09-17 21:38:55,186 [ERROR] LogOutputStream:75 - [STDERR_REDIRECT] [Fatal Error] :1:1: Premature end of file.
2026-09-17 21:38:55,197 [ERROR] LogOutputStream:75 - [STDERR_REDIRECT] 
2026-09-17 21:38:56,178 [ERROR] LogOutputStream:75 - [STDERR_REDIRECT] [Fatal Error] :1:1: Premature end of file.
2026-09-17 21:38:56,178 [ERROR] LogOutputStream:75 - [STDERR_REDIRECT] 
2026-09-17 21:38:57,191 [ERROR] LogOutputStream:75 - [STDERR_REDIRECT] [Fatal Error] :1:1: Premature end of file.
2026-09-17 21:38:57,191 [ERROR] LogOutputStream:75 - [STDERR_REDIRECT] 
2026-09-17 21:38:58,186 [ERROR] LogOutputStream:75 - [STDERR_REDIRECT] [Fatal Error] :1:1: Premature end of file.
2026-09-17 21:38:58,186 [ERROR] LogOutputStream:75 - [STDERR_REDIRECT] 
2026-09-17 21:38:59,183 [ERROR] LogOutputStream:75 - [STDERR_REDIRECT] [Fatal Error] :1:1: Premature end of file.
2026-09-17 21:38:59,183 [ERROR] LogOutputStream:75 - [STDERR_REDIRECT] 
2026-09-17 21:39:00,186 [ERROR] LogOutputStream:75 - [STDERR_REDIRECT] [Fatal Error] :1:1: Premature end of file.
2026-09-17 21:39:00,187 [ERROR] LogOutputStream:75 - [STDERR_REDIRECT] 
2026-09-17 21:39:01,184 [ERROR] LogOutputStream:75 - [STDERR_REDIRECT] [Fatal Error] :1:1: Premature end of file.
2026-09-17 21:39:01,184 [ERROR] LogOutputStream:75 - [STDERR_REDIRECT] 
2026-09-17 21:39:02,178 [ERROR] LogOutputStream:75 - [STDERR_REDIRECT] [Fatal Error] :1:1: Premature end of file.
2026-09-17 21:39:02,178 [ERROR] LogOutputStream:75 - [STDERR_REDIRECT] 
2026-09-17 21:39:03,171 [ERROR] LogOutputStream:75 - [STDERR_REDIRECT] [Fatal Error] :1:1: Premature end of file.
2026-09-17 21:39:03,173 [ERROR] LogOutputStream:75 - [STDERR_REDIRECT] 
2026-09-17 21:39:04,166 [ERROR] LogOutputStream:75 - [STDERR_REDIRECT] [Fatal Error] :1:1: Premature end of file.
2026-09-17 21:39:04,166 [ERROR] LogOutputStream:75 - [STDERR_REDIRECT] 
2026-09-17 21:39:05,190 [ERROR] LogOutputStream:75 - [STDERR_REDIRECT] [Fatal Error] :1:1: Premature end of file.
2026-09-17 21:39:05,190 [ERROR] LogOutputStream:75 - [STDERR_REDIRECT] 
2026-09-17 21:39:06,185 [ERROR] LogOutputStream:75 - [STDERR_REDIRECT] [Fatal Error] :1:1: Premature end of file.
2026-09-17 21:39:06,185 [ERROR] LogOutputStream:75 - [STDERR_REDIRECT] 
2026-09-17 21:39:07,184 [ERROR] LogOutputStream:75 - [STDERR_REDIRECT] [Fatal Error] :1:1: Premature end of file.
2026-09-17 21:39:07,184 [ERROR] LogOutputStream:75 - [STDERR_REDIRECT] 
2026-09-17 21:39:08,187 [ERROR] LogOutputStream:75 - [STDERR_REDIRECT] [Fatal Error] :1:1: Premature end of file.
2026-09-17 21:39:08,187 [ERROR] LogOutputStream:75 - [STDERR_REDIRECT] 
2026-09-17 21:39:09,189 [ERROR] LogOutputStream:75 - [STDERR_REDIRECT] [Fatal Error] :1:1: Premature end of file.
2026-09-17 21:39:09,189 [ERROR] LogOutputStream:75 - [STDERR_REDIRECT] 
2026-09-17 21:39:10,187 [ERROR] LogOutputStream:75 - [STDERR_REDIRECT] [Fatal Error] :1:1: Premature end of file.
2026-09-17 21:39:10,192 [ERROR] LogOutputStream:75 - [STDERR_REDIRECT] 
2026-09-17 21:39:11,182 [ERROR] LogOutputStream:75 - [STDERR_REDIRECT] [Fatal Error] :1:1: Premature end of file.
2026-09-17 21:39:11,182 [ERROR] LogOutputStream:75 - [STDERR_REDIRECT] 
2026-09-17 21:39:12,167 [ERROR] LogOutputStream:75 - [STDERR_REDIRECT] [Fatal Error] :1:1: Premature end of file.
2026-09-17 21:39:12,167 [ERROR] LogOutputStream:75 - [STDERR_REDIRECT] 
2026-09-17 21:39:13,192 [ERROR] LogOutputStream:75 - [STDERR_REDIRECT] [Fatal Error] :1:1: Premature end of file.
2026-09-17 21:39:13,192 [ERROR] LogOutputStream:75 - [STDERR_REDIRECT] 
2026-09-17 21:39:14,190 [ERROR] LogOutputStream:75 - [STDERR_REDIRECT] [Fatal Error] :1:1: Premature end of file.
2026-09-17 21:39:14,190 [ERROR] LogOutputStream:75 - [STDERR_REDIRECT] 
2026-09-17 21:39:15,155 [ERROR] LogOutputStream:75 - [STDERR_REDIRECT] [Fatal Error] :1:1: Premature end of file.
2026-09-17 21:39:15,155 [ERROR] LogOutputStream:75 - [STDERR_REDIRECT] 
2026-09-17 21:39:16,202 [ERROR] LogOutputStream:75 - [STDERR_REDIRECT] [Fatal Error] :1:1: Premature end of file.
2026-09-17 21:39:16,203 [ERROR] LogOutputStream:75 - [STDERR_REDIRECT] 
2026-09-17 21:39:17,164 [ERROR] LogOutputStream:75 - [STDERR_REDIRECT] [Fatal Error] :1:1: Premature end of file.
2026-09-17 21:39:17,164 [ERROR] LogOutputStream:75 - [STDERR_REDIRECT] 
2026-09-17 21:39:18,194 [ERROR] LogOutputStream:75 - [STDERR_REDIRECT] [Fatal Error] :1:1: Premature end of file.
2026-09-17 21:39:18,194 [ERROR] LogOutputStream:75 - [STDERR_REDIRECT] 
2026-09-17 21:39:19,163 [ERROR] LogOutputStream:75 - [STDERR_REDIRECT] [Fatal Error] :1:1: Premature end of file.
2026-09-17 21:39:19,163 [ERROR] LogOutputStream:75 - [STDERR_REDIRECT] 
2026-09-17 21:39:20,143 [ERROR] LogOutputStream:75 - [STDERR_REDIRECT] [Fatal Error] :1:1: Premature end of file.
2026-09-17 21:39:20,143 [ERROR] LogOutputStream:75 - [STDERR_REDIRECT] 
2026-09-17 21:39:21,180 [ERROR] LogOutputStream:75 - [STDERR_REDIRECT] [Fatal Error] :1:1: Premature end of file.
2026-09-17 21:39:21,180 [ERROR] LogOutputStream:75 - [STDERR_REDIRECT] 
2026-09-17 21:39:22,183 [ERROR] LogOutputStream:75 - [STDERR_REDIRECT] [Fatal Error] :1:1: Premature end of file.
2026-09-17 21:39:22,183 [ERROR] LogOutputStream:75 - [STDERR_REDIRECT] 
2026-09-17 21:39:23,155 [ERROR] LogOutputStream:75 - [STDERR_REDIRECT] [Fatal Error] :1:1: Premature end of file.
2026-09-17 21:39:23,155 [ERROR] LogOutputStream:75 - [STDERR_REDIRECT] 
2026-09-17 21:39:24,174 [ERROR] LogOutputStream:75 - [STDERR_REDIRECT] [Fatal Error] :1:1: Premature end of file.
2026-09-17 21:39:24,174 [ERROR] LogOutputStream:75 - [STDERR_REDIRECT] 
2026-09-17 21:39:25,181 [ERROR] LogOutputStream:75 - [STDERR_REDIRECT] [Fatal Error] :1:1: Premature end of file.
2026-09-17 21:39:25,181 [ERROR] LogOutputStream:75 - [STDERR_REDIRECT] 
2026-09-17 21:39:26,171 [ERROR] LogOutputStream:75 - [STDERR_REDIRECT] [Fatal Error] :1:1: Premature end of file.
2026-09-17 21:39:26,171 [ERROR] LogOutputStream:75 - [STDERR_REDIRECT] 
2026-09-17 21:39:27,160 [ERROR] LogOutputStream:75 - [STDERR_REDIRECT] [Fatal Error] :1:1: Premature end of file.
2026-09-17 21:39:27,160 [ERROR] LogOutputStream:75 - [STDERR_REDIRECT] 
2026-09-17 21:39:28,160 [ERROR] LogOutputStream:75 - [STDERR_REDIRECT] [Fatal Error] :1:1: Premature end of file.
2026-09-17 21:39:28,160 [ERROR] LogOutputStream:75 - [STDERR_REDIRECT] 
2026-09-17 21:39:29,179 [ERROR] LogOutputStream:75 - [STDERR_REDIRECT] [Fatal Error] :1:1: Premature end of file.
2026-09-17 21:39:29,179 [ERROR] LogOutputStream:75 - [STDERR_REDIRECT] 
2026-09-17 21:39:30,182 [ERROR] LogOutputStream:75 - [STDERR_REDIRECT] [Fatal Error] :1:1: Premature end of file.
2026-09-17 21:39:30,183 [ERROR] LogOutputStream:75 - [STDERR_REDIRECT] 
2026-09-17 21:39:31,186 [ERROR] LogOutputStream:75 - [STDERR_REDIRECT] [Fatal Error] :1:1: Premature end of file.
2026-09-17 21:39:31,186 [ERROR] LogOutputStream:75 - [STDERR_REDIRECT] 
2026-09-17 21:39:32,155 [ERROR] LogOutputStream:75 - [STDERR_REDIRECT] [Fatal Error] :1:1: Premature end of file.
2026-09-17 21:39:32,155 [ERROR] LogOutputStream:75 - [STDERR_REDIRECT] 
2026-09-17 21:39:33,176 [ERROR] LogOutputStream:75 - [STDERR_REDIRECT] [Fatal Error] :1:1: Premature end of file.
2026-09-17 21:39:33,176 [ERROR] LogOutputStream:75 - [STDERR_REDIRECT] 
2026-09-17 21:39:34,173 [ERROR] LogOutputStream:75 - [STDERR_REDIRECT] [Fatal Error] :1:1: Premature end of file.
2026-09-17 21:39:34,173 [ERROR] LogOutputStream:75 - [STDERR_REDIRECT] 
2026-09-17 21:39:35,151 [ERROR] LogOutputStream:75 - [STDERR_REDIRECT] [Fatal Error] :1:1: Premature end of file.
2026-09-17 21:39:35,152 [ERROR] LogOutputStream:75 - [STDERR_REDIRECT] 
2026-09-17 21:39:36,182 [ERROR] LogOutputStream:75 - [STDERR_REDIRECT] [Fatal Error] :1:1: Premature end of file.
2026-09-17 21:39:36,182 [ERROR] LogOutputStream:75 - [STDERR_REDIRECT] 
2026-09-17 21:39:37,182 [ERROR] LogOutputStream:75 - [STDERR_REDIRECT] [Fatal Error] :1:1: Premature end of file.
2026-09-17 21:39:37,184 [ERROR] LogOutputStream:75 - [STDERR_REDIRECT] 
2026-09-17 21:39:38,188 [ERROR] LogOutputStream:75 - [STDERR_REDIRECT] [Fatal Error] :1:1: Premature end of file.
2026-09-17 21:39:38,188 [ERROR] LogOutputStream:75 - [STDERR_REDIRECT] 
2026-09-17 21:39:39,184 [ERROR] LogOutputStream:75 - [STDERR_REDIRECT] [Fatal Error] :1:1: Premature end of file.
2026-09-17 21:39:39,186 [ERROR] LogOutputStream:75 - [STDERR_REDIRECT] 
2026-09-17 21:39:40,185 [ERROR] LogOutputStream:75 - [STDERR_REDIRECT] [Fatal Error] :1:1: Premature end of file.
2026-09-17 21:39:40,185 [ERROR] LogOutputStream:75 - [STDERR_REDIRECT] 
2026-09-17 21:39:41,187 [ERROR] LogOutputStream:75 - [STDERR_REDIRECT] [Fatal Error] :1:1: Premature end of file.
2026-09-17 21:39:41,187 [ERROR] LogOutputStream:75 - [STDERR_REDIRECT] 
2026-09-17 21:39:42,186 [ERROR] LogOutputStream:75 - [STDERR_REDIRECT] [Fatal Error] :1:1: Premature end of file.
2026-09-17 21:39:42,186 [ERROR] LogOutputStream:75 - [STDERR_REDIRECT] 
2026-09-17 21:39:43,187 [ERROR] LogOutputStream:75 - [STDERR_REDIRECT] [Fatal Error] :1:1: Premature end of file.
2026-09-17 21:39:43,187 [ERROR] LogOutputStream:75 - [STDERR_REDIRECT] 
2026-09-17 21:39:44,188 [ERROR] LogOutputStream:75 - [STDERR_REDIRECT] [Fatal Error] :1:1: Premature end of file.
2026-09-17 21:39:44,188 [ERROR] LogOutputStream:75 - [STDERR_REDIRECT] 
2026-09-17 21:39:45,190 [ERROR] LogOutputStream:75 - [STDERR_REDIRECT] [Fatal Error] :1:1: Premature end of file.
2026-09-17 21:39:45,190 [ERROR] LogOutputStream:75 - [STDERR_REDIRECT] 
2026-09-17 21:39:46,175 [ERROR] LogOutputStream:75 - [STDERR_REDIRECT] [Fatal Error] :1:1: Premature end of file.
2026-09-17 21:39:46,175 [ERROR] LogOutputStream:75 - [STDERR_REDIRECT] 
2026-09-17 21:39:47,159 [ERROR] LogOutputStream:75 - [STDERR_REDIRECT] [Fatal Error] :1:1: Premature end of file.
2026-09-17 21:39:47,159 [ERROR] LogOutputStream:75 - [STDERR_REDIRECT] 
2026-09-17 21:39:48,148 [ERROR] LogOutputStream:75 - [STDERR_REDIRECT] [Fatal Error] :1:1: Premature end of file.
2026-09-17 21:39:48,148 [ERROR] LogOutputStream:75 - [STDERR_REDIRECT] 
2026-09-17 21:39:49,149 [ERROR] LogOutputStream:75 - [STDERR_REDIRECT] [Fatal Error] :1:1: Premature end of file.
2026-09-17 21:39:49,149 [ERROR] LogOutputStream:75 - [STDERR_REDIRECT] 
2026-09-17 21:39:50,147 [ERROR] LogOutputStream:75 - [STDERR_REDIRECT] [Fatal Error] :1:1: Premature end of file.
2026-09-17 21:39:50,147 [ERROR] LogOutputStream:75 - [STDERR_REDIRECT] 
2026-09-17 21:39:51,141 [ERROR] LogOutputStream:75 - [STDERR_REDIRECT] [Fatal Error] :1:1: Premature end of file.
2026-09-17 21:39:51,141 [ERROR] LogOutputStream:75 - [STDERR_REDIRECT] 
2026-09-17 21:39:52,152 [ERROR] LogOutputStream:75 - [STDERR_REDIRECT] [Fatal Error] :1:1: Premature end of file.
2026-09-17 21:39:52,152 [ERROR] LogOutputStream:75 - [STDERR_REDIRECT] 
2026-09-17 21:39:53,145 [ERROR] LogOutputStream:75 - [STDERR_REDIRECT] [Fatal Error] :1:1: Premature end of file.
2026-09-17 21:39:53,145 [ERROR] LogOutputStream:75 - [STDERR_REDIRECT] 
2026-09-17 21:39:54,149 [ERROR] LogOutputStream:75 - [STDERR_REDIRECT] [Fatal Error] :1:1: Premature end of file.
2026-09-17 21:39:54,149 [ERROR] LogOutputStream:75 - [STDERR_REDIRECT] 
2026-09-17 21:39:55,143 [ERROR] LogOutputStream:75 - [STDERR_REDIRECT] [Fatal Error] :1:1: Premature end of file.
2026-09-17 21:39:55,143 [ERROR] LogOutputStream:75 - [STDERR_REDIRECT] 
2026-09-17 21:39:56,145 [ERROR] LogOutputStream:75 - [STDERR_REDIRECT] [Fatal Error] :1:1: Premature end of file.
2026-09-17 21:39:56,145 [ERROR] LogOutputStream:75 - [STDERR_REDIRECT] 
2026-09-17 21:39:57,143 [ERROR] LogOutputStream:75 - [STDERR_REDIRECT] [Fatal Error] :1:1: Premature end of file.
2026-09-17 21:39:57,143 [ERROR] LogOutputStream:75 - [STDERR_REDIRECT] 
2026-09-17 21:39:58,148 [ERROR] LogOutputStream:75 - [STDERR_REDIRECT] [Fatal Error] :1:1: Premature end of file.
2026-09-17 21:39:58,148 [ERROR] LogOutputStream:75 - [STDERR_REDIRECT] 
2026-09-17 21:39:59,152 [ERROR] LogOutputStream:75 - [STDERR_REDIRECT] [Fatal Error] :1:1: Premature end of file.
2026-09-17 21:39:59,152 [ERROR] LogOutputStream:75 - [STDERR_REDIRECT] 
2026-09-17 21:40:00,162 [ERROR] LogOutputStream:75 - [STDERR_REDIRECT] [Fatal Error] :1:1: Premature end of file.
2026-09-17 21:40:00,162 [ERROR] LogOutputStream:75 - [STDERR_REDIRECT] 
2026-09-17 21:40:01,149 [ERROR] LogOutputStream:75 - [STDERR_REDIRECT] [Fatal Error] :1:1: Premature end of file.
2026-09-17 21:40:01,149 [ERROR] LogOutputStream:75 - [STDERR_REDIRECT] 
2026-09-17 21:40:02,153 [ERROR] LogOutputStream:75 - [STDERR_REDIRECT] [Fatal Error] :1:1: Premature end of file.
2026-09-17 21:40:02,154 [ERROR] LogOutputStream:75 - [STDERR_REDIRECT] 
2026-09-17 21:40:03,150 [ERROR] LogOutputStream:75 - [STDERR_REDIRECT] [Fatal Error] :1:1: Premature end of file.
2026-09-17 21:40:03,150 [ERROR] LogOutputStream:75 - [STDERR_REDIRECT] 
2026-09-17 21:40:04,140 [ERROR] LogOutputStream:75 - [STDERR_REDIRECT] [Fatal Error] :1:1: Premature end of file.
2026-09-17 21:40:04,140 [ERROR] LogOutputStream:75 - [STDERR_REDIRECT] 
2026-09-17 21:40:05,151 [ERROR] LogOutputStream:75 - [STDERR_REDIRECT] [Fatal Error] :1:1: Premature end of file.
2026-09-17 21:40:05,151 [ERROR] LogOutputStream:75 - [STDERR_REDIRECT] 
2026-09-17 21:40:06,142 [ERROR] LogOutputStream:75 - [STDERR_REDIRECT] [Fatal Error] :1:1: Premature end of file.
2026-09-17 21:40:06,142 [ERROR] LogOutputStream:75 - [STDERR_REDIRECT] 
2026-09-17 21:40:07,136 [ERROR] LogOutputStream:75 - [STDERR_REDIRECT] [Fatal Error] :1:1: Premature end of file.
2026-09-17 21:40:07,136 [ERROR] LogOutputStream:75 - [STDERR_REDIRECT] 
2026-09-17 21:40:08,149 [ERROR] LogOutputStream:75 - [STDERR_REDIRECT] [Fatal Error] :1:1: Premature end of file.
2026-09-17 21:40:08,149 [ERROR] LogOutputStream:75 - [STDERR_REDIRECT] 
2026-09-17 21:40:09,187 [ERROR] LogOutputStream:75 - [STDERR_REDIRECT] [Fatal Error] :1:1: Premature end of file.
2026-09-17 21:40:09,187 [ERROR] LogOutputStream:75 - [STDERR_REDIRECT] 
2026-09-17 21:40:10,157 [ERROR] LogOutputStream:75 - [STDERR_REDIRECT] [Fatal Error] :1:1: Premature end of file.
2026-09-17 21:40:10,157 [ERROR] LogOutputStream:75 - [STDERR_REDIRECT] 
2026-09-17 21:40:11,147 [ERROR] LogOutputStream:75 - [STDERR_REDIRECT] [Fatal Error] :1:1: Premature end of file.
2026-09-17 21:40:11,147 [ERROR] LogOutputStream:75 - [STDERR_REDIRECT] 
2026-09-17 21:40:12,175 [ERROR] LogOutputStream:75 - [STDERR_REDIRECT] [Fatal Error] :1:1: Premature end of file.
2026-09-17 21:40:12,177 [ERROR] LogOutputStream:75 - [STDERR_REDIRECT] 
2026-09-17 21:40:13,146 [ERROR] LogOutputStream:75 - [STDERR_REDIRECT] [Fatal Error] :1:1: Premature end of file.
2026-09-17 21:40:13,146 [ERROR] LogOutputStream:75 - [STDERR_REDIRECT] 
2026-09-17 21:40:14,148 [ERROR] LogOutputStream:75 - [STDERR_REDIRECT] [Fatal Error] :1:1: Premature end of file.
2026-09-17 21:40:14,148 [ERROR] LogOutputStream:75 - [STDERR_REDIRECT] 
2026-09-17 21:40:15,157 [ERROR] LogOutputStream:75 - [STDERR_REDIRECT] [Fatal Error] :1:1: Premature end of file.
2026-09-17 21:40:15,157 [ERROR] LogOutputStream:75 - [STDERR_REDIRECT] 
2026-09-17 21:40:16,164 [ERROR] LogOutputStream:75 - [STDERR_REDIRECT] [Fatal Error] :1:1: Premature end of file.
2026-09-17 21:40:16,164 [ERROR] LogOutputStream:75 - [STDERR_REDIRECT] 
2026-09-17 21:40:17,149 [ERROR] LogOutputStream:75 - [STDERR_REDIRECT] [Fatal Error] :1:1: Premature end of file.
2026-09-17 21:40:17,150 [ERROR] LogOutputStream:75 - [STDERR_REDIRECT] 
2026-09-17 21:40:18,143 [ERROR] LogOutputStream:75 - [STDERR_REDIRECT] [Fatal Error] :1:1: Premature end of file.
2026-09-17 21:40:18,144 [ERROR] LogOutputStream:75 - [STDERR_REDIRECT] 
2026-09-17 21:40:19,150 [ERROR] LogOutputStream:75 - [STDERR_REDIRECT] [Fatal Error] :1:1: Premature end of file.
2026-09-17 21:40:19,150 [ERROR] LogOutputStream:75 - [STDERR_REDIRECT] 
2026-09-17 21:40:20,155 [ERROR] LogOutputStream:75 - [STDERR_REDIRECT] [Fatal Error] :1:1: Premature end of file.
2026-09-17 21:40:20,155 [ERROR] LogOutputStream:75 - [STDERR_REDIRECT] 
2026-09-17 21:40:21,142 [ERROR] LogOutputStream:75 - [STDERR_REDIRECT] [Fatal Error] :1:1: Premature end of file.
2026-09-17 21:40:21,142 [ERROR] LogOutputStream:75 - [STDERR_REDIRECT] 
2026-09-17 21:40:22,156 [ERROR] LogOutputStream:75 - [STDERR_REDIRECT] [Fatal Error] :1:1: Premature end of file.
2026-09-17 21:40:22,156 [ERROR] LogOutputStream:75 - [STDERR_REDIRECT] 
2026-09-17 21:40:23,143 [ERROR] LogOutputStream:75 - [STDERR_REDIRECT] [Fatal Error] :1:1: Premature end of file.
2026-09-17 21:40:23,143 [ERROR] LogOutputStream:75 - [STDERR_REDIRECT] 
2026-09-17 21:40:24,144 [ERROR] LogOutputStream:75 - [STDERR_REDIRECT] [Fatal Error] :1:1: Premature end of file.
2026-09-17 21:40:24,144 [ERROR] LogOutputStream:75 - [STDERR_REDIRECT] 
2026-09-17 21:40:25,144 [ERROR] LogOutputStream:75 - [STDERR_REDIRECT] [Fatal Error] :1:1: Premature end of file.
2026-09-17 21:40:25,144 [ERROR] LogOutputStream:75 - [STDERR_REDIRECT] 
2026-09-17 21:40:26,168 [ERROR] LogOutputStream:75 - [STDERR_REDIRECT] [Fatal Error] :1:1: Premature end of file.
2026-09-17 21:40:26,168 [ERROR] LogOutputStream:75 - [STDERR_REDIRECT] 
2026-09-17 21:40:27,147 [ERROR] LogOutputStream:75 - [STDERR_REDIRECT] [Fatal Error] :1:1: Premature end of file.
2026-09-17 21:40:27,147 [ERROR] LogOutputStream:75 - [STDERR_REDIRECT] 
2026-09-17 21:40:28,153 [ERROR] LogOutputStream:75 - [STDERR_REDIRECT] [Fatal Error] :1:1: Premature end of file.
2026-09-17 21:40:28,153 [ERROR] LogOutputStream:75 - [STDERR_REDIRECT] 
2026-09-17 21:40:29,150 [ERROR] LogOutputStream:75 - [STDERR_REDIRECT] [Fatal Error] :1:1: Premature end of file.
2026-09-17 21:40:29,151 [ERROR] LogOutputStream:75 - [STDERR_REDIRECT] 
2026-09-17 21:40:30,143 [ERROR] LogOutputStream:75 - [STDERR_REDIRECT] [Fatal Error] :1:1: Premature end of file.
2026-09-17 21:40:30,143 [ERROR] LogOutputStream:75 - [STDERR_REDIRECT] 
2026-09-17 21:40:31,157 [ERROR] LogOutputStream:75 - [STDERR_REDIRECT] [Fatal Error] :1:1: Premature end of file.
2026-09-17 21:40:31,157 [ERROR] LogOutputStream:75 - [STDERR_REDIRECT] 
2026-09-17 21:40:32,149 [ERROR] LogOutputStream:75 - [STDERR_REDIRECT] [Fatal Error] :1:1: Premature end of file.
2026-09-17 21:40:32,149 [ERROR] LogOutputStream:75 - [STDERR_REDIRECT] 
2026-09-17 21:40:33,166 [ERROR] LogOutputStream:75 - [STDERR_REDIRECT] [Fatal Error] :1:1: Premature end of file.
2026-09-17 21:40:33,166 [ERROR] LogOutputStream:75 - [STDERR_REDIRECT] 
2026-09-17 21:40:34,154 [ERROR] LogOutputStream:75 - [STDERR_REDIRECT] [Fatal Error] :1:1: Premature end of file.
2026-09-17 21:40:34,154 [ERROR] LogOutputStream:75 - [STDERR_REDIRECT] 
2026-09-17 21:40:35,147 [ERROR] LogOutputStream:75 - [STDERR_REDIRECT] [Fatal Error] :1:1: Premature end of file.
2026-09-17 21:40:35,147 [ERROR] LogOutputStream:75 - [STDERR_REDIRECT] 
2026-09-17 21:40:36,181 [ERROR] LogOutputStream:75 - [STDERR_REDIRECT] [Fatal Error] :1:1: Premature end of file.
2026-09-17 21:40:36,181 [ERROR] LogOutputStream:75 - [STDERR_REDIRECT] 
2026-09-17 21:40:37,151 [ERROR] LogOutputStream:75 - [STDERR_REDIRECT] [Fatal Error] :1:1: Premature end of file.
2026-09-17 21:40:37,151 [ERROR] LogOutputStream:75 - [STDERR_REDIRECT] 
2026-09-17 21:40:38,154 [ERROR] LogOutputStream:75 - [STDERR_REDIRECT] [Fatal Error] :1:1: Premature end of file.
2026-09-17 21:40:38,154 [ERROR] LogOutputStream:75 - [STDERR_REDIRECT] 
2026-09-17 21:40:39,150 [ERROR] LogOutputStream:75 - [STDERR_REDIRECT] [Fatal Error] :1:1: Premature end of file.
2026-09-17 21:40:39,150 [ERROR] LogOutputStream:75 - [STDERR_REDIRECT] 
2026-09-17 21:40:40,152 [ERROR] LogOutputStream:75 - [STDERR_REDIRECT] [Fatal Error] :1:1: Premature end of file.
2026-09-17 21:40:40,152 [ERROR] LogOutputStream:75 - [STDERR_REDIRECT] 
2026-09-17 21:40:41,186 [ERROR] LogOutputStream:75 - [STDERR_REDIRECT] [Fatal Error] :1:1: Premature end of file.
2026-09-17 21:40:41,186 [ERROR] LogOutputStream:75 - [STDERR_REDIRECT] 
2026-09-17 21:40:42,163 [ERROR] LogOutputStream:75 - [STDERR_REDIRECT] [Fatal Error] :1:1: Premature end of file.
2026-09-17 21:40:42,163 [ERROR] LogOutputStream:75 - [STDERR_REDIRECT] 
2026-09-17 21:40:43,155 [ERROR] LogOutputStream:75 - [STDERR_REDIRECT] [Fatal Error] :1:1: Premature end of file.
2026-09-17 21:40:43,155 [ERROR] LogOutputStream:75 - [STDERR_REDIRECT] 
2026-09-17 21:40:44,159 [ERROR] LogOutputStream:75 - [STDERR_REDIRECT] [Fatal Error] :1:1: Premature end of file.
2026-09-17 21:40:44,159 [ERROR] LogOutputStream:75 - [STDERR_REDIRECT] 
2026-09-17 21:40:45,157 [ERROR] LogOutputStream:75 - [STDERR_REDIRECT] [Fatal Error] :1:1: Premature end of file.
2026-09-17 21:40:45,157 [ERROR] LogOutputStream:75 - [STDERR_REDIRECT] 
2026-09-17 21:40:46,152 [ERROR] LogOutputStream:75 - [STDERR_REDIRECT] [Fatal Error] :1:1: Premature end of file.
2026-09-17 21:40:46,152 [ERROR] LogOutputStream:75 - [STDERR_REDIRECT] 
2026-09-17 21:40:47,155 [ERROR] LogOutputStream:75 - [STDERR_REDIRECT] [Fatal Error] :1:1: Premature end of file.
2026-09-17 21:40:47,155 [ERROR] LogOutputStream:75 - [STDERR_REDIRECT] 
2026-09-17 21:40:48,149 [ERROR] LogOutputStream:75 - [STDERR_REDIRECT] [Fatal Error] :1:1: Premature end of file.
2026-09-17 21:40:48,149 [ERROR] LogOutputStream:75 - [STDERR_REDIRECT] 
2026-09-17 21:40:49,157 [ERROR] LogOutputStream:75 - [STDERR_REDIRECT] [Fatal Error] :1:1: Premature end of file.
2026-09-17 21:40:49,157 [ERROR] LogOutputStream:75 - [STDERR_REDIRECT] 
2026-09-17 21:40:50,153 [ERROR] LogOutputStream:75 - [STDERR_REDIRECT] [Fatal Error] :1:1: Premature end of file.
2026-09-17 21:40:50,153 [ERROR] LogOutputStream:75 - [STDERR_REDIRECT] 
2026-09-17 21:40:51,164 [ERROR] LogOutputStream:75 - [STDERR_REDIRECT] [Fatal Error] :1:1: Premature end of file.
2026-09-17 21:40:51,164 [ERROR] LogOutputStream:75 - [STDERR_REDIRECT] 
2026-09-17 21:40:52,148 [ERROR] LogOutputStream:75 - [STDERR_REDIRECT] [Fatal Error] :1:1: Premature end of file.
2026-09-17 21:40:52,148 [ERROR] LogOutputStream:75 - [STDERR_REDIRECT] 
2026-09-17 21:40:53,142 [ERROR] LogOutputStream:75 - [STDERR_REDIRECT] [Fatal Error] :1:1: Premature end of file.
2026-09-17 21:40:53,142 [ERROR] LogOutputStream:75 - [STDERR_REDIRECT] 
2026-09-17 21:40:54,163 [ERROR] LogOutputStream:75 - [STDERR_REDIRECT] [Fatal Error] :1:1: Premature end of file.
2026-09-17 21:40:54,163 [ERROR] LogOutputStream:75 - [STDERR_REDIRECT] 
2026-09-17 21:40:55,153 [ERROR] LogOutputStream:75 - [STDERR_REDIRECT] [Fatal Error] :1:1: Premature end of file.
2026-09-17 21:40:55,153 [ERROR] LogOutputStream:75 - [STDERR_REDIRECT] 
2026-09-17 21:40:56,153 [ERROR] LogOutputStream:75 - [STDERR_REDIRECT] [Fatal Error] :1:1: Premature end of file.
2026-09-17 21:40:56,153 [ERROR] LogOutputStream:75 - [STDERR_REDIRECT] 
2026-09-17 21:40:57,155 [ERROR] LogOutputStream:75 - [STDERR_REDIRECT] [Fatal Error] :1:1: Premature end of file.
2026-09-17 21:40:57,156 [ERROR] LogOutputStream:75 - [STDERR_REDIRECT] 
2026-09-17 21:40:58,166 [ERROR] LogOutputStream:75 - [STDERR_REDIRECT] [Fatal Error] :1:1: Premature end of file.
2026-09-17 21:40:58,166 [ERROR] LogOutputStream:75 - [STDERR_REDIRECT] 
2026-09-17 21:40:59,154 [ERROR] LogOutputStream:75 - [STDERR_REDIRECT] [Fatal Error] :1:1: Premature end of file.
2026-09-17 21:40:59,154 [ERROR] LogOutputStream:75 - [STDERR_REDIRECT] 
2026-09-17 21:41:00,166 [ERROR] LogOutputStream:75 - [STDERR_REDIRECT] [Fatal Error] :1:1: Premature end of file.
2026-09-17 21:41:00,166 [ERROR] LogOutputStream:75 - [STDERR_REDIRECT] 
2026-09-17 21:41:01,156 [ERROR] LogOutputStream:75 - [STDERR_REDIRECT] [Fatal Error] :1:1: Premature end of file.
2026-09-17 21:41:01,156 [ERROR] LogOutputStream:75 - [STDERR_REDIRECT] 
2026-09-17 21:41:02,152 [ERROR] LogOutputStream:75 - [STDERR_REDIRECT] [Fatal Error] :1:1: Premature end of file.
2026-09-17 21:41:02,153 [ERROR] LogOutputStream:75 - [STDERR_REDIRECT] 
2026-09-17 21:41:03,151 [ERROR] LogOutputStream:75 - [STDERR_REDIRECT] [Fatal Error] :1:1: Premature end of file.
2026-09-17 21:41:03,151 [ERROR] LogOutputStream:75 - [STDERR_REDIRECT] 
2026-09-17 21:41:04,154 [ERROR] LogOutputStream:75 - [STDERR_REDIRECT] [Fatal Error] :1:1: Premature end of file.
2026-09-17 21:41:04,156 [ERROR] LogOutputStream:75 - [STDERR_REDIRECT] 
2026-09-17 21:41:05,161 [ERROR] LogOutputStream:75 - [STDERR_REDIRECT] [Fatal Error] :1:1: Premature end of file.
2026-09-17 21:41:05,162 [ERROR] LogOutputStream:75 - [STDERR_REDIRECT] 
2026-09-17 21:41:06,150 [ERROR] LogOutputStream:75 - [STDERR_REDIRECT] [Fatal Error] :1:1: Premature end of file.
2026-09-17 21:41:06,150 [ERROR] LogOutputStream:75 - [STDERR_REDIRECT] 
2026-09-17 21:41:07,173 [ERROR] LogOutputStream:75 - [STDERR_REDIRECT] [Fatal Error] :1:1: Premature end of file.
2026-09-17 21:41:07,173 [ERROR] LogOutputStream:75 - [STDERR_REDIRECT] 
2026-09-17 21:41:08,159 [ERROR] LogOutputStream:75 - [STDERR_REDIRECT] [Fatal Error] :1:1: Premature end of file.
2026-09-17 21:41:08,159 [ERROR] LogOutputStream:75 - [STDERR_REDIRECT] 
2026-09-17 21:41:09,146 [ERROR] LogOutputStream:75 - [STDERR_REDIRECT] [Fatal Error] :1:1: Premature end of file.
2026-09-17 21:41:09,146 [ERROR] LogOutputStream:75 - [STDERR_REDIRECT] 
2026-09-17 21:41:10,157 [ERROR] LogOutputStream:75 - [STDERR_REDIRECT] [Fatal Error] :1:1: Premature end of file.
2026-09-17 21:41:10,157 [ERROR] LogOutputStream:75 - [STDERR_REDIRECT] 
2026-09-17 21:41:11,149 [ERROR] LogOutputStream:75 - [STDERR_REDIRECT] [Fatal Error] :1:1: Premature end of file.
2026-09-17 21:41:11,149 [ERROR] LogOutputStream:75 - [STDERR_REDIRECT] 
2026-09-17 21:41:12,156 [ERROR] LogOutputStream:75 - [STDERR_REDIRECT] [Fatal Error] :1:1: Premature end of file.
2026-09-17 21:41:12,156 [ERROR] LogOutputStream:75 - [STDERR_REDIRECT] 
2026-09-17 21:41:13,154 [ERROR] LogOutputStream:75 - [STDERR_REDIRECT] [Fatal Error] :1:1: Premature end of file.
2026-09-17 21:41:13,154 [ERROR] LogOutputStream:75 - [STDERR_REDIRECT] 
2026-09-17 21:41:14,154 [ERROR] LogOutputStream:75 - [STDERR_REDIRECT] [Fatal Error] :1:1: Premature end of file.
2026-09-17 21:41:14,208 [ERROR] LogOutputStream:75 - [STDERR_REDIRECT] 
2026-09-17 21:41:15,134 [ERROR] LogOutputStream:75 - [STDERR_REDIRECT] [Fatal Error] :1:1: Premature end of file.
2026-09-17 21:41:15,134 [ERROR] LogOutputStream:75 - [STDERR_REDIRECT] 
2026-09-17 21:41:16,166 [ERROR] LogOutputStream:75 - [STDERR_REDIRECT] [Fatal Error] :1:1: Premature end of file.
2026-09-17 21:41:16,166 [ERROR] LogOutputStream:75 - [STDERR_REDIRECT] 
2026-09-17 21:41:17,162 [ERROR] LogOutputStream:75 - [STDERR_REDIRECT] [Fatal Error] :1:1: Premature end of file.
2026-09-17 21:41:17,166 [ERROR] LogOutputStream:75 - [STDERR_REDIRECT] 
2026-09-17 21:41:18,156 [ERROR] LogOutputStream:75 - [STDERR_REDIRECT] [Fatal Error] :1:1: Premature end of file.
2026-09-17 21:41:18,156 [ERROR] LogOutputStream:75 - [STDERR_REDIRECT] 
2026-09-17 21:41:19,152 [ERROR] LogOutputStream:75 - [STDERR_REDIRECT] [Fatal Error] :1:1: Premature end of file.
2026-09-17 21:41:19,152 [ERROR] LogOutputStream:75 - [STDERR_REDIRECT] 
2026-09-17 21:41:20,149 [ERROR] LogOutputStream:75 - [STDERR_REDIRECT] [Fatal Error] :1:1: Premature end of file.
2026-09-17 21:41:20,149 [ERROR] LogOutputStream:75 - [STDERR_REDIRECT] 
2026-09-17 21:41:21,154 [ERROR] LogOutputStream:75 - [STDERR_REDIRECT] [Fatal Error] :1:1: Premature end of file.
2026-09-17 21:41:21,154 [ERROR] LogOutputStream:75 - [STDERR_REDIRECT] 
2026-09-17 21:41:22,176 [ERROR] LogOutputStream:75 - [STDERR_REDIRECT] [Fatal Error] :1:1: Premature end of file.
2026-09-17 21:41:22,176 [ERROR] LogOutputStream:75 - [STDERR_REDIRECT] 
2026-09-17 21:41:23,185 [ERROR] LogOutputStream:75 - [STDERR_REDIRECT] [Fatal Error] :1:1: Premature end of file.
2026-09-17 21:41:23,185 [ERROR] LogOutputStream:75 - [STDERR_REDIRECT] 
2026-09-17 21:41:24,157 [ERROR] LogOutputStream:75 - [STDERR_REDIRECT] [Fatal Error] :1:1: Premature end of file.
2026-09-17 21:41:24,157 [ERROR] LogOutputStream:75 - [STDERR_REDIRECT] 
2026-09-17 21:41:25,166 [ERROR] LogOutputStream:75 - [STDERR_REDIRECT] [Fatal Error] :1:1: Premature end of file.
2026-09-17 21:41:25,166 [ERROR] LogOutputStream:75 - [STDERR_REDIRECT] 
2026-09-17 21:41:26,150 [ERROR] LogOutputStream:75 - [STDERR_REDIRECT] [Fatal Error] :1:1: Premature end of file.
2026-09-17 21:41:26,150 [ERROR] LogOutputStream:75 - [STDERR_REDIRECT] 
2026-09-17 21:41:27,171 [ERROR] LogOutputStream:75 - [STDERR_REDIRECT] [Fatal Error] :1:1: Premature end of file.
2026-09-17 21:41:27,171 [ERROR] LogOutputStream:75 - [STDERR_REDIRECT] 
2026-09-17 21:41:28,166 [ERROR] LogOutputStream:75 - [STDERR_REDIRECT] [Fatal Error] :1:1: Premature end of file.
2026-09-17 21:41:28,166 [ERROR] LogOutputStream:75 - [STDERR_REDIRECT] 
2026-09-17 21:41:29,161 [ERROR] LogOutputStream:75 - [STDERR_REDIRECT] [Fatal Error] :1:1: Premature end of file.
2026-09-17 21:41:29,207 [ERROR] LogOutputStream:75 - [STDERR_REDIRECT] 
2026-09-17 21:41:30,166 [ERROR] LogOutputStream:75 - [STDERR_REDIRECT] [Fatal Error] :1:1: Premature end of file.
2026-09-17 21:41:30,166 [ERROR] LogOutputStream:75 - [STDERR_REDIRECT] 
2026-09-17 21:41:31,182 [ERROR] LogOutputStream:75 - [STDERR_REDIRECT] [Fatal Error] :1:1: Premature end of file.
2026-09-17 21:41:31,182 [ERROR] LogOutputStream:75 - [STDERR_REDIRECT] 
2026-09-17 21:41:32,164 [ERROR] LogOutputStream:75 - [STDERR_REDIRECT] [Fatal Error] :1:1: Premature end of file.
2026-09-17 21:41:32,164 [ERROR] LogOutputStream:75 - [STDERR_REDIRECT] 
2026-09-17 21:41:33,154 [ERROR] LogOutputStream:75 - [STDERR_REDIRECT] [Fatal Error] :1:1: Premature end of file.
2026-09-17 21:41:33,154 [ERROR] LogOutputStream:75 - [STDERR_REDIRECT] 
2026-09-17 21:41:34,166 [ERROR] LogOutputStream:75 - [STDERR_REDIRECT] [Fatal Error] :1:1: Premature end of file.
2026-09-17 21:41:34,166 [ERROR] LogOutputStream:75 - [STDERR_REDIRECT] 
2026-09-17 21:41:35,138 [ERROR] LogOutputStream:75 - [STDERR_REDIRECT] [Fatal Error] :1:1: Premature end of file.
2026-09-17 21:41:35,138 [ERROR] LogOutputStream:75 - [STDERR_REDIRECT] 
2026-09-17 21:41:36,138 [ERROR] LogOutputStream:75 - [STDERR_REDIRECT] [Fatal Error] :1:1: Premature end of file.
2026-09-17 21:41:36,138 [ERROR] LogOutputStream:75 - [STDERR_REDIRECT] 
2026-09-17 21:41:37,166 [ERROR] LogOutputStream:75 - [STDERR_REDIRECT] [Fatal Error] :1:1: Premature end of file.
2026-09-17 21:41:37,166 [ERROR] LogOutputStream:75 - [STDERR_REDIRECT] 
2026-09-17 21:41:38,136 [ERROR] LogOutputStream:75 - [STDERR_REDIRECT] [Fatal Error] :1:1: Premature end of file.
2026-09-17 21:41:38,136 [ERROR] LogOutputStream:75 - [STDERR_REDIRECT] 
2026-09-17 21:41:39,137 [ERROR] LogOutputStream:75 - [STDERR_REDIRECT] [Fatal Error] :1:1: Premature end of file.
2026-09-17 21:41:39,137 [ERROR] LogOutputStream:75 - [STDERR_REDIRECT] 
2026-09-17 21:41:40,153 [ERROR] LogOutputStream:75 - [STDERR_REDIRECT] [Fatal Error] :1:1: Premature end of file.
2026-09-17 21:41:40,153 [ERROR] LogOutputStream:75 - [STDERR_REDIRECT] 
2026-09-17 21:41:41,166 [ERROR] LogOutputStream:75 - [STDERR_REDIRECT] [Fatal Error] :1:1: Premature end of file.
2026-09-17 21:41:41,166 [ERROR] LogOutputStream:75 - [STDERR_REDIRECT] 
2026-09-17 21:41:42,141 [ERROR] LogOutputStream:75 - [STDERR_REDIRECT] [Fatal Error] :1:1: Premature end of file.
2026-09-17 21:41:42,141 [ERROR] LogOutputStream:75 - [STDERR_REDIRECT] 
2026-09-17 21:41:43,163 [ERROR] LogOutputStream:75 - [STDERR_REDIRECT] [Fatal Error] :1:1: Premature end of file.
2026-09-17 21:41:43,163 [ERROR] LogOutputStream:75 - [STDERR_REDIRECT] 
2026-09-17 21:41:44,160 [ERROR] LogOutputStream:75 - [STDERR_REDIRECT] [Fatal Error] :1:1: Premature end of file.
2026-09-17 21:41:44,200 [ERROR] LogOutputStream:75 - [STDERR_REDIRECT] 
2026-09-17 21:41:45,148 [ERROR] LogOutputStream:75 - [STDERR_REDIRECT] [Fatal Error] :1:1: Premature end of file.
2026-09-17 21:41:45,148 [ERROR] LogOutputStream:75 - [STDERR_REDIRECT] 
2026-09-17 21:41:46,163 [ERROR] LogOutputStream:75 - [STDERR_REDIRECT] [Fatal Error] :1:1: Premature end of file.
2026-09-17 21:41:46,163 [ERROR] LogOutputStream:75 - [STDERR_REDIRECT] 
2026-09-17 21:41:47,146 [ERROR] LogOutputStream:75 - [STDERR_REDIRECT] [Fatal Error] :1:1: Premature end of file.
2026-09-17 21:41:47,146 [ERROR] LogOutputStream:75 - [STDERR_REDIRECT] 
2026-09-17 21:41:48,153 [ERROR] LogOutputStream:75 - [STDERR_REDIRECT] [Fatal Error] :1:1: Premature end of file.
2026-09-17 21:41:48,154 [ERROR] LogOutputStream:75 - [STDERR_REDIRECT] 
2026-09-17 21:41:49,152 [ERROR] LogOutputStream:75 - [STDERR_REDIRECT] [Fatal Error] :1:1: Premature end of file.
2026-09-17 21:41:49,152 [ERROR] LogOutputStream:75 - [STDERR_REDIRECT] 
2026-09-17 21:41:50,182 [ERROR] LogOutputStream:75 - [STDERR_REDIRECT] [Fatal Error] :1:1: Premature end of file.
2026-09-17 21:41:50,183 [ERROR] LogOutputStream:75 - [STDERR_REDIRECT] 
2026-09-17 21:41:51,191 [ERROR] LogOutputStream:75 - [STDERR_REDIRECT] [Fatal Error] :1:1: Premature end of file.
2026-09-17 21:41:51,191 [ERROR] LogOutputStream:75 - [STDERR_REDIRECT] 
2026-09-17 21:41:52,162 [ERROR] LogOutputStream:75 - [STDERR_REDIRECT] [Fatal Error] :1:1: Premature end of file.
2026-09-17 21:41:52,162 [ERROR] LogOutputStream:75 - [STDERR_REDIRECT] 
2026-09-17 21:41:53,170 [ERROR] LogOutputStream:75 - [STDERR_REDIRECT] [Fatal Error] :1:1: Premature end of file.
2026-09-17 21:41:53,170 [ERROR] LogOutputStream:75 - [STDERR_REDIRECT] 
2026-09-17 21:41:54,153 [ERROR] LogOutputStream:75 - [STDERR_REDIRECT] [Fatal Error] :1:1: Premature end of file.
2026-09-17 21:41:54,153 [ERROR] LogOutputStream:75 - [STDERR_REDIRECT] 
2026-09-17 21:41:55,178 [ERROR] LogOutputStream:75 - [STDERR_REDIRECT] [Fatal Error] :1:1: Premature end of file.
2026-09-17 21:41:55,178 [ERROR] LogOutputStream:75 - [STDERR_REDIRECT] 
2026-09-17 21:41:56,159 [ERROR] LogOutputStream:75 - [STDERR_REDIRECT] [Fatal Error] :1:1: Premature end of file.
2026-09-17 21:41:56,159 [ERROR] LogOutputStream:75 - [STDERR_REDIRECT] 
2026-09-17 21:41:57,159 [ERROR] LogOutputStream:75 - [STDERR_REDIRECT] [Fatal Error] :1:1: Premature end of file.
2026-09-17 21:41:57,159 [ERROR] LogOutputStream:75 - [STDERR_REDIRECT] 
2026-09-17 21:41:58,177 [ERROR] LogOutputStream:75 - [STDERR_REDIRECT] [Fatal Error] :1:1: Premature end of file.
2026-09-17 21:41:58,177 [ERROR] LogOutputStream:75 - [STDERR_REDIRECT] 
2026-09-17 21:41:59,152 [ERROR] LogOutputStream:75 - [STDERR_REDIRECT] [Fatal Error] :1:1: Premature end of file.
2026-09-17 21:41:59,152 [ERROR] LogOutputStream:75 - [STDERR_REDIRECT] 
2026-09-17 21:42:00,151 [ERROR] LogOutputStream:75 - [STDERR_REDIRECT] [Fatal Error] :1:1: Premature end of file.
2026-09-17 21:42:00,151 [ERROR] LogOutputStream:75 - [STDERR_REDIRECT] 
2026-09-17 21:42:01,168 [ERROR] LogOutputStream:75 - [STDERR_REDIRECT] [Fatal Error] :1:1: Premature end of file.
2026-09-17 21:42:01,168 [ERROR] LogOutputStream:75 - [STDERR_REDIRECT] 
2026-09-17 21:42:02,179 [ERROR] LogOutputStream:75 - [STDERR_REDIRECT] [Fatal Error] :1:1: Premature end of file.
2026-09-17 21:42:02,179 [ERROR] LogOutputStream:75 - [STDERR_REDIRECT] 
2026-09-17 21:42:03,178 [ERROR] LogOutputStream:75 - [STDERR_REDIRECT] [Fatal Error] :1:1: Premature end of file.
2026-09-17 21:42:03,178 [ERROR] LogOutputStream:75 - [STDERR_REDIRECT] 
2026-09-17 21:42:04,150 [ERROR] LogOutputStream:75 - [STDERR_REDIRECT] [Fatal Error] :1:1: Premature end of file.
2026-09-17 21:42:04,151 [ERROR] LogOutputStream:75 - [STDERR_REDIRECT] 
2026-09-17 21:42:05,168 [ERROR] LogOutputStream:75 - [STDERR_REDIRECT] [Fatal Error] :1:1: Premature end of file.
2026-09-17 21:42:05,168 [ERROR] LogOutputStream:75 - [STDERR_REDIRECT] 
2026-09-17 21:42:06,157 [ERROR] LogOutputStream:75 - [STDERR_REDIRECT] [Fatal Error] :1:1: Premature end of file.
2026-09-17 21:42:06,157 [ERROR] LogOutputStream:75 - [STDERR_REDIRECT] 
2026-09-17 21:42:07,172 [ERROR] LogOutputStream:75 - [STDERR_REDIRECT] [Fatal Error] :1:1: Premature end of file.
2026-09-17 21:42:07,172 [ERROR] LogOutputStream:75 - [STDERR_REDIRECT] 
2026-09-17 21:42:08,145 [ERROR] LogOutputStream:75 - [STDERR_REDIRECT] [Fatal Error] :1:1: Premature end of file.
2026-09-17 21:42:08,145 [ERROR] LogOutputStream:75 - [STDERR_REDIRECT] 
2026-09-17 21:42:09,167 [ERROR] LogOutputStream:75 - [STDERR_REDIRECT] [Fatal Error] :1:1: Premature end of file.
2026-09-17 21:42:09,167 [ERROR] LogOutputStream:75 - [STDERR_REDIRECT] 
2026-09-17 21:42:10,156 [ERROR] LogOutputStream:75 - [STDERR_REDIRECT] [Fatal Error] :1:1: Premature end of file.
2026-09-17 21:42:10,156 [ERROR] LogOutputStream:75 - [STDERR_REDIRECT] 
2026-09-17 21:42:11,152 [ERROR] LogOutputStream:75 - [STDERR_REDIRECT] [Fatal Error] :1:1: Premature end of file.
2026-09-17 21:42:11,152 [ERROR] LogOutputStream:75 - [STDERR_REDIRECT] 
2026-09-17 21:42:12,134 [ERROR] LogOutputStream:75 - [STDERR_REDIRECT] [Fatal Error] :1:1: Premature end of file.
2026-09-17 21:42:12,134 [ERROR] LogOutputStream:75 - [STDERR_REDIRECT] 
2026-09-17 21:42:13,158 [ERROR] LogOutputStream:75 - [STDERR_REDIRECT] [Fatal Error] :1:1: Premature end of file.
2026-09-17 21:42:13,158 [ERROR] LogOutputStream:75 - [STDERR_REDIRECT] 
2026-09-17 21:42:14,177 [ERROR] LogOutputStream:75 - [STDERR_REDIRECT] [Fatal Error] :1:1: Premature end of file.
2026-09-17 21:42:14,177 [ERROR] LogOutputStream:75 - [STDERR_REDIRECT] 
2026-09-17 21:42:15,148 [ERROR] LogOutputStream:75 - [STDERR_REDIRECT] [Fatal Error] :1:1: Premature end of file.
2026-09-17 21:42:15,148 [ERROR] LogOutputStream:75 - [STDERR_REDIRECT] 
2026-09-17 21:42:16,148 [ERROR] LogOutputStream:75 - [STDERR_REDIRECT] [Fatal Error] :1:1: Premature end of file.
2026-09-17 21:42:16,148 [ERROR] LogOutputStream:75 - [STDERR_REDIRECT] 
2026-09-17 21:42:17,142 [ERROR] LogOutputStream:75 - [STDERR_REDIRECT] [Fatal Error] :1:1: Premature end of file.
2026-09-17 21:42:17,143 [ERROR] LogOutputStream:75 - [STDERR_REDIRECT] 
2026-09-17 21:42:18,148 [ERROR] LogOutputStream:75 - [STDERR_REDIRECT] [Fatal Error] :1:1: Premature end of file.
2026-09-17 21:42:18,148 [ERROR] LogOutputStream:75 - [STDERR_REDIRECT] 
2026-09-17 21:42:19,146 [ERROR] LogOutputStream:75 - [STDERR_REDIRECT] [Fatal Error] :1:1: Premature end of file.
2026-09-17 21:42:19,146 [ERROR] LogOutputStream:75 - [STDERR_REDIRECT] 
2026-09-17 21:42:20,143 [ERROR] LogOutputStream:75 - [STDERR_REDIRECT] [Fatal Error] :1:1: Premature end of file.
2026-09-17 21:42:20,143 [ERROR] LogOutputStream:75 - [STDERR_REDIRECT] 
2026-09-17 21:42:21,153 [ERROR] LogOutputStream:75 - [STDERR_REDIRECT] [Fatal Error] :1:1: Premature end of file.
2026-09-17 21:42:21,153 [ERROR] LogOutputStream:75 - [STDERR_REDIRECT] 
2026-09-17 21:42:22,145 [ERROR] LogOutputStream:75 - [STDERR_REDIRECT] [Fatal Error] :1:1: Premature end of file.
2026-09-17 21:42:22,145 [ERROR] LogOutputStream:75 - [STDERR_REDIRECT] 
2026-09-17 21:42:23,166 [ERROR] LogOutputStream:75 - [STDERR_REDIRECT] [Fatal Error] :1:1: Premature end of file.
2026-09-17 21:42:23,166 [ERROR] LogOutputStream:75 - [STDERR_REDIRECT] 
2026-09-17 21:42:24,166 [ERROR] LogOutputStream:75 - [STDERR_REDIRECT] [Fatal Error] :1:1: Premature end of file.
2026-09-17 21:42:24,166 [ERROR] LogOutputStream:75 - [STDERR_REDIRECT] 
2026-09-17 21:42:25,169 [ERROR] LogOutputStream:75 - [STDERR_REDIRECT] [Fatal Error] :1:1: Premature end of file.
2026-09-17 21:42:25,169 [ERROR] LogOutputStream:75 - [STDERR_REDIRECT] 
2026-09-17 21:42:26,157 [ERROR] LogOutputStream:75 - [STDERR_REDIRECT] [Fatal Error] :1:1: Premature end of file.
2026-09-17 21:42:26,157 [ERROR] LogOutputStream:75 - [STDERR_REDIRECT] 
2026-09-17 21:42:27,168 [ERROR] LogOutputStream:75 - [STDERR_REDIRECT] [Fatal Error] :1:1: Premature end of file.
2026-09-17 21:42:27,168 [ERROR] LogOutputStream:75 - [STDERR_REDIRECT] 
2026-09-17 21:42:28,143 [ERROR] LogOutputStream:75 - [STDERR_REDIRECT] [Fatal Error] :1:1: Premature end of file.
2026-09-17 21:42:28,143 [ERROR] LogOutputStream:75 - [STDERR_REDIRECT] 
2026-09-17 21:42:29,169 [ERROR] LogOutputStream:75 - [STDERR_REDIRECT] [Fatal Error] :1:1: Premature end of file.
2026-09-17 21:42:29,177 [ERROR] LogOutputStream:75 - [STDERR_REDIRECT] 
2026-09-17 21:42:30,161 [ERROR] LogOutputStream:75 - [STDERR_REDIRECT] [Fatal Error] :1:1: Premature end of file.
2026-09-17 21:42:30,161 [ERROR] LogOutputStream:75 - [STDERR_REDIRECT] 
2026-09-17 21:42:31,153 [ERROR] LogOutputStream:75 - [STDERR_REDIRECT] [Fatal Error] :1:1: Premature end of file.
2026-09-17 21:42:31,153 [ERROR] LogOutputStream:75 - [STDERR_REDIRECT] 
2026-09-17 21:42:32,153 [ERROR] LogOutputStream:75 - [STDERR_REDIRECT] [Fatal Error] :1:1: Premature end of file.
2026-09-17 21:42:32,153 [ERROR] LogOutputStream:75 - [STDERR_REDIRECT] 
2026-09-17 21:42:33,147 [ERROR] LogOutputStream:75 - [STDERR_REDIRECT] [Fatal Error] :1:1: Premature end of file.
2026-09-17 21:42:33,147 [ERROR] LogOutputStream:75 - [STDERR_REDIRECT] 
2026-09-17 21:42:34,143 [ERROR] LogOutputStream:75 - [STDERR_REDIRECT] [Fatal Error] :1:1: Premature end of file.
2026-09-17 21:42:34,143 [ERROR] LogOutputStream:75 - [STDERR_REDIRECT] 
2026-09-17 21:42:35,158 [ERROR] LogOutputStream:75 - [STDERR_REDIRECT] [Fatal Error] :1:1: Premature end of file.
2026-09-17 21:42:35,158 [ERROR] LogOutputStream:75 - [STDERR_REDIRECT] 
2026-09-17 21:42:36,145 [ERROR] LogOutputStream:75 - [STDERR_REDIRECT] [Fatal Error] :1:1: Premature end of file.
2026-09-17 21:42:36,145 [ERROR] LogOutputStream:75 - [STDERR_REDIRECT] 
2026-09-17 21:42:37,151 [ERROR] LogOutputStream:75 - [STDERR_REDIRECT] [Fatal Error] :1:1: Premature end of file.
2026-09-17 21:42:37,151 [ERROR] LogOutputStream:75 - [STDERR_REDIRECT] 
2026-09-17 21:42:38,152 [ERROR] LogOutputStream:75 - [STDERR_REDIRECT] [Fatal Error] :1:1: Premature end of file.
2026-09-17 21:42:38,152 [ERROR] LogOutputStream:75 - [STDERR_REDIRECT] 
2026-09-17 21:42:39,141 [ERROR] LogOutputStream:75 - [STDERR_REDIRECT] [Fatal Error] :1:1: Premature end of file.
2026-09-17 21:42:39,141 [ERROR] LogOutputStream:75 - [STDERR_REDIRECT] 
2026-09-17 21:42:40,157 [ERROR] LogOutputStream:75 - [STDERR_REDIRECT] [Fatal Error] :1:1: Premature end of file.
2026-09-17 21:42:40,157 [ERROR] LogOutputStream:75 - [STDERR_REDIRECT] 
2026-09-17 21:42:41,134 [ERROR] LogOutputStream:75 - [STDERR_REDIRECT] [Fatal Error] :1:1: Premature end of file.
2026-09-17 21:42:41,134 [ERROR] LogOutputStream:75 - [STDERR_REDIRECT] 
2026-09-17 21:42:42,155 [ERROR] LogOutputStream:75 - [STDERR_REDIRECT] [Fatal Error] :1:1: Premature end of file.
2026-09-17 21:42:42,155 [ERROR] LogOutputStream:75 - [STDERR_REDIRECT] 
2026-09-17 21:42:43,158 [ERROR] LogOutputStream:75 - [STDERR_REDIRECT] [Fatal Error] :1:1: Premature end of file.
2026-09-17 21:42:43,158 [ERROR] LogOutputStream:75 - [STDERR_REDIRECT] 
2026-09-17 21:42:44,149 [ERROR] LogOutputStream:75 - [STDERR_REDIRECT] [Fatal Error] :1:1: Premature end of file.
2026-09-17 21:42:44,166 [ERROR] LogOutputStream:75 - [STDERR_REDIRECT] 
2026-09-17 21:42:45,155 [ERROR] LogOutputStream:75 - [STDERR_REDIRECT] [Fatal Error] :1:1: Premature end of file.
2026-09-17 21:42:45,155 [ERROR] LogOutputStream:75 - [STDERR_REDIRECT] 
2026-09-17 21:42:46,179 [ERROR] LogOutputStream:75 - [STDERR_REDIRECT] [Fatal Error] :1:1: Premature end of file.
2026-09-17 21:42:46,179 [ERROR] LogOutputStream:75 - [STDERR_REDIRECT] 
2026-09-17 21:42:47,160 [ERROR] LogOutputStream:75 - [STDERR_REDIRECT] [Fatal Error] :1:1: Premature end of file.
2026-09-17 21:42:47,160 [ERROR] LogOutputStream:75 - [STDERR_REDIRECT] 
2026-09-17 21:42:48,142 [ERROR] LogOutputStream:75 - [STDERR_REDIRECT] [Fatal Error] :1:1: Premature end of file.
2026-09-17 21:42:48,142 [ERROR] LogOutputStream:75 - [STDERR_REDIRECT] 
2026-09-17 21:42:49,151 [ERROR] LogOutputStream:75 - [STDERR_REDIRECT] [Fatal Error] :1:1: Premature end of file.
2026-09-17 21:42:49,151 [ERROR] LogOutputStream:75 - [STDERR_REDIRECT] 
2026-09-17 21:42:50,143 [ERROR] LogOutputStream:75 - [STDERR_REDIRECT] [Fatal Error] :1:1: Premature end of file.
2026-09-17 21:42:50,143 [ERROR] LogOutputStream:75 - [STDERR_REDIRECT] 
2026-09-17 21:42:51,172 [ERROR] LogOutputStream:75 - [STDERR_REDIRECT] [Fatal Error] :1:1: Premature end of file.
2026-09-17 21:42:51,172 [ERROR] LogOutputStream:75 - [STDERR_REDIRECT] 
2026-09-17 21:42:52,153 [ERROR] LogOutputStream:75 - [STDERR_REDIRECT] [Fatal Error] :1:1: Premature end of file.
2026-09-17 21:42:52,153 [ERROR] LogOutputStream:75 - [STDERR_REDIRECT] 
2026-09-17 21:42:53,156 [ERROR] LogOutputStream:75 - [STDERR_REDIRECT] [Fatal Error] :1:1: Premature end of file.
2026-09-17 21:42:53,156 [ERROR] LogOutputStream:75 - [STDERR_REDIRECT] 
2026-09-17 21:42:54,150 [ERROR] LogOutputStream:75 - [STDERR_REDIRECT] [Fatal Error] :1:1: Premature end of file.
2026-09-17 21:42:54,150 [ERROR] LogOutputStream:75 - [STDERR_REDIRECT] 
2026-09-17 21:42:55,145 [ERROR] LogOutputStream:75 - [STDERR_REDIRECT] [Fatal Error] :1:1: Premature end of file.
2026-09-17 21:42:55,145 [ERROR] LogOutputStream:75 - [STDERR_REDIRECT] 
2026-09-17 21:42:56,163 [ERROR] LogOutputStream:75 - [STDERR_REDIRECT] [Fatal Error] :1:1: Premature end of file.
2026-09-17 21:42:56,163 [ERROR] LogOutputStream:75 - [STDERR_REDIRECT] 
2026-09-17 21:42:57,154 [ERROR] LogOutputStream:75 - [STDERR_REDIRECT] [Fatal Error] :1:1: Premature end of file.
2026-09-17 21:42:57,154 [ERROR] LogOutputStream:75 - [STDERR_REDIRECT] 
2026-09-17 21:42:58,162 [ERROR] LogOutputStream:75 - [STDERR_REDIRECT] [Fatal Error] :1:1: Premature end of file.
2026-09-17 21:42:58,162 [ERROR] LogOutputStream:75 - [STDERR_REDIRECT] 
2026-09-17 21:42:59,157 [ERROR] LogOutputStream:75 - [STDERR_REDIRECT] [Fatal Error] :1:1: Premature end of file.
2026-09-17 21:42:59,179 [ERROR] LogOutputStream:75 - [STDERR_REDIRECT] 
2026-09-17 21:43:00,157 [ERROR] LogOutputStream:75 - [STDERR_REDIRECT] [Fatal Error] :1:1: Premature end of file.
2026-09-17 21:43:00,157 [ERROR] LogOutputStream:75 - [STDERR_REDIRECT] 
2026-09-17 21:43:01,162 [ERROR] LogOutputStream:75 - [STDERR_REDIRECT] [Fatal Error] :1:1: Premature end of file.
2026-09-17 21:43:01,162 [ERROR] LogOutputStream:75 - [STDERR_REDIRECT] 
2026-09-17 21:43:02,144 [ERROR] LogOutputStream:75 - [STDERR_REDIRECT] [Fatal Error] :1:1: Premature end of file.
2026-09-17 21:43:02,144 [ERROR] LogOutputStream:75 - [STDERR_REDIRECT] 
2026-09-17 21:43:03,170 [ERROR] LogOutputStream:75 - [STDERR_REDIRECT] [Fatal Error] :1:1: Premature end of file.
2026-09-17 21:43:03,170 [ERROR] LogOutputStream:75 - [STDERR_REDIRECT] 
2026-09-17 21:43:04,147 [ERROR] LogOutputStream:75 - [STDERR_REDIRECT] [Fatal Error] :1:1: Premature end of file.
2026-09-17 21:43:04,147 [ERROR] LogOutputStream:75 - [STDERR_REDIRECT] 
2026-09-17 21:43:05,164 [ERROR] LogOutputStream:75 - [STDERR_REDIRECT] [Fatal Error] :1:1: Premature end of file.
2026-09-17 21:43:05,164 [ERROR] LogOutputStream:75 - [STDERR_REDIRECT] 
2026-09-17 21:43:06,169 [ERROR] LogOutputStream:75 - [STDERR_REDIRECT] [Fatal Error] :1:1: Premature end of file.
2026-09-17 21:43:06,169 [ERROR] LogOutputStream:75 - [STDERR_REDIRECT] 
2026-09-17 21:43:07,152 [ERROR] LogOutputStream:75 - [STDERR_REDIRECT] [Fatal Error] :1:1: Premature end of file.
2026-09-17 21:43:07,152 [ERROR] LogOutputStream:75 - [STDERR_REDIRECT] 
2026-09-17 21:43:08,159 [ERROR] LogOutputStream:75 - [STDERR_REDIRECT] [Fatal Error] :1:1: Premature end of file.
2026-09-17 21:43:08,159 [ERROR] LogOutputStream:75 - [STDERR_REDIRECT] 
2026-09-17 21:43:09,155 [ERROR] LogOutputStream:75 - [STDERR_REDIRECT] [Fatal Error] :1:1: Premature end of file.
2026-09-17 21:43:09,155 [ERROR] LogOutputStream:75 - [STDERR_REDIRECT] 
2026-09-17 21:43:10,161 [ERROR] LogOutputStream:75 - [STDERR_REDIRECT] [Fatal Error] :1:1: Premature end of file.
2026-09-17 21:43:10,161 [ERROR] LogOutputStream:75 - [STDERR_REDIRECT] 
2026-09-17 21:43:11,163 [ERROR] LogOutputStream:75 - [STDERR_REDIRECT] [Fatal Error] :1:1: Premature end of file.
2026-09-17 21:43:11,163 [ERROR] LogOutputStream:75 - [STDERR_REDIRECT] 
2026-09-17 21:43:12,153 [ERROR] LogOutputStream:75 - [STDERR_REDIRECT] [Fatal Error] :1:1: Premature end of file.
2026-09-17 21:43:12,153 [ERROR] LogOutputStream:75 - [STDERR_REDIRECT] 
2026-09-17 21:43:13,147 [ERROR] LogOutputStream:75 - [STDERR_REDIRECT] [Fatal Error] :1:1: Premature end of file.
2026-09-17 21:43:13,148 [ERROR] LogOutputStream:75 - [STDERR_REDIRECT] 
2026-09-17 21:43:14,166 [ERROR] LogOutputStream:75 - [STDERR_REDIRECT] [Fatal Error] :1:1: Premature end of file.
2026-09-17 21:43:14,174 [ERROR] LogOutputStream:75 - [STDERR_REDIRECT] 
2026-09-17 21:43:15,152 [ERROR] LogOutputStream:75 - [STDERR_REDIRECT] [Fatal Error] :1:1: Premature end of file.
2026-09-17 21:43:15,152 [ERROR] LogOutputStream:75 - [STDERR_REDIRECT] 
2026-09-17 21:43:16,160 [ERROR] LogOutputStream:75 - [STDERR_REDIRECT] [Fatal Error] :1:1: Premature end of file.
2026-09-17 21:43:16,160 [ERROR] LogOutputStream:75 - [STDERR_REDIRECT] 
2026-09-17 21:43:17,148 [ERROR] LogOutputStream:75 - [STDERR_REDIRECT] [Fatal Error] :1:1: Premature end of file.
2026-09-17 21:43:17,148 [ERROR] LogOutputStream:75 - [STDERR_REDIRECT] 
2026-09-17 21:43:18,165 [ERROR] LogOutputStream:75 - [STDERR_REDIRECT] [Fatal Error] :1:1: Premature end of file.
2026-09-17 21:43:18,165 [ERROR] LogOutputStream:75 - [STDERR_REDIRECT] 
2026-09-17 21:43:19,152 [ERROR] LogOutputStream:75 - [STDERR_REDIRECT] [Fatal Error] :1:1: Premature end of file.
2026-09-17 21:43:19,152 [ERROR] LogOutputStream:75 - [STDERR_REDIRECT] 
2026-09-17 21:43:20,146 [ERROR] LogOutputStream:75 - [STDERR_REDIRECT] [Fatal Error] :1:1: Premature end of file.
2026-09-17 21:43:20,146 [ERROR] LogOutputStream:75 - [STDERR_REDIRECT] 
2026-09-17 21:43:21,160 [ERROR] LogOutputStream:75 - [STDERR_REDIRECT] [Fatal Error] :1:1: Premature end of file.
2026-09-17 21:43:21,160 [ERROR] LogOutputStream:75 - [STDERR_REDIRECT] 
2026-09-17 21:43:22,151 [ERROR] LogOutputStream:75 - [STDERR_REDIRECT] [Fatal Error] :1:1: Premature end of file.
2026-09-17 21:43:22,151 [ERROR] LogOutputStream:75 - [STDERR_REDIRECT] 
2026-09-17 21:43:23,166 [ERROR] LogOutputStream:75 - [STDERR_REDIRECT] [Fatal Error] :1:1: Premature end of file.
2026-09-17 21:43:23,166 [ERROR] LogOutputStream:75 - [STDERR_REDIRECT] 
2026-09-17 21:43:24,166 [ERROR] LogOutputStream:75 - [STDERR_REDIRECT] [Fatal Error] :1:1: Premature end of file.
2026-09-17 21:43:24,166 [ERROR] LogOutputStream:75 - [STDERR_REDIRECT] 
2026-09-17 21:43:25,154 [ERROR] LogOutputStream:75 - [STDERR_REDIRECT] [Fatal Error] :1:1: Premature end of file.
2026-09-17 21:43:25,154 [ERROR] LogOutputStream:75 - [STDERR_REDIRECT] 
2026-09-17 21:43:26,134 [ERROR] LogOutputStream:75 - [STDERR_REDIRECT] [Fatal Error] :1:1: Premature end of file.
2026-09-17 21:43:26,134 [ERROR] LogOutputStream:75 - [STDERR_REDIRECT] 
2026-09-17 21:43:27,157 [ERROR] LogOutputStream:75 - [STDERR_REDIRECT] [Fatal Error] :1:1: Premature end of file.
2026-09-17 21:43:27,157 [ERROR] LogOutputStream:75 - [STDERR_REDIRECT] 
2026-09-17 21:43:28,151 [ERROR] LogOutputStream:75 - [STDERR_REDIRECT] [Fatal Error] :1:1: Premature end of file.
2026-09-17 21:43:28,151 [ERROR] LogOutputStream:75 - [STDERR_REDIRECT] 
2026-09-17 21:43:29,149 [ERROR] LogOutputStream:75 - [STDERR_REDIRECT] [Fatal Error] :1:1: Premature end of file.
2026-09-17 21:43:29,149 [ERROR] LogOutputStream:75 - [STDERR_REDIRECT] 
2026-09-17 21:43:30,154 [ERROR] LogOutputStream:75 - [STDERR_REDIRECT] [Fatal Error] :1:1: Premature end of file.
2026-09-17 21:43:30,154 [ERROR] LogOutputStream:75 - [STDERR_REDIRECT] 
2026-09-17 21:43:31,159 [ERROR] LogOutputStream:75 - [STDERR_REDIRECT] [Fatal Error] :1:1: Premature end of file.
2026-09-17 21:43:31,159 [ERROR] LogOutputStream:75 - [STDERR_REDIRECT] 
2026-09-17 21:43:32,136 [ERROR] LogOutputStream:75 - [STDERR_REDIRECT] [Fatal Error] :1:1: Premature end of file.
2026-09-17 21:43:32,136 [ERROR] LogOutputStream:75 - [STDERR_REDIRECT] 
2026-09-17 21:43:33,166 [ERROR] LogOutputStream:75 - [STDERR_REDIRECT] [Fatal Error] :1:1: Premature end of file.
2026-09-17 21:43:33,166 [ERROR] LogOutputStream:75 - [STDERR_REDIRECT] 
2026-09-17 21:43:34,149 [ERROR] LogOutputStream:75 - [STDERR_REDIRECT] [Fatal Error] :1:1: Premature end of file.
2026-09-17 21:43:34,149 [ERROR] LogOutputStream:75 - [STDERR_REDIRECT] 
2026-09-17 21:43:35,147 [ERROR] LogOutputStream:75 - [STDERR_REDIRECT] [Fatal Error] :1:1: Premature end of file.
2026-09-17 21:43:35,147 [ERROR] LogOutputStream:75 - [STDERR_REDIRECT] 
2026-09-17 21:43:36,150 [ERROR] LogOutputStream:75 - [STDERR_REDIRECT] [Fatal Error] :1:1: Premature end of file.
2026-09-17 21:43:36,150 [ERROR] LogOutputStream:75 - [STDERR_REDIRECT] 
2026-09-17 21:43:37,157 [ERROR] LogOutputStream:75 - [STDERR_REDIRECT] [Fatal Error] :1:1: Premature end of file.
2026-09-17 21:43:37,157 [ERROR] LogOutputStream:75 - [STDERR_REDIRECT] 
2026-09-17 21:43:38,148 [ERROR] LogOutputStream:75 - [STDERR_REDIRECT] [Fatal Error] :1:1: Premature end of file.
2026-09-17 21:43:38,148 [ERROR] LogOutputStream:75 - [STDERR_REDIRECT] 
2026-09-17 21:43:39,148 [ERROR] LogOutputStream:75 - [STDERR_REDIRECT] [Fatal Error] :1:1: Premature end of file.
2026-09-17 21:43:39,148 [ERROR] LogOutputStream:75 - [STDERR_REDIRECT] 
2026-09-17 21:43:40,142 [ERROR] LogOutputStream:75 - [STDERR_REDIRECT] [Fatal Error] :1:1: Premature end of file.
2026-09-17 21:43:40,142 [ERROR] LogOutputStream:75 - [STDERR_REDIRECT] 
2026-09-17 21:43:41,149 [ERROR] LogOutputStream:75 - [STDERR_REDIRECT] [Fatal Error] :1:1: Premature end of file.
2026-09-17 21:43:41,149 [ERROR] LogOutputStream:75 - [STDERR_REDIRECT] 
2026-09-17 21:43:42,137 [ERROR] LogOutputStream:75 - [STDERR_REDIRECT] [Fatal Error] :1:1: Premature end of file.
2026-09-17 21:43:42,137 [ERROR] LogOutputStream:75 - [STDERR_REDIRECT] 
2026-09-17 21:43:43,139 [ERROR] LogOutputStream:75 - [STDERR_REDIRECT] [Fatal Error] :1:1: Premature end of file.
2026-09-17 21:43:43,139 [ERROR] LogOutputStream:75 - [STDERR_REDIRECT] 
2026-09-17 21:43:44,161 [ERROR] LogOutputStream:75 - [STDERR_REDIRECT] [Fatal Error] :1:1: Premature end of file.
2026-09-17 21:43:44,161 [ERROR] LogOutputStream:75 - [STDERR_REDIRECT] 
2026-09-17 21:43:45,157 [ERROR] LogOutputStream:75 - [STDERR_REDIRECT] [Fatal Error] :1:1: Premature end of file.
2026-09-17 21:43:45,157 [ERROR] LogOutputStream:75 - [STDERR_REDIRECT] 
2026-09-17 21:43:46,158 [ERROR] LogOutputStream:75 - [STDERR_REDIRECT] [Fatal Error] :1:1: Premature end of file.
2026-09-17 21:43:46,161 [ERROR] LogOutputStream:75 - [STDERR_REDIRECT] 
2026-09-17 21:43:47,151 [ERROR] LogOutputStream:75 - [STDERR_REDIRECT] [Fatal Error] :1:1: Premature end of file.
2026-09-17 21:43:47,151 [ERROR] LogOutputStream:75 - [STDERR_REDIRECT] 
2026-09-17 21:43:48,153 [ERROR] LogOutputStream:75 - [STDERR_REDIRECT] [Fatal Error] :1:1: Premature end of file.
2026-09-17 21:43:48,153 [ERROR] LogOutputStream:75 - [STDERR_REDIRECT] 
2026-09-17 21:43:49,135 [ERROR] LogOutputStream:75 - [STDERR_REDIRECT] [Fatal Error] :1:1: Premature end of file.
2026-09-17 21:43:49,135 [ERROR] LogOutputStream:75 - [STDERR_REDIRECT] 
2026-09-17 21:43:50,173 [ERROR] LogOutputStream:75 - [STDERR_REDIRECT] [Fatal Error] :1:1: Premature end of file.
2026-09-17 21:43:50,173 [ERROR] LogOutputStream:75 - [STDERR_REDIRECT] 
2026-09-17 21:43:51,147 [ERROR] LogOutputStream:75 - [STDERR_REDIRECT] [Fatal Error] :1:1: Premature end of file.
2026-09-17 21:43:51,147 [ERROR] LogOutputStream:75 - [STDERR_REDIRECT] 
2026-09-17 21:43:52,135 [ERROR] LogOutputStream:75 - [STDERR_REDIRECT] [Fatal Error] :1:1: Premature end of file.
2026-09-17 21:43:52,135 [ERROR] LogOutputStream:75 - [STDERR_REDIRECT] 
2026-09-17 21:43:53,138 [ERROR] LogOutputStream:75 - [STDERR_REDIRECT] [Fatal Error] :1:1: Premature end of file.
2026-09-17 21:43:53,138 [ERROR] LogOutputStream:75 - [STDERR_REDIRECT] 
2026-09-17 21:43:54,153 [ERROR] LogOutputStream:75 - [STDERR_REDIRECT] [Fatal Error] :1:1: Premature end of file.
2026-09-17 21:43:54,153 [ERROR] LogOutputStream:75 - [STDERR_REDIRECT] 
2026-09-17 21:43:55,154 [ERROR] LogOutputStream:75 - [STDERR_REDIRECT] [Fatal Error] :1:1: Premature end of file.
2026-09-17 21:43:55,154 [ERROR] LogOutputStream:75 - [STDERR_REDIRECT] 
2026-09-17 21:43:56,161 [ERROR] LogOutputStream:75 - [STDERR_REDIRECT] [Fatal Error] :1:1: Premature end of file.
2026-09-17 21:43:56,161 [ERROR] LogOutputStream:75 - [STDERR_REDIRECT] 
2026-09-17 21:43:57,150 [ERROR] LogOutputStream:75 - [STDERR_REDIRECT] [Fatal Error] :1:1: Premature end of file.
2026-09-17 21:43:57,150 [ERROR] LogOutputStream:75 - [STDERR_REDIRECT] 
2026-09-17 21:43:58,157 [ERROR] LogOutputStream:75 - [STDERR_REDIRECT] [Fatal Error] :1:1: Premature end of file.
2026-09-17 21:43:58,157 [ERROR] LogOutputStream:75 - [STDERR_REDIRECT] 
2026-09-17 21:43:59,133 [ERROR] LogOutputStream:75 - [STDERR_REDIRECT] [Fatal Error] :1:1: Premature end of file.
2026-09-17 21:43:59,156 [ERROR] LogOutputStream:75 - [STDERR_REDIRECT] 
2026-09-17 21:44:00,166 [ERROR] LogOutputStream:75 - [STDERR_REDIRECT] [Fatal Error] :1:1: Premature end of file.
2026-09-17 21:44:00,166 [ERROR] LogOutputStream:75 - [STDERR_REDIRECT] 
2026-09-17 21:44:01,156 [ERROR] LogOutputStream:75 - [STDERR_REDIRECT] [Fatal Error] :1:1: Premature end of file.
2026-09-17 21:44:01,156 [ERROR] LogOutputStream:75 - [STDERR_REDIRECT] 
2026-09-17 21:44:02,157 [ERROR] LogOutputStream:75 - [STDERR_REDIRECT] [Fatal Error] :1:1: Premature end of file.
2026-09-17 21:44:02,161 [ERROR] LogOutputStream:75 - [STDERR_REDIRECT] 
2026-09-17 21:44:03,149 [ERROR] LogOutputStream:75 - [STDERR_REDIRECT] [Fatal Error] :1:1: Premature end of file.
2026-09-17 21:44:03,149 [ERROR] LogOutputStream:75 - [STDERR_REDIRECT] 
2026-09-17 21:44:04,147 [ERROR] LogOutputStream:75 - [STDERR_REDIRECT] [Fatal Error] :1:1: Premature end of file.
2026-09-17 21:44:04,148 [ERROR] LogOutputStream:75 - [STDERR_REDIRECT] 
2026-09-17 21:44:05,143 [ERROR] LogOutputStream:75 - [STDERR_REDIRECT] [Fatal Error] :1:1: Premature end of file.
2026-09-17 21:44:05,143 [ERROR] LogOutputStream:75 - [STDERR_REDIRECT] 
2026-09-17 21:44:06,149 [ERROR] LogOutputStream:75 - [STDERR_REDIRECT] [Fatal Error] :1:1: Premature end of file.
2026-09-17 21:44:06,149 [ERROR] LogOutputStream:75 - [STDERR_REDIRECT] 
2026-09-17 21:44:07,148 [ERROR] LogOutputStream:75 - [STDERR_REDIRECT] [Fatal Error] :1:1: Premature end of file.
2026-09-17 21:44:07,148 [ERROR] LogOutputStream:75 - [STDERR_REDIRECT] 
2026-09-17 21:44:08,152 [ERROR] LogOutputStream:75 - [STDERR_REDIRECT] [Fatal Error] :1:1: Premature end of file.
2026-09-17 21:44:08,152 [ERROR] LogOutputStream:75 - [STDERR_REDIRECT] 
2026-09-17 21:44:09,143 [ERROR] LogOutputStream:75 - [STDERR_REDIRECT] [Fatal Error] :1:1: Premature end of file.
2026-09-17 21:44:09,143 [ERROR] LogOutputStream:75 - [STDERR_REDIRECT] 
2026-09-17 21:44:10,147 [ERROR] LogOutputStream:75 - [STDERR_REDIRECT] [Fatal Error] :1:1: Premature end of file.
2026-09-17 21:44:10,147 [ERROR] LogOutputStream:75 - [STDERR_REDIRECT] 
2026-09-17 21:44:11,150 [ERROR] LogOutputStream:75 - [STDERR_REDIRECT] [Fatal Error] :1:1: Premature end of file.
2026-09-17 21:44:11,150 [ERROR] LogOutputStream:75 - [STDERR_REDIRECT] 
2026-09-17 21:44:12,154 [ERROR] LogOutputStream:75 - [STDERR_REDIRECT] [Fatal Error] :1:1: Premature end of file.
2026-09-17 21:44:12,154 [ERROR] LogOutputStream:75 - [STDERR_REDIRECT] 
2026-09-17 21:44:13,147 [ERROR] LogOutputStream:75 - [STDERR_REDIRECT] [Fatal Error] :1:1: Premature end of file.
2026-09-17 21:44:13,147 [ERROR] LogOutputStream:75 - [STDERR_REDIRECT] 
2026-09-17 21:44:14,142 [ERROR] LogOutputStream:75 - [STDERR_REDIRECT] [Fatal Error] :1:1: Premature end of file.
2026-09-17 21:44:14,142 [ERROR] LogOutputStream:75 - [STDERR_REDIRECT] 
2026-09-17 21:44:15,163 [ERROR] LogOutputStream:75 - [STDERR_REDIRECT] [Fatal Error] :1:1: Premature end of file.
2026-09-17 21:44:15,163 [ERROR] LogOutputStream:75 - [STDERR_REDIRECT] 
2026-09-17 21:44:16,147 [ERROR] LogOutputStream:75 - [STDERR_REDIRECT] [Fatal Error] :1:1: Premature end of file.
2026-09-17 21:44:16,147 [ERROR] LogOutputStream:75 - [STDERR_REDIRECT] 
2026-09-17 21:44:17,149 [ERROR] LogOutputStream:75 - [STDERR_REDIRECT] [Fatal Error] :1:1: Premature end of file.
2026-09-17 21:44:17,150 [ERROR] LogOutputStream:75 - [STDERR_REDIRECT] 
2026-09-17 21:44:18,147 [ERROR] LogOutputStream:75 - [STDERR_REDIRECT] [Fatal Error] :1:1: Premature end of file.
2026-09-17 21:44:18,147 [ERROR] LogOutputStream:75 - [STDERR_REDIRECT] 
2026-09-17 21:44:19,154 [ERROR] LogOutputStream:75 - [STDERR_REDIRECT] [Fatal Error] :1:1: Premature end of file.
2026-09-17 21:44:19,154 [ERROR] LogOutputStream:75 - [STDERR_REDIRECT] 
2026-09-17 21:44:20,149 [ERROR] LogOutputStream:75 - [STDERR_REDIRECT] [Fatal Error] :1:1: Premature end of file.
2026-09-17 21:44:20,149 [ERROR] LogOutputStream:75 - [STDERR_REDIRECT] 
2026-09-17 21:44:21,150 [ERROR] LogOutputStream:75 - [STDERR_REDIRECT] [Fatal Error] :1:1: Premature end of file.
2026-09-17 21:44:21,150 [ERROR] LogOutputStream:75 - [STDERR_REDIRECT] 
2026-09-17 21:44:22,148 [ERROR] LogOutputStream:75 - [STDERR_REDIRECT] [Fatal Error] :1:1: Premature end of file.
2026-09-17 21:44:22,148 [ERROR] LogOutputStream:75 - [STDERR_REDIRECT] 
2026-09-17 21:44:23,150 [ERROR] LogOutputStream:75 - [STDERR_REDIRECT] [Fatal Error] :1:1: Premature end of file.
2026-09-17 21:44:23,150 [ERROR] LogOutputStream:75 - [STDERR_REDIRECT] 
2026-09-17 21:44:24,154 [ERROR] LogOutputStream:75 - [STDERR_REDIRECT] [Fatal Error] :1:1: Premature end of file.
2026-09-17 21:44:24,154 [ERROR] LogOutputStream:75 - [STDERR_REDIRECT] 
2026-09-17 21:44:25,140 [ERROR] LogOutputStream:75 - [STDERR_REDIRECT] [Fatal Error] :1:1: Premature end of file.
2026-09-17 21:44:25,140 [ERROR] LogOutputStream:75 - [STDERR_REDIRECT] 
2026-09-17 21:44:26,150 [ERROR] LogOutputStream:75 - [STDERR_REDIRECT] [Fatal Error] :1:1: Premature end of file.
2026-09-17 21:44:26,150 [ERROR] LogOutputStream:75 - [STDERR_REDIRECT] 
2026-09-17 21:44:27,150 [ERROR] LogOutputStream:75 - [STDERR_REDIRECT] [Fatal Error] :1:1: Premature end of file.
2026-09-17 21:44:27,150 [ERROR] LogOutputStream:75 - [STDERR_REDIRECT] 
2026-09-17 21:44:28,150 [ERROR] LogOutputStream:75 - [STDERR_REDIRECT] [Fatal Error] :1:1: Premature end of file.
2026-09-17 21:44:28,150 [ERROR] LogOutputStream:75 - [STDERR_REDIRECT] 
2026-09-17 21:44:29,144 [ERROR] LogOutputStream:75 - [STDERR_REDIRECT] [Fatal Error] :1:1: Premature end of file.
2026-09-17 21:44:29,144 [ERROR] LogOutputStream:75 - [STDERR_REDIRECT] 
2026-09-17 21:44:30,154 [ERROR] LogOutputStream:75 - [STDERR_REDIRECT] [Fatal Error] :1:1: Premature end of file.
2026-09-17 21:44:30,154 [ERROR] LogOutputStream:75 - [STDERR_REDIRECT] 
2026-09-17 21:44:31,141 [ERROR] LogOutputStream:75 - [STDERR_REDIRECT] [Fatal Error] :1:1: Premature end of file.
2026-09-17 21:44:31,141 [ERROR] LogOutputStream:75 - [STDERR_REDIRECT] 
2026-09-17 21:44:32,145 [ERROR] LogOutputStream:75 - [STDERR_REDIRECT] [Fatal Error] :1:1: Premature end of file.
2026-09-17 21:44:32,145 [ERROR] LogOutputStream:75 - [STDERR_REDIRECT] 
2026-09-17 21:44:33,145 [ERROR] LogOutputStream:75 - [STDERR_REDIRECT] [Fatal Error] :1:1: Premature end of file.
2026-09-17 21:44:33,145 [ERROR] LogOutputStream:75 - [STDERR_REDIRECT] 
2026-09-17 21:44:34,143 [ERROR] LogOutputStream:75 - [STDERR_REDIRECT] [Fatal Error] :1:1: Premature end of file.
2026-09-17 21:44:34,144 [ERROR] LogOutputStream:75 - [STDERR_REDIRECT] 
2026-09-17 21:44:35,142 [ERROR] LogOutputStream:75 - [STDERR_REDIRECT] [Fatal Error] :1:1: Premature end of file.
2026-09-17 21:44:35,142 [ERROR] LogOutputStream:75 - [STDERR_REDIRECT] 
2026-09-17 21:44:36,144 [ERROR] LogOutputStream:75 - [STDERR_REDIRECT] [Fatal Error] :1:1: Premature end of file.
2026-09-17 21:44:36,144 [ERROR] LogOutputStream:75 - [STDERR_REDIRECT] 
2026-09-17 21:44:37,151 [ERROR] LogOutputStream:75 - [STDERR_REDIRECT] [Fatal Error] :1:1: Premature end of file.
2026-09-17 21:44:37,151 [ERROR] LogOutputStream:75 - [STDERR_REDIRECT] 
2026-09-17 21:44:38,151 [ERROR] LogOutputStream:75 - [STDERR_REDIRECT] [Fatal Error] :1:1: Premature end of file.
2026-09-17 21:44:38,151 [ERROR] LogOutputStream:75 - [STDERR_REDIRECT] 
2026-09-17 21:44:39,152 [ERROR] LogOutputStream:75 - [STDERR_REDIRECT] [Fatal Error] :1:1: Premature end of file.
2026-09-17 21:44:39,152 [ERROR] LogOutputStream:75 - [STDERR_REDIRECT] 
2026-09-17 21:44:40,152 [ERROR] LogOutputStream:75 - [STDERR_REDIRECT] [Fatal Error] :1:1: Premature end of file.
2026-09-17 21:44:40,152 [ERROR] LogOutputStream:75 - [STDERR_REDIRECT] 
2026-09-17 21:44:41,154 [ERROR] LogOutputStream:75 - [STDERR_REDIRECT] [Fatal Error] :1:1: Premature end of file.
2026-09-17 21:44:41,154 [ERROR] LogOutputStream:75 - [STDERR_REDIRECT] 
2026-09-17 21:44:42,155 [ERROR] LogOutputStream:75 - [STDERR_REDIRECT] [Fatal Error] :1:1: Premature end of file.
2026-09-17 21:44:42,156 [ERROR] LogOutputStream:75 - [STDERR_REDIRECT] 
2026-09-17 21:44:43,155 [ERROR] LogOutputStream:75 - [STDERR_REDIRECT] [Fatal Error] :1:1: Premature end of file.
2026-09-17 21:44:43,155 [ERROR] LogOutputStream:75 - [STDERR_REDIRECT] 
2026-09-17 21:44:44,151 [ERROR] LogOutputStream:75 - [STDERR_REDIRECT] [Fatal Error] :1:1: Premature end of file.
2026-09-17 21:44:44,158 [ERROR] LogOutputStream:75 - [STDERR_REDIRECT] 
2026-09-17 21:44:45,146 [ERROR] LogOutputStream:75 - [STDERR_REDIRECT] [Fatal Error] :1:1: Premature end of file.
2026-09-17 21:44:45,146 [ERROR] LogOutputStream:75 - [STDERR_REDIRECT] 
2026-09-17 21:44:46,149 [ERROR] LogOutputStream:75 - [STDERR_REDIRECT] [Fatal Error] :1:1: Premature end of file.
2026-09-17 21:44:46,150 [ERROR] LogOutputStream:75 - [STDERR_REDIRECT] 
2026-09-17 21:44:47,145 [ERROR] LogOutputStream:75 - [STDERR_REDIRECT] [Fatal Error] :1:1: Premature end of file.
2026-09-17 21:44:47,145 [ERROR] LogOutputStream:75 - [STDERR_REDIRECT] 
2026-09-17 21:44:48,148 [ERROR] LogOutputStream:75 - [STDERR_REDIRECT] [Fatal Error] :1:1: Premature end of file.
2026-09-17 21:44:48,148 [ERROR] LogOutputStream:75 - [STDERR_REDIRECT] 
2026-09-17 21:44:49,143 [ERROR] LogOutputStream:75 - [STDERR_REDIRECT] [Fatal Error] :1:1: Premature end of file.
2026-09-17 21:44:49,144 [ERROR] LogOutputStream:75 - [STDERR_REDIRECT] 
2026-09-17 21:44:50,151 [ERROR] LogOutputStream:75 - [STDERR_REDIRECT] [Fatal Error] :1:1: Premature end of file.
2026-09-17 21:44:50,151 [ERROR] LogOutputStream:75 - [STDERR_REDIRECT] 
2026-09-17 21:44:51,147 [ERROR] LogOutputStream:75 - [STDERR_REDIRECT] [Fatal Error] :1:1: Premature end of file.
2026-09-17 21:44:51,147 [ERROR] LogOutputStream:75 - [STDERR_REDIRECT] 
2026-09-17 21:44:52,148 [ERROR] LogOutputStream:75 - [STDERR_REDIRECT] [Fatal Error] :1:1: Premature end of file.
2026-09-17 21:44:52,148 [ERROR] LogOutputStream:75 - [STDERR_REDIRECT] 
2026-09-17 21:44:53,149 [ERROR] LogOutputStream:75 - [STDERR_REDIRECT] [Fatal Error] :1:1: Premature end of file.
2026-09-17 21:44:53,149 [ERROR] LogOutputStream:75 - [STDERR_REDIRECT] 
2026-09-17 21:44:54,144 [ERROR] LogOutputStream:75 - [STDERR_REDIRECT] [Fatal Error] :1:1: Premature end of file.
2026-09-17 21:44:54,144 [ERROR] LogOutputStream:75 - [STDERR_REDIRECT] 
2026-09-17 21:44:55,164 [ERROR] LogOutputStream:75 - [STDERR_REDIRECT] [Fatal Error] :1:1: Premature end of file.
2026-09-17 21:44:55,164 [ERROR] LogOutputStream:75 - [STDERR_REDIRECT] 
2026-09-17 21:44:56,144 [ERROR] LogOutputStream:75 - [STDERR_REDIRECT] [Fatal Error] :1:1: Premature end of file.
2026-09-17 21:44:56,144 [ERROR] LogOutputStream:75 - [STDERR_REDIRECT] 
2026-09-17 21:44:57,143 [ERROR] LogOutputStream:75 - [STDERR_REDIRECT] [Fatal Error] :1:1: Premature end of file.
2026-09-17 21:44:57,143 [ERROR] LogOutputStream:75 - [STDERR_REDIRECT] 
2026-09-17 21:44:58,149 [ERROR] LogOutputStream:75 - [STDERR_REDIRECT] [Fatal Error] :1:1: Premature end of file.
2026-09-17 21:44:58,149 [ERROR] LogOutputStream:75 - [STDERR_REDIRECT] 
2026-09-17 21:44:59,154 [ERROR] LogOutputStream:75 - [STDERR_REDIRECT] [Fatal Error] :1:1: Premature end of file.
2026-09-17 21:44:59,154 [ERROR] LogOutputStream:75 - [STDERR_REDIRECT] 
2026-09-17 21:45:00,144 [ERROR] LogOutputStream:75 - [STDERR_REDIRECT] [Fatal Error] :1:1: Premature end of file.
2026-09-17 21:45:00,144 [ERROR] LogOutputStream:75 - [STDERR_REDIRECT] 
2026-09-17 21:45:01,145 [ERROR] LogOutputStream:75 - [STDERR_REDIRECT] [Fatal Error] :1:1: Premature end of file.
2026-09-17 21:45:01,145 [ERROR] LogOutputStream:75 - [STDERR_REDIRECT] 
2026-09-17 21:45:02,147 [ERROR] LogOutputStream:75 - [STDERR_REDIRECT] [Fatal Error] :1:1: Premature end of file.
2026-09-17 21:45:02,147 [ERROR] LogOutputStream:75 - [STDERR_REDIRECT] 
2026-09-17 21:45:03,148 [ERROR] LogOutputStream:75 - [STDERR_REDIRECT] [Fatal Error] :1:1: Premature end of file.
2026-09-17 21:45:03,148 [ERROR] LogOutputStream:75 - [STDERR_REDIRECT] 
2026-09-17 21:45:04,150 [ERROR] LogOutputStream:75 - [STDERR_REDIRECT] [Fatal Error] :1:1: Premature end of file.
2026-09-17 21:45:04,150 [ERROR] LogOutputStream:75 - [STDERR_REDIRECT] 
2026-09-17 21:45:05,142 [ERROR] LogOutputStream:75 - [STDERR_REDIRECT] [Fatal Error] :1:1: Premature end of file.
2026-09-17 21:45:05,142 [ERROR] LogOutputStream:75 - [STDERR_REDIRECT] 
2026-09-17 21:45:06,147 [ERROR] LogOutputStream:75 - [STDERR_REDIRECT] [Fatal Error] :1:1: Premature end of file.
2026-09-17 21:45:06,148 [ERROR] LogOutputStream:75 - [STDERR_REDIRECT] 
2026-09-17 21:45:07,142 [ERROR] LogOutputStream:75 - [STDERR_REDIRECT] [Fatal Error] :1:1: Premature end of file.
2026-09-17 21:45:07,142 [ERROR] LogOutputStream:75 - [STDERR_REDIRECT] 
2026-09-17 21:45:08,147 [ERROR] LogOutputStream:75 - [STDERR_REDIRECT] [Fatal Error] :1:1: Premature end of file.
2026-09-17 21:45:08,147 [ERROR] LogOutputStream:75 - [STDERR_REDIRECT] 
2026-09-17 21:45:09,144 [ERROR] LogOutputStream:75 - [STDERR_REDIRECT] [Fatal Error] :1:1: Premature end of file.
2026-09-17 21:45:09,144 [ERROR] LogOutputStream:75 - [STDERR_REDIRECT] 
2026-09-17 21:45:10,146 [ERROR] LogOutputStream:75 - [STDERR_REDIRECT] [Fatal Error] :1:1: Premature end of file.
2026-09-17 21:45:10,146 [ERROR] LogOutputStream:75 - [STDERR_REDIRECT] 
2026-09-17 21:45:11,148 [ERROR] LogOutputStream:75 - [STDERR_REDIRECT] [Fatal Error] :1:1: Premature end of file.
2026-09-17 21:45:11,148 [ERROR] LogOutputStream:75 - [STDERR_REDIRECT] 
2026-09-17 21:45:12,143 [ERROR] LogOutputStream:75 - [STDERR_REDIRECT] [Fatal Error] :1:1: Premature end of file.
2026-09-17 21:45:12,143 [ERROR] LogOutputStream:75 - [STDERR_REDIRECT] 
2026-09-17 21:45:13,146 [ERROR] LogOutputStream:75 - [STDERR_REDIRECT] [Fatal Error] :1:1: Premature end of file.
2026-09-17 21:45:13,147 [ERROR] LogOutputStream:75 - [STDERR_REDIRECT] 
2026-09-17 21:45:14,147 [ERROR] LogOutputStream:75 - [STDERR_REDIRECT] [Fatal Error] :1:1: Premature end of file.
2026-09-17 21:45:14,147 [ERROR] LogOutputStream:75 - [STDERR_REDIRECT] 
2026-09-17 21:45:15,145 [ERROR] LogOutputStream:75 - [STDERR_REDIRECT] [Fatal Error] :1:1: Premature end of file.
2026-09-17 21:45:15,145 [ERROR] LogOutputStream:75 - [STDERR_REDIRECT] 
2026-09-17 21:45:16,147 [ERROR] LogOutputStream:75 - [STDERR_REDIRECT] [Fatal Error] :1:1: Premature end of file.
2026-09-17 21:45:16,148 [ERROR] LogOutputStream:75 - [STDERR_REDIRECT] 
2026-09-17 21:45:17,144 [ERROR] LogOutputStream:75 - [STDERR_REDIRECT] [Fatal Error] :1:1: Premature end of file.
2026-09-17 21:45:17,144 [ERROR] LogOutputStream:75 - [STDERR_REDIRECT] 
2026-09-17 21:45:18,146 [ERROR] LogOutputStream:75 - [STDERR_REDIRECT] [Fatal Error] :1:1: Premature end of file.
2026-09-17 21:45:18,146 [ERROR] LogOutputStream:75 - [STDERR_REDIRECT] 
2026-09-17 21:45:19,147 [ERROR] LogOutputStream:75 - [STDERR_REDIRECT] [Fatal Error] :1:1: Premature end of file.
2026-09-17 21:45:19,147 [ERROR] LogOutputStream:75 - [STDERR_REDIRECT] 
2026-09-17 21:45:20,145 [ERROR] LogOutputStream:75 - [STDERR_REDIRECT] [Fatal Error] :1:1: Premature end of file.
2026-09-17 21:45:20,145 [ERROR] LogOutputStream:75 - [STDERR_REDIRECT] 
2026-09-17 21:45:21,144 [ERROR] LogOutputStream:75 - [STDERR_REDIRECT] [Fatal Error] :1:1: Premature end of file.
2026-09-17 21:45:21,144 [ERROR] LogOutputStream:75 - [STDERR_REDIRECT] 
2026-09-17 21:45:22,147 [ERROR] LogOutputStream:75 - [STDERR_REDIRECT] [Fatal Error] :1:1: Premature end of file.
2026-09-17 21:45:22,147 [ERROR] LogOutputStream:75 - [STDERR_REDIRECT] 
2026-09-17 21:45:23,144 [ERROR] LogOutputStream:75 - [STDERR_REDIRECT] [Fatal Error] :1:1: Premature end of file.
2026-09-17 21:45:23,144 [ERROR] LogOutputStream:75 - [STDERR_REDIRECT] 
2026-09-17 21:45:24,143 [ERROR] LogOutputStream:75 - [STDERR_REDIRECT] [Fatal Error] :1:1: Premature end of file.
2026-09-17 21:45:24,143 [ERROR] LogOutputStream:75 - [STDERR_REDIRECT] 
2026-09-17 21:45:25,144 [ERROR] LogOutputStream:75 - [STDERR_REDIRECT] [Fatal Error] :1:1: Premature end of file.
2026-09-17 21:45:25,144 [ERROR] LogOutputStream:75 - [STDERR_REDIRECT] 
2026-09-17 21:45:26,143 [ERROR] LogOutputStream:75 - [STDERR_REDIRECT] [Fatal Error] :1:1: Premature end of file.
2026-09-17 21:45:26,143 [ERROR] LogOutputStream:75 - [STDERR_REDIRECT] 
2026-09-17 21:45:27,144 [ERROR] LogOutputStream:75 - [STDERR_REDIRECT] [Fatal Error] :1:1: Premature end of file.
2026-09-17 21:45:27,144 [ERROR] LogOutputStream:75 - [STDERR_REDIRECT] 
2026-09-17 21:45:28,143 [ERROR] LogOutputStream:75 - [STDERR_REDIRECT] [Fatal Error] :1:1: Premature end of file.
2026-09-17 21:45:28,143 [ERROR] LogOutputStream:75 - [STDERR_REDIRECT] 
2026-09-17 21:45:29,144 [ERROR] LogOutputStream:75 - [STDERR_REDIRECT] [Fatal Error] :1:1: Premature end of file.
2026-09-17 21:45:29,144 [ERROR] LogOutputStream:75 - [STDERR_REDIRECT] 
2026-09-17 21:45:30,148 [ERROR] LogOutputStream:75 - [STDERR_REDIRECT] [Fatal Error] :1:1: Premature end of file.
2026-09-17 21:45:30,148 [ERROR] LogOutputStream:75 - [STDERR_REDIRECT] 
2026-09-17 21:45:31,150 [ERROR] LogOutputStream:75 - [STDERR_REDIRECT] [Fatal Error] :1:1: Premature end of file.
2026-09-17 21:45:31,150 [ERROR] LogOutputStream:75 - [STDERR_REDIRECT] 
2026-09-17 21:45:32,143 [ERROR] LogOutputStream:75 - [STDERR_REDIRECT] [Fatal Error] :1:1: Premature end of file.
2026-09-17 21:45:32,143 [ERROR] LogOutputStream:75 - [STDERR_REDIRECT] 
2026-09-17 21:45:33,150 [ERROR] LogOutputStream:75 - [STDERR_REDIRECT] [Fatal Error] :1:1: Premature end of file.
2026-09-17 21:45:33,150 [ERROR] LogOutputStream:75 - [STDERR_REDIRECT] 
2026-09-17 21:45:34,143 [ERROR] LogOutputStream:75 - [STDERR_REDIRECT] [Fatal Error] :1:1: Premature end of file.
2026-09-17 21:45:34,143 [ERROR] LogOutputStream:75 - [STDERR_REDIRECT] 
2026-09-17 21:45:35,139 [ERROR] LogOutputStream:75 - [STDERR_REDIRECT] [Fatal Error] :1:1: Premature end of file.
2026-09-17 21:45:35,139 [ERROR] LogOutputStream:75 - [STDERR_REDIRECT] 
2026-09-17 21:45:36,160 [ERROR] LogOutputStream:75 - [STDERR_REDIRECT] [Fatal Error] :1:1: Premature end of file.
2026-09-17 21:45:36,161 [ERROR] LogOutputStream:75 - [STDERR_REDIRECT] 
2026-09-17 21:45:37,143 [ERROR] LogOutputStream:75 - [STDERR_REDIRECT] [Fatal Error] :1:1: Premature end of file.
2026-09-17 21:45:37,143 [ERROR] LogOutputStream:75 - [STDERR_REDIRECT] 
2026-09-17 21:45:38,153 [ERROR] LogOutputStream:75 - [STDERR_REDIRECT] [Fatal Error] :1:1: Premature end of file.
2026-09-17 21:45:38,153 [ERROR] LogOutputStream:75 - [STDERR_REDIRECT] 
2026-09-17 21:45:39,146 [ERROR] LogOutputStream:75 - [STDERR_REDIRECT] [Fatal Error] :1:1: Premature end of file.
2026-09-17 21:45:39,147 [ERROR] LogOutputStream:75 - [STDERR_REDIRECT] 
2026-09-17 21:45:40,143 [ERROR] LogOutputStream:75 - [STDERR_REDIRECT] [Fatal Error] :1:1: Premature end of file.
2026-09-17 21:45:40,144 [ERROR] LogOutputStream:75 - [STDERR_REDIRECT] 
2026-09-17 21:45:41,145 [ERROR] LogOutputStream:75 - [STDERR_REDIRECT] [Fatal Error] :1:1: Premature end of file.
2026-09-17 21:45:41,145 [ERROR] LogOutputStream:75 - [STDERR_REDIRECT] 
2026-09-17 21:45:42,159 [ERROR] LogOutputStream:75 - [STDERR_REDIRECT] [Fatal Error] :1:1: Premature end of file.
2026-09-17 21:45:42,159 [ERROR] LogOutputStream:75 - [STDERR_REDIRECT] 
2026-09-17 21:45:43,144 [ERROR] LogOutputStream:75 - [STDERR_REDIRECT] [Fatal Error] :1:1: Premature end of file.
2026-09-17 21:45:43,144 [ERROR] LogOutputStream:75 - [STDERR_REDIRECT] 
2026-09-17 21:45:44,161 [ERROR] LogOutputStream:75 - [STDERR_REDIRECT] [Fatal Error] :1:1: Premature end of file.
2026-09-17 21:45:44,161 [ERROR] LogOutputStream:75 - [STDERR_REDIRECT] 
2026-09-17 21:45:45,145 [ERROR] LogOutputStream:75 - [STDERR_REDIRECT] [Fatal Error] :1:1: Premature end of file.
2026-09-17 21:45:45,145 [ERROR] LogOutputStream:75 - [STDERR_REDIRECT] 
2026-09-17 21:45:46,145 [ERROR] LogOutputStream:75 - [STDERR_REDIRECT] [Fatal Error] :1:1: Premature end of file.
2026-09-17 21:45:46,145 [ERROR] LogOutputStream:75 - [STDERR_REDIRECT] 
2026-09-17 21:45:47,148 [ERROR] LogOutputStream:75 - [STDERR_REDIRECT] [Fatal Error] :1:1: Premature end of file.
2026-09-17 21:45:47,148 [ERROR] LogOutputStream:75 - [STDERR_REDIRECT] 
2026-09-17 21:45:48,149 [ERROR] LogOutputStream:75 - [STDERR_REDIRECT] [Fatal Error] :1:1: Premature end of file.
2026-09-17 21:45:48,149 [ERROR] LogOutputStream:75 - [STDERR_REDIRECT] 
2026-09-17 21:45:49,147 [ERROR] LogOutputStream:75 - [STDERR_REDIRECT] [Fatal Error] :1:1: Premature end of file.
2026-09-17 21:45:49,147 [ERROR] LogOutputStream:75 - [STDERR_REDIRECT] 
2026-09-17 21:45:50,143 [ERROR] LogOutputStream:75 - [STDERR_REDIRECT] [Fatal Error] :1:1: Premature end of file.
2026-09-17 21:45:50,143 [ERROR] LogOutputStream:75 - [STDERR_REDIRECT] 
2026-09-17 21:45:51,143 [ERROR] LogOutputStream:75 - [STDERR_REDIRECT] [Fatal Error] :1:1: Premature end of file.
2026-09-17 21:45:51,143 [ERROR] LogOutputStream:75 - [STDERR_REDIRECT] 
2026-09-17 21:45:52,141 [ERROR] LogOutputStream:75 - [STDERR_REDIRECT] [Fatal Error] :1:1: Premature end of file.
2026-09-17 21:45:52,142 [ERROR] LogOutputStream:75 - [STDERR_REDIRECT] 
2026-09-17 21:45:53,146 [ERROR] LogOutputStream:75 - [STDERR_REDIRECT] [Fatal Error] :1:1: Premature end of file.
2026-09-17 21:45:53,146 [ERROR] LogOutputStream:75 - [STDERR_REDIRECT] 
2026-09-17 21:45:54,143 [ERROR] LogOutputStream:75 - [STDERR_REDIRECT] [Fatal Error] :1:1: Premature end of file.
2026-09-17 21:45:54,143 [ERROR] LogOutputStream:75 - [STDERR_REDIRECT] 
2026-09-17 21:45:55,144 [ERROR] LogOutputStream:75 - [STDERR_REDIRECT] [Fatal Error] :1:1: Premature end of file.
2026-09-17 21:45:55,144 [ERROR] LogOutputStream:75 - [STDERR_REDIRECT] 
2026-09-17 21:45:56,142 [ERROR] LogOutputStream:75 - [STDERR_REDIRECT] [Fatal Error] :1:1: Premature end of file.
2026-09-17 21:45:56,142 [ERROR] LogOutputStream:75 - [STDERR_REDIRECT] 
2026-09-17 21:45:57,145 [ERROR] LogOutputStream:75 - [STDERR_REDIRECT] [Fatal Error] :1:1: Premature end of file.
2026-09-17 21:45:57,145 [ERROR] LogOutputStream:75 - [STDERR_REDIRECT] 
2026-09-17 21:45:58,161 [ERROR] LogOutputStream:75 - [STDERR_REDIRECT] [Fatal Error] :1:1: Premature end of file.
2026-09-17 21:45:58,161 [ERROR] LogOutputStream:75 - [STDERR_REDIRECT] 
2026-09-17 21:45:59,162 [ERROR] LogOutputStream:75 - [STDERR_REDIRECT] [Fatal Error] :1:1: Premature end of file.
2026-09-17 21:45:59,162 [ERROR] LogOutputStream:75 - [STDERR_REDIRECT] 
2026-09-17 21:46:00,148 [ERROR] LogOutputStream:75 - [STDERR_REDIRECT] [Fatal Error] :1:1: Premature end of file.
2026-09-17 21:46:00,148 [ERROR] LogOutputStream:75 - [STDERR_REDIRECT] 
2026-09-17 21:46:01,162 [ERROR] LogOutputStream:75 - [STDERR_REDIRECT] [Fatal Error] :1:1: Premature end of file.
2026-09-17 21:46:01,162 [ERROR] LogOutputStream:75 - [STDERR_REDIRECT] 
2026-09-17 21:46:02,137 [ERROR] LogOutputStream:75 - [STDERR_REDIRECT] [Fatal Error] :1:1: Premature end of file.
2026-09-17 21:46:02,137 [ERROR] LogOutputStream:75 - [STDERR_REDIRECT] 
2026-09-17 21:46:03,156 [ERROR] LogOutputStream:75 - [STDERR_REDIRECT] [Fatal Error] :1:1: Premature end of file.
2026-09-17 21:46:03,156 [ERROR] LogOutputStream:75 - [STDERR_REDIRECT] 
2026-09-17 21:46:04,148 [ERROR] LogOutputStream:75 - [STDERR_REDIRECT] [Fatal Error] :1:1: Premature end of file.
2026-09-17 21:46:04,148 [ERROR] LogOutputStream:75 - [STDERR_REDIRECT] 
2026-09-17 21:46:05,147 [ERROR] LogOutputStream:75 - [STDERR_REDIRECT] [Fatal Error] :1:1: Premature end of file.
2026-09-17 21:46:05,147 [ERROR] LogOutputStream:75 - [STDERR_REDIRECT] 
2026-09-17 21:46:06,148 [ERROR] LogOutputStream:75 - [STDERR_REDIRECT] [Fatal Error] :1:1: Premature end of file.
2026-09-17 21:46:06,148 [ERROR] LogOutputStream:75 - [STDERR_REDIRECT] 
2026-09-17 21:46:07,150 [ERROR] LogOutputStream:75 - [STDERR_REDIRECT] [Fatal Error] :1:1: Premature end of file.
2026-09-17 21:46:07,150 [ERROR] LogOutputStream:75 - [STDERR_REDIRECT] 
2026-09-17 21:46:08,143 [ERROR] LogOutputStream:75 - [STDERR_REDIRECT] [Fatal Error] :1:1: Premature end of file.
2026-09-17 21:46:08,143 [ERROR] LogOutputStream:75 - [STDERR_REDIRECT] 
2026-09-17 21:46:09,146 [ERROR] LogOutputStream:75 - [STDERR_REDIRECT] [Fatal Error] :1:1: Premature end of file.
2026-09-17 21:46:09,146 [ERROR] LogOutputStream:75 - [STDERR_REDIRECT] 
2026-09-17 21:46:10,143 [ERROR] LogOutputStream:75 - [STDERR_REDIRECT] [Fatal Error] :1:1: Premature end of file.
2026-09-17 21:46:10,143 [ERROR] LogOutputStream:75 - [STDERR_REDIRECT] 
2026-09-17 21:46:11,145 [ERROR] LogOutputStream:75 - [STDERR_REDIRECT] [Fatal Error] :1:1: Premature end of file.
2026-09-17 21:46:11,145 [ERROR] LogOutputStream:75 - [STDERR_REDIRECT] 
2026-09-17 21:46:12,150 [ERROR] LogOutputStream:75 - [STDERR_REDIRECT] [Fatal Error] :1:1: Premature end of file.
2026-09-17 21:46:12,150 [ERROR] LogOutputStream:75 - [STDERR_REDIRECT] 
2026-09-17 21:46:13,146 [ERROR] LogOutputStream:75 - [STDERR_REDIRECT] [Fatal Error] :1:1: Premature end of file.
2026-09-17 21:46:13,146 [ERROR] LogOutputStream:75 - [STDERR_REDIRECT] 
2026-09-17 21:46:14,142 [ERROR] LogOutputStream:75 - [STDERR_REDIRECT] [Fatal Error] :1:1: Premature end of file.
2026-09-17 21:46:14,142 [ERROR] LogOutputStream:75 - [STDERR_REDIRECT] 
2026-09-17 21:46:15,145 [ERROR] LogOutputStream:75 - [STDERR_REDIRECT] [Fatal Error] :1:1: Premature end of file.
2026-09-17 21:46:15,145 [ERROR] LogOutputStream:75 - [STDERR_REDIRECT] 
2026-09-17 21:46:16,143 [ERROR] LogOutputStream:75 - [STDERR_REDIRECT] [Fatal Error] :1:1: Premature end of file.
2026-09-17 21:46:16,143 [ERROR] LogOutputStream:75 - [STDERR_REDIRECT] 
2026-09-17 21:46:17,159 [ERROR] LogOutputStream:75 - [STDERR_REDIRECT] [Fatal Error] :1:1: Premature end of file.
2026-09-17 21:46:17,159 [ERROR] LogOutputStream:75 - [STDERR_REDIRECT] 
2026-09-17 21:46:18,149 [ERROR] LogOutputStream:75 - [STDERR_REDIRECT] [Fatal Error] :1:1: Premature end of file.
2026-09-17 21:46:18,149 [ERROR] LogOutputStream:75 - [STDERR_REDIRECT] 
2026-09-17 21:46:19,149 [ERROR] LogOutputStream:75 - [STDERR_REDIRECT] [Fatal Error] :1:1: Premature end of file.
2026-09-17 21:46:19,149 [ERROR] LogOutputStream:75 - [STDERR_REDIRECT] 
2026-09-17 21:46:20,161 [ERROR] LogOutputStream:75 - [STDERR_REDIRECT] [Fatal Error] :1:1: Premature end of file.
2026-09-17 21:46:20,161 [ERROR] LogOutputStream:75 - [STDERR_REDIRECT] 
2026-09-17 21:46:21,144 [ERROR] LogOutputStream:75 - [STDERR_REDIRECT] [Fatal Error] :1:1: Premature end of file.
2026-09-17 21:46:21,144 [ERROR] LogOutputStream:75 - [STDERR_REDIRECT] 
2026-09-17 21:46:22,155 [ERROR] LogOutputStream:75 - [STDERR_REDIRECT] [Fatal Error] :1:1: Premature end of file.
2026-09-17 21:46:22,155 [ERROR] LogOutputStream:75 - [STDERR_REDIRECT] 
2026-09-17 21:46:23,146 [ERROR] LogOutputStream:75 - [STDERR_REDIRECT] [Fatal Error] :1:1: Premature end of file.
2026-09-17 21:46:23,146 [ERROR] LogOutputStream:75 - [STDERR_REDIRECT] 
2026-09-17 21:46:24,141 [ERROR] LogOutputStream:75 - [STDERR_REDIRECT] [Fatal Error] :1:1: Premature end of file.
2026-09-17 21:46:24,142 [ERROR] LogOutputStream:75 - [STDERR_REDIRECT] 
2026-09-17 21:46:25,148 [ERROR] LogOutputStream:75 - [STDERR_REDIRECT] [Fatal Error] :1:1: Premature end of file.
2026-09-17 21:46:25,148 [ERROR] LogOutputStream:75 - [STDERR_REDIRECT] 
2026-09-17 21:46:26,142 [ERROR] LogOutputStream:75 - [STDERR_REDIRECT] [Fatal Error] :1:1: Premature end of file.
2026-09-17 21:46:26,142 [ERROR] LogOutputStream:75 - [STDERR_REDIRECT] 
2026-09-17 21:46:27,146 [ERROR] LogOutputStream:75 - [STDERR_REDIRECT] [Fatal Error] :1:1: Premature end of file.
2026-09-17 21:46:27,146 [ERROR] LogOutputStream:75 - [STDERR_REDIRECT] 
2026-09-17 21:46:28,144 [ERROR] LogOutputStream:75 - [STDERR_REDIRECT] [Fatal Error] :1:1: Premature end of file.
2026-09-17 21:46:28,144 [ERROR] LogOutputStream:75 - [STDERR_REDIRECT] 
2026-09-17 21:46:29,143 [ERROR] LogOutputStream:75 - [STDERR_REDIRECT] [Fatal Error] :1:1: Premature end of file.
2026-09-17 21:46:29,144 [ERROR] LogOutputStream:75 - [STDERR_REDIRECT] 
2026-09-17 21:46:30,144 [ERROR] LogOutputStream:75 - [STDERR_REDIRECT] [Fatal Error] :1:1: Premature end of file.
2026-09-17 21:46:30,144 [ERROR] LogOutputStream:75 - [STDERR_REDIRECT] 
2026-09-17 21:46:31,144 [ERROR] LogOutputStream:75 - [STDERR_REDIRECT] [Fatal Error] :1:1: Premature end of file.
2026-09-17 21:46:31,144 [ERROR] LogOutputStream:75 - [STDERR_REDIRECT] 
2026-09-17 21:46:32,167 [ERROR] LogOutputStream:75 - [STDERR_REDIRECT] [Fatal Error] :1:1: Premature end of file.
2026-09-17 21:46:32,167 [ERROR] LogOutputStream:75 - [STDERR_REDIRECT] 
2026-09-17 21:46:33,151 [ERROR] LogOutputStream:75 - [STDERR_REDIRECT] [Fatal Error] :1:1: Premature end of file.
2026-09-17 21:46:33,151 [ERROR] LogOutputStream:75 - [STDERR_REDIRECT] 
2026-09-17 21:46:34,160 [ERROR] LogOutputStream:75 - [STDERR_REDIRECT] [Fatal Error] :1:1: Premature end of file.
2026-09-17 21:46:34,160 [ERROR] LogOutputStream:75 - [STDERR_REDIRECT] 
2026-09-17 21:46:35,133 [ERROR] LogOutputStream:75 - [STDERR_REDIRECT] [Fatal Error] :1:1: Premature end of file.
2026-09-17 21:46:35,133 [ERROR] LogOutputStream:75 - [STDERR_REDIRECT] 
2026-09-17 21:46:36,159 [ERROR] LogOutputStream:75 - [STDERR_REDIRECT] [Fatal Error] :1:1: Premature end of file.
2026-09-17 21:46:36,159 [ERROR] LogOutputStream:75 - [STDERR_REDIRECT] 
2026-09-17 21:46:37,158 [ERROR] LogOutputStream:75 - [STDERR_REDIRECT] [Fatal Error] :1:1: Premature end of file.
2026-09-17 21:46:37,158 [ERROR] LogOutputStream:75 - [STDERR_REDIRECT] 
2026-09-17 21:46:38,140 [ERROR] LogOutputStream:75 - [STDERR_REDIRECT] [Fatal Error] :1:1: Premature end of file.
2026-09-17 21:46:38,140 [ERROR] LogOutputStream:75 - [STDERR_REDIRECT] 
2026-09-17 21:46:39,154 [ERROR] LogOutputStream:75 - [STDERR_REDIRECT] [Fatal Error] :1:1: Premature end of file.
2026-09-17 21:46:39,154 [ERROR] LogOutputStream:75 - [STDERR_REDIRECT] 
2026-09-17 21:46:40,143 [ERROR] LogOutputStream:75 - [STDERR_REDIRECT] [Fatal Error] :1:1: Premature end of file.
2026-09-17 21:46:40,143 [ERROR] LogOutputStream:75 - [STDERR_REDIRECT] 
2026-09-17 21:46:41,148 [ERROR] LogOutputStream:75 - [STDERR_REDIRECT] [Fatal Error] :1:1: Premature end of file.
2026-09-17 21:46:41,148 [ERROR] LogOutputStream:75 - [STDERR_REDIRECT] 
2026-09-17 21:46:42,165 [ERROR] LogOutputStream:75 - [STDERR_REDIRECT] [Fatal Error] :1:1: Premature end of file.
2026-09-17 21:46:42,165 [ERROR] LogOutputStream:75 - [STDERR_REDIRECT] 
2026-09-17 21:46:43,147 [ERROR] LogOutputStream:75 - [STDERR_REDIRECT] [Fatal Error] :1:1: Premature end of file.
2026-09-17 21:46:43,147 [ERROR] LogOutputStream:75 - [STDERR_REDIRECT] 
2026-09-17 21:46:44,144 [ERROR] LogOutputStream:75 - [STDERR_REDIRECT] [Fatal Error] :1:1: Premature end of file.
2026-09-17 21:46:44,144 [ERROR] LogOutputStream:75 - [STDERR_REDIRECT] 
2026-09-17 21:46:45,147 [ERROR] LogOutputStream:75 - [STDERR_REDIRECT] [Fatal Error] :1:1: Premature end of file.
2026-09-17 21:46:45,147 [ERROR] LogOutputStream:75 - [STDERR_REDIRECT] 
2026-09-17 21:46:46,142 [ERROR] LogOutputStream:75 - [STDERR_REDIRECT] [Fatal Error] :1:1: Premature end of file.
2026-09-17 21:46:46,143 [ERROR] LogOutputStream:75 - [STDERR_REDIRECT] 
2026-09-17 21:46:47,145 [ERROR] LogOutputStream:75 - [STDERR_REDIRECT] [Fatal Error] :1:1: Premature end of file.
2026-09-17 21:46:47,145 [ERROR] LogOutputStream:75 - [STDERR_REDIRECT] 
2026-09-17 21:46:48,141 [ERROR] LogOutputStream:75 - [STDERR_REDIRECT] [Fatal Error] :1:1: Premature end of file.
2026-09-17 21:46:48,141 [ERROR] LogOutputStream:75 - [STDERR_REDIRECT] 
2026-09-17 21:46:49,154 [ERROR] LogOutputStream:75 - [STDERR_REDIRECT] [Fatal Error] :1:1: Premature end of file.
2026-09-17 21:46:49,154 [ERROR] LogOutputStream:75 - [STDERR_REDIRECT] 
2026-09-17 21:46:50,147 [ERROR] LogOutputStream:75 - [STDERR_REDIRECT] [Fatal Error] :1:1: Premature end of file.
2026-09-17 21:46:50,147 [ERROR] LogOutputStream:75 - [STDERR_REDIRECT] 
2026-09-17 21:46:51,148 [ERROR] LogOutputStream:75 - [STDERR_REDIRECT] [Fatal Error] :1:1: Premature end of file.
2026-09-17 21:46:51,149 [ERROR] LogOutputStream:75 - [STDERR_REDIRECT] 
2026-09-17 21:46:52,151 [ERROR] LogOutputStream:75 - [STDERR_REDIRECT] [Fatal Error] :1:1: Premature end of file.
2026-09-17 21:46:52,152 [ERROR] LogOutputStream:75 - [STDERR_REDIRECT] 
2026-09-17 21:46:53,136 [ERROR] LogOutputStream:75 - [STDERR_REDIRECT] [Fatal Error] :1:1: Premature end of file.
2026-09-17 21:46:53,136 [ERROR] LogOutputStream:75 - [STDERR_REDIRECT] 
2026-09-17 21:46:54,149 [ERROR] LogOutputStream:75 - [STDERR_REDIRECT] [Fatal Error] :1:1: Premature end of file.
2026-09-17 21:46:54,149 [ERROR] LogOutputStream:75 - [STDERR_REDIRECT] 
2026-09-17 21:46:55,144 [ERROR] LogOutputStream:75 - [STDERR_REDIRECT] [Fatal Error] :1:1: Premature end of file.
2026-09-17 21:46:55,144 [ERROR] LogOutputStream:75 - [STDERR_REDIRECT] 
2026-09-17 21:46:56,149 [ERROR] LogOutputStream:75 - [STDERR_REDIRECT] [Fatal Error] :1:1: Premature end of file.
2026-09-17 21:46:56,149 [ERROR] LogOutputStream:75 - [STDERR_REDIRECT] 
2026-09-17 21:46:57,161 [ERROR] LogOutputStream:75 - [STDERR_REDIRECT] [Fatal Error] :1:1: Premature end of file.
2026-09-17 21:46:57,161 [ERROR] LogOutputStream:75 - [STDERR_REDIRECT] 
2026-09-17 21:46:58,148 [ERROR] LogOutputStream:75 - [STDERR_REDIRECT] [Fatal Error] :1:1: Premature end of file.
2026-09-17 21:46:58,148 [ERROR] LogOutputStream:75 - [STDERR_REDIRECT] 
2026-09-17 21:46:59,150 [ERROR] LogOutputStream:75 - [STDERR_REDIRECT] [Fatal Error] :1:1: Premature end of file.
2026-09-17 21:46:59,150 [ERROR] LogOutputStream:75 - [STDERR_REDIRECT] 
2026-09-17 21:47:00,148 [ERROR] LogOutputStream:75 - [STDERR_REDIRECT] [Fatal Error] :1:1: Premature end of file.
2026-09-17 21:47:00,148 [ERROR] LogOutputStream:75 - [STDERR_REDIRECT] 
2026-09-17 21:47:01,154 [ERROR] LogOutputStream:75 - [STDERR_REDIRECT] [Fatal Error] :1:1: Premature end of file.
2026-09-17 21:47:01,154 [ERROR] LogOutputStream:75 - [STDERR_REDIRECT] 
2026-09-17 21:47:02,158 [ERROR] LogOutputStream:75 - [STDERR_REDIRECT] [Fatal Error] :1:1: Premature end of file.
2026-09-17 21:47:02,158 [ERROR] LogOutputStream:75 - [STDERR_REDIRECT] 
2026-09-17 21:47:03,161 [ERROR] LogOutputStream:75 - [STDERR_REDIRECT] [Fatal Error] :1:1: Premature end of file.
2026-09-17 21:47:03,200 [ERROR] LogOutputStream:75 - [STDERR_REDIRECT] 
2026-09-17 21:47:04,155 [ERROR] LogOutputStream:75 - [STDERR_REDIRECT] [Fatal Error] :1:1: Premature end of file.
2026-09-17 21:47:04,155 [ERROR] LogOutputStream:75 - [STDERR_REDIRECT] 
2026-09-17 21:47:05,158 [ERROR] LogOutputStream:75 - [STDERR_REDIRECT] [Fatal Error] :1:1: Premature end of file.
2026-09-17 21:47:05,158 [ERROR] LogOutputStream:75 - [STDERR_REDIRECT] 
2026-09-17 21:47:06,158 [ERROR] LogOutputStream:75 - [STDERR_REDIRECT] [Fatal Error] :1:1: Premature end of file.
2026-09-17 21:47:06,158 [ERROR] LogOutputStream:75 - [STDERR_REDIRECT] 
2026-09-17 21:47:07,159 [ERROR] LogOutputStream:75 - [STDERR_REDIRECT] [Fatal Error] :1:1: Premature end of file.
2026-09-17 21:47:07,160 [ERROR] LogOutputStream:75 - [STDERR_REDIRECT] 
2026-09-17 21:47:08,149 [ERROR] LogOutputStream:75 - [STDERR_REDIRECT] [Fatal Error] :1:1: Premature end of file.
2026-09-17 21:47:08,149 [ERROR] LogOutputStream:75 - [STDERR_REDIRECT] 
2026-09-17 21:47:09,141 [ERROR] LogOutputStream:75 - [STDERR_REDIRECT] [Fatal Error] :1:1: Premature end of file.
2026-09-17 21:47:09,141 [ERROR] LogOutputStream:75 - [STDERR_REDIRECT] 
2026-09-17 21:47:10,146 [ERROR] LogOutputStream:75 - [STDERR_REDIRECT] [Fatal Error] :1:1: Premature end of file.
2026-09-17 21:47:10,146 [ERROR] LogOutputStream:75 - [STDERR_REDIRECT] 
2026-09-17 21:47:11,152 [ERROR] LogOutputStream:75 - [STDERR_REDIRECT] [Fatal Error] :1:1: Premature end of file.
2026-09-17 21:47:11,152 [ERROR] LogOutputStream:75 - [STDERR_REDIRECT] 
2026-09-17 21:47:12,149 [ERROR] LogOutputStream:75 - [STDERR_REDIRECT] [Fatal Error] :1:1: Premature end of file.
2026-09-17 21:47:12,149 [ERROR] LogOutputStream:75 - [STDERR_REDIRECT] 
2026-09-17 21:47:13,163 [ERROR] LogOutputStream:75 - [STDERR_REDIRECT] [Fatal Error] :1:1: Premature end of file.
2026-09-17 21:47:13,163 [ERROR] LogOutputStream:75 - [STDERR_REDIRECT] 
2026-09-17 21:47:14,159 [ERROR] LogOutputStream:75 - [STDERR_REDIRECT] [Fatal Error] :1:1: Premature end of file.
2026-09-17 21:47:14,159 [ERROR] LogOutputStream:75 - [STDERR_REDIRECT] 
2026-09-17 21:47:15,158 [ERROR] LogOutputStream:75 - [STDERR_REDIRECT] [Fatal Error] :1:1: Premature end of file.
2026-09-17 21:47:15,158 [ERROR] LogOutputStream:75 - [STDERR_REDIRECT] 
2026-09-17 21:47:16,154 [ERROR] LogOutputStream:75 - [STDERR_REDIRECT] [Fatal Error] :1:1: Premature end of file.
2026-09-17 21:47:16,154 [ERROR] LogOutputStream:75 - [STDERR_REDIRECT] 
2026-09-17 21:47:17,145 [ERROR] LogOutputStream:75 - [STDERR_REDIRECT] [Fatal Error] :1:1: Premature end of file.
2026-09-17 21:47:17,146 [ERROR] LogOutputStream:75 - [STDERR_REDIRECT] 
2026-09-17 21:47:18,143 [ERROR] LogOutputStream:75 - [STDERR_REDIRECT] [Fatal Error] :1:1: Premature end of file.
2026-09-17 21:47:18,143 [ERROR] LogOutputStream:75 - [STDERR_REDIRECT] 
2026-09-17 21:47:19,145 [ERROR] LogOutputStream:75 - [STDERR_REDIRECT] [Fatal Error] :1:1: Premature end of file.
2026-09-17 21:47:19,145 [ERROR] LogOutputStream:75 - [STDERR_REDIRECT] 
2026-09-17 21:47:20,143 [ERROR] LogOutputStream:75 - [STDERR_REDIRECT] [Fatal Error] :1:1: Premature end of file.
2026-09-17 21:47:20,143 [ERROR] LogOutputStream:75 - [STDERR_REDIRECT] 
2026-09-17 21:47:21,146 [ERROR] LogOutputStream:75 - [STDERR_REDIRECT] [Fatal Error] :1:1: Premature end of file.
2026-09-17 21:47:21,146 [ERROR] LogOutputStream:75 - [STDERR_REDIRECT] 
2026-09-17 21:47:22,145 [ERROR] LogOutputStream:75 - [STDERR_REDIRECT] [Fatal Error] :1:1: Premature end of file.
2026-09-17 21:47:22,145 [ERROR] LogOutputStream:75 - [STDERR_REDIRECT] 
2026-09-17 21:47:23,167 [ERROR] LogOutputStream:75 - [STDERR_REDIRECT] [Fatal Error] :1:1: Premature end of file.
2026-09-17 21:47:23,167 [ERROR] LogOutputStream:75 - [STDERR_REDIRECT] 
2026-09-17 21:47:24,150 [ERROR] LogOutputStream:75 - [STDERR_REDIRECT] [Fatal Error] :1:1: Premature end of file.
2026-09-17 21:47:24,150 [ERROR] LogOutputStream:75 - [STDERR_REDIRECT] 
2026-09-17 21:47:25,147 [ERROR] LogOutputStream:75 - [STDERR_REDIRECT] [Fatal Error] :1:1: Premature end of file.
2026-09-17 21:47:25,147 [ERROR] LogOutputStream:75 - [STDERR_REDIRECT] 
2026-09-17 21:47:26,141 [ERROR] LogOutputStream:75 - [STDERR_REDIRECT] [Fatal Error] :1:1: Premature end of file.
2026-09-17 21:47:26,141 [ERROR] LogOutputStream:75 - [STDERR_REDIRECT] 
2026-09-17 21:47:27,141 [ERROR] LogOutputStream:75 - [STDERR_REDIRECT] [Fatal Error] :1:1: Premature end of file.
2026-09-17 21:47:27,141 [ERROR] LogOutputStream:75 - [STDERR_REDIRECT] 
2026-09-17 21:47:28,145 [ERROR] LogOutputStream:75 - [STDERR_REDIRECT] [Fatal Error] :1:1: Premature end of file.
2026-09-17 21:47:28,145 [ERROR] LogOutputStream:75 - [STDERR_REDIRECT] 
2026-09-17 21:47:29,141 [ERROR] LogOutputStream:75 - [STDERR_REDIRECT] [Fatal Error] :1:1: Premature end of file.
2026-09-17 21:47:29,141 [ERROR] LogOutputStream:75 - [STDERR_REDIRECT] 
2026-09-17 21:47:30,141 [ERROR] LogOutputStream:75 - [STDERR_REDIRECT] [Fatal Error] :1:1: Premature end of file.
2026-09-17 21:47:30,141 [ERROR] LogOutputStream:75 - [STDERR_REDIRECT] 
2026-09-17 21:47:31,142 [ERROR] LogOutputStream:75 - [STDERR_REDIRECT] [Fatal Error] :1:1: Premature end of file.
2026-09-17 21:47:31,142 [ERROR] LogOutputStream:75 - [STDERR_REDIRECT] 
2026-09-17 21:47:32,146 [ERROR] LogOutputStream:75 - [STDERR_REDIRECT] [Fatal Error] :1:1: Premature end of file.
2026-09-17 21:47:32,146 [ERROR] LogOutputStream:75 - [STDERR_REDIRECT] 
2026-09-17 21:47:33,141 [ERROR] LogOutputStream:75 - [STDERR_REDIRECT] [Fatal Error] :1:1: Premature end of file.
2026-09-17 21:47:33,141 [ERROR] LogOutputStream:75 - [STDERR_REDIRECT] 
2026-09-17 21:47:34,145 [ERROR] LogOutputStream:75 - [STDERR_REDIRECT] [Fatal Error] :1:1: Premature end of file.
2026-09-17 21:47:34,145 [ERROR] LogOutputStream:75 - [STDERR_REDIRECT] 
2026-09-17 21:47:35,160 [ERROR] LogOutputStream:75 - [STDERR_REDIRECT] [Fatal Error] :1:1: Premature end of file.
2026-09-17 21:47:35,160 [ERROR] LogOutputStream:75 - [STDERR_REDIRECT] 
2026-09-17 21:47:36,143 [ERROR] LogOutputStream:75 - [STDERR_REDIRECT] [Fatal Error] :1:1: Premature end of file.
2026-09-17 21:47:36,143 [ERROR] LogOutputStream:75 - [STDERR_REDIRECT] 
2026-09-17 21:47:37,145 [ERROR] LogOutputStream:75 - [STDERR_REDIRECT] [Fatal Error] :1:1: Premature end of file.
2026-09-17 21:47:37,145 [ERROR] LogOutputStream:75 - [STDERR_REDIRECT] 
2026-09-17 21:47:38,151 [ERROR] LogOutputStream:75 - [STDERR_REDIRECT] [Fatal Error] :1:1: Premature end of file.
2026-09-17 21:47:38,151 [ERROR] LogOutputStream:75 - [STDERR_REDIRECT] 
2026-09-17 21:47:39,151 [ERROR] LogOutputStream:75 - [STDERR_REDIRECT] [Fatal Error] :1:1: Premature end of file.
2026-09-17 21:47:39,151 [ERROR] LogOutputStream:75 - [STDERR_REDIRECT] 
2026-09-17 21:47:40,146 [ERROR] LogOutputStream:75 - [STDERR_REDIRECT] [Fatal Error] :1:1: Premature end of file.
2026-09-17 21:47:40,146 [ERROR] LogOutputStream:75 - [STDERR_REDIRECT] 
2026-09-17 21:47:41,154 [ERROR] LogOutputStream:75 - [STDERR_REDIRECT] [Fatal Error] :1:1: Premature end of file.
2026-09-17 21:47:41,154 [ERROR] LogOutputStream:75 - [STDERR_REDIRECT] 
2026-09-17 21:47:42,148 [ERROR] LogOutputStream:75 - [STDERR_REDIRECT] [Fatal Error] :1:1: Premature end of file.
2026-09-17 21:47:42,148 [ERROR] LogOutputStream:75 - [STDERR_REDIRECT] 
2026-09-17 21:47:43,163 [ERROR] LogOutputStream:75 - [STDERR_REDIRECT] [Fatal Error] :1:1: Premature end of file.
2026-09-17 21:47:43,163 [ERROR] LogOutputStream:75 - [STDERR_REDIRECT] 
2026-09-17 21:47:44,142 [ERROR] LogOutputStream:75 - [STDERR_REDIRECT] [Fatal Error] :1:1: Premature end of file.
2026-09-17 21:47:44,143 [ERROR] LogOutputStream:75 - [STDERR_REDIRECT] 
2026-09-17 21:47:45,148 [ERROR] LogOutputStream:75 - [STDERR_REDIRECT] [Fatal Error] :1:1: Premature end of file.
2026-09-17 21:47:45,148 [ERROR] LogOutputStream:75 - [STDERR_REDIRECT] 
2026-09-17 21:47:46,148 [ERROR] LogOutputStream:75 - [STDERR_REDIRECT] [Fatal Error] :1:1: Premature end of file.
2026-09-17 21:47:46,148 [ERROR] LogOutputStream:75 - [STDERR_REDIRECT] 
2026-09-17 21:47:47,146 [ERROR] LogOutputStream:75 - [STDERR_REDIRECT] [Fatal Error] :1:1: Premature end of file.
2026-09-17 21:47:47,146 [ERROR] LogOutputStream:75 - [STDERR_REDIRECT] 
2026-09-17 21:47:48,143 [ERROR] LogOutputStream:75 - [STDERR_REDIRECT] [Fatal Error] :1:1: Premature end of file.
2026-09-17 21:47:48,147 [ERROR] LogOutputStream:75 - [STDERR_REDIRECT] 
2026-09-17 21:47:49,146 [ERROR] LogOutputStream:75 - [STDERR_REDIRECT] [Fatal Error] :1:1: Premature end of file.
2026-09-17 21:47:49,146 [ERROR] LogOutputStream:75 - [STDERR_REDIRECT] 
2026-09-17 21:47:50,144 [ERROR] LogOutputStream:75 - [STDERR_REDIRECT] [Fatal Error] :1:1: Premature end of file.
2026-09-17 21:47:50,144 [ERROR] LogOutputStream:75 - [STDERR_REDIRECT] 
2026-09-17 21:47:51,144 [ERROR] LogOutputStream:75 - [STDERR_REDIRECT] [Fatal Error] :1:1: Premature end of file.
2026-09-17 21:47:51,144 [ERROR] LogOutputStream:75 - [STDERR_REDIRECT] 
2026-09-17 21:47:52,141 [ERROR] LogOutputStream:75 - [STDERR_REDIRECT] [Fatal Error] :1:1: Premature end of file.
2026-09-17 21:47:52,141 [ERROR] LogOutputStream:75 - [STDERR_REDIRECT] 
2026-09-17 21:47:53,149 [ERROR] LogOutputStream:75 - [STDERR_REDIRECT] [Fatal Error] :1:1: Premature end of file.
2026-09-17 21:47:53,149 [ERROR] LogOutputStream:75 - [STDERR_REDIRECT] 
2026-09-17 21:47:54,145 [ERROR] LogOutputStream:75 - [STDERR_REDIRECT] [Fatal Error] :1:1: Premature end of file.
2026-09-17 21:47:54,145 [ERROR] LogOutputStream:75 - [STDERR_REDIRECT] 
2026-09-17 21:47:55,148 [ERROR] LogOutputStream:75 - [STDERR_REDIRECT] [Fatal Error] :1:1: Premature end of file.
2026-09-17 21:47:55,148 [ERROR] LogOutputStream:75 - [STDERR_REDIRECT] 
2026-09-17 21:47:56,146 [ERROR] LogOutputStream:75 - [STDERR_REDIRECT] [Fatal Error] :1:1: Premature end of file.
2026-09-17 21:47:56,146 [ERROR] LogOutputStream:75 - [STDERR_REDIRECT] 
2026-09-17 21:47:57,148 [ERROR] LogOutputStream:75 - [STDERR_REDIRECT] [Fatal Error] :1:1: Premature end of file.
2026-09-17 21:47:57,148 [ERROR] LogOutputStream:75 - [STDERR_REDIRECT] 
2026-09-17 21:47:58,147 [ERROR] LogOutputStream:75 - [STDERR_REDIRECT] [Fatal Error] :1:1: Premature end of file.
2026-09-17 21:47:58,147 [ERROR] LogOutputStream:75 - [STDERR_REDIRECT] 
2026-09-17 21:47:59,141 [ERROR] LogOutputStream:75 - [STDERR_REDIRECT] [Fatal Error] :1:1: Premature end of file.
2026-09-17 21:47:59,141 [ERROR] LogOutputStream:75 - [STDERR_REDIRECT] 
2026-09-17 21:48:00,144 [ERROR] LogOutputStream:75 - [STDERR_REDIRECT] [Fatal Error] :1:1: Premature end of file.
2026-09-17 21:48:00,144 [ERROR] LogOutputStream:75 - [STDERR_REDIRECT] 
2026-09-17 21:48:01,149 [ERROR] LogOutputStream:75 - [STDERR_REDIRECT] [Fatal Error] :1:1: Premature end of file.
2026-09-17 21:48:01,149 [ERROR] LogOutputStream:75 - [STDERR_REDIRECT] 
2026-09-17 21:48:02,144 [ERROR] LogOutputStream:75 - [STDERR_REDIRECT] [Fatal Error] :1:1: Premature end of file.
2026-09-17 21:48:02,144 [ERROR] LogOutputStream:75 - [STDERR_REDIRECT] 
2026-09-17 21:48:03,145 [ERROR] LogOutputStream:75 - [STDERR_REDIRECT] [Fatal Error] :1:1: Premature end of file.
2026-09-17 21:48:03,145 [ERROR] LogOutputStream:75 - [STDERR_REDIRECT] 
2026-09-17 21:48:04,145 [ERROR] LogOutputStream:75 - [STDERR_REDIRECT] [Fatal Error] :1:1: Premature end of file.
2026-09-17 21:48:04,145 [ERROR] LogOutputStream:75 - [STDERR_REDIRECT] 
2026-09-17 21:48:05,147 [ERROR] LogOutputStream:75 - [STDERR_REDIRECT] [Fatal Error] :1:1: Premature end of file.
2026-09-17 21:48:05,147 [ERROR] LogOutputStream:75 - [STDERR_REDIRECT] 
2026-09-17 21:48:06,148 [ERROR] LogOutputStream:75 - [STDERR_REDIRECT] [Fatal Error] :1:1: Premature end of file.
2026-09-17 21:48:06,148 [ERROR] LogOutputStream:75 - [STDERR_REDIRECT] 
2026-09-17 21:48:07,146 [ERROR] LogOutputStream:75 - [STDERR_REDIRECT] [Fatal Error] :1:1: Premature end of file.
2026-09-17 21:48:07,146 [ERROR] LogOutputStream:75 - [STDERR_REDIRECT] 
2026-09-17 21:48:08,149 [ERROR] LogOutputStream:75 - [STDERR_REDIRECT] [Fatal Error] :1:1: Premature end of file.
2026-09-17 21:48:08,149 [ERROR] LogOutputStream:75 - [STDERR_REDIRECT] 
2026-09-17 21:48:09,142 [ERROR] LogOutputStream:75 - [STDERR_REDIRECT] [Fatal Error] :1:1: Premature end of file.
2026-09-17 21:48:09,142 [ERROR] LogOutputStream:75 - [STDERR_REDIRECT] 
2026-09-17 21:48:10,148 [ERROR] LogOutputStream:75 - [STDERR_REDIRECT] [Fatal Error] :1:1: Premature end of file.
2026-09-17 21:48:10,148 [ERROR] LogOutputStream:75 - [STDERR_REDIRECT] 
2026-09-17 21:48:11,144 [ERROR] LogOutputStream:75 - [STDERR_REDIRECT] [Fatal Error] :1:1: Premature end of file.
2026-09-17 21:48:11,144 [ERROR] LogOutputStream:75 - [STDERR_REDIRECT] 
2026-09-17 21:48:12,150 [ERROR] LogOutputStream:75 - [STDERR_REDIRECT] [Fatal Error] :1:1: Premature end of file.
2026-09-17 21:48:12,150 [ERROR] LogOutputStream:75 - [STDERR_REDIRECT] 
2026-09-17 21:48:13,148 [ERROR] LogOutputStream:75 - [STDERR_REDIRECT] [Fatal Error] :1:1: Premature end of file.
2026-09-17 21:48:13,148 [ERROR] LogOutputStream:75 - [STDERR_REDIRECT] 
2026-09-17 21:48:17,181 [ERROR] LogOutputStream:75 - [STDERR_REDIRECT] [Fatal Error] :1:1: Premature end of file.
2026-09-17 21:48:17,181 [ERROR] LogOutputStream:75 - [STDERR_REDIRECT] 
2026-09-17 21:48:17,218 [ERROR] LogOutputStream:75 - [STDERR_REDIRECT] [Fatal Error] :1:1: Premature end of file.
2026-09-17 21:48:17,218 [ERROR] LogOutputStream:75 - [STDERR_REDIRECT] 
2026-09-17 21:48:17,247 [ERROR] LogOutputStream:75 - [STDERR_REDIRECT] [Fatal Error] :1:1: Premature end of file.
2026-09-17 21:48:17,247 [ERROR] LogOutputStream:75 - [STDERR_REDIRECT] 
2026-09-17 21:48:17,284 [ERROR] LogOutputStream:75 - [STDERR_REDIRECT] [Fatal Error] :1:1: Premature end of file.
2026-09-17 21:48:17,284 [ERROR] LogOutputStream:75 - [STDERR_REDIRECT] 
2026-09-17 21:48:18,165 [ERROR] LogOutputStream:75 - [STDERR_REDIRECT] [Fatal Error] :1:1: Premature end of file.
2026-09-17 21:48:18,178 [ERROR] LogOutputStream:75 - [STDERR_REDIRECT] 
2026-09-17 21:48:19,148 [ERROR] LogOutputStream:75 - [STDERR_REDIRECT] [Fatal Error] :1:1: Premature end of file.
2026-09-17 21:48:19,148 [ERROR] LogOutputStream:75 - [STDERR_REDIRECT] 
2026-09-17 21:48:20,143 [ERROR] LogOutputStream:75 - [STDERR_REDIRECT] [Fatal Error] :1:1: Premature end of file.
2026-09-17 21:48:20,144 [ERROR] LogOutputStream:75 - [STDERR_REDIRECT] 
2026-09-17 21:48:21,145 [ERROR] LogOutputStream:75 - [STDERR_REDIRECT] [Fatal Error] :1:1: Premature end of file.
2026-09-17 21:48:21,145 [ERROR] LogOutputStream:75 - [STDERR_REDIRECT] 
2026-09-17 21:48:22,144 [ERROR] LogOutputStream:75 - [STDERR_REDIRECT] [Fatal Error] :1:1: Premature end of file.
2026-09-17 21:48:22,144 [ERROR] LogOutputStream:75 - [STDERR_REDIRECT] 
2026-09-17 21:48:23,149 [ERROR] LogOutputStream:75 - [STDERR_REDIRECT] [Fatal Error] :1:1: Premature end of file.
2026-09-17 21:48:23,149 [ERROR] LogOutputStream:75 - [STDERR_REDIRECT] 
2026-09-17 21:48:24,143 [ERROR] LogOutputStream:75 - [STDERR_REDIRECT] [Fatal Error] :1:1: Premature end of file.
2026-09-17 21:48:24,143 [ERROR] LogOutputStream:75 - [STDERR_REDIRECT] 
2026-09-17 21:48:25,140 [ERROR] LogOutputStream:75 - [STDERR_REDIRECT] [Fatal Error] :1:1: Premature end of file.
2026-09-17 21:48:25,140 [ERROR] LogOutputStream:75 - [STDERR_REDIRECT] 
2026-09-17 21:48:28,838 [ERROR] LogOutputStream:75 - [STDERR_REDIRECT] [Fatal Error] :1:1: Premature end of file.
2026-09-17 21:48:28,838 [ERROR] LogOutputStream:75 - [STDERR_REDIRECT] 
2026-09-17 21:48:28,887 [ERROR] LogOutputStream:75 - [STDERR_REDIRECT] [Fatal Error] :1:1: Premature end of file.
2026-09-17 21:48:28,887 [ERROR] LogOutputStream:75 - [STDERR_REDIRECT] 
2026-09-17 21:48:28,916 [ERROR] LogOutputStream:75 - [STDERR_REDIRECT] [Fatal Error] :1:1: Premature end of file.
2026-09-17 21:48:28,916 [ERROR] LogOutputStream:75 - [STDERR_REDIRECT] 
2026-09-17 21:48:29,149 [ERROR] LogOutputStream:75 - [STDERR_REDIRECT] [Fatal Error] :1:1: Premature end of file.
2026-09-17 21:48:29,149 [ERROR] LogOutputStream:75 - [STDERR_REDIRECT] 
2026-09-17 21:48:30,146 [ERROR] LogOutputStream:75 - [STDERR_REDIRECT] [Fatal Error] :1:1: Premature end of file.
2026-09-17 21:48:30,146 [ERROR] LogOutputStream:75 - [STDERR_REDIRECT] 
2026-09-17 21:48:31,144 [ERROR] LogOutputStream:75 - [STDERR_REDIRECT] [Fatal Error] :1:1: Premature end of file.
2026-09-17 21:48:31,144 [ERROR] LogOutputStream:75 - [STDERR_REDIRECT] 
2026-09-17 21:48:32,149 [ERROR] LogOutputStream:75 - [STDERR_REDIRECT] [Fatal Error] :1:1: Premature end of file.
2026-09-17 21:48:32,149 [ERROR] LogOutputStream:75 - [STDERR_REDIRECT] 
2026-09-17 21:48:33,142 [ERROR] LogOutputStream:75 - [STDERR_REDIRECT] [Fatal Error] :1:1: Premature end of file.
2026-09-17 21:48:33,142 [ERROR] LogOutputStream:75 - [STDERR_REDIRECT] 
2026-09-17 21:48:34,159 [ERROR] LogOutputStream:75 - [STDERR_REDIRECT] [Fatal Error] :1:1: Premature end of file.
2026-09-17 21:48:34,160 [ERROR] LogOutputStream:75 - [STDERR_REDIRECT] 
2026-09-17 21:48:35,140 [ERROR] LogOutputStream:75 - [STDERR_REDIRECT] [Fatal Error] :1:1: Premature end of file.
2026-09-17 21:48:35,140 [ERROR] LogOutputStream:75 - [STDERR_REDIRECT] 
2026-09-17 21:48:36,146 [ERROR] LogOutputStream:75 - [STDERR_REDIRECT] [Fatal Error] :1:1: Premature end of file.
2026-09-17 21:48:36,146 [ERROR] LogOutputStream:75 - [STDERR_REDIRECT] 
2026-09-17 21:48:37,151 [ERROR] LogOutputStream:75 - [STDERR_REDIRECT] [Fatal Error] :1:1: Premature end of file.
2026-09-17 21:48:37,152 [ERROR] LogOutputStream:75 - [STDERR_REDIRECT] 
2026-09-17 21:48:38,143 [ERROR] LogOutputStream:75 - [STDERR_REDIRECT] [Fatal Error] :1:1: Premature end of file.
2026-09-17 21:48:38,143 [ERROR] LogOutputStream:75 - [STDERR_REDIRECT] 
2026-09-17 21:48:39,145 [ERROR] LogOutputStream:75 - [STDERR_REDIRECT] [Fatal Error] :1:1: Premature end of file.
2026-09-17 21:48:39,145 [ERROR] LogOutputStream:75 - [STDERR_REDIRECT] 
2026-09-17 21:48:40,143 [ERROR] LogOutputStream:75 - [STDERR_REDIRECT] [Fatal Error] :1:1: Premature end of file.
2026-09-17 21:48:40,143 [ERROR] LogOutputStream:75 - [STDERR_REDIRECT] 
2026-09-17 21:48:41,146 [ERROR] LogOutputStream:75 - [STDERR_REDIRECT] [Fatal Error] :1:1: Premature end of file.
2026-09-17 21:48:41,146 [ERROR] LogOutputStream:75 - [STDERR_REDIRECT] 
2026-09-17 21:48:42,148 [ERROR] LogOutputStream:75 - [STDERR_REDIRECT] [Fatal Error] :1:1: Premature end of file.
2026-09-17 21:48:42,148 [ERROR] LogOutputStream:75 - [STDERR_REDIRECT] 
2026-09-17 21:48:43,148 [ERROR] LogOutputStream:75 - [STDERR_REDIRECT] [Fatal Error] :1:1: Premature end of file.
2026-09-17 21:48:43,148 [ERROR] LogOutputStream:75 - [STDERR_REDIRECT] 
2026-09-17 21:48:44,147 [ERROR] LogOutputStream:75 - [STDERR_REDIRECT] [Fatal Error] :1:1: Premature end of file.
2026-09-17 21:48:44,147 [ERROR] LogOutputStream:75 - [STDERR_REDIRECT] 
2026-09-17 21:48:45,143 [ERROR] LogOutputStream:75 - [STDERR_REDIRECT] [Fatal Error] :1:1: Premature end of file.
2026-09-17 21:48:45,143 [ERROR] LogOutputStream:75 - [STDERR_REDIRECT] 
2026-09-17 21:48:46,147 [ERROR] LogOutputStream:75 - [STDERR_REDIRECT] [Fatal Error] :1:1: Premature end of file.
2026-09-17 21:48:46,147 [ERROR] LogOutputStream:75 - [STDERR_REDIRECT] 
2026-09-17 21:48:47,145 [ERROR] LogOutputStream:75 - [STDERR_REDIRECT] [Fatal Error] :1:1: Premature end of file.
2026-09-17 21:48:47,145 [ERROR] LogOutputStream:75 - [STDERR_REDIRECT] 
2026-09-17 21:48:48,146 [ERROR] LogOutputStream:75 - [STDERR_REDIRECT] [Fatal Error] :1:1: Premature end of file.
2026-09-17 21:48:48,147 [ERROR] LogOutputStream:75 - [STDERR_REDIRECT] 
2026-09-17 21:48:49,146 [ERROR] LogOutputStream:75 - [STDERR_REDIRECT] [Fatal Error] :1:1: Premature end of file.
2026-09-17 21:48:49,147 [ERROR] LogOutputStream:75 - [STDERR_REDIRECT] 
2026-09-17 21:48:50,140 [ERROR] LogOutputStream:75 - [STDERR_REDIRECT] [Fatal Error] :1:1: Premature end of file.
2026-09-17 21:48:50,141 [ERROR] LogOutputStream:75 - [STDERR_REDIRECT] 
2026-09-17 21:48:51,144 [ERROR] LogOutputStream:75 - [STDERR_REDIRECT] [Fatal Error] :1:1: Premature end of file.
2026-09-17 21:48:51,144 [ERROR] LogOutputStream:75 - [STDERR_REDIRECT] 
2026-09-17 21:48:52,150 [ERROR] LogOutputStream:75 - [STDERR_REDIRECT] [Fatal Error] :1:1: Premature end of file.
2026-09-17 21:48:52,150 [ERROR] LogOutputStream:75 - [STDERR_REDIRECT] 
2026-09-17 21:48:53,141 [ERROR] LogOutputStream:75 - [STDERR_REDIRECT] [Fatal Error] :1:1: Premature end of file.
2026-09-17 21:48:53,141 [ERROR] LogOutputStream:75 - [STDERR_REDIRECT] 
2026-09-17 21:48:54,140 [ERROR] LogOutputStream:75 - [STDERR_REDIRECT] [Fatal Error] :1:1: Premature end of file.
2026-09-17 21:48:54,140 [ERROR] LogOutputStream:75 - [STDERR_REDIRECT] 
2026-09-17 21:48:55,151 [ERROR] LogOutputStream:75 - [STDERR_REDIRECT] [Fatal Error] :1:1: Premature end of file.
2026-09-17 21:48:55,151 [ERROR] LogOutputStream:75 - [STDERR_REDIRECT] 
2026-09-17 21:48:56,144 [ERROR] LogOutputStream:75 - [STDERR_REDIRECT] [Fatal Error] :1:1: Premature end of file.
2026-09-17 21:48:56,144 [ERROR] LogOutputStream:75 - [STDERR_REDIRECT] 
2026-09-17 21:48:57,140 [ERROR] LogOutputStream:75 - [STDERR_REDIRECT] [Fatal Error] :1:1: Premature end of file.
2026-09-17 21:48:57,140 [ERROR] LogOutputStream:75 - [STDERR_REDIRECT] 
2026-09-17 21:48:58,149 [ERROR] LogOutputStream:75 - [STDERR_REDIRECT] [Fatal Error] :1:1: Premature end of file.
2026-09-17 21:48:58,150 [ERROR] LogOutputStream:75 - [STDERR_REDIRECT] 
2026-09-17 21:48:59,143 [ERROR] LogOutputStream:75 - [STDERR_REDIRECT] [Fatal Error] :1:1: Premature end of file.
2026-09-17 21:48:59,143 [ERROR] LogOutputStream:75 - [STDERR_REDIRECT] 
2026-09-17 21:49:00,142 [ERROR] LogOutputStream:75 - [STDERR_REDIRECT] [Fatal Error] :1:1: Premature end of file.
2026-09-17 21:49:00,142 [ERROR] LogOutputStream:75 - [STDERR_REDIRECT] 
2026-09-17 21:49:01,142 [ERROR] LogOutputStream:75 - [STDERR_REDIRECT] [Fatal Error] :1:1: Premature end of file.
2026-09-17 21:49:01,142 [ERROR] LogOutputStream:75 - [STDERR_REDIRECT] 
2026-09-17 21:49:02,143 [ERROR] LogOutputStream:75 - [STDERR_REDIRECT] [Fatal Error] :1:1: Premature end of file.
2026-09-17 21:49:02,143 [ERROR] LogOutputStream:75 - [STDERR_REDIRECT] 
2026-09-17 21:49:03,143 [ERROR] LogOutputStream:75 - [STDERR_REDIRECT] [Fatal Error] :1:1: Premature end of file.
2026-09-17 21:49:03,143 [ERROR] LogOutputStream:75 - [STDERR_REDIRECT] 
2026-09-17 21:49:04,147 [ERROR] LogOutputStream:75 - [STDERR_REDIRECT] [Fatal Error] :1:1: Premature end of file.
2026-09-17 21:49:04,147 [ERROR] LogOutputStream:75 - [STDERR_REDIRECT] 
2026-09-17 21:49:05,146 [ERROR] LogOutputStream:75 - [STDERR_REDIRECT] [Fatal Error] :1:1: Premature end of file.
2026-09-17 21:49:05,146 [ERROR] LogOutputStream:75 - [STDERR_REDIRECT] 
2026-09-17 21:49:06,144 [ERROR] LogOutputStream:75 - [STDERR_REDIRECT] [Fatal Error] :1:1: Premature end of file.
2026-09-17 21:49:06,145 [ERROR] LogOutputStream:75 - [STDERR_REDIRECT] 
2026-09-17 21:49:07,142 [ERROR] LogOutputStream:75 - [STDERR_REDIRECT] [Fatal Error] :1:1: Premature end of file.
2026-09-17 21:49:07,142 [ERROR] LogOutputStream:75 - [STDERR_REDIRECT] 
2026-09-17 21:49:08,150 [ERROR] LogOutputStream:75 - [STDERR_REDIRECT] [Fatal Error] :1:1: Premature end of file.
2026-09-17 21:49:08,150 [ERROR] LogOutputStream:75 - [STDERR_REDIRECT] 
2026-09-17 21:49:09,146 [ERROR] LogOutputStream:75 - [STDERR_REDIRECT] [Fatal Error] :1:1: Premature end of file.
2026-09-17 21:49:09,146 [ERROR] LogOutputStream:75 - [STDERR_REDIRECT] 
2026-09-17 21:49:10,147 [ERROR] LogOutputStream:75 - [STDERR_REDIRECT] [Fatal Error] :1:1: Premature end of file.
2026-09-17 21:49:10,148 [ERROR] LogOutputStream:75 - [STDERR_REDIRECT] 
2026-09-17 21:49:11,142 [ERROR] LogOutputStream:75 - [STDERR_REDIRECT] [Fatal Error] :1:1: Premature end of file.
2026-09-17 21:49:11,142 [ERROR] LogOutputStream:75 - [STDERR_REDIRECT] 
2026-09-17 21:49:12,142 [ERROR] LogOutputStream:75 - [STDERR_REDIRECT] [Fatal Error] :1:1: Premature end of file.
2026-09-17 21:49:12,142 [ERROR] LogOutputStream:75 - [STDERR_REDIRECT] 
2026-09-17 21:49:13,148 [ERROR] LogOutputStream:75 - [STDERR_REDIRECT] [Fatal Error] :1:1: Premature end of file.
2026-09-17 21:49:13,148 [ERROR] LogOutputStream:75 - [STDERR_REDIRECT] 
2026-09-17 21:49:14,143 [ERROR] LogOutputStream:75 - [STDERR_REDIRECT] [Fatal Error] :1:1: Premature end of file.
2026-09-17 21:49:14,143 [ERROR] LogOutputStream:75 - [STDERR_REDIRECT] 
2026-09-17 21:49:15,141 [ERROR] LogOutputStream:75 - [STDERR_REDIRECT] [Fatal Error] :1:1: Premature end of file.
2026-09-17 21:49:15,142 [ERROR] LogOutputStream:75 - [STDERR_REDIRECT] 
2026-09-17 21:49:16,144 [ERROR] LogOutputStream:75 - [STDERR_REDIRECT] [Fatal Error] :1:1: Premature end of file.
2026-09-17 21:49:16,144 [ERROR] LogOutputStream:75 - [STDERR_REDIRECT] 
2026-09-17 21:49:17,146 [ERROR] LogOutputStream:75 - [STDERR_REDIRECT] [Fatal Error] :1:1: Premature end of file.
2026-09-17 21:49:17,147 [ERROR] LogOutputStream:75 - [STDERR_REDIRECT] 
2026-09-17 21:49:18,143 [ERROR] LogOutputStream:75 - [STDERR_REDIRECT] [Fatal Error] :1:1: Premature end of file.
2026-09-17 21:49:18,143 [ERROR] LogOutputStream:75 - [STDERR_REDIRECT] 
2026-09-17 21:49:19,143 [ERROR] LogOutputStream:75 - [STDERR_REDIRECT] [Fatal Error] :1:1: Premature end of file.
2026-09-17 21:49:19,144 [ERROR] LogOutputStream:75 - [STDERR_REDIRECT] 
2026-09-17 21:49:20,141 [ERROR] LogOutputStream:75 - [STDERR_REDIRECT] [Fatal Error] :1:1: Premature end of file.
2026-09-17 21:49:20,141 [ERROR] LogOutputStream:75 - [STDERR_REDIRECT] 
2026-09-17 21:49:21,147 [ERROR] LogOutputStream:75 - [STDERR_REDIRECT] [Fatal Error] :1:1: Premature end of file.
2026-09-17 21:49:21,147 [ERROR] LogOutputStream:75 - [STDERR_REDIRECT] 
2026-09-17 21:49:22,147 [ERROR] LogOutputStream:75 - [STDERR_REDIRECT] [Fatal Error] :1:1: Premature end of file.
2026-09-17 21:49:22,147 [ERROR] LogOutputStream:75 - [STDERR_REDIRECT] 
2026-09-17 21:49:23,145 [ERROR] LogOutputStream:75 - [STDERR_REDIRECT] [Fatal Error] :1:1: Premature end of file.
2026-09-17 21:49:23,145 [ERROR] LogOutputStream:75 - [STDERR_REDIRECT] 
2026-09-17 21:49:24,152 [ERROR] LogOutputStream:75 - [STDERR_REDIRECT] [Fatal Error] :1:1: Premature end of file.
2026-09-17 21:49:24,152 [ERROR] LogOutputStream:75 - [STDERR_REDIRECT] 
2026-09-17 21:49:25,141 [ERROR] LogOutputStream:75 - [STDERR_REDIRECT] [Fatal Error] :1:1: Premature end of file.
2026-09-17 21:49:25,141 [ERROR] LogOutputStream:75 - [STDERR_REDIRECT] 
2026-09-17 21:49:26,147 [ERROR] LogOutputStream:75 - [STDERR_REDIRECT] [Fatal Error] :1:1: Premature end of file.
2026-09-17 21:49:26,147 [ERROR] LogOutputStream:75 - [STDERR_REDIRECT] 
2026-09-17 21:49:27,148 [ERROR] LogOutputStream:75 - [STDERR_REDIRECT] [Fatal Error] :1:1: Premature end of file.
2026-09-17 21:49:27,148 [ERROR] LogOutputStream:75 - [STDERR_REDIRECT] 
2026-09-17 21:49:28,136 [ERROR] LogOutputStream:75 - [STDERR_REDIRECT] [Fatal Error] :1:1: Premature end of file.
2026-09-17 21:49:28,136 [ERROR] LogOutputStream:75 - [STDERR_REDIRECT] 
2026-09-17 21:49:29,146 [ERROR] LogOutputStream:75 - [STDERR_REDIRECT] [Fatal Error] :1:1: Premature end of file.
2026-09-17 21:49:29,146 [ERROR] LogOutputStream:75 - [STDERR_REDIRECT] 
2026-09-17 21:49:30,138 [ERROR] LogOutputStream:75 - [STDERR_REDIRECT] [Fatal Error] :1:1: Premature end of file.
2026-09-17 21:49:30,138 [ERROR] LogOutputStream:75 - [STDERR_REDIRECT] 
2026-09-17 21:49:31,149 [ERROR] LogOutputStream:75 - [STDERR_REDIRECT] [Fatal Error] :1:1: Premature end of file.
2026-09-17 21:49:31,149 [ERROR] LogOutputStream:75 - [STDERR_REDIRECT] 
2026-09-17 21:49:32,144 [ERROR] LogOutputStream:75 - [STDERR_REDIRECT] [Fatal Error] :1:1: Premature end of file.
2026-09-17 21:49:32,144 [ERROR] LogOutputStream:75 - [STDERR_REDIRECT] 
2026-09-17 21:49:33,141 [ERROR] LogOutputStream:75 - [STDERR_REDIRECT] [Fatal Error] :1:1: Premature end of file.
2026-09-17 21:49:33,141 [ERROR] LogOutputStream:75 - [STDERR_REDIRECT] 
2026-09-17 21:49:34,148 [ERROR] LogOutputStream:75 - [STDERR_REDIRECT] [Fatal Error] :1:1: Premature end of file.
2026-09-17 21:49:34,148 [ERROR] LogOutputStream:75 - [STDERR_REDIRECT] 
2026-09-17 21:49:35,144 [ERROR] LogOutputStream:75 - [STDERR_REDIRECT] [Fatal Error] :1:1: Premature end of file.
2026-09-17 21:49:35,144 [ERROR] LogOutputStream:75 - [STDERR_REDIRECT] 
2026-09-17 21:49:36,147 [ERROR] LogOutputStream:75 - [STDERR_REDIRECT] [Fatal Error] :1:1: Premature end of file.
2026-09-17 21:49:36,147 [ERROR] LogOutputStream:75 - [STDERR_REDIRECT] 
2026-09-17 21:49:37,147 [ERROR] LogOutputStream:75 - [STDERR_REDIRECT] [Fatal Error] :1:1: Premature end of file.
2026-09-17 21:49:37,147 [ERROR] LogOutputStream:75 - [STDERR_REDIRECT] 
2026-09-17 21:49:38,156 [ERROR] LogOutputStream:75 - [STDERR_REDIRECT] [Fatal Error] :1:1: Premature end of file.
2026-09-17 21:49:38,156 [ERROR] LogOutputStream:75 - [STDERR_REDIRECT] 
2026-09-17 21:49:39,147 [ERROR] LogOutputStream:75 - [STDERR_REDIRECT] [Fatal Error] :1:1: Premature end of file.
2026-09-17 21:49:39,147 [ERROR] LogOutputStream:75 - [STDERR_REDIRECT] 
2026-09-17 21:49:40,147 [ERROR] LogOutputStream:75 - [STDERR_REDIRECT] [Fatal Error] :1:1: Premature end of file.
2026-09-17 21:49:40,147 [ERROR] LogOutputStream:75 - [STDERR_REDIRECT] 
2026-09-17 21:49:41,150 [ERROR] LogOutputStream:75 - [STDERR_REDIRECT] [Fatal Error] :1:1: Premature end of file.
2026-09-17 21:49:41,150 [ERROR] LogOutputStream:75 - [STDERR_REDIRECT] 
2026-09-17 21:49:42,141 [ERROR] LogOutputStream:75 - [STDERR_REDIRECT] [Fatal Error] :1:1: Premature end of file.
2026-09-17 21:49:42,141 [ERROR] LogOutputStream:75 - [STDERR_REDIRECT] 
2026-09-17 21:49:43,166 [ERROR] LogOutputStream:75 - [STDERR_REDIRECT] [Fatal Error] :1:1: Premature end of file.
2026-09-17 21:49:43,166 [ERROR] LogOutputStream:75 - [STDERR_REDIRECT] 
2026-09-17 21:49:44,164 [ERROR] LogOutputStream:75 - [STDERR_REDIRECT] [Fatal Error] :1:1: Premature end of file.
2026-09-17 21:49:44,164 [ERROR] LogOutputStream:75 - [STDERR_REDIRECT] 
2026-09-17 21:49:45,154 [ERROR] LogOutputStream:75 - [STDERR_REDIRECT] [Fatal Error] :1:1: Premature end of file.
2026-09-17 21:49:45,154 [ERROR] LogOutputStream:75 - [STDERR_REDIRECT] 
2026-09-17 21:49:46,148 [ERROR] LogOutputStream:75 - [STDERR_REDIRECT] [Fatal Error] :1:1: Premature end of file.
2026-09-17 21:49:46,148 [ERROR] LogOutputStream:75 - [STDERR_REDIRECT] 
2026-09-17 21:49:47,146 [ERROR] LogOutputStream:75 - [STDERR_REDIRECT] [Fatal Error] :1:1: Premature end of file.
2026-09-17 21:49:47,146 [ERROR] LogOutputStream:75 - [STDERR_REDIRECT] 
2026-09-17 21:49:48,152 [ERROR] LogOutputStream:75 - [STDERR_REDIRECT] [Fatal Error] :1:1: Premature end of file.
2026-09-17 21:49:48,152 [ERROR] LogOutputStream:75 - [STDERR_REDIRECT] 
2026-09-17 21:49:49,143 [ERROR] LogOutputStream:75 - [STDERR_REDIRECT] [Fatal Error] :1:1: Premature end of file.
2026-09-17 21:49:49,143 [ERROR] LogOutputStream:75 - [STDERR_REDIRECT] 
2026-09-17 21:49:50,145 [ERROR] LogOutputStream:75 - [STDERR_REDIRECT] [Fatal Error] :1:1: Premature end of file.
2026-09-17 21:49:50,145 [ERROR] LogOutputStream:75 - [STDERR_REDIRECT] 
2026-09-17 21:49:51,144 [ERROR] LogOutputStream:75 - [STDERR_REDIRECT] [Fatal Error] :1:1: Premature end of file.
2026-09-17 21:49:51,144 [ERROR] LogOutputStream:75 - [STDERR_REDIRECT] 
2026-09-17 21:49:52,143 [ERROR] LogOutputStream:75 - [STDERR_REDIRECT] [Fatal Error] :1:1: Premature end of file.
2026-09-17 21:49:52,144 [ERROR] LogOutputStream:75 - [STDERR_REDIRECT] 
2026-09-17 21:49:53,154 [ERROR] LogOutputStream:75 - [STDERR_REDIRECT] [Fatal Error] :1:1: Premature end of file.
2026-09-17 21:49:53,154 [ERROR] LogOutputStream:75 - [STDERR_REDIRECT] 
2026-09-17 21:49:54,156 [ERROR] LogOutputStream:75 - [STDERR_REDIRECT] [Fatal Error] :1:1: Premature end of file.
2026-09-17 21:49:54,156 [ERROR] LogOutputStream:75 - [STDERR_REDIRECT] 
2026-09-17 21:49:55,145 [ERROR] LogOutputStream:75 - [STDERR_REDIRECT] [Fatal Error] :1:1: Premature end of file.
2026-09-17 21:49:55,145 [ERROR] LogOutputStream:75 - [STDERR_REDIRECT] 
2026-09-17 21:49:56,145 [ERROR] LogOutputStream:75 - [STDERR_REDIRECT] [Fatal Error] :1:1: Premature end of file.
2026-09-17 21:49:56,145 [ERROR] LogOutputStream:75 - [STDERR_REDIRECT] 
2026-09-17 21:49:57,145 [ERROR] LogOutputStream:75 - [STDERR_REDIRECT] [Fatal Error] :1:1: Premature end of file.
2026-09-17 21:49:57,145 [ERROR] LogOutputStream:75 - [STDERR_REDIRECT] 
2026-09-17 21:49:58,152 [ERROR] LogOutputStream:75 - [STDERR_REDIRECT] [Fatal Error] :1:1: Premature end of file.
2026-09-17 21:49:58,152 [ERROR] LogOutputStream:75 - [STDERR_REDIRECT] 
2026-09-17 21:49:59,148 [ERROR] LogOutputStream:75 - [STDERR_REDIRECT] [Fatal Error] :1:1: Premature end of file.
2026-09-17 21:49:59,148 [ERROR] LogOutputStream:75 - [STDERR_REDIRECT] 
2026-09-17 21:50:00,148 [ERROR] LogOutputStream:75 - [STDERR_REDIRECT] [Fatal Error] :1:1: Premature end of file.
2026-09-17 21:50:00,148 [ERROR] LogOutputStream:75 - [STDERR_REDIRECT] 
2026-09-17 21:50:01,144 [ERROR] LogOutputStream:75 - [STDERR_REDIRECT] [Fatal Error] :1:1: Premature end of file.
2026-09-17 21:50:01,145 [ERROR] LogOutputStream:75 - [STDERR_REDIRECT] 
2026-09-17 21:50:02,141 [ERROR] LogOutputStream:75 - [STDERR_REDIRECT] [Fatal Error] :1:1: Premature end of file.
2026-09-17 21:50:02,141 [ERROR] LogOutputStream:75 - [STDERR_REDIRECT] 
2026-09-17 21:50:03,154 [ERROR] LogOutputStream:75 - [STDERR_REDIRECT] [Fatal Error] :1:1: Premature end of file.
2026-09-17 21:50:03,155 [ERROR] LogOutputStream:75 - [STDERR_REDIRECT] 
2026-09-17 21:50:04,150 [ERROR] LogOutputStream:75 - [STDERR_REDIRECT] [Fatal Error] :1:1: Premature end of file.
2026-09-17 21:50:04,151 [ERROR] LogOutputStream:75 - [STDERR_REDIRECT] 
2026-09-17 21:50:05,150 [ERROR] LogOutputStream:75 - [STDERR_REDIRECT] [Fatal Error] :1:1: Premature end of file.
2026-09-17 21:50:05,150 [ERROR] LogOutputStream:75 - [STDERR_REDIRECT] 
2026-09-17 21:50:06,145 [ERROR] LogOutputStream:75 - [STDERR_REDIRECT] [Fatal Error] :1:1: Premature end of file.
2026-09-17 21:50:06,145 [ERROR] LogOutputStream:75 - [STDERR_REDIRECT] 
2026-09-17 21:50:07,146 [ERROR] LogOutputStream:75 - [STDERR_REDIRECT] [Fatal Error] :1:1: Premature end of file.
2026-09-17 21:50:07,146 [ERROR] LogOutputStream:75 - [STDERR_REDIRECT] 
2026-09-17 21:50:08,139 [ERROR] LogOutputStream:75 - [STDERR_REDIRECT] [Fatal Error] :1:1: Premature end of file.
2026-09-17 21:50:08,139 [ERROR] LogOutputStream:75 - [STDERR_REDIRECT] 
2026-09-17 21:50:09,148 [ERROR] LogOutputStream:75 - [STDERR_REDIRECT] [Fatal Error] :1:1: Premature end of file.
2026-09-17 21:50:09,148 [ERROR] LogOutputStream:75 - [STDERR_REDIRECT] 
2026-09-17 21:50:10,149 [ERROR] LogOutputStream:75 - [STDERR_REDIRECT] [Fatal Error] :1:1: Premature end of file.
2026-09-17 21:50:10,149 [ERROR] LogOutputStream:75 - [STDERR_REDIRECT] 
2026-09-17 21:50:11,141 [ERROR] LogOutputStream:75 - [STDERR_REDIRECT] [Fatal Error] :1:1: Premature end of file.
2026-09-17 21:50:11,141 [ERROR] LogOutputStream:75 - [STDERR_REDIRECT] 
2026-09-17 21:50:12,145 [ERROR] LogOutputStream:75 - [STDERR_REDIRECT] [Fatal Error] :1:1: Premature end of file.
2026-09-17 21:50:12,145 [ERROR] LogOutputStream:75 - [STDERR_REDIRECT] 
2026-09-17 21:50:13,140 [ERROR] LogOutputStream:75 - [STDERR_REDIRECT] [Fatal Error] :1:1: Premature end of file.
2026-09-17 21:50:13,140 [ERROR] LogOutputStream:75 - [STDERR_REDIRECT] 
2026-09-17 21:50:14,150 [ERROR] LogOutputStream:75 - [STDERR_REDIRECT] [Fatal Error] :1:1: Premature end of file.
2026-09-17 21:50:14,151 [ERROR] LogOutputStream:75 - [STDERR_REDIRECT] 
2026-09-17 21:50:15,150 [ERROR] LogOutputStream:75 - [STDERR_REDIRECT] [Fatal Error] :1:1: Premature end of file.
2026-09-17 21:50:15,150 [ERROR] LogOutputStream:75 - [STDERR_REDIRECT] 
2026-09-17 21:50:16,146 [ERROR] LogOutputStream:75 - [STDERR_REDIRECT] [Fatal Error] :1:1: Premature end of file.
2026-09-17 21:50:16,147 [ERROR] LogOutputStream:75 - [STDERR_REDIRECT] 
2026-09-17 21:50:17,139 [ERROR] LogOutputStream:75 - [STDERR_REDIRECT] [Fatal Error] :1:1: Premature end of file.
2026-09-17 21:50:17,140 [ERROR] LogOutputStream:75 - [STDERR_REDIRECT] 
2026-09-17 21:50:18,143 [ERROR] LogOutputStream:75 - [STDERR_REDIRECT] [Fatal Error] :1:1: Premature end of file.
2026-09-17 21:50:18,143 [ERROR] LogOutputStream:75 - [STDERR_REDIRECT] 
2026-09-17 21:50:19,146 [ERROR] LogOutputStream:75 - [STDERR_REDIRECT] [Fatal Error] :1:1: Premature end of file.
2026-09-17 21:50:19,146 [ERROR] LogOutputStream:75 - [STDERR_REDIRECT] 
2026-09-17 21:50:20,144 [ERROR] LogOutputStream:75 - [STDERR_REDIRECT] [Fatal Error] :1:1: Premature end of file.
2026-09-17 21:50:20,144 [ERROR] LogOutputStream:75 - [STDERR_REDIRECT] 
2026-09-17 21:50:21,143 [ERROR] LogOutputStream:75 - [STDERR_REDIRECT] [Fatal Error] :1:1: Premature end of file.
2026-09-17 21:50:21,144 [ERROR] LogOutputStream:75 - [STDERR_REDIRECT] 
2026-09-17 21:50:22,141 [ERROR] LogOutputStream:75 - [STDERR_REDIRECT] [Fatal Error] :1:1: Premature end of file.
2026-09-17 21:50:22,141 [ERROR] LogOutputStream:75 - [STDERR_REDIRECT] 
2026-09-17 21:50:23,140 [ERROR] LogOutputStream:75 - [STDERR_REDIRECT] [Fatal Error] :1:1: Premature end of file.
2026-09-17 21:50:23,140 [ERROR] LogOutputStream:75 - [STDERR_REDIRECT] 
2026-09-17 21:50:24,155 [ERROR] LogOutputStream:75 - [STDERR_REDIRECT] [Fatal Error] :1:1: Premature end of file.
2026-09-17 21:50:24,155 [ERROR] LogOutputStream:75 - [STDERR_REDIRECT] 
2026-09-17 21:50:25,144 [ERROR] LogOutputStream:75 - [STDERR_REDIRECT] [Fatal Error] :1:1: Premature end of file.
2026-09-17 21:50:25,144 [ERROR] LogOutputStream:75 - [STDERR_REDIRECT] 
2026-09-17 21:50:26,141 [ERROR] LogOutputStream:75 - [STDERR_REDIRECT] [Fatal Error] :1:1: Premature end of file.
2026-09-17 21:50:26,141 [ERROR] LogOutputStream:75 - [STDERR_REDIRECT] 
2026-09-17 21:50:27,143 [ERROR] LogOutputStream:75 - [STDERR_REDIRECT] [Fatal Error] :1:1: Premature end of file.
2026-09-17 21:50:27,143 [ERROR] LogOutputStream:75 - [STDERR_REDIRECT] 
2026-09-17 21:50:28,157 [ERROR] LogOutputStream:75 - [STDERR_REDIRECT] [Fatal Error] :1:1: Premature end of file.
2026-09-17 21:50:28,157 [ERROR] LogOutputStream:75 - [STDERR_REDIRECT] 
2026-09-17 21:50:29,148 [ERROR] LogOutputStream:75 - [STDERR_REDIRECT] [Fatal Error] :1:1: Premature end of file.
2026-09-17 21:50:29,148 [ERROR] LogOutputStream:75 - [STDERR_REDIRECT] 
2026-09-17 21:50:30,144 [ERROR] LogOutputStream:75 - [STDERR_REDIRECT] [Fatal Error] :1:1: Premature end of file.
2026-09-17 21:50:30,144 [ERROR] LogOutputStream:75 - [STDERR_REDIRECT] 
2026-09-17 21:50:31,148 [ERROR] LogOutputStream:75 - [STDERR_REDIRECT] [Fatal Error] :1:1: Premature end of file.
2026-09-17 21:50:31,148 [ERROR] LogOutputStream:75 - [STDERR_REDIRECT] 
2026-09-17 21:50:32,143 [ERROR] LogOutputStream:75 - [STDERR_REDIRECT] [Fatal Error] :1:1: Premature end of file.
2026-09-17 21:50:32,143 [ERROR] LogOutputStream:75 - [STDERR_REDIRECT] 
2026-09-17 21:50:33,149 [ERROR] LogOutputStream:75 - [STDERR_REDIRECT] [Fatal Error] :1:1: Premature end of file.
2026-09-17 21:50:33,149 [ERROR] LogOutputStream:75 - [STDERR_REDIRECT] 
2026-09-17 21:50:34,143 [ERROR] LogOutputStream:75 - [STDERR_REDIRECT] [Fatal Error] :1:1: Premature end of file.
2026-09-17 21:50:34,143 [ERROR] LogOutputStream:75 - [STDERR_REDIRECT] 
2026-09-17 21:50:35,150 [ERROR] LogOutputStream:75 - [STDERR_REDIRECT] [Fatal Error] :1:1: Premature end of file.
2026-09-17 21:50:35,150 [ERROR] LogOutputStream:75 - [STDERR_REDIRECT] 
2026-09-17 21:50:36,150 [ERROR] LogOutputStream:75 - [STDERR_REDIRECT] [Fatal Error] :1:1: Premature end of file.
2026-09-17 21:50:36,150 [ERROR] LogOutputStream:75 - [STDERR_REDIRECT] 
2026-09-17 21:50:37,140 [ERROR] LogOutputStream:75 - [STDERR_REDIRECT] [Fatal Error] :1:1: Premature end of file.
2026-09-17 21:50:37,141 [ERROR] LogOutputStream:75 - [STDERR_REDIRECT] 
2026-09-17 21:50:38,152 [ERROR] LogOutputStream:75 - [STDERR_REDIRECT] [Fatal Error] :1:1: Premature end of file.
2026-09-17 21:50:38,152 [ERROR] LogOutputStream:75 - [STDERR_REDIRECT] 
2026-09-17 21:50:39,143 [ERROR] LogOutputStream:75 - [STDERR_REDIRECT] [Fatal Error] :1:1: Premature end of file.
2026-09-17 21:50:39,144 [ERROR] LogOutputStream:75 - [STDERR_REDIRECT] 
2026-09-17 21:50:40,151 [ERROR] LogOutputStream:75 - [STDERR_REDIRECT] [Fatal Error] :1:1: Premature end of file.
2026-09-17 21:50:40,151 [ERROR] LogOutputStream:75 - [STDERR_REDIRECT] 
2026-09-17 21:50:41,141 [ERROR] LogOutputStream:75 - [STDERR_REDIRECT] [Fatal Error] :1:1: Premature end of file.
2026-09-17 21:50:41,141 [ERROR] LogOutputStream:75 - [STDERR_REDIRECT] 
2026-09-17 21:50:42,143 [ERROR] LogOutputStream:75 - [STDERR_REDIRECT] [Fatal Error] :1:1: Premature end of file.
2026-09-17 21:50:42,143 [ERROR] LogOutputStream:75 - [STDERR_REDIRECT] 
2026-09-17 21:50:43,145 [ERROR] LogOutputStream:75 - [STDERR_REDIRECT] [Fatal Error] :1:1: Premature end of file.
2026-09-17 21:50:43,145 [ERROR] LogOutputStream:75 - [STDERR_REDIRECT] 
2026-09-17 21:50:44,150 [ERROR] LogOutputStream:75 - [STDERR_REDIRECT] [Fatal Error] :1:1: Premature end of file.
2026-09-17 21:50:44,150 [ERROR] LogOutputStream:75 - [STDERR_REDIRECT] 
2026-09-17 21:50:45,140 [ERROR] LogOutputStream:75 - [STDERR_REDIRECT] [Fatal Error] :1:1: Premature end of file.
2026-09-17 21:50:45,140 [ERROR] LogOutputStream:75 - [STDERR_REDIRECT] 
2026-09-17 21:50:46,151 [ERROR] LogOutputStream:75 - [STDERR_REDIRECT] [Fatal Error] :1:1: Premature end of file.
2026-09-17 21:50:46,151 [ERROR] LogOutputStream:75 - [STDERR_REDIRECT] 
2026-09-17 21:50:47,145 [ERROR] LogOutputStream:75 - [STDERR_REDIRECT] [Fatal Error] :1:1: Premature end of file.
2026-09-17 21:50:47,145 [ERROR] LogOutputStream:75 - [STDERR_REDIRECT] 
2026-09-17 21:50:48,146 [ERROR] LogOutputStream:75 - [STDERR_REDIRECT] [Fatal Error] :1:1: Premature end of file.
2026-09-17 21:50:48,146 [ERROR] LogOutputStream:75 - [STDERR_REDIRECT] 
2026-09-17 21:50:49,142 [ERROR] LogOutputStream:75 - [STDERR_REDIRECT] [Fatal Error] :1:1: Premature end of file.
2026-09-17 21:50:49,142 [ERROR] LogOutputStream:75 - [STDERR_REDIRECT] 
2026-09-17 21:50:50,153 [ERROR] LogOutputStream:75 - [STDERR_REDIRECT] [Fatal Error] :1:1: Premature end of file.
2026-09-17 21:50:50,153 [ERROR] LogOutputStream:75 - [STDERR_REDIRECT] 
2026-09-17 21:50:51,148 [ERROR] LogOutputStream:75 - [STDERR_REDIRECT] [Fatal Error] :1:1: Premature end of file.
2026-09-17 21:50:51,148 [ERROR] LogOutputStream:75 - [STDERR_REDIRECT] 
2026-09-17 21:50:52,144 [ERROR] LogOutputStream:75 - [STDERR_REDIRECT] [Fatal Error] :1:1: Premature end of file.
2026-09-17 21:50:52,144 [ERROR] LogOutputStream:75 - [STDERR_REDIRECT] 
2026-09-17 21:50:53,141 [ERROR] LogOutputStream:75 - [STDERR_REDIRECT] [Fatal Error] :1:1: Premature end of file.
2026-09-17 21:50:53,141 [ERROR] LogOutputStream:75 - [STDERR_REDIRECT] 
2026-09-17 21:50:54,141 [ERROR] LogOutputStream:75 - [STDERR_REDIRECT] [Fatal Error] :1:1: Premature end of file.
2026-09-17 21:50:54,141 [ERROR] LogOutputStream:75 - [STDERR_REDIRECT] 
2026-09-17 21:50:55,147 [ERROR] LogOutputStream:75 - [STDERR_REDIRECT] [Fatal Error] :1:1: Premature end of file.
2026-09-17 21:50:55,147 [ERROR] LogOutputStream:75 - [STDERR_REDIRECT] 
2026-09-17 21:50:56,140 [ERROR] LogOutputStream:75 - [STDERR_REDIRECT] [Fatal Error] :1:1: Premature end of file.
2026-09-17 21:50:56,140 [ERROR] LogOutputStream:75 - [STDERR_REDIRECT] 
2026-09-17 21:50:57,140 [ERROR] LogOutputStream:75 - [STDERR_REDIRECT] [Fatal Error] :1:1: Premature end of file.
2026-09-17 21:50:57,140 [ERROR] LogOutputStream:75 - [STDERR_REDIRECT] 
2026-09-17 21:50:58,142 [ERROR] LogOutputStream:75 - [STDERR_REDIRECT] [Fatal Error] :1:1: Premature end of file.
2026-09-17 21:50:58,142 [ERROR] LogOutputStream:75 - [STDERR_REDIRECT] 
2026-09-17 21:50:59,147 [ERROR] LogOutputStream:75 - [STDERR_REDIRECT] [Fatal Error] :1:1: Premature end of file.
2026-09-17 21:50:59,147 [ERROR] LogOutputStream:75 - [STDERR_REDIRECT] 
2026-09-17 21:51:00,140 [ERROR] LogOutputStream:75 - [STDERR_REDIRECT] [Fatal Error] :1:1: Premature end of file.
2026-09-17 21:51:00,141 [ERROR] LogOutputStream:75 - [STDERR_REDIRECT] 
2026-09-17 21:51:01,140 [ERROR] LogOutputStream:75 - [STDERR_REDIRECT] [Fatal Error] :1:1: Premature end of file.
2026-09-17 21:51:01,140 [ERROR] LogOutputStream:75 - [STDERR_REDIRECT] 
2026-09-17 21:51:02,150 [ERROR] LogOutputStream:75 - [STDERR_REDIRECT] [Fatal Error] :1:1: Premature end of file.
2026-09-17 21:51:02,151 [ERROR] LogOutputStream:75 - [STDERR_REDIRECT] 
2026-09-17 21:51:03,145 [ERROR] LogOutputStream:75 - [STDERR_REDIRECT] [Fatal Error] :1:1: Premature end of file.
2026-09-17 21:51:03,145 [ERROR] LogOutputStream:75 - [STDERR_REDIRECT] 
2026-09-17 21:51:04,141 [ERROR] LogOutputStream:75 - [STDERR_REDIRECT] [Fatal Error] :1:1: Premature end of file.
2026-09-17 21:51:04,141 [ERROR] LogOutputStream:75 - [STDERR_REDIRECT] 
2026-09-17 21:51:05,151 [ERROR] LogOutputStream:75 - [STDERR_REDIRECT] [Fatal Error] :1:1: Premature end of file.
2026-09-17 21:51:05,152 [ERROR] LogOutputStream:75 - [STDERR_REDIRECT] 
2026-09-17 21:51:06,144 [ERROR] LogOutputStream:75 - [STDERR_REDIRECT] [Fatal Error] :1:1: Premature end of file.
2026-09-17 21:51:06,144 [ERROR] LogOutputStream:75 - [STDERR_REDIRECT] 
2026-09-17 21:51:07,147 [ERROR] LogOutputStream:75 - [STDERR_REDIRECT] [Fatal Error] :1:1: Premature end of file.
2026-09-17 21:51:07,148 [ERROR] LogOutputStream:75 - [STDERR_REDIRECT] 
2026-09-17 21:51:08,144 [ERROR] LogOutputStream:75 - [STDERR_REDIRECT] [Fatal Error] :1:1: Premature end of file.
2026-09-17 21:51:08,144 [ERROR] LogOutputStream:75 - [STDERR_REDIRECT] 
2026-09-17 21:51:09,147 [ERROR] LogOutputStream:75 - [STDERR_REDIRECT] [Fatal Error] :1:1: Premature end of file.
2026-09-17 21:51:09,147 [ERROR] LogOutputStream:75 - [STDERR_REDIRECT] 
2026-09-17 21:51:10,141 [ERROR] LogOutputStream:75 - [STDERR_REDIRECT] [Fatal Error] :1:1: Premature end of file.
2026-09-17 21:51:10,141 [ERROR] LogOutputStream:75 - [STDERR_REDIRECT] 
2026-09-17 21:51:11,142 [ERROR] LogOutputStream:75 - [STDERR_REDIRECT] [Fatal Error] :1:1: Premature end of file.
2026-09-17 21:51:11,142 [ERROR] LogOutputStream:75 - [STDERR_REDIRECT] 
2026-09-17 21:51:12,146 [ERROR] LogOutputStream:75 - [STDERR_REDIRECT] [Fatal Error] :1:1: Premature end of file.
2026-09-17 21:51:12,147 [ERROR] LogOutputStream:75 - [STDERR_REDIRECT] 
2026-09-17 21:51:13,150 [ERROR] LogOutputStream:75 - [STDERR_REDIRECT] [Fatal Error] :1:1: Premature end of file.
2026-09-17 21:51:13,150 [ERROR] LogOutputStream:75 - [STDERR_REDIRECT] 
2026-09-17 21:51:14,145 [ERROR] LogOutputStream:75 - [STDERR_REDIRECT] [Fatal Error] :1:1: Premature end of file.
2026-09-17 21:51:14,145 [ERROR] LogOutputStream:75 - [STDERR_REDIRECT] 
2026-09-17 21:51:15,148 [ERROR] LogOutputStream:75 - [STDERR_REDIRECT] [Fatal Error] :1:1: Premature end of file.
2026-09-17 21:51:15,148 [ERROR] LogOutputStream:75 - [STDERR_REDIRECT] 
2026-09-17 21:51:16,139 [ERROR] LogOutputStream:75 - [STDERR_REDIRECT] [Fatal Error] :1:1: Premature end of file.
2026-09-17 21:51:16,139 [ERROR] LogOutputStream:75 - [STDERR_REDIRECT] 
2026-09-17 21:51:17,141 [ERROR] LogOutputStream:75 - [STDERR_REDIRECT] [Fatal Error] :1:1: Premature end of file.
2026-09-17 21:51:17,141 [ERROR] LogOutputStream:75 - [STDERR_REDIRECT] 
2026-09-17 21:51:18,147 [ERROR] LogOutputStream:75 - [STDERR_REDIRECT] [Fatal Error] :1:1: Premature end of file.
2026-09-17 21:51:18,148 [ERROR] LogOutputStream:75 - [STDERR_REDIRECT] 
2026-09-17 21:51:19,140 [ERROR] LogOutputStream:75 - [STDERR_REDIRECT] [Fatal Error] :1:1: Premature end of file.
2026-09-17 21:51:19,140 [ERROR] LogOutputStream:75 - [STDERR_REDIRECT] 
2026-09-17 21:51:20,153 [ERROR] LogOutputStream:75 - [STDERR_REDIRECT] [Fatal Error] :1:1: Premature end of file.
2026-09-17 21:51:20,153 [ERROR] LogOutputStream:75 - [STDERR_REDIRECT] 
2026-09-17 21:51:21,149 [ERROR] LogOutputStream:75 - [STDERR_REDIRECT] [Fatal Error] :1:1: Premature end of file.
2026-09-17 21:51:21,149 [ERROR] LogOutputStream:75 - [STDERR_REDIRECT] 
2026-09-17 21:51:22,143 [ERROR] LogOutputStream:75 - [STDERR_REDIRECT] [Fatal Error] :1:1: Premature end of file.
2026-09-17 21:51:22,143 [ERROR] LogOutputStream:75 - [STDERR_REDIRECT] 
2026-09-17 21:51:23,150 [ERROR] LogOutputStream:75 - [STDERR_REDIRECT] [Fatal Error] :1:1: Premature end of file.
2026-09-17 21:51:23,150 [ERROR] LogOutputStream:75 - [STDERR_REDIRECT] 
2026-09-17 21:51:24,149 [ERROR] LogOutputStream:75 - [STDERR_REDIRECT] [Fatal Error] :1:1: Premature end of file.
2026-09-17 21:51:24,149 [ERROR] LogOutputStream:75 - [STDERR_REDIRECT] 
2026-09-17 21:51:25,141 [ERROR] LogOutputStream:75 - [STDERR_REDIRECT] [Fatal Error] :1:1: Premature end of file.
2026-09-17 21:51:25,141 [ERROR] LogOutputStream:75 - [STDERR_REDIRECT] 
2026-09-17 21:51:26,155 [ERROR] LogOutputStream:75 - [STDERR_REDIRECT] [Fatal Error] :1:1: Premature end of file.
2026-09-17 21:51:26,157 [ERROR] LogOutputStream:75 - [STDERR_REDIRECT] 
2026-09-17 21:51:27,143 [ERROR] LogOutputStream:75 - [STDERR_REDIRECT] [Fatal Error] :1:1: Premature end of file.
2026-09-17 21:51:27,143 [ERROR] LogOutputStream:75 - [STDERR_REDIRECT] 
2026-09-17 21:51:28,151 [ERROR] LogOutputStream:75 - [STDERR_REDIRECT] [Fatal Error] :1:1: Premature end of file.
2026-09-17 21:51:28,151 [ERROR] LogOutputStream:75 - [STDERR_REDIRECT] 
2026-09-17 21:51:29,148 [ERROR] LogOutputStream:75 - [STDERR_REDIRECT] [Fatal Error] :1:1: Premature end of file.
2026-09-17 21:51:29,149 [ERROR] LogOutputStream:75 - [STDERR_REDIRECT] 
2026-09-17 21:51:30,148 [ERROR] LogOutputStream:75 - [STDERR_REDIRECT] [Fatal Error] :1:1: Premature end of file.
2026-09-17 21:51:30,148 [ERROR] LogOutputStream:75 - [STDERR_REDIRECT] 
2026-09-17 21:51:31,143 [ERROR] LogOutputStream:75 - [STDERR_REDIRECT] [Fatal Error] :1:1: Premature end of file.
2026-09-17 21:51:31,143 [ERROR] LogOutputStream:75 - [STDERR_REDIRECT] 
2026-09-17 21:51:32,148 [ERROR] LogOutputStream:75 - [STDERR_REDIRECT] [Fatal Error] :1:1: Premature end of file.
2026-09-17 21:51:32,148 [ERROR] LogOutputStream:75 - [STDERR_REDIRECT] 
2026-09-17 21:51:33,141 [ERROR] LogOutputStream:75 - [STDERR_REDIRECT] [Fatal Error] :1:1: Premature end of file.
2026-09-17 21:51:33,141 [ERROR] LogOutputStream:75 - [STDERR_REDIRECT] 
2026-09-17 21:51:34,146 [ERROR] LogOutputStream:75 - [STDERR_REDIRECT] [Fatal Error] :1:1: Premature end of file.
2026-09-17 21:51:34,146 [ERROR] LogOutputStream:75 - [STDERR_REDIRECT] 
2026-09-17 21:51:35,139 [ERROR] LogOutputStream:75 - [STDERR_REDIRECT] [Fatal Error] :1:1: Premature end of file.
2026-09-17 21:51:35,139 [ERROR] LogOutputStream:75 - [STDERR_REDIRECT] 
2026-09-17 21:51:36,139 [ERROR] LogOutputStream:75 - [STDERR_REDIRECT] [Fatal Error] :1:1: Premature end of file.
2026-09-17 21:51:36,139 [ERROR] LogOutputStream:75 - [STDERR_REDIRECT] 
2026-09-17 21:51:37,140 [ERROR] LogOutputStream:75 - [STDERR_REDIRECT] [Fatal Error] :1:1: Premature end of file.
2026-09-17 21:51:37,141 [ERROR] LogOutputStream:75 - [STDERR_REDIRECT] 
2026-09-17 21:51:38,147 [ERROR] LogOutputStream:75 - [STDERR_REDIRECT] [Fatal Error] :1:1: Premature end of file.
2026-09-17 21:51:38,147 [ERROR] LogOutputStream:75 - [STDERR_REDIRECT] 
2026-09-17 21:51:39,149 [ERROR] LogOutputStream:75 - [STDERR_REDIRECT] [Fatal Error] :1:1: Premature end of file.
2026-09-17 21:51:39,149 [ERROR] LogOutputStream:75 - [STDERR_REDIRECT] 
2026-09-17 21:51:40,140 [ERROR] LogOutputStream:75 - [STDERR_REDIRECT] [Fatal Error] :1:1: Premature end of file.
2026-09-17 21:51:40,141 [ERROR] LogOutputStream:75 - [STDERR_REDIRECT] 
2026-09-17 21:51:41,139 [ERROR] LogOutputStream:75 - [STDERR_REDIRECT] [Fatal Error] :1:1: Premature end of file.
2026-09-17 21:51:41,140 [ERROR] LogOutputStream:75 - [STDERR_REDIRECT] 
2026-09-17 21:51:42,149 [ERROR] LogOutputStream:75 - [STDERR_REDIRECT] [Fatal Error] :1:1: Premature end of file.
2026-09-17 21:51:42,149 [ERROR] LogOutputStream:75 - [STDERR_REDIRECT] 
2026-09-17 21:51:43,144 [ERROR] LogOutputStream:75 - [STDERR_REDIRECT] [Fatal Error] :1:1: Premature end of file.
2026-09-17 21:51:43,144 [ERROR] LogOutputStream:75 - [STDERR_REDIRECT] 
2026-09-17 21:51:44,146 [ERROR] LogOutputStream:75 - [STDERR_REDIRECT] [Fatal Error] :1:1: Premature end of file.
2026-09-17 21:51:44,147 [ERROR] LogOutputStream:75 - [STDERR_REDIRECT] 
2026-09-17 21:51:45,149 [ERROR] LogOutputStream:75 - [STDERR_REDIRECT] [Fatal Error] :1:1: Premature end of file.
2026-09-17 21:51:45,149 [ERROR] LogOutputStream:75 - [STDERR_REDIRECT] 
2026-09-17 21:51:46,139 [ERROR] LogOutputStream:75 - [STDERR_REDIRECT] [Fatal Error] :1:1: Premature end of file.
2026-09-17 21:51:46,139 [ERROR] LogOutputStream:75 - [STDERR_REDIRECT] 
2026-09-17 21:51:47,139 [ERROR] LogOutputStream:75 - [STDERR_REDIRECT] [Fatal Error] :1:1: Premature end of file.
2026-09-17 21:51:47,139 [ERROR] LogOutputStream:75 - [STDERR_REDIRECT] 
2026-09-17 21:51:48,140 [ERROR] LogOutputStream:75 - [STDERR_REDIRECT] [Fatal Error] :1:1: Premature end of file.
2026-09-17 21:51:48,140 [ERROR] LogOutputStream:75 - [STDERR_REDIRECT] 
2026-09-17 21:51:49,146 [ERROR] LogOutputStream:75 - [STDERR_REDIRECT] [Fatal Error] :1:1: Premature end of file.
2026-09-17 21:51:49,146 [ERROR] LogOutputStream:75 - [STDERR_REDIRECT] 
2026-09-17 21:51:50,143 [ERROR] LogOutputStream:75 - [STDERR_REDIRECT] [Fatal Error] :1:1: Premature end of file.
2026-09-17 21:51:50,143 [ERROR] LogOutputStream:75 - [STDERR_REDIRECT] 
2026-09-17 21:51:51,150 [ERROR] LogOutputStream:75 - [STDERR_REDIRECT] [Fatal Error] :1:1: Premature end of file.
2026-09-17 21:51:51,150 [ERROR] LogOutputStream:75 - [STDERR_REDIRECT] 
2026-09-17 21:51:52,144 [ERROR] LogOutputStream:75 - [STDERR_REDIRECT] [Fatal Error] :1:1: Premature end of file.
2026-09-17 21:51:52,185 [ERROR] LogOutputStream:75 - [STDERR_REDIRECT] 
2026-09-17 21:51:53,140 [ERROR] LogOutputStream:75 - [STDERR_REDIRECT] [Fatal Error] :1:1: Premature end of file.
2026-09-17 21:51:53,140 [ERROR] LogOutputStream:75 - [STDERR_REDIRECT] 
2026-09-17 21:51:54,147 [ERROR] LogOutputStream:75 - [STDERR_REDIRECT] [Fatal Error] :1:1: Premature end of file.
2026-09-17 21:51:54,147 [ERROR] LogOutputStream:75 - [STDERR_REDIRECT] 
2026-09-17 21:51:55,155 [ERROR] LogOutputStream:75 - [STDERR_REDIRECT] [Fatal Error] :1:1: Premature end of file.
2026-09-17 21:51:55,155 [ERROR] LogOutputStream:75 - [STDERR_REDIRECT] 
2026-09-17 21:51:56,141 [ERROR] LogOutputStream:75 - [STDERR_REDIRECT] [Fatal Error] :1:1: Premature end of file.
2026-09-17 21:51:56,141 [ERROR] LogOutputStream:75 - [STDERR_REDIRECT] 
2026-09-17 21:51:57,140 [ERROR] LogOutputStream:75 - [STDERR_REDIRECT] [Fatal Error] :1:1: Premature end of file.
2026-09-17 21:51:57,140 [ERROR] LogOutputStream:75 - [STDERR_REDIRECT] 
2026-09-17 21:51:58,140 [ERROR] LogOutputStream:75 - [STDERR_REDIRECT] [Fatal Error] :1:1: Premature end of file.
2026-09-17 21:51:58,141 [ERROR] LogOutputStream:75 - [STDERR_REDIRECT] 
2026-09-17 21:51:59,146 [ERROR] LogOutputStream:75 - [STDERR_REDIRECT] [Fatal Error] :1:1: Premature end of file.
2026-09-17 21:51:59,146 [ERROR] LogOutputStream:75 - [STDERR_REDIRECT] 
2026-09-17 21:52:00,147 [ERROR] LogOutputStream:75 - [STDERR_REDIRECT] [Fatal Error] :1:1: Premature end of file.
2026-09-17 21:52:00,147 [ERROR] LogOutputStream:75 - [STDERR_REDIRECT] 
2026-09-17 21:52:01,139 [ERROR] LogOutputStream:75 - [STDERR_REDIRECT] [Fatal Error] :1:1: Premature end of file.
2026-09-17 21:52:01,139 [ERROR] LogOutputStream:75 - [STDERR_REDIRECT] 
2026-09-17 21:52:02,139 [ERROR] LogOutputStream:75 - [STDERR_REDIRECT] [Fatal Error] :1:1: Premature end of file.
2026-09-17 21:52:02,139 [ERROR] LogOutputStream:75 - [STDERR_REDIRECT] 
2026-09-17 21:52:03,139 [ERROR] LogOutputStream:75 - [STDERR_REDIRECT] [Fatal Error] :1:1: Premature end of file.
2026-09-17 21:52:03,139 [ERROR] LogOutputStream:75 - [STDERR_REDIRECT] 
2026-09-17 21:52:04,148 [ERROR] LogOutputStream:75 - [STDERR_REDIRECT] [Fatal Error] :1:1: Premature end of file.
2026-09-17 21:52:04,148 [ERROR] LogOutputStream:75 - [STDERR_REDIRECT] 
2026-09-17 21:52:05,147 [ERROR] LogOutputStream:75 - [STDERR_REDIRECT] [Fatal Error] :1:1: Premature end of file.
2026-09-17 21:52:05,147 [ERROR] LogOutputStream:75 - [STDERR_REDIRECT] 
2026-09-17 21:52:06,139 [ERROR] LogOutputStream:75 - [STDERR_REDIRECT] [Fatal Error] :1:1: Premature end of file.
2026-09-17 21:52:06,139 [ERROR] LogOutputStream:75 - [STDERR_REDIRECT] 
2026-09-17 21:52:07,149 [ERROR] LogOutputStream:75 - [STDERR_REDIRECT] [Fatal Error] :1:1: Premature end of file.
2026-09-17 21:52:07,149 [ERROR] LogOutputStream:75 - [STDERR_REDIRECT] 
2026-09-17 21:52:08,139 [ERROR] LogOutputStream:75 - [STDERR_REDIRECT] [Fatal Error] :1:1: Premature end of file.
2026-09-17 21:52:08,139 [ERROR] LogOutputStream:75 - [STDERR_REDIRECT] 
2026-09-17 21:52:09,149 [ERROR] LogOutputStream:75 - [STDERR_REDIRECT] [Fatal Error] :1:1: Premature end of file.
2026-09-17 21:52:09,149 [ERROR] LogOutputStream:75 - [STDERR_REDIRECT] 
2026-09-17 21:52:10,150 [ERROR] LogOutputStream:75 - [STDERR_REDIRECT] [Fatal Error] :1:1: Premature end of file.
2026-09-17 21:52:10,150 [ERROR] LogOutputStream:75 - [STDERR_REDIRECT] 
2026-09-17 21:52:11,140 [ERROR] LogOutputStream:75 - [STDERR_REDIRECT] [Fatal Error] :1:1: Premature end of file.
2026-09-17 21:52:11,140 [ERROR] LogOutputStream:75 - [STDERR_REDIRECT] 
2026-09-17 21:52:12,140 [ERROR] LogOutputStream:75 - [STDERR_REDIRECT] [Fatal Error] :1:1: Premature end of file.
2026-09-17 21:52:12,140 [ERROR] LogOutputStream:75 - [STDERR_REDIRECT] 
2026-09-17 21:52:13,141 [ERROR] LogOutputStream:75 - [STDERR_REDIRECT] [Fatal Error] :1:1: Premature end of file.
2026-09-17 21:52:13,141 [ERROR] LogOutputStream:75 - [STDERR_REDIRECT] 
2026-09-17 21:52:14,148 [ERROR] LogOutputStream:75 - [STDERR_REDIRECT] [Fatal Error] :1:1: Premature end of file.
2026-09-17 21:52:14,148 [ERROR] LogOutputStream:75 - [STDERR_REDIRECT] 
2026-09-17 21:52:15,145 [ERROR] LogOutputStream:75 - [STDERR_REDIRECT] [Fatal Error] :1:1: Premature end of file.
2026-09-17 21:52:15,145 [ERROR] LogOutputStream:75 - [STDERR_REDIRECT] 
2026-09-17 21:52:16,139 [ERROR] LogOutputStream:75 - [STDERR_REDIRECT] [Fatal Error] :1:1: Premature end of file.
2026-09-17 21:52:16,139 [ERROR] LogOutputStream:75 - [STDERR_REDIRECT] 
2026-09-17 21:52:17,140 [ERROR] LogOutputStream:75 - [STDERR_REDIRECT] [Fatal Error] :1:1: Premature end of file.
2026-09-17 21:52:17,140 [ERROR] LogOutputStream:75 - [STDERR_REDIRECT] 
2026-09-17 21:52:18,139 [ERROR] LogOutputStream:75 - [STDERR_REDIRECT] [Fatal Error] :1:1: Premature end of file.
2026-09-17 21:52:18,139 [ERROR] LogOutputStream:75 - [STDERR_REDIRECT] 
2026-09-17 21:52:19,153 [ERROR] LogOutputStream:75 - [STDERR_REDIRECT] [Fatal Error] :1:1: Premature end of file.
2026-09-17 21:52:19,153 [ERROR] LogOutputStream:75 - [STDERR_REDIRECT] 
2026-09-17 21:52:20,147 [ERROR] LogOutputStream:75 - [STDERR_REDIRECT] [Fatal Error] :1:1: Premature end of file.
2026-09-17 21:52:20,147 [ERROR] LogOutputStream:75 - [STDERR_REDIRECT] 
2026-09-17 21:52:21,143 [ERROR] LogOutputStream:75 - [STDERR_REDIRECT] [Fatal Error] :1:1: Premature end of file.
2026-09-17 21:52:21,143 [ERROR] LogOutputStream:75 - [STDERR_REDIRECT] 
2026-09-17 21:52:22,145 [ERROR] LogOutputStream:75 - [STDERR_REDIRECT] [Fatal Error] :1:1: Premature end of file.
2026-09-17 21:52:22,145 [ERROR] LogOutputStream:75 - [STDERR_REDIRECT] 
2026-09-17 21:52:23,139 [ERROR] LogOutputStream:75 - [STDERR_REDIRECT] [Fatal Error] :1:1: Premature end of file.
2026-09-17 21:52:23,139 [ERROR] LogOutputStream:75 - [STDERR_REDIRECT] 
2026-09-17 21:52:24,142 [ERROR] LogOutputStream:75 - [STDERR_REDIRECT] [Fatal Error] :1:1: Premature end of file.
2026-09-17 21:52:24,142 [ERROR] LogOutputStream:75 - [STDERR_REDIRECT] 
2026-09-17 21:52:25,149 [ERROR] LogOutputStream:75 - [STDERR_REDIRECT] [Fatal Error] :1:1: Premature end of file.
2026-09-17 21:52:25,149 [ERROR] LogOutputStream:75 - [STDERR_REDIRECT] 
2026-09-17 21:52:26,140 [ERROR] LogOutputStream:75 - [STDERR_REDIRECT] [Fatal Error] :1:1: Premature end of file.
2026-09-17 21:52:26,140 [ERROR] LogOutputStream:75 - [STDERR_REDIRECT] 
2026-09-17 21:52:27,140 [ERROR] LogOutputStream:75 - [STDERR_REDIRECT] [Fatal Error] :1:1: Premature end of file.
2026-09-17 21:52:27,140 [ERROR] LogOutputStream:75 - [STDERR_REDIRECT] 
2026-09-17 21:52:28,142 [ERROR] LogOutputStream:75 - [STDERR_REDIRECT] [Fatal Error] :1:1: Premature end of file.
2026-09-17 21:52:28,142 [ERROR] LogOutputStream:75 - [STDERR_REDIRECT] 
2026-09-17 21:52:29,138 [ERROR] LogOutputStream:75 - [STDERR_REDIRECT] [Fatal Error] :1:1: Premature end of file.
2026-09-17 21:52:29,138 [ERROR] LogOutputStream:75 - [STDERR_REDIRECT] 
2026-09-17 21:52:30,145 [ERROR] LogOutputStream:75 - [STDERR_REDIRECT] [Fatal Error] :1:1: Premature end of file.
2026-09-17 21:52:30,145 [ERROR] LogOutputStream:75 - [STDERR_REDIRECT] 
2026-09-17 21:52:31,147 [ERROR] LogOutputStream:75 - [STDERR_REDIRECT] [Fatal Error] :1:1: Premature end of file.
2026-09-17 21:52:31,147 [ERROR] LogOutputStream:75 - [STDERR_REDIRECT] 
2026-09-17 21:52:32,141 [ERROR] LogOutputStream:75 - [STDERR_REDIRECT] [Fatal Error] :1:1: Premature end of file.
2026-09-17 21:52:32,141 [ERROR] LogOutputStream:75 - [STDERR_REDIRECT] 
2026-09-17 21:52:33,142 [ERROR] LogOutputStream:75 - [STDERR_REDIRECT] [Fatal Error] :1:1: Premature end of file.
2026-09-17 21:52:33,142 [ERROR] LogOutputStream:75 - [STDERR_REDIRECT] 
2026-09-17 21:52:34,141 [ERROR] LogOutputStream:75 - [STDERR_REDIRECT] [Fatal Error] :1:1: Premature end of file.
2026-09-17 21:52:34,141 [ERROR] LogOutputStream:75 - [STDERR_REDIRECT] 
2026-09-17 21:52:35,141 [ERROR] LogOutputStream:75 - [STDERR_REDIRECT] [Fatal Error] :1:1: Premature end of file.
2026-09-17 21:52:35,141 [ERROR] LogOutputStream:75 - [STDERR_REDIRECT] 
2026-09-17 21:52:36,153 [ERROR] LogOutputStream:75 - [STDERR_REDIRECT] [Fatal Error] :1:1: Premature end of file.
2026-09-17 21:52:36,153 [ERROR] LogOutputStream:75 - [STDERR_REDIRECT] 
2026-09-17 21:52:37,168 [ERROR] LogOutputStream:75 - [STDERR_REDIRECT] [Fatal Error] :1:1: Premature end of file.
2026-09-17 21:52:37,168 [ERROR] LogOutputStream:75 - [STDERR_REDIRECT] 
2026-09-17 21:52:38,154 [ERROR] LogOutputStream:75 - [STDERR_REDIRECT] [Fatal Error] :1:1: Premature end of file.
2026-09-17 21:52:38,154 [ERROR] LogOutputStream:75 - [STDERR_REDIRECT] 
2026-09-17 21:52:39,155 [ERROR] LogOutputStream:75 - [STDERR_REDIRECT] [Fatal Error] :1:1: Premature end of file.
2026-09-17 21:52:39,155 [ERROR] LogOutputStream:75 - [STDERR_REDIRECT] 
2026-09-17 21:52:40,155 [ERROR] LogOutputStream:75 - [STDERR_REDIRECT] [Fatal Error] :1:1: Premature end of file.
2026-09-17 21:52:40,155 [ERROR] LogOutputStream:75 - [STDERR_REDIRECT] 
2026-09-17 21:52:41,153 [ERROR] LogOutputStream:75 - [STDERR_REDIRECT] [Fatal Error] :1:1: Premature end of file.
2026-09-17 21:52:41,153 [ERROR] LogOutputStream:75 - [STDERR_REDIRECT] 
2026-09-17 21:52:42,153 [ERROR] LogOutputStream:75 - [STDERR_REDIRECT] [Fatal Error] :1:1: Premature end of file.
2026-09-17 21:52:42,153 [ERROR] LogOutputStream:75 - [STDERR_REDIRECT] 
2026-09-17 21:52:43,143 [ERROR] LogOutputStream:75 - [STDERR_REDIRECT] [Fatal Error] :1:1: Premature end of file.
2026-09-17 21:52:43,143 [ERROR] LogOutputStream:75 - [STDERR_REDIRECT] 
2026-09-17 21:52:44,145 [ERROR] LogOutputStream:75 - [STDERR_REDIRECT] [Fatal Error] :1:1: Premature end of file.
2026-09-17 21:52:44,145 [ERROR] LogOutputStream:75 - [STDERR_REDIRECT] 
2026-09-17 21:52:45,147 [ERROR] LogOutputStream:75 - [STDERR_REDIRECT] [Fatal Error] :1:1: Premature end of file.
2026-09-17 21:52:45,147 [ERROR] LogOutputStream:75 - [STDERR_REDIRECT] 
2026-09-17 21:52:46,149 [ERROR] LogOutputStream:75 - [STDERR_REDIRECT] [Fatal Error] :1:1: Premature end of file.
2026-09-17 21:52:46,149 [ERROR] LogOutputStream:75 - [STDERR_REDIRECT] 
2026-09-17 21:52:47,164 [ERROR] LogOutputStream:75 - [STDERR_REDIRECT] [Fatal Error] :1:1: Premature end of file.
2026-09-17 21:52:47,164 [ERROR] LogOutputStream:75 - [STDERR_REDIRECT] 
2026-09-17 21:52:48,165 [ERROR] LogOutputStream:75 - [STDERR_REDIRECT] [Fatal Error] :1:1: Premature end of file.
2026-09-17 21:52:48,165 [ERROR] LogOutputStream:75 - [STDERR_REDIRECT] 
2026-09-17 21:52:49,146 [ERROR] LogOutputStream:75 - [STDERR_REDIRECT] [Fatal Error] :1:1: Premature end of file.
2026-09-17 21:52:49,146 [ERROR] LogOutputStream:75 - [STDERR_REDIRECT] 
2026-09-17 21:52:50,156 [ERROR] LogOutputStream:75 - [STDERR_REDIRECT] [Fatal Error] :1:1: Premature end of file.
2026-09-17 21:52:50,156 [ERROR] LogOutputStream:75 - [STDERR_REDIRECT] 
2026-09-17 21:52:51,153 [ERROR] LogOutputStream:75 - [STDERR_REDIRECT] [Fatal Error] :1:1: Premature end of file.
2026-09-17 21:52:51,153 [ERROR] LogOutputStream:75 - [STDERR_REDIRECT] 
2026-09-17 21:52:52,156 [ERROR] LogOutputStream:75 - [STDERR_REDIRECT] [Fatal Error] :1:1: Premature end of file.
2026-09-17 21:52:52,156 [ERROR] LogOutputStream:75 - [STDERR_REDIRECT] 
2026-09-17 21:52:53,158 [ERROR] LogOutputStream:75 - [STDERR_REDIRECT] [Fatal Error] :1:1: Premature end of file.
2026-09-17 21:52:53,158 [ERROR] LogOutputStream:75 - [STDERR_REDIRECT] 
2026-09-17 21:52:54,147 [ERROR] LogOutputStream:75 - [STDERR_REDIRECT] [Fatal Error] :1:1: Premature end of file.
2026-09-17 21:52:54,147 [ERROR] LogOutputStream:75 - [STDERR_REDIRECT] 
2026-09-17 21:52:55,145 [ERROR] LogOutputStream:75 - [STDERR_REDIRECT] [Fatal Error] :1:1: Premature end of file.
2026-09-17 21:52:55,145 [ERROR] LogOutputStream:75 - [STDERR_REDIRECT] 
2026-09-17 21:52:56,147 [ERROR] LogOutputStream:75 - [STDERR_REDIRECT] [Fatal Error] :1:1: Premature end of file.
2026-09-17 21:52:56,147 [ERROR] LogOutputStream:75 - [STDERR_REDIRECT] 
2026-09-17 21:52:57,145 [ERROR] LogOutputStream:75 - [STDERR_REDIRECT] [Fatal Error] :1:1: Premature end of file.
2026-09-17 21:52:57,145 [ERROR] LogOutputStream:75 - [STDERR_REDIRECT] 
2026-09-17 21:52:58,147 [ERROR] LogOutputStream:75 - [STDERR_REDIRECT] [Fatal Error] :1:1: Premature end of file.
2026-09-17 21:52:58,147 [ERROR] LogOutputStream:75 - [STDERR_REDIRECT] 
2026-09-17 21:52:59,152 [ERROR] LogOutputStream:75 - [STDERR_REDIRECT] [Fatal Error] :1:1: Premature end of file.
2026-09-17 21:52:59,152 [ERROR] LogOutputStream:75 - [STDERR_REDIRECT] 
2026-09-17 21:53:00,156 [ERROR] LogOutputStream:75 - [STDERR_REDIRECT] [Fatal Error] :1:1: Premature end of file.
2026-09-17 21:53:00,156 [ERROR] LogOutputStream:75 - [STDERR_REDIRECT] 
2026-09-17 21:53:01,154 [ERROR] LogOutputStream:75 - [STDERR_REDIRECT] [Fatal Error] :1:1: Premature end of file.
2026-09-17 21:53:01,154 [ERROR] LogOutputStream:75 - [STDERR_REDIRECT] 
2026-09-17 21:53:02,138 [ERROR] LogOutputStream:75 - [STDERR_REDIRECT] [Fatal Error] :1:1: Premature end of file.
2026-09-17 21:53:02,138 [ERROR] LogOutputStream:75 - [STDERR_REDIRECT] 
2026-09-17 21:53:03,139 [ERROR] LogOutputStream:75 - [STDERR_REDIRECT] [Fatal Error] :1:1: Premature end of file.
2026-09-17 21:53:03,139 [ERROR] LogOutputStream:75 - [STDERR_REDIRECT] 
2026-09-17 21:53:04,155 [ERROR] LogOutputStream:75 - [STDERR_REDIRECT] [Fatal Error] :1:1: Premature end of file.
2026-09-17 21:53:04,155 [ERROR] LogOutputStream:75 - [STDERR_REDIRECT] 
2026-09-17 21:53:05,155 [ERROR] LogOutputStream:75 - [STDERR_REDIRECT] [Fatal Error] :1:1: Premature end of file.
2026-09-17 21:53:05,155 [ERROR] LogOutputStream:75 - [STDERR_REDIRECT] 
2026-09-17 21:53:06,166 [ERROR] LogOutputStream:75 - [STDERR_REDIRECT] [Fatal Error] :1:1: Premature end of file.
2026-09-17 21:53:06,166 [ERROR] LogOutputStream:75 - [STDERR_REDIRECT] 
2026-09-17 21:53:07,149 [ERROR] LogOutputStream:75 - [STDERR_REDIRECT] [Fatal Error] :1:1: Premature end of file.
2026-09-17 21:53:07,161 [ERROR] LogOutputStream:75 - [STDERR_REDIRECT] 
2026-09-17 21:53:08,148 [ERROR] LogOutputStream:75 - [STDERR_REDIRECT] [Fatal Error] :1:1: Premature end of file.
2026-09-17 21:53:08,148 [ERROR] LogOutputStream:75 - [STDERR_REDIRECT] 
2026-09-17 21:53:09,162 [ERROR] LogOutputStream:75 - [STDERR_REDIRECT] [Fatal Error] :1:1: Premature end of file.
2026-09-17 21:53:09,162 [ERROR] LogOutputStream:75 - [STDERR_REDIRECT] 
2026-09-17 21:53:10,159 [ERROR] LogOutputStream:75 - [STDERR_REDIRECT] [Fatal Error] :1:1: Premature end of file.
2026-09-17 21:53:10,159 [ERROR] LogOutputStream:75 - [STDERR_REDIRECT] 
2026-09-17 21:53:11,140 [ERROR] LogOutputStream:75 - [STDERR_REDIRECT] [Fatal Error] :1:1: Premature end of file.
2026-09-17 21:53:11,140 [ERROR] LogOutputStream:75 - [STDERR_REDIRECT] 
2026-09-17 21:53:12,162 [ERROR] LogOutputStream:75 - [STDERR_REDIRECT] [Fatal Error] :1:1: Premature end of file.
2026-09-17 21:53:12,162 [ERROR] LogOutputStream:75 - [STDERR_REDIRECT] 
2026-09-17 21:53:13,152 [ERROR] LogOutputStream:75 - [STDERR_REDIRECT] [Fatal Error] :1:1: Premature end of file.
2026-09-17 21:53:13,153 [ERROR] LogOutputStream:75 - [STDERR_REDIRECT] 
2026-09-17 21:53:14,144 [ERROR] LogOutputStream:75 - [STDERR_REDIRECT] [Fatal Error] :1:1: Premature end of file.
2026-09-17 21:53:14,144 [ERROR] LogOutputStream:75 - [STDERR_REDIRECT] 
2026-09-17 21:53:15,151 [ERROR] LogOutputStream:75 - [STDERR_REDIRECT] [Fatal Error] :1:1: Premature end of file.
2026-09-17 21:53:15,151 [ERROR] LogOutputStream:75 - [STDERR_REDIRECT] 
2026-09-17 21:53:16,150 [ERROR] LogOutputStream:75 - [STDERR_REDIRECT] [Fatal Error] :1:1: Premature end of file.
2026-09-17 21:53:16,150 [ERROR] LogOutputStream:75 - [STDERR_REDIRECT] 
2026-09-17 21:53:17,152 [ERROR] LogOutputStream:75 - [STDERR_REDIRECT] [Fatal Error] :1:1: Premature end of file.
2026-09-17 21:53:17,152 [ERROR] LogOutputStream:75 - [STDERR_REDIRECT] 
2026-09-17 21:53:18,142 [ERROR] LogOutputStream:75 - [STDERR_REDIRECT] [Fatal Error] :1:1: Premature end of file.
2026-09-17 21:53:18,142 [ERROR] LogOutputStream:75 - [STDERR_REDIRECT] 
2026-09-17 21:53:19,159 [ERROR] LogOutputStream:75 - [STDERR_REDIRECT] [Fatal Error] :1:1: Premature end of file.
2026-09-17 21:53:19,159 [ERROR] LogOutputStream:75 - [STDERR_REDIRECT] 
2026-09-17 21:53:20,161 [ERROR] LogOutputStream:75 - [STDERR_REDIRECT] [Fatal Error] :1:1: Premature end of file.
2026-09-17 21:53:20,161 [ERROR] LogOutputStream:75 - [STDERR_REDIRECT] 
2026-09-17 21:53:21,144 [ERROR] LogOutputStream:75 - [STDERR_REDIRECT] [Fatal Error] :1:1: Premature end of file.
2026-09-17 21:53:21,144 [ERROR] LogOutputStream:75 - [STDERR_REDIRECT] 
2026-09-17 21:53:22,161 [ERROR] LogOutputStream:75 - [STDERR_REDIRECT] [Fatal Error] :1:1: Premature end of file.
2026-09-17 21:53:22,162 [ERROR] LogOutputStream:75 - [STDERR_REDIRECT] 
2026-09-17 21:53:23,146 [ERROR] LogOutputStream:75 - [STDERR_REDIRECT] [Fatal Error] :1:1: Premature end of file.
2026-09-17 21:53:23,146 [ERROR] LogOutputStream:75 - [STDERR_REDIRECT] 
2026-09-17 21:53:24,141 [ERROR] LogOutputStream:75 - [STDERR_REDIRECT] [Fatal Error] :1:1: Premature end of file.
2026-09-17 21:53:24,141 [ERROR] LogOutputStream:75 - [STDERR_REDIRECT] 
2026-09-17 21:53:25,155 [ERROR] LogOutputStream:75 - [STDERR_REDIRECT] [Fatal Error] :1:1: Premature end of file.
2026-09-17 21:53:25,155 [ERROR] LogOutputStream:75 - [STDERR_REDIRECT] 
2026-09-17 21:53:26,148 [ERROR] LogOutputStream:75 - [STDERR_REDIRECT] [Fatal Error] :1:1: Premature end of file.
2026-09-17 21:53:26,148 [ERROR] LogOutputStream:75 - [STDERR_REDIRECT] 
2026-09-17 21:53:27,142 [ERROR] LogOutputStream:75 - [STDERR_REDIRECT] [Fatal Error] :1:1: Premature end of file.
2026-09-17 21:53:27,142 [ERROR] LogOutputStream:75 - [STDERR_REDIRECT] 
2026-09-17 21:53:28,156 [ERROR] LogOutputStream:75 - [STDERR_REDIRECT] [Fatal Error] :1:1: Premature end of file.
2026-09-17 21:53:28,156 [ERROR] LogOutputStream:75 - [STDERR_REDIRECT] 
2026-09-17 21:53:29,149 [ERROR] LogOutputStream:75 - [STDERR_REDIRECT] [Fatal Error] :1:1: Premature end of file.
2026-09-17 21:53:29,149 [ERROR] LogOutputStream:75 - [STDERR_REDIRECT] 
2026-09-17 21:53:30,136 [ERROR] LogOutputStream:75 - [STDERR_REDIRECT] [Fatal Error] :1:1: Premature end of file.
2026-09-17 21:53:30,136 [ERROR] LogOutputStream:75 - [STDERR_REDIRECT] 
2026-09-17 21:53:31,139 [ERROR] LogOutputStream:75 - [STDERR_REDIRECT] [Fatal Error] :1:1: Premature end of file.
2026-09-17 21:53:31,139 [ERROR] LogOutputStream:75 - [STDERR_REDIRECT] 
2026-09-17 21:53:32,161 [ERROR] LogOutputStream:75 - [STDERR_REDIRECT] [Fatal Error] :1:1: Premature end of file.
2026-09-17 21:53:32,161 [ERROR] LogOutputStream:75 - [STDERR_REDIRECT] 
2026-09-17 21:53:33,140 [ERROR] LogOutputStream:75 - [STDERR_REDIRECT] [Fatal Error] :1:1: Premature end of file.
2026-09-17 21:53:33,140 [ERROR] LogOutputStream:75 - [STDERR_REDIRECT] 
2026-09-17 21:53:34,140 [ERROR] LogOutputStream:75 - [STDERR_REDIRECT] [Fatal Error] :1:1: Premature end of file.
2026-09-17 21:53:34,140 [ERROR] LogOutputStream:75 - [STDERR_REDIRECT] 
2026-09-17 21:53:35,153 [ERROR] LogOutputStream:75 - [STDERR_REDIRECT] [Fatal Error] :1:1: Premature end of file.
2026-09-17 21:53:35,154 [ERROR] LogOutputStream:75 - [STDERR_REDIRECT] 
2026-09-17 21:53:36,144 [ERROR] LogOutputStream:75 - [STDERR_REDIRECT] [Fatal Error] :1:1: Premature end of file.
2026-09-17 21:53:36,144 [ERROR] LogOutputStream:75 - [STDERR_REDIRECT] 
2026-09-17 21:53:37,146 [ERROR] LogOutputStream:75 - [STDERR_REDIRECT] [Fatal Error] :1:1: Premature end of file.
2026-09-17 21:53:37,146 [ERROR] LogOutputStream:75 - [STDERR_REDIRECT] 
2026-09-17 21:53:38,150 [ERROR] LogOutputStream:75 - [STDERR_REDIRECT] [Fatal Error] :1:1: Premature end of file.
2026-09-17 21:53:38,150 [ERROR] LogOutputStream:75 - [STDERR_REDIRECT] 
2026-09-17 21:53:39,143 [ERROR] LogOutputStream:75 - [STDERR_REDIRECT] [Fatal Error] :1:1: Premature end of file.
2026-09-17 21:53:39,143 [ERROR] LogOutputStream:75 - [STDERR_REDIRECT] 
2026-09-17 21:53:40,156 [ERROR] LogOutputStream:75 - [STDERR_REDIRECT] [Fatal Error] :1:1: Premature end of file.
2026-09-17 21:53:40,156 [ERROR] LogOutputStream:75 - [STDERR_REDIRECT] 
2026-09-17 21:53:41,165 [ERROR] LogOutputStream:75 - [STDERR_REDIRECT] [Fatal Error] :1:1: Premature end of file.
2026-09-17 21:53:41,165 [ERROR] LogOutputStream:75 - [STDERR_REDIRECT] 
2026-09-17 21:53:42,153 [ERROR] LogOutputStream:75 - [STDERR_REDIRECT] [Fatal Error] :1:1: Premature end of file.
2026-09-17 21:53:42,153 [ERROR] LogOutputStream:75 - [STDERR_REDIRECT] 
2026-09-17 21:53:43,145 [ERROR] LogOutputStream:75 - [STDERR_REDIRECT] [Fatal Error] :1:1: Premature end of file.
2026-09-17 21:53:43,145 [ERROR] LogOutputStream:75 - [STDERR_REDIRECT] 
2026-09-17 21:53:44,163 [ERROR] LogOutputStream:75 - [STDERR_REDIRECT] [Fatal Error] :1:1: Premature end of file.
2026-09-17 21:53:44,163 [ERROR] LogOutputStream:75 - [STDERR_REDIRECT] 
2026-09-17 21:53:45,161 [ERROR] LogOutputStream:75 - [STDERR_REDIRECT] [Fatal Error] :1:1: Premature end of file.
2026-09-17 21:53:45,161 [ERROR] LogOutputStream:75 - [STDERR_REDIRECT] 
2026-09-17 21:53:46,166 [ERROR] LogOutputStream:75 - [STDERR_REDIRECT] [Fatal Error] :1:1: Premature end of file.
2026-09-17 21:53:46,166 [ERROR] LogOutputStream:75 - [STDERR_REDIRECT] 
2026-09-17 21:53:47,161 [ERROR] LogOutputStream:75 - [STDERR_REDIRECT] [Fatal Error] :1:1: Premature end of file.
2026-09-17 21:53:47,161 [ERROR] LogOutputStream:75 - [STDERR_REDIRECT] 
2026-09-17 21:53:48,166 [ERROR] LogOutputStream:75 - [STDERR_REDIRECT] [Fatal Error] :1:1: Premature end of file.
2026-09-17 21:53:48,166 [ERROR] LogOutputStream:75 - [STDERR_REDIRECT] 
2026-09-17 21:53:49,176 [ERROR] LogOutputStream:75 - [STDERR_REDIRECT] [Fatal Error] :1:1: Premature end of file.
2026-09-17 21:53:49,176 [ERROR] LogOutputStream:75 - [STDERR_REDIRECT] 
2026-09-17 21:53:50,154 [ERROR] LogOutputStream:75 - [STDERR_REDIRECT] [Fatal Error] :1:1: Premature end of file.
2026-09-17 21:53:50,154 [ERROR] LogOutputStream:75 - [STDERR_REDIRECT] 
2026-09-17 21:53:51,156 [ERROR] LogOutputStream:75 - [STDERR_REDIRECT] [Fatal Error] :1:1: Premature end of file.
2026-09-17 21:53:51,156 [ERROR] LogOutputStream:75 - [STDERR_REDIRECT] 
2026-09-17 21:53:52,143 [ERROR] LogOutputStream:75 - [STDERR_REDIRECT] [Fatal Error] :1:1: Premature end of file.
2026-09-17 21:53:52,143 [ERROR] LogOutputStream:75 - [STDERR_REDIRECT] 
2026-09-17 21:53:53,156 [ERROR] LogOutputStream:75 - [STDERR_REDIRECT] [Fatal Error] :1:1: Premature end of file.
2026-09-17 21:53:53,156 [ERROR] LogOutputStream:75 - [STDERR_REDIRECT] 
2026-09-17 21:53:54,143 [ERROR] LogOutputStream:75 - [STDERR_REDIRECT] [Fatal Error] :1:1: Premature end of file.
2026-09-17 21:53:54,143 [ERROR] LogOutputStream:75 - [STDERR_REDIRECT] 
2026-09-17 21:53:55,160 [ERROR] LogOutputStream:75 - [STDERR_REDIRECT] [Fatal Error] :1:1: Premature end of file.
2026-09-17 21:53:55,162 [ERROR] LogOutputStream:75 - [STDERR_REDIRECT] 
2026-09-17 21:53:56,162 [ERROR] LogOutputStream:75 - [STDERR_REDIRECT] [Fatal Error] :1:1: Premature end of file.
2026-09-17 21:53:56,162 [ERROR] LogOutputStream:75 - [STDERR_REDIRECT] 
2026-09-17 21:53:57,166 [ERROR] LogOutputStream:75 - [STDERR_REDIRECT] [Fatal Error] :1:1: Premature end of file.
2026-09-17 21:53:57,166 [ERROR] LogOutputStream:75 - [STDERR_REDIRECT] 
2026-09-17 21:53:58,169 [ERROR] LogOutputStream:75 - [STDERR_REDIRECT] [Fatal Error] :1:1: Premature end of file.
2026-09-17 21:53:58,169 [ERROR] LogOutputStream:75 - [STDERR_REDIRECT] 
2026-09-17 21:53:59,153 [ERROR] LogOutputStream:75 - [STDERR_REDIRECT] [Fatal Error] :1:1: Premature end of file.
2026-09-17 21:53:59,153 [ERROR] LogOutputStream:75 - [STDERR_REDIRECT] 
2026-09-17 21:54:00,151 [ERROR] LogOutputStream:75 - [STDERR_REDIRECT] [Fatal Error] :1:1: Premature end of file.
2026-09-17 21:54:00,151 [ERROR] LogOutputStream:75 - [STDERR_REDIRECT] 
2026-09-17 21:54:01,142 [ERROR] LogOutputStream:75 - [STDERR_REDIRECT] [Fatal Error] :1:1: Premature end of file.
2026-09-17 21:54:01,142 [ERROR] LogOutputStream:75 - [STDERR_REDIRECT] 
2026-09-17 21:54:02,141 [ERROR] LogOutputStream:75 - [STDERR_REDIRECT] [Fatal Error] :1:1: Premature end of file.
2026-09-17 21:54:02,141 [ERROR] LogOutputStream:75 - [STDERR_REDIRECT] 
2026-09-17 21:54:03,146 [ERROR] LogOutputStream:75 - [STDERR_REDIRECT] [Fatal Error] :1:1: Premature end of file.
2026-09-17 21:54:03,146 [ERROR] LogOutputStream:75 - [STDERR_REDIRECT] 
2026-09-17 21:54:04,153 [ERROR] LogOutputStream:75 - [STDERR_REDIRECT] [Fatal Error] :1:1: Premature end of file.
2026-09-17 21:54:04,153 [ERROR] LogOutputStream:75 - [STDERR_REDIRECT] 
2026-09-17 21:54:05,140 [ERROR] LogOutputStream:75 - [STDERR_REDIRECT] [Fatal Error] :1:1: Premature end of file.
2026-09-17 21:54:05,140 [ERROR] LogOutputStream:75 - [STDERR_REDIRECT] 
2026-09-17 21:54:06,157 [ERROR] LogOutputStream:75 - [STDERR_REDIRECT] [Fatal Error] :1:1: Premature end of file.
2026-09-17 21:54:06,157 [ERROR] LogOutputStream:75 - [STDERR_REDIRECT] 
2026-09-17 21:54:07,148 [ERROR] LogOutputStream:75 - [STDERR_REDIRECT] [Fatal Error] :1:1: Premature end of file.
2026-09-17 21:54:07,150 [ERROR] LogOutputStream:75 - [STDERR_REDIRECT] 
2026-09-17 21:54:08,150 [ERROR] LogOutputStream:75 - [STDERR_REDIRECT] [Fatal Error] :1:1: Premature end of file.
2026-09-17 21:54:08,150 [ERROR] LogOutputStream:75 - [STDERR_REDIRECT] 
2026-09-17 21:54:09,150 [ERROR] LogOutputStream:75 - [STDERR_REDIRECT] [Fatal Error] :1:1: Premature end of file.
2026-09-17 21:54:09,150 [ERROR] LogOutputStream:75 - [STDERR_REDIRECT] 
2026-09-17 21:54:10,144 [ERROR] LogOutputStream:75 - [STDERR_REDIRECT] [Fatal Error] :1:1: Premature end of file.
2026-09-17 21:54:10,144 [ERROR] LogOutputStream:75 - [STDERR_REDIRECT] 
2026-09-17 21:54:11,151 [ERROR] LogOutputStream:75 - [STDERR_REDIRECT] [Fatal Error] :1:1: Premature end of file.
2026-09-17 21:54:11,151 [ERROR] LogOutputStream:75 - [STDERR_REDIRECT] 
2026-09-17 21:54:12,147 [ERROR] LogOutputStream:75 - [STDERR_REDIRECT] [Fatal Error] :1:1: Premature end of file.
2026-09-17 21:54:12,147 [ERROR] LogOutputStream:75 - [STDERR_REDIRECT] 
2026-09-17 21:54:13,152 [ERROR] LogOutputStream:75 - [STDERR_REDIRECT] [Fatal Error] :1:1: Premature end of file.
2026-09-17 21:54:13,152 [ERROR] LogOutputStream:75 - [STDERR_REDIRECT] 
2026-09-17 21:54:14,154 [ERROR] LogOutputStream:75 - [STDERR_REDIRECT] [Fatal Error] :1:1: Premature end of file.
2026-09-17 21:54:14,154 [ERROR] LogOutputStream:75 - [STDERR_REDIRECT] 
2026-09-17 21:54:15,145 [ERROR] LogOutputStream:75 - [STDERR_REDIRECT] [Fatal Error] :1:1: Premature end of file.
2026-09-17 21:54:15,145 [ERROR] LogOutputStream:75 - [STDERR_REDIRECT] 
2026-09-17 21:54:16,150 [ERROR] LogOutputStream:75 - [STDERR_REDIRECT] [Fatal Error] :1:1: Premature end of file.
2026-09-17 21:54:16,150 [ERROR] LogOutputStream:75 - [STDERR_REDIRECT] 
2026-09-17 21:54:16,420 [ERROR] LogOutputStream:75 - [STDERR_REDIRECT] 
