2026-09-20 21:29:40,166 [INFO] Activator:176 - 


2026-09-20 21:29:40,186 [INFO] Activator:177 - !SESSION log4j initialized
2026-09-20 21:29:53,075 [INFO] LogOutputStream:77 - [STDOUT_REDIRECT] 
2026-09-20 21:29:58,722 [INFO] ApplicationProperties:184 - Using Application install path: C:\ST\STM32CubeIDE_1.19.0\STM32CubeIDE\plugins\com.st.stm32cube.common.mx_6.15.0.202507011659
2026-09-20 21:29:58,760 [INFO] DbMcusXml:78 - Set database path to: C:\ST\STM32CubeIDE_1.19.0\STM32CubeIDE\plugins\com.st.stm32cube.common.mx_6.15.0.202507011659\\db\/mcu/
2026-09-20 21:29:58,760 [INFO] ApiDb:274 - Set plugin database path to: C:\ST\STM32CubeIDE_1.19.0\STM32CubeIDE\plugins\com.st.stm32cube.common.mx_6.15.0.202507011659\\db\/plugins/boardmanager/
2026-09-20 21:29:58,763 [WARN] ApiDb:259 - Overriding images path with different value:  => C:\ST\STM32CubeIDE_1.19.0\STM32CubeIDE\plugins\com.st.stm32cube.common.mx_6.15.0.202507011659\\db\/plugins/mcufinder/images/
2026-09-20 21:29:58,782 [INFO] ApiDb:250 - Set database path to: C:\Users\alang\.stmcufinder\plugins\mcufinder//mcu/
2026-09-20 21:29:58,782 [INFO] DbMcusAds:125 - Set database path to: C:\Users\alang\.stmcufinder\plugins\mcufinder//mcu/
2026-09-20 21:29:58,799 [INFO] CrossReferenceDbSqlite:203 - Set database path to: C:\Users\alang\.stmcufinder\plugins\mcufinder//mcu/cs/
2026-09-20 21:29:58,973 [INFO] RulesReader:64 - Compatibility file has been processed (317 Rules)
2026-09-20 21:29:59,133 [INFO] DbMcusXml:78 - Set database path to: C:\ST\STM32CubeIDE_1.19.0\STM32CubeIDE\plugins\com.st.stm32cube.common.mx_6.15.0.202507011659\\db\/mcu/
2026-09-20 21:29:59,133 [INFO] ApiDb:274 - Set plugin database path to: C:\ST\STM32CubeIDE_1.19.0\STM32CubeIDE\plugins\com.st.stm32cube.common.mx_6.15.0.202507011659\\db\/plugins/boardmanager/
2026-09-20 21:29:59,133 [INFO] ApiDb:261 - Set plugin images path to: C:\ST\STM32CubeIDE_1.19.0\STM32CubeIDE\plugins\com.st.stm32cube.common.mx_6.15.0.202507011659\\db\/plugins/mcufinder/images/
2026-09-20 21:29:59,133 [WARN] DbFile:41 - Overriding database path with different value: C:\Users\alang\.stmcufinder\plugins\mcufinder/ => C:\Users\alang\.stmcufinder\plugins\mcufinder
2026-09-20 21:29:59,133 [INFO] ApiDb:250 - Set database path to: C:\Users\alang\.stmcufinder\plugins\mcufinder//mcu/
2026-09-20 21:29:59,133 [WARN] DbFile:41 - Overriding database path with different value: C:\Users\alang\.stmcufinder\plugins\mcufinder/ => C:\Users\alang\.stmcufinder\plugins\mcufinder
2026-09-20 21:29:59,133 [INFO] DbMcusAds:125 - Set database path to: C:\Users\alang\.stmcufinder\plugins\mcufinder//mcu/
2026-09-20 21:29:59,133 [WARN] DbFile:41 - Overriding database path with different value: C:\Users\alang\.stmcufinder\plugins\mcufinder/ => C:\Users\alang\.stmcufinder\plugins\mcufinder
2026-09-20 21:29:59,133 [WARN] DbFile:41 - Overriding database path with different value: C:\Users\alang\.stmcufinder\plugins\mcufinder/ => C:\Users\alang\.stmcufinder\plugins\mcufinder
2026-09-20 21:29:59,133 [INFO] CrossReferenceDbSqlite:203 - Set database path to: C:\Users\alang\.stmcufinder\plugins\mcufinder//mcu/cs/
2026-09-20 21:29:59,599 [INFO] MainPanel:274 - HeapMemory: 268435456
2026-09-20 21:30:02,743 [INFO] DbMcusXml:78 - Set database path to: C:\ST\STM32CubeIDE_1.19.0\STM32CubeIDE\plugins\com.st.stm32cube.common.mx_6.15.0.202507011659\\db\/mcu/
2026-09-20 21:30:02,743 [INFO] ApiDb:274 - Set plugin database path to: C:\ST\STM32CubeIDE_1.19.0\STM32CubeIDE\plugins\com.st.stm32cube.common.mx_6.15.0.202507011659\\db\/plugins/boardmanager/
2026-09-20 21:30:02,743 [INFO] ApiDb:261 - Set plugin images path to: C:\ST\STM32CubeIDE_1.19.0\STM32CubeIDE\plugins\com.st.stm32cube.common.mx_6.15.0.202507011659\\db\/plugins/mcufinder/images/
2026-09-20 21:30:02,743 [WARN] DbFile:41 - Overriding database path with different value: C:\Users\alang\.stmcufinder\plugins\mcufinder/ => C:\Users\alang\.stmcufinder\plugins\mcufinder
2026-09-20 21:30:02,743 [INFO] ApiDb:250 - Set database path to: C:\Users\alang\.stmcufinder\plugins\mcufinder//mcu/
2026-09-20 21:30:02,743 [WARN] DbFile:41 - Overriding database path with different value: C:\Users\alang\.stmcufinder\plugins\mcufinder/ => C:\Users\alang\.stmcufinder\plugins\mcufinder
2026-09-20 21:30:02,743 [INFO] DbMcusAds:125 - Set database path to: C:\Users\alang\.stmcufinder\plugins\mcufinder//mcu/
2026-09-20 21:30:02,743 [WARN] DbFile:41 - Overriding database path with different value: C:\Users\alang\.stmcufinder\plugins\mcufinder/ => C:\Users\alang\.stmcufinder\plugins\mcufinder
2026-09-20 21:30:02,743 [WARN] DbFile:41 - Overriding database path with different value: C:\Users\alang\.stmcufinder\plugins\mcufinder/ => C:\Users\alang\.stmcufinder\plugins\mcufinder
2026-09-20 21:30:02,743 [INFO] CrossReferenceDbSqlite:203 - Set database path to: C:\Users\alang\.stmcufinder\plugins\mcufinder//mcu/cs/
2026-09-20 21:30:02,993 [INFO] ApplicationProperties:184 - Using Application install path: C:\ST\STM32CubeIDE_1.19.0\STM32CubeIDE\plugins\com.st.stm32cube.common.mx_6.15.0.202507011659
2026-09-20 21:30:02,993 [INFO] PluginManage:196 - Search for loadable plugins [exclusion list=, ]
2026-09-20 21:30:03,020 [INFO] PluginManage:310 - Check plugin analytics
2026-09-20 21:30:04,382 [INFO] AnalyticsPlugin:253 - Accepted Software Licenses: 
2026-09-20 21:30:04,382 [INFO] AnalyticsPlugin:255 - Accepted CMSIS Pack Licenses: 
2026-09-20 21:30:04,382 [INFO] AnalyticsPlugin:257 - Accepted Firmware Licenses: FW.F4.1.28.0
2026-09-20 21:30:04,382 [INFO] PluginManage:359 - Loaded plugin analytics (category:tool,tabindex:-1)
2026-09-20 21:30:04,382 [INFO] PluginManage:310 - Check plugin cadmodel
2026-09-20 21:30:04,611 [INFO] CADModel:105 - Init CAD model plugin
2026-09-20 21:30:04,613 [INFO] PluginManage:359 - Loaded plugin cadmodel (category:power,tabindex:5)
2026-09-20 21:30:04,613 [INFO] PluginManage:310 - Check plugin clock
2026-09-20 21:30:04,741 [INFO] PluginManage:359 - Loaded plugin clock (category:base,tabindex:2)
2026-09-20 21:30:04,743 [INFO] PluginManage:310 - Check plugin ddr
2026-09-20 21:30:04,803 [INFO] PluginManage:359 - Loaded plugin ddr (category:tool,tabindex:6)
2026-09-20 21:30:04,803 [INFO] PluginManage:310 - Check plugin filemanager
2026-09-20 21:30:05,533 [INFO] PluginManage:359 - Loaded plugin filemanager (category:base,tabindex:10)
2026-09-20 21:30:05,533 [INFO] PluginManage:310 - Check plugin ipmanager
2026-09-20 21:30:05,552 [INFO] PluginManage:359 - Loaded plugin ipmanager (category:base,tabindex:5)
2026-09-20 21:30:05,552 [INFO] PluginManage:310 - Check plugin lpbam
2026-09-20 21:30:05,557 [INFO] PluginManage:359 - Loaded plugin lpbam (category:base,tabindex:0)
2026-09-20 21:30:05,561 [INFO] PluginManage:310 - Check plugin memorymap
2026-09-20 21:30:05,602 [INFO] PluginManage:359 - Loaded plugin memorymap (category:base,tabindex:4)
2026-09-20 21:30:05,602 [INFO] PluginManage:310 - Check plugin pinoutandconfiguration
2026-09-20 21:30:05,613 [INFO] PluginManage:359 - Loaded plugin pinoutandconfiguration (category:base,tabindex:1)
2026-09-20 21:30:05,615 [INFO] PluginManage:310 - Check plugin pinoutconfig
2026-09-20 21:30:05,722 [WARN] SupportedApi:132 - Cannot load RTOS API schema: s4s-elt-must-match.1: The content of 'definitions' must match (annotation?, (simpleType | complexType)?, (unique | key | keyref)*)). A problem was found starting at: attribute.
2026-09-20 21:30:05,903 [INFO] PluginManage:359 - Loaded plugin pinoutconfig (category:base,tabindex:0)
2026-09-20 21:30:05,904 [INFO] PluginManage:310 - Check plugin power
2026-09-20 21:30:05,923 [INFO] PluginManage:359 - Loaded plugin power (category:power,tabindex:4)
2026-09-20 21:30:05,923 [INFO] PluginManage:310 - Check plugin projectmanager
2026-09-20 21:30:05,947 [INFO] PluginManage:359 - Loaded plugin projectmanager (category:projectmanager,tabindex:4)
2026-09-20 21:30:05,947 [INFO] PluginManage:310 - Check plugin rif
2026-09-20 21:30:05,963 [INFO] PluginManage:359 - Loaded plugin rif (category:base,tabindex:3)
2026-09-20 21:30:05,963 [INFO] PluginManage:310 - Check plugin thirdparty
2026-09-20 21:30:06,142 [INFO] PluginManage:359 - Loaded plugin thirdparty (category:base,tabindex:-1)
2026-09-20 21:30:06,142 [WARN] IntegrityCheckThread:84 - waiting for thirdparty lock release [integrity check]
2026-09-20 21:30:06,143 [INFO] PluginManage:310 - Check plugin tools
2026-09-20 21:30:06,143 [INFO] IntegrityCheckThread:86 - entering critical section [integrity check]
2026-09-20 21:30:06,143 [INFO] ThirdPartyUpdaterWithRetryManager:70 - Updater plugin not ready yet. [1/15]
2026-09-20 21:30:06,143 [INFO] PluginManage:359 - Loaded plugin tools (category:base,tabindex:7)
2026-09-20 21:30:06,143 [INFO] PluginManage:310 - Check plugin tutovideos
2026-09-20 21:30:06,499 [INFO] PluginManage:359 - Loaded plugin tutovideos (category:base,tabindex:-1)
2026-09-20 21:30:06,499 [INFO] PluginManage:310 - Check plugin updater
2026-09-20 21:30:06,522 [INFO] PluginManage:359 - Loaded plugin updater (category:base,tabindex:12)
2026-09-20 21:30:06,522 [INFO] PluginManage:310 - Check plugin userauth
2026-09-20 21:30:06,533 [INFO] UserAuth:118 - Init User Auth plugin
2026-09-20 21:30:06,536 [INFO] PluginManage:359 - Loaded plugin userauth (category:base,tabindex:14)
2026-09-20 21:30:06,536 [INFO] PluginManage:283 - PluginManage : Loaded plugins [18]
2026-09-20 21:30:06,818 [INFO] PinOutPanel:1589 - setPackage(No Configuration,No Configuration)
2026-09-20 21:30:06,911 [INFO] CADModel:165 - CPN selected for project level
2026-09-20 21:30:06,912 [INFO] CADModel:114 - Register for checkConnection events
2026-09-20 21:30:06,933 [INFO] IPUIPlugin:80 - create IPUIPlugin
2026-09-20 21:30:06,933 [INFO] PluginManager:220 - loadIPPluginJar : add adc
2026-09-20 21:30:06,933 [INFO] IPUIPlugin:80 - create IPUIPlugin
2026-09-20 21:30:06,933 [INFO] PluginManager:220 - loadIPPluginJar : add aes
2026-09-20 21:30:06,945 [INFO] IPUIPlugin:80 - create IPUIPlugin
2026-09-20 21:30:06,945 [INFO] PluginManager:220 - loadIPPluginJar : add can
2026-09-20 21:30:06,945 [INFO] IPUIPlugin:80 - create IPUIPlugin
2026-09-20 21:30:06,945 [INFO] PluginManager:220 - loadIPPluginJar : add comp
2026-09-20 21:30:06,949 [INFO] IPUIPlugin:80 - create IPUIPlugin
2026-09-20 21:30:06,949 [INFO] PluginManager:220 - loadIPPluginJar : add cryp
2026-09-20 21:30:06,953 [INFO] IPUIPlugin:80 - create IPUIPlugin
2026-09-20 21:30:06,953 [INFO] PluginManager:220 - loadIPPluginJar : add ddr_ctrl_phy
2026-09-20 21:30:06,962 [INFO] IPUIPlugin:80 - create IPUIPlugin
2026-09-20 21:30:06,962 [INFO] PluginManager:220 - loadIPPluginJar : add dfsdm
2026-09-20 21:30:06,973 [INFO] IPUIPlugin:80 - create IPUIPlugin
2026-09-20 21:30:06,973 [INFO] PluginManager:220 - loadIPPluginJar : add dma
2026-09-20 21:30:06,977 [INFO] IPUIPlugin:80 - create IPUIPlugin
2026-09-20 21:30:06,977 [INFO] PluginManager:220 - loadIPPluginJar : add dma3
2026-09-20 21:30:06,982 [INFO] IPUIPlugin:80 - create IPUIPlugin
2026-09-20 21:30:06,982 [INFO] PluginManager:220 - loadIPPluginJar : add extmemmanager
2026-09-20 21:30:06,982 [INFO] IPUIPlugin:80 - create IPUIPlugin
2026-09-20 21:30:06,982 [INFO] PluginManager:220 - loadIPPluginJar : add fatfs
2026-09-20 21:30:06,987 [INFO] IPUIPlugin:80 - create IPUIPlugin
2026-09-20 21:30:06,987 [INFO] PluginManager:220 - loadIPPluginJar : add fmc
2026-09-20 21:30:06,993 [INFO] IPUIPlugin:80 - create IPUIPlugin
2026-09-20 21:30:06,993 [INFO] PluginManager:220 - loadIPPluginJar : add freertos
2026-09-20 21:30:06,993 [INFO] IPUIPlugin:80 - create IPUIPlugin
2026-09-20 21:30:06,999 [INFO] PluginManager:220 - loadIPPluginJar : add genericplugin
2026-09-20 21:30:07,002 [INFO] IPUIPlugin:80 - create IPUIPlugin
2026-09-20 21:30:07,002 [INFO] PluginManager:220 - loadIPPluginJar : add gfxmmu
2026-09-20 21:30:07,008 [INFO] IPUIPlugin:80 - create IPUIPlugin
2026-09-20 21:30:07,008 [INFO] PluginManager:220 - loadIPPluginJar : add gic
2026-09-20 21:30:07,012 [INFO] IPUIPlugin:80 - create IPUIPlugin
2026-09-20 21:30:07,012 [INFO] PluginManager:220 - loadIPPluginJar : add gpio
2026-09-20 21:30:07,012 [INFO] IPUIPlugin:80 - create IPUIPlugin
2026-09-20 21:30:07,012 [INFO] PluginManager:220 - loadIPPluginJar : add gtzc
2026-09-20 21:30:07,021 [INFO] IPUIPlugin:80 - create IPUIPlugin
2026-09-20 21:30:07,021 [INFO] PluginManager:220 - loadIPPluginJar : add hash
2026-09-20 21:30:07,024 [INFO] IPUIPlugin:80 - create IPUIPlugin
2026-09-20 21:30:07,024 [INFO] PluginManager:220 - loadIPPluginJar : add i2c
2026-09-20 21:30:07,031 [INFO] IPUIPlugin:80 - create IPUIPlugin
2026-09-20 21:30:07,031 [INFO] PluginManager:220 - loadIPPluginJar : add i2s
2026-09-20 21:30:07,032 [INFO] IPUIPlugin:80 - create IPUIPlugin
2026-09-20 21:30:07,032 [INFO] PluginManager:220 - loadIPPluginJar : add i3c
2026-09-20 21:30:07,040 [INFO] IPUIPlugin:80 - create IPUIPlugin
2026-09-20 21:30:07,040 [INFO] PluginManager:220 - loadIPPluginJar : add ipddr
2026-09-20 21:30:07,049 [INFO] IPUIPlugin:80 - create IPUIPlugin
2026-09-20 21:30:07,052 [INFO] PluginManager:220 - loadIPPluginJar : add linkedlist
2026-09-20 21:30:07,052 [INFO] IPUIPlugin:80 - create IPUIPlugin
2026-09-20 21:30:07,052 [INFO] PluginManager:220 - loadIPPluginJar : add lorawan
2026-09-20 21:30:07,056 [INFO] IPUIPlugin:80 - create IPUIPlugin
2026-09-20 21:30:07,056 [INFO] PluginManager:220 - loadIPPluginJar : add ltdc
2026-09-20 21:30:07,067 [INFO] IPUIPlugin:80 - create IPUIPlugin
2026-09-20 21:30:07,067 [INFO] PluginManager:220 - loadIPPluginJar : add mdma
2026-09-20 21:30:07,072 [INFO] IPUIPlugin:80 - create IPUIPlugin
2026-09-20 21:30:07,072 [INFO] PluginManager:220 - loadIPPluginJar : add nvic
2026-09-20 21:30:07,076 [INFO] IPUIPlugin:80 - create IPUIPlugin
2026-09-20 21:30:07,076 [INFO] PluginManager:220 - loadIPPluginJar : add opamp
2026-09-20 21:30:07,083 [INFO] IPUIPlugin:80 - create IPUIPlugin
2026-09-20 21:30:07,083 [INFO] PluginManager:220 - loadIPPluginJar : add openamp
2026-09-20 21:30:07,092 [INFO] IPUIPlugin:80 - create IPUIPlugin
2026-09-20 21:30:07,092 [INFO] PluginManager:220 - loadIPPluginJar : add pdm2pcm
2026-09-20 21:30:07,092 [INFO] IPUIPlugin:80 - create IPUIPlugin
2026-09-20 21:30:07,092 [INFO] PluginManager:220 - loadIPPluginJar : add plateformsettings
2026-09-20 21:30:07,099 [INFO] IPUIPlugin:80 - create IPUIPlugin
2026-09-20 21:30:07,099 [INFO] PluginManager:220 - loadIPPluginJar : add quadspi
2026-09-20 21:30:07,104 [INFO] IPUIPlugin:80 - create IPUIPlugin
2026-09-20 21:30:07,104 [INFO] PluginManager:220 - loadIPPluginJar : add radio
2026-09-20 21:30:07,112 [INFO] IPUIPlugin:80 - create IPUIPlugin
2026-09-20 21:30:07,112 [INFO] PluginManager:220 - loadIPPluginJar : add resmgrutility
2026-09-20 21:30:07,116 [INFO] IPUIPlugin:80 - create IPUIPlugin
2026-09-20 21:30:07,116 [INFO] PluginManager:220 - loadIPPluginJar : add sai
2026-09-20 21:30:07,123 [INFO] IPUIPlugin:80 - create IPUIPlugin
2026-09-20 21:30:07,123 [INFO] PluginManager:220 - loadIPPluginJar : add spi
2026-09-20 21:30:07,123 [INFO] IPUIPlugin:80 - create IPUIPlugin
2026-09-20 21:30:07,123 [INFO] PluginManager:220 - loadIPPluginJar : add stm32_wpan
2026-09-20 21:30:07,132 [INFO] IPUIPlugin:80 - create IPUIPlugin
2026-09-20 21:30:07,132 [INFO] PluginManager:220 - loadIPPluginJar : add tim
2026-09-20 21:30:07,137 [INFO] IPUIPlugin:80 - create IPUIPlugin
2026-09-20 21:30:07,137 [INFO] PluginManager:220 - loadIPPluginJar : add touchsensing
2026-09-20 21:30:07,142 [INFO] IPUIPlugin:80 - create IPUIPlugin
2026-09-20 21:30:07,142 [INFO] PluginManager:220 - loadIPPluginJar : add tracer_emb
2026-09-20 21:30:07,143 [INFO] IPUIPlugin:80 - create IPUIPlugin
2026-09-20 21:30:07,143 [INFO] PluginManager:220 - loadIPPluginJar : add ts
2026-09-20 21:30:07,143 [INFO] IPUIPlugin:80 - create IPUIPlugin
2026-09-20 21:30:07,143 [INFO] PluginManager:220 - loadIPPluginJar : add tsc
2026-09-20 21:30:07,152 [INFO] IPUIPlugin:80 - create IPUIPlugin
2026-09-20 21:30:07,152 [INFO] PluginManager:220 - loadIPPluginJar : add ucpd
2026-09-20 21:30:07,152 [INFO] IPUIPlugin:80 - create IPUIPlugin
2026-09-20 21:30:07,152 [INFO] PluginManager:220 - loadIPPluginJar : add usart
2026-09-20 21:30:07,162 [INFO] IPUIPlugin:80 - create IPUIPlugin
2026-09-20 21:30:07,162 [INFO] PluginManager:220 - loadIPPluginJar : add usbx
2026-09-20 21:30:07,276 [FATAL] Updater:351 - Updater called before beeing initialized
2026-09-20 21:30:07,322 [INFO] RulesReader:64 - Compatibility file has been processed (317 Rules)
2026-09-20 21:30:07,323 [INFO] RulesReader:64 - Compatibility file has been processed (317 Rules)
2026-09-20 21:30:07,332 [INFO] CADModel:165 - CPN selected for project level
2026-09-20 21:30:07,332 [INFO] CADModel:114 - Register for checkConnection events
2026-09-20 21:30:07,332 [FATAL] Updater:351 - Updater called before beeing initialized
2026-09-20 21:30:07,332 [ERROR] CADModel:125 - Updater not yet initialized, retry later 
2026-09-20 21:30:07,523 [FATAL] Updater:351 - Updater called before beeing initialized
2026-09-20 21:30:07,526 [INFO] CADModel:165 - CPN selected for project level
2026-09-20 21:30:07,526 [INFO] CADModel:114 - Register for checkConnection events
2026-09-20 21:30:07,526 [FATAL] Updater:351 - Updater called before beeing initialized
2026-09-20 21:30:07,526 [ERROR] CADModel:125 - Updater not yet initialized, retry later 
2026-09-20 21:30:07,526 [FATAL] Updater:351 - Updater called before beeing initialized
2026-09-20 21:30:07,622 [FATAL] Updater:351 - Updater called before beeing initialized
2026-09-20 21:30:07,623 [INFO] DbMcusAds:53 - JSON generation date=Wed Jul 15 06:44:54 ART 2026 (1784108694001)
2026-09-20 21:30:07,623 [FATAL] Updater:351 - Updater called before beeing initialized
2026-09-20 21:30:07,692 [WARN] DetailPanel:346 - Failed to get advertising image, set to default
2026-09-20 21:30:07,753 [FATAL] Updater:351 - Updater called before beeing initialized
2026-09-20 21:30:07,753 [FATAL] Updater:351 - Updater called before beeing initialized
2026-09-20 21:30:07,753 [FATAL] Updater:351 - Updater called before beeing initialized
2026-09-20 21:30:07,753 [WARN] DetailPanel:346 - Failed to get advertising image, set to default
2026-09-20 21:30:07,753 [FATAL] Updater:351 - Updater called before beeing initialized
2026-09-20 21:30:07,793 [ERROR] Updater:1198 - MainUpdater not yet initialized. External WinMGr cannot be set.
2026-09-20 21:30:07,793 [INFO] Updater:1134 - Updater Version found : 6.15.0
2026-09-20 21:30:07,822 [INFO] ApplicationProperties:184 - Using Application install path: C:\ST\STM32CubeIDE_1.19.0\STM32CubeIDE\plugins\com.st.stm32cube.common.mx_6.15.0.202507011659
2026-09-20 21:30:09,152 [INFO] ThirdPartyUpdaterWithRetryManager:70 - Updater plugin not ready yet. [2/15]
2026-09-20 21:30:09,450 [ERROR] LogOutputStream:75 - [STDERR_REDIRECT] Sep 20, 2026 9:30:09 PM java.util.prefs.WindowsPreferences <init>
2026-09-20 21:30:09,452 [ERROR] LogOutputStream:75 - [STDERR_REDIRECT] WARNING: Could not open/create prefs root node Software\JavaSoft\Prefs at root 0xffffffff80000002. Windows RegCreateKeyEx(...) returned error code 5.
2026-09-20 21:30:09,452 [ERROR] LogOutputStream:75 - [STDERR_REDIRECT] 
2026-09-20 21:30:09,883 [INFO] MainUpdater:2872 - connection check result : 10
2026-09-20 21:30:09,883 [INFO] MainUpdater:289 - Updater Check For Update Now.
2026-09-20 21:30:09,883 [INFO] MicroXplorer:498 - Change Database Version : DB.6.0.150
2026-09-20 21:30:09,890 [INFO] McuFinderGlobals:63 - Set McuFinder mode to 2 (CubeIDE integrated)
2026-09-20 21:30:09,892 [INFO] UserAuth:487 - Internet connection configuration mode: 1
2026-09-20 21:30:09,939 [INFO] JxBrowserEngine:152 - Initiate JxBrowser Engine with user profile folder
2026-09-20 21:30:10,084 [INFO] CheckServerUpdateThread:120 - End of CheckServer Thread
2026-09-20 21:30:12,677 [WARN] PackLoader:240 - Cannot read IP mode file for STMicroelectronics.X-CUBE-AZRTOS-H7.3.5.0
2026-09-20 21:30:12,695 [WARN] PackLoader:240 - Cannot read IP mode file for STMicroelectronics.FP-ATR-ASTRA1.2.0.3
2026-09-20 21:30:12,705 [ERROR] Engine:466 - C:\Users\alang\.stm32cubemx\thirdparties\pdsc\STMicroelectronics.X-CUBE-SMBUS.2.1.1.pdsc: PDSC version is not supported
2026-09-20 21:30:12,723 [WARN] PackLoader:240 - Cannot read IP mode file for STMicroelectronics.X-CUBE-AZRTOS-F7.1.1.0
2026-09-20 21:30:12,735 [WARN] PackLoader:240 - Cannot read IP mode file for STMicroelectronics.X-CUBE-FREERTOS.1.6.0
2026-09-20 21:30:12,743 [WARN] PackLoader:240 - Cannot read IP mode file for STMicroelectronics.FP-SNS-MOTENV1.5.1.0
2026-09-20 21:30:12,773 [WARN] PackLoader:240 - Cannot read IP mode file for STMicroelectronics.X-CUBE-AZRTOS-H7RS.1.3.0
2026-09-20 21:30:12,787 [WARN] PackLoader:240 - Cannot read IP mode file for WES.I-CUBE-Cesium.1.4.0
2026-09-20 21:30:12,796 [WARN] PackLoader:240 - Cannot read IP mode file for STMicroelectronics.X-CUBE-DISPLAY.3.0.0
2026-09-20 21:30:12,813 [WARN] PackLoader:240 - Cannot read IP mode file for STMicroelectronics.X-CUBE-GNSS1.7.1.1
2026-09-20 21:30:12,817 [WARN] PackLoader:240 - Cannot read IP mode file for STMicroelectronics.FP-SNS-MOTENVWB1.1.5.0
2026-09-20 21:30:12,822 [WARN] PackLoader:240 - Cannot read IP mode file for STMicroelectronics.X-CUBE-NFC10.1.0.0
2026-09-20 21:30:12,828 [WARN] PackLoader:240 - Cannot read IP mode file for STMicroelectronics.X-CUBE-ST60.1.1.0
2026-09-20 21:30:12,833 [WARN] PackLoader:240 - Cannot read IP mode file for emotas.I-CUBE-CANOPEN.1.3.0
2026-09-20 21:30:12,841 [WARN] PackLoader:240 - Cannot read IP mode file for wolfSSL.I-CUBE-wolfSSL.5.9.2
2026-09-20 21:30:12,843 [ERROR] Engine:466 - C:\Users\alang\.stm32cubemx\thirdparties\pdsc\STMicroelectronics.X-CUBE-WBA.1.1.0.pdsc: PDSC version is not supported
2026-09-20 21:30:12,853 [WARN] PackLoader:240 - Cannot read IP mode file for STMicroelectronics.FP-SNS-STBOX1.2.1.0
2026-09-20 21:30:12,853 [WARN] PackLoader:240 - Cannot read IP mode file for STMicroelectronics.FP-SNS-SMARTAG2.1.2.0
2026-09-20 21:30:12,862 [INFO] WebApp:169 - Instantiating new browser for Auth
2026-09-20 21:30:12,865 [WARN] PackLoader:240 - Cannot read IP mode file for STMicroelectronics.FP-SNS-FLIGHT1.5.1.0
2026-09-20 21:30:12,878 [INFO] LogOutputStream:77 - [STDOUT_REDIRECT] 1 : Invalid condition id : UX_CORESTACK_Condition cause : null
2026-09-20 21:30:12,878 [INFO] LogOutputStream:77 - [STDOUT_REDIRECT] 1 : Invalid condition id : UX_CORESTACK_Condition cause : null
2026-09-20 21:30:12,879 [INFO] LogOutputStream:77 - [STDOUT_REDIRECT] 1 : Invalid condition id : UX_CORESTACK_Condition cause : null
2026-09-20 21:30:12,881 [INFO] LogOutputStream:77 - [STDOUT_REDIRECT] 1 : Invalid condition id : UX_CORESTACK_Condition cause : null
2026-09-20 21:30:12,882 [INFO] LogOutputStream:77 - [STDOUT_REDIRECT] 1 : Invalid condition id : UX_CORESTACK_Condition cause : null
2026-09-20 21:30:12,886 [WARN] PackLoader:240 - Cannot read IP mode file for STMicroelectronics.X-CUBE-AZRTOS-WL.2.0.0
2026-09-20 21:30:12,893 [WARN] PackLoader:240 - Cannot read IP mode file for STMicroelectronics.X-CUBE-BLE2.3.3.0
2026-09-20 21:30:12,968 [WARN] PackLoader:240 - Cannot read IP mode file for Infineon.AIROC-Wi-Fi-Bluetooth-STM32.1.8.0
2026-09-20 21:30:12,993 [WARN] PackLoader:240 - Cannot read IP mode file for STMicroelectronics.X-CUBE-NFC9.1.0.0
2026-09-20 21:30:13,001 [WARN] PackLoader:240 - Cannot read IP mode file for STMicroelectronics.X-CUBE-BLE1.7.1.0
2026-09-20 21:30:13,008 [WARN] PackLoader:240 - Cannot read IP mode file for wolfSSL.I-CUBE-wolfMQTT.1.19.2
2026-09-20 21:30:13,015 [WARN] PackLoader:240 - Cannot read IP mode file for STMicroelectronics.X-CUBE-EEPRMA1.5.2.0
2026-09-20 21:30:13,024 [WARN] PackLoader:240 - Cannot read IP mode file for STMicroelectronics.FP-SNS-STAIOTCFT.1.1.0
2026-09-20 21:30:13,065 [WARN] PackLoader:240 - Cannot read IP mode file for STMicroelectronics.X-CUBE-AZRTOS-G0.1.1.0
2026-09-20 21:30:13,078 [WARN] PackLoader:240 - Cannot read IP mode file for STMicroelectronics.X-CUBE-NFC4.3.0.0
2026-09-20 21:30:13,099 [WARN] PackLoader:240 - Cannot read IP mode file for EmbeddedOffice.I-CUBE-FS-RTOS.1.0.1
2026-09-20 21:30:13,104 [WARN] PackLoader:240 - Cannot read IP mode file for wolfSSL.I-CUBE-wolfTPM.3.8.0
2026-09-20 21:30:13,114 [WARN] PackLoader:240 - Cannot read IP mode file for STMicroelectronics.X-CUBE-TCPP.4.2.0
2026-09-20 21:30:13,126 [WARN] PackLoader:240 - Cannot read IP mode file for RealThread.X-CUBE-RT-Thread_Nano.4.1.1
2026-09-20 21:30:13,135 [WARN] PackLoader:240 - Cannot read IP mode file for STMicroelectronics.FP-ATR-SIGFOX1.3.2.0
2026-09-20 21:30:13,146 [WARN] PackLoader:240 - Cannot read IP mode file for ITTIA_DB.I-CUBE-ITTIADB.8.9.0
2026-09-20 21:30:13,152 [WARN] PackLoader:240 - Cannot read IP mode file for Cesanta.I-CUBE-Mongoose.7.21.7
2026-09-20 21:30:13,161 [WARN] PackLoader:240 - Cannot read IP mode file for STMicroelectronics.X-CUBE-NFC6.3.2.0
2026-09-20 21:30:13,173 [WARN] PackLoader:240 - Cannot read IP mode file for STMicroelectronics.X-CUBE-AI.10.2.1
2026-09-20 21:30:13,206 [WARN] PackLoader:240 - Cannot read IP mode file for SEGGER.I-CUBE-embOS.1.3.1
2026-09-20 21:30:13,236 [ERROR] Engine:466 - C:\Users\alang\.stm32cubemx\thirdparties\pdsc\STMicroelectronics.FP-SNS-STAIOTCFT.2.0.0.pdsc: PDSC version is not supported
2026-09-20 21:30:13,242 [WARN] PackLoader:240 - Cannot read IP mode file for STMicroelectronics.X-CUBE-NFC13.1.0.0
2026-09-20 21:30:13,251 [WARN] PackLoader:240 - Cannot read IP mode file for STMicroelectronics.X-CUBE-PM33A1.1.0.0
2026-09-20 21:30:13,271 [WARN] PackLoader:240 - Cannot read IP mode file for STMicroelectronics.X-CUBE-AZRTOS-F4.1.1.0
2026-09-20 21:30:13,279 [WARN] PackLoader:240 - Cannot read IP mode file for STMicroelectronics.X-CUBE-ISPU.2.1.0
2026-09-20 21:30:13,293 [WARN] PackLoader:240 - Cannot read IP mode file for STMicroelectronics.X-CUBE-IPS.3.2.0
2026-09-20 21:30:13,301 [WARN] PackLoader:240 - Cannot read IP mode file for STMicroelectronics.eDS-WB_DPC_TT-BIDIR.2.1.1
2026-09-20 21:30:13,311 [WARN] PackLoader:240 - Cannot read IP mode file for STMicroelectronics.X-CUBE-NFC12.1.0.0
2026-09-20 21:30:13,327 [WARN] PackLoader:240 - Cannot read IP mode file for STMicroelectronics.X-CUBE-AZRTOS-L5.2.0.0
2026-09-20 21:30:13,339 [WARN] PackLoader:240 - Cannot read IP mode file for STMicroelectronics.X-CUBE-ALGOBUILD.1.5.0
2026-09-20 21:30:13,345 [WARN] PackLoader:240 - Cannot read IP mode file for STMicroelectronics.eDS-WB_DPC_VIENNA.1.2.0
2026-09-20 21:30:13,391 [WARN] PackLoader:240 - Cannot read IP mode file for STMicroelectronics.X-CUBE-MEMS1.13.0.0
2026-09-20 21:30:13,450 [WARN] PackLoader:240 - Cannot read IP mode file for STMicroelectronics.eDS-WB_DPC_3PH2L-BIDIR.1.1.1
2026-09-20 21:30:13,452 [ERROR] Engine:466 - C:\Users\alang\.stm32cubemx\thirdparties\pdsc\STMicroelectronics.X-CUBE-ST67W61.1.3.0.pdsc: PDSC version is not supported
2026-09-20 21:30:13,461 [WARN] PackLoader:240 - Cannot read IP mode file for STMicroelectronics.X-CUBE-TOUCHGFX.4.26.1
2026-09-20 21:30:13,468 [WARN] PackLoader:240 - Cannot read IP mode file for STMicroelectronics.X-CUBE-DPower.1.3.0
2026-09-20 21:30:13,483 [WARN] ConditionMgr:438 - getConditionDescription Invalid condition id : LAN8742 Phy interface Condition cause : null
2026-09-20 21:30:13,483 [WARN] PackLoader:240 - Cannot read IP mode file for STMicroelectronics.X-CUBE-AZRTOS-L4.2.0.0
2026-09-20 21:30:13,483 [WARN] ConditionMgr:1044 - genDependencies : Invalid condition id : LAN8742 Phy interface Condition cause : null
2026-09-20 21:30:13,483 [WARN] ConditionMgr:1044 - genDependencies : Invalid condition id : LAN8742 Phy interface Condition cause : null
2026-09-20 21:30:13,483 [WARN] ConditionMgr:1044 - genDependencies : Invalid condition id : LAN8742 Phy interface Condition cause : null
2026-09-20 21:30:13,491 [WARN] PackLoader:240 - Cannot read IP mode file for STMicroelectronics.X-CUBE-SFXS2LP1.4.0.0
2026-09-20 21:30:13,493 [WARN] PackLoader:240 - Cannot read IP mode file for STMicroelectronics.X-CUBE-WB05N.2.1.0
2026-09-20 21:30:13,503 [WARN] ConditionMgr:438 - getConditionDescription Invalid condition id : UX DEVICE CLASS RTOS Condition cause : null
2026-09-20 21:30:13,503 [WARN] ConditionMgr:438 - getConditionDescription Invalid condition id : UX DEVICE CLASS RTOS Condition cause : null
2026-09-20 21:30:13,508 [WARN] PackLoader:240 - Cannot read IP mode file for STMicroelectronics.X-CUBE-AZRTOS-WB.2.0.0
2026-09-20 21:30:13,508 [WARN] ConditionMgr:1044 - genDependencies : Invalid condition id : UX DEVICE CLASS RTOS Condition cause : null
2026-09-20 21:30:13,508 [WARN] ConditionMgr:1044 - genDependencies : Invalid condition id : UX DEVICE CLASS RTOS Condition cause : null
2026-09-20 21:30:13,508 [WARN] ConditionMgr:1044 - genDependencies : Invalid condition id : UX DEVICE CLASS RTOS Condition cause : null
2026-09-20 21:30:13,508 [WARN] ConditionMgr:1044 - genDependencies : Invalid condition id : UX DEVICE CLASS RTOS Condition cause : null
2026-09-20 21:30:13,508 [WARN] ConditionMgr:1044 - genDependencies : Invalid condition id : UX DEVICE CLASS RTOS Condition cause : null
2026-09-20 21:30:13,514 [WARN] ConditionMgr:438 - getConditionDescription Invalid condition id : Cortex-A Device cause : null
2026-09-20 21:30:13,527 [WARN] ConditionMgr:1044 - genDependencies : Invalid condition id : Cortex-A Device cause : null
2026-09-20 21:30:13,527 [WARN] ConditionMgr:1044 - genDependencies : Invalid condition id : Cortex-A Device cause : null
2026-09-20 21:30:13,527 [WARN] ConditionMgr:1044 - genDependencies : Invalid condition id : Cortex-A Device cause : null
2026-09-20 21:30:13,532 [WARN] PackLoader:240 - Cannot read IP mode file for STMicroelectronics.X-CUBE-STSE01.2.0.0
2026-09-20 21:30:13,543 [WARN] PackLoader:240 - Cannot read IP mode file for STMicroelectronics.X-CUBE-SUBG2.5.0.0
2026-09-20 21:30:13,552 [WARN] PackLoader:240 - Cannot read IP mode file for STMicroelectronics.X-CUBE-AZRTOS-G4.2.0.0
2026-09-20 21:30:13,562 [WARN] PackLoader:240 - Cannot read IP mode file for wolfSSL.I-CUBE-wolfSSH.1.4.20
2026-09-20 21:30:13,567 [WARN] PackLoader:240 - Cannot read IP mode file for STMicroelectronics.X-CUBE-NFC7.2.0.0
2026-09-20 21:30:13,572 [ERROR] Engine:466 - C:\Users\alang\.stm32cubemx\thirdparties\pdsc\STMicroelectronics.X-CUBE-BLEMGR.4.2.0.pdsc: PDSC version is not supported
2026-09-20 21:30:13,574 [WARN] PackLoader:240 - Cannot read IP mode file for STMicroelectronics.X-CUBE-ALS.1.0.2
2026-09-20 21:30:13,585 [WARN] PackLoader:240 - Cannot read IP mode file for STMicroelectronics.X-CUBE-TOF1.3.4.3
2026-09-20 21:30:13,592 [INFO] ThirdParty:978 - Integrity check success = true
2026-09-20 21:30:13,592 [INFO] IntegrityCheckThread:100 - exiting critical section [integrity check]
2026-09-20 21:30:13,592 [INFO] IntegrityCheckThread:103 - End integrity checks thread
2026-09-20 21:30:14,254 [INFO] WebApp:463 - Apply proxy settings
2026-09-20 21:30:14,254 [INFO] WebApp:548 - Chromium requires no authentication
2026-09-20 21:30:14,279 [INFO] WebApp:491 - Direct internet connection detected
2026-09-20 21:30:14,323 [INFO] WebApp:900 - Register for checkConnection events
2026-09-20 21:30:14,323 [INFO] WebApp:463 - Apply proxy settings
2026-09-20 21:30:14,323 [INFO] WebApp:548 - Chromium requires no authentication
2026-09-20 21:30:14,324 [INFO] WebApp:491 - Direct internet connection detected
2026-09-20 21:30:14,493 [INFO] WebApp:191 - Connection restablished
2026-09-20 21:30:14,684 [INFO] WebApp:225 - Starting web application
2026-09-20 21:30:14,684 [INFO] WebApp:593 - Web application path used C:\ST\STM32CubeIDE_1.19.0\STM32CubeIDE\plugins\com.st.stm32cube.common.mx_6.15.0.202507011659\db\plugins\mcufinder\reactClient1\index.html
2026-09-20 21:30:14,878 [INFO] UserAuth:487 - Internet connection configuration mode: 1
2026-09-20 21:30:14,994 [ERROR] LogOutputStream:75 - [STDERR_REDIRECT] [Fatal Error] :1:1: Premature end of file.
2026-09-20 21:30:14,995 [ERROR] LogOutputStream:75 - [STDERR_REDIRECT] 
2026-09-20 21:30:15,962 [ERROR] LogOutputStream:75 - [STDERR_REDIRECT] [Fatal Error] :1:1: Premature end of file.
2026-09-20 21:30:15,962 [ERROR] LogOutputStream:75 - [STDERR_REDIRECT] 
2026-09-20 21:30:16,957 [ERROR] LogOutputStream:75 - [STDERR_REDIRECT] [Fatal Error] :1:1: Premature end of file.
2026-09-20 21:30:16,957 [ERROR] LogOutputStream:75 - [STDERR_REDIRECT] 
2026-09-20 21:30:17,962 [ERROR] LogOutputStream:75 - [STDERR_REDIRECT] [Fatal Error] :1:1: Premature end of file.
2026-09-20 21:30:17,963 [ERROR] LogOutputStream:75 - [STDERR_REDIRECT] 
2026-09-20 21:30:18,960 [ERROR] LogOutputStream:75 - [STDERR_REDIRECT] [Fatal Error] :1:1: Premature end of file.
2026-09-20 21:30:18,960 [ERROR] LogOutputStream:75 - [STDERR_REDIRECT] 
2026-09-20 21:30:19,953 [ERROR] LogOutputStream:75 - [STDERR_REDIRECT] [Fatal Error] :1:1: Premature end of file.
2026-09-20 21:30:19,953 [ERROR] LogOutputStream:75 - [STDERR_REDIRECT] 
2026-09-20 21:30:20,958 [ERROR] LogOutputStream:75 - [STDERR_REDIRECT] [Fatal Error] :1:1: Premature end of file.
2026-09-20 21:30:20,958 [ERROR] LogOutputStream:75 - [STDERR_REDIRECT] 
2026-09-20 21:30:21,964 [ERROR] LogOutputStream:75 - [STDERR_REDIRECT] [Fatal Error] :1:1: Premature end of file.
2026-09-20 21:30:21,965 [ERROR] LogOutputStream:75 - [STDERR_REDIRECT] 
2026-09-20 21:30:22,955 [ERROR] LogOutputStream:75 - [STDERR_REDIRECT] [Fatal Error] :1:1: Premature end of file.
2026-09-20 21:30:22,955 [ERROR] LogOutputStream:75 - [STDERR_REDIRECT] 
2026-09-20 21:30:23,957 [ERROR] LogOutputStream:75 - [STDERR_REDIRECT] [Fatal Error] :1:1: Premature end of file.
2026-09-20 21:30:23,957 [ERROR] LogOutputStream:75 - [STDERR_REDIRECT] 
2026-09-20 21:30:24,964 [ERROR] LogOutputStream:75 - [STDERR_REDIRECT] [Fatal Error] :1:1: Premature end of file.
2026-09-20 21:30:24,964 [ERROR] LogOutputStream:75 - [STDERR_REDIRECT] 
2026-09-20 21:30:25,959 [ERROR] LogOutputStream:75 - [STDERR_REDIRECT] [Fatal Error] :1:1: Premature end of file.
2026-09-20 21:30:25,960 [ERROR] LogOutputStream:75 - [STDERR_REDIRECT] 
2026-09-20 21:30:26,959 [ERROR] LogOutputStream:75 - [STDERR_REDIRECT] [Fatal Error] :1:1: Premature end of file.
2026-09-20 21:30:26,959 [ERROR] LogOutputStream:75 - [STDERR_REDIRECT] 
2026-09-20 21:30:27,956 [ERROR] LogOutputStream:75 - [STDERR_REDIRECT] [Fatal Error] :1:1: Premature end of file.
2026-09-20 21:30:27,956 [ERROR] LogOutputStream:75 - [STDERR_REDIRECT] 
2026-09-20 21:30:28,959 [ERROR] LogOutputStream:75 - [STDERR_REDIRECT] [Fatal Error] :1:1: Premature end of file.
2026-09-20 21:30:28,959 [ERROR] LogOutputStream:75 - [STDERR_REDIRECT] 
2026-09-20 21:30:29,957 [ERROR] LogOutputStream:75 - [STDERR_REDIRECT] [Fatal Error] :1:1: Premature end of file.
2026-09-20 21:30:29,957 [ERROR] LogOutputStream:75 - [STDERR_REDIRECT] 
2026-09-20 21:30:30,961 [ERROR] LogOutputStream:75 - [STDERR_REDIRECT] [Fatal Error] :1:1: Premature end of file.
2026-09-20 21:30:30,961 [ERROR] LogOutputStream:75 - [STDERR_REDIRECT] 
2026-09-20 21:30:31,958 [ERROR] LogOutputStream:75 - [STDERR_REDIRECT] [Fatal Error] :1:1: Premature end of file.
2026-09-20 21:30:31,958 [ERROR] LogOutputStream:75 - [STDERR_REDIRECT] 
2026-09-20 21:30:32,957 [ERROR] LogOutputStream:75 - [STDERR_REDIRECT] [Fatal Error] :1:1: Premature end of file.
2026-09-20 21:30:32,958 [ERROR] LogOutputStream:75 - [STDERR_REDIRECT] 
2026-09-20 21:30:33,994 [ERROR] LogOutputStream:75 - [STDERR_REDIRECT] [Fatal Error] :1:1: Premature end of file.
2026-09-20 21:30:33,995 [ERROR] LogOutputStream:75 - [STDERR_REDIRECT] 
2026-09-20 21:30:34,963 [ERROR] LogOutputStream:75 - [STDERR_REDIRECT] [Fatal Error] :1:1: Premature end of file.
2026-09-20 21:30:34,963 [ERROR] LogOutputStream:75 - [STDERR_REDIRECT] 
2026-09-20 21:30:35,960 [ERROR] LogOutputStream:75 - [STDERR_REDIRECT] [Fatal Error] :1:1: Premature end of file.
2026-09-20 21:30:35,961 [ERROR] LogOutputStream:75 - [STDERR_REDIRECT] 
2026-09-20 21:30:36,957 [ERROR] LogOutputStream:75 - [STDERR_REDIRECT] [Fatal Error] :1:1: Premature end of file.
2026-09-20 21:30:36,957 [ERROR] LogOutputStream:75 - [STDERR_REDIRECT] 
2026-09-20 21:30:37,960 [ERROR] LogOutputStream:75 - [STDERR_REDIRECT] [Fatal Error] :1:1: Premature end of file.
2026-09-20 21:30:37,961 [ERROR] LogOutputStream:75 - [STDERR_REDIRECT] 
2026-09-20 21:30:38,961 [ERROR] LogOutputStream:75 - [STDERR_REDIRECT] [Fatal Error] :1:1: Premature end of file.
2026-09-20 21:30:38,961 [ERROR] LogOutputStream:75 - [STDERR_REDIRECT] 
2026-09-20 21:30:39,954 [ERROR] LogOutputStream:75 - [STDERR_REDIRECT] [Fatal Error] :1:1: Premature end of file.
2026-09-20 21:30:39,954 [ERROR] LogOutputStream:75 - [STDERR_REDIRECT] 
2026-09-20 21:30:40,955 [ERROR] LogOutputStream:75 - [STDERR_REDIRECT] [Fatal Error] :1:1: Premature end of file.
2026-09-20 21:30:40,955 [ERROR] LogOutputStream:75 - [STDERR_REDIRECT] 
2026-09-20 21:30:41,958 [ERROR] LogOutputStream:75 - [STDERR_REDIRECT] [Fatal Error] :1:1: Premature end of file.
2026-09-20 21:30:41,959 [ERROR] LogOutputStream:75 - [STDERR_REDIRECT] 
2026-09-20 21:30:42,954 [ERROR] LogOutputStream:75 - [STDERR_REDIRECT] [Fatal Error] :1:1: Premature end of file.
2026-09-20 21:30:42,954 [ERROR] LogOutputStream:75 - [STDERR_REDIRECT] 
2026-09-20 21:30:43,973 [ERROR] LogOutputStream:75 - [STDERR_REDIRECT] [Fatal Error] :1:1: Premature end of file.
2026-09-20 21:30:43,973 [ERROR] LogOutputStream:75 - [STDERR_REDIRECT] 
2026-09-20 21:30:44,959 [ERROR] LogOutputStream:75 - [STDERR_REDIRECT] [Fatal Error] :1:1: Premature end of file.
2026-09-20 21:30:44,959 [ERROR] LogOutputStream:75 - [STDERR_REDIRECT] 
2026-09-20 21:30:45,953 [ERROR] LogOutputStream:75 - [STDERR_REDIRECT] [Fatal Error] :1:1: Premature end of file.
2026-09-20 21:30:45,953 [ERROR] LogOutputStream:75 - [STDERR_REDIRECT] 
2026-09-20 21:30:46,963 [ERROR] LogOutputStream:75 - [STDERR_REDIRECT] [Fatal Error] :1:1: Premature end of file.
2026-09-20 21:30:46,963 [ERROR] LogOutputStream:75 - [STDERR_REDIRECT] 
2026-09-20 21:30:47,953 [ERROR] LogOutputStream:75 - [STDERR_REDIRECT] [Fatal Error] :1:1: Premature end of file.
2026-09-20 21:30:47,953 [ERROR] LogOutputStream:75 - [STDERR_REDIRECT] 
2026-09-20 21:30:48,973 [ERROR] LogOutputStream:75 - [STDERR_REDIRECT] [Fatal Error] :1:1: Premature end of file.
2026-09-20 21:30:48,973 [ERROR] LogOutputStream:75 - [STDERR_REDIRECT] 
2026-09-20 21:30:49,982 [ERROR] LogOutputStream:75 - [STDERR_REDIRECT] [Fatal Error] :1:1: Premature end of file.
2026-09-20 21:30:49,982 [ERROR] LogOutputStream:75 - [STDERR_REDIRECT] 
2026-09-20 21:30:50,979 [ERROR] LogOutputStream:75 - [STDERR_REDIRECT] [Fatal Error] :1:1: Premature end of file.
2026-09-20 21:30:50,979 [ERROR] LogOutputStream:75 - [STDERR_REDIRECT] 
2026-09-20 21:30:51,964 [ERROR] LogOutputStream:75 - [STDERR_REDIRECT] [Fatal Error] :1:1: Premature end of file.
2026-09-20 21:30:51,965 [ERROR] LogOutputStream:75 - [STDERR_REDIRECT] 
2026-09-20 21:30:52,959 [ERROR] LogOutputStream:75 - [STDERR_REDIRECT] [Fatal Error] :1:1: Premature end of file.
2026-09-20 21:30:52,959 [ERROR] LogOutputStream:75 - [STDERR_REDIRECT] 
2026-09-20 21:30:53,962 [ERROR] LogOutputStream:75 - [STDERR_REDIRECT] [Fatal Error] :1:1: Premature end of file.
2026-09-20 21:30:53,962 [ERROR] LogOutputStream:75 - [STDERR_REDIRECT] 
2026-09-20 21:30:54,959 [ERROR] LogOutputStream:75 - [STDERR_REDIRECT] [Fatal Error] :1:1: Premature end of file.
2026-09-20 21:30:54,959 [ERROR] LogOutputStream:75 - [STDERR_REDIRECT] 
2026-09-20 21:30:55,956 [ERROR] LogOutputStream:75 - [STDERR_REDIRECT] [Fatal Error] :1:1: Premature end of file.
2026-09-20 21:30:55,957 [ERROR] LogOutputStream:75 - [STDERR_REDIRECT] 
2026-09-20 21:30:56,963 [ERROR] LogOutputStream:75 - [STDERR_REDIRECT] [Fatal Error] :1:1: Premature end of file.
2026-09-20 21:30:56,963 [ERROR] LogOutputStream:75 - [STDERR_REDIRECT] 
2026-09-20 21:30:57,968 [ERROR] LogOutputStream:75 - [STDERR_REDIRECT] [Fatal Error] :1:1: Premature end of file.
2026-09-20 21:30:57,969 [ERROR] LogOutputStream:75 - [STDERR_REDIRECT] 
2026-09-20 21:30:58,957 [ERROR] LogOutputStream:75 - [STDERR_REDIRECT] [Fatal Error] :1:1: Premature end of file.
2026-09-20 21:30:58,957 [ERROR] LogOutputStream:75 - [STDERR_REDIRECT] 
2026-09-20 21:30:59,963 [ERROR] LogOutputStream:75 - [STDERR_REDIRECT] [Fatal Error] :1:1: Premature end of file.
2026-09-20 21:30:59,963 [ERROR] LogOutputStream:75 - [STDERR_REDIRECT] 
2026-09-20 21:31:00,962 [ERROR] LogOutputStream:75 - [STDERR_REDIRECT] [Fatal Error] :1:1: Premature end of file.
2026-09-20 21:31:00,963 [ERROR] LogOutputStream:75 - [STDERR_REDIRECT] 
2026-09-20 21:31:01,960 [ERROR] LogOutputStream:75 - [STDERR_REDIRECT] [Fatal Error] :1:1: Premature end of file.
2026-09-20 21:31:01,966 [ERROR] LogOutputStream:75 - [STDERR_REDIRECT] 
2026-09-20 21:31:02,959 [ERROR] LogOutputStream:75 - [STDERR_REDIRECT] [Fatal Error] :1:1: Premature end of file.
2026-09-20 21:31:02,959 [ERROR] LogOutputStream:75 - [STDERR_REDIRECT] 
2026-09-20 21:31:03,962 [ERROR] LogOutputStream:75 - [STDERR_REDIRECT] [Fatal Error] :1:1: Premature end of file.
2026-09-20 21:31:03,962 [ERROR] LogOutputStream:75 - [STDERR_REDIRECT] 
2026-09-20 21:31:04,966 [ERROR] LogOutputStream:75 - [STDERR_REDIRECT] [Fatal Error] :1:1: Premature end of file.
2026-09-20 21:31:04,966 [ERROR] LogOutputStream:75 - [STDERR_REDIRECT] 
2026-09-20 21:31:06,089 [ERROR] LogOutputStream:75 - [STDERR_REDIRECT] [Fatal Error] :1:1: Premature end of file.
2026-09-20 21:31:06,089 [ERROR] LogOutputStream:75 - [STDERR_REDIRECT] 
2026-09-20 21:31:06,956 [ERROR] LogOutputStream:75 - [STDERR_REDIRECT] [Fatal Error] :1:1: Premature end of file.
2026-09-20 21:31:06,956 [ERROR] LogOutputStream:75 - [STDERR_REDIRECT] 
2026-09-20 21:31:07,958 [ERROR] LogOutputStream:75 - [STDERR_REDIRECT] [Fatal Error] :1:1: Premature end of file.
2026-09-20 21:31:07,958 [ERROR] LogOutputStream:75 - [STDERR_REDIRECT] 
2026-09-20 21:31:08,960 [ERROR] LogOutputStream:75 - [STDERR_REDIRECT] [Fatal Error] :1:1: Premature end of file.
2026-09-20 21:31:08,960 [ERROR] LogOutputStream:75 - [STDERR_REDIRECT] 
2026-09-20 21:31:09,964 [ERROR] LogOutputStream:75 - [STDERR_REDIRECT] [Fatal Error] :1:1: Premature end of file.
2026-09-20 21:31:09,964 [ERROR] LogOutputStream:75 - [STDERR_REDIRECT] 
2026-09-20 21:31:10,957 [ERROR] LogOutputStream:75 - [STDERR_REDIRECT] [Fatal Error] :1:1: Premature end of file.
2026-09-20 21:31:10,958 [ERROR] LogOutputStream:75 - [STDERR_REDIRECT] 
2026-09-20 21:31:11,954 [ERROR] LogOutputStream:75 - [STDERR_REDIRECT] [Fatal Error] :1:1: Premature end of file.
2026-09-20 21:31:11,955 [ERROR] LogOutputStream:75 - [STDERR_REDIRECT] 
2026-09-20 21:31:12,963 [ERROR] LogOutputStream:75 - [STDERR_REDIRECT] [Fatal Error] :1:1: Premature end of file.
2026-09-20 21:31:12,964 [ERROR] LogOutputStream:75 - [STDERR_REDIRECT] 
2026-09-20 21:31:13,957 [ERROR] LogOutputStream:75 - [STDERR_REDIRECT] [Fatal Error] :1:1: Premature end of file.
2026-09-20 21:31:13,957 [ERROR] LogOutputStream:75 - [STDERR_REDIRECT] 
2026-09-20 21:31:14,959 [ERROR] LogOutputStream:75 - [STDERR_REDIRECT] [Fatal Error] :1:1: Premature end of file.
2026-09-20 21:31:14,959 [ERROR] LogOutputStream:75 - [STDERR_REDIRECT] 
2026-09-20 21:31:15,957 [ERROR] LogOutputStream:75 - [STDERR_REDIRECT] [Fatal Error] :1:1: Premature end of file.
2026-09-20 21:31:15,957 [ERROR] LogOutputStream:75 - [STDERR_REDIRECT] 
2026-09-20 21:31:16,967 [ERROR] LogOutputStream:75 - [STDERR_REDIRECT] [Fatal Error] :1:1: Premature end of file.
2026-09-20 21:31:16,986 [ERROR] LogOutputStream:75 - [STDERR_REDIRECT] 
2026-09-20 21:31:17,966 [ERROR] LogOutputStream:75 - [STDERR_REDIRECT] [Fatal Error] :1:1: Premature end of file.
2026-09-20 21:31:17,966 [ERROR] LogOutputStream:75 - [STDERR_REDIRECT] 
2026-09-20 21:31:18,953 [ERROR] LogOutputStream:75 - [STDERR_REDIRECT] [Fatal Error] :1:1: Premature end of file.
2026-09-20 21:31:18,954 [ERROR] LogOutputStream:75 - [STDERR_REDIRECT] 
2026-09-20 21:31:19,960 [ERROR] LogOutputStream:75 - [STDERR_REDIRECT] [Fatal Error] :1:1: Premature end of file.
2026-09-20 21:31:19,960 [ERROR] LogOutputStream:75 - [STDERR_REDIRECT] 
2026-09-20 21:31:20,957 [ERROR] LogOutputStream:75 - [STDERR_REDIRECT] [Fatal Error] :1:1: Premature end of file.
2026-09-20 21:31:20,957 [ERROR] LogOutputStream:75 - [STDERR_REDIRECT] 
2026-09-20 21:31:21,957 [ERROR] LogOutputStream:75 - [STDERR_REDIRECT] [Fatal Error] :1:1: Premature end of file.
2026-09-20 21:31:21,957 [ERROR] LogOutputStream:75 - [STDERR_REDIRECT] 
2026-09-20 21:31:22,954 [ERROR] LogOutputStream:75 - [STDERR_REDIRECT] [Fatal Error] :1:1: Premature end of file.
2026-09-20 21:31:22,956 [ERROR] LogOutputStream:75 - [STDERR_REDIRECT] 
2026-09-20 21:31:23,956 [ERROR] LogOutputStream:75 - [STDERR_REDIRECT] [Fatal Error] :1:1: Premature end of file.
2026-09-20 21:31:23,956 [ERROR] LogOutputStream:75 - [STDERR_REDIRECT] 
2026-09-20 21:31:24,956 [ERROR] LogOutputStream:75 - [STDERR_REDIRECT] [Fatal Error] :1:1: Premature end of file.
2026-09-20 21:31:24,957 [ERROR] LogOutputStream:75 - [STDERR_REDIRECT] 
2026-09-20 21:31:25,964 [ERROR] LogOutputStream:75 - [STDERR_REDIRECT] [Fatal Error] :1:1: Premature end of file.
2026-09-20 21:31:25,964 [ERROR] LogOutputStream:75 - [STDERR_REDIRECT] 
2026-09-20 21:31:26,962 [ERROR] LogOutputStream:75 - [STDERR_REDIRECT] [Fatal Error] :1:1: Premature end of file.
2026-09-20 21:31:26,962 [ERROR] LogOutputStream:75 - [STDERR_REDIRECT] 
2026-09-20 21:31:27,957 [ERROR] LogOutputStream:75 - [STDERR_REDIRECT] [Fatal Error] :1:1: Premature end of file.
2026-09-20 21:31:27,957 [ERROR] LogOutputStream:75 - [STDERR_REDIRECT] 
2026-09-20 21:31:28,959 [ERROR] LogOutputStream:75 - [STDERR_REDIRECT] [Fatal Error] :1:1: Premature end of file.
2026-09-20 21:31:28,960 [ERROR] LogOutputStream:75 - [STDERR_REDIRECT] 
2026-09-20 21:31:29,964 [ERROR] LogOutputStream:75 - [STDERR_REDIRECT] [Fatal Error] :1:1: Premature end of file.
2026-09-20 21:31:29,965 [ERROR] LogOutputStream:75 - [STDERR_REDIRECT] 
2026-09-20 21:31:30,969 [ERROR] LogOutputStream:75 - [STDERR_REDIRECT] [Fatal Error] :1:1: Premature end of file.
2026-09-20 21:31:30,970 [ERROR] LogOutputStream:75 - [STDERR_REDIRECT] 
2026-09-20 21:31:31,964 [ERROR] LogOutputStream:75 - [STDERR_REDIRECT] [Fatal Error] :1:1: Premature end of file.
2026-09-20 21:31:31,983 [ERROR] LogOutputStream:75 - [STDERR_REDIRECT] 
2026-09-20 21:31:32,957 [ERROR] LogOutputStream:75 - [STDERR_REDIRECT] [Fatal Error] :1:1: Premature end of file.
2026-09-20 21:31:32,957 [ERROR] LogOutputStream:75 - [STDERR_REDIRECT] 
2026-09-20 21:31:33,967 [ERROR] LogOutputStream:75 - [STDERR_REDIRECT] [Fatal Error] :1:1: Premature end of file.
2026-09-20 21:31:33,967 [ERROR] LogOutputStream:75 - [STDERR_REDIRECT] 
2026-09-20 21:31:34,952 [ERROR] LogOutputStream:75 - [STDERR_REDIRECT] [Fatal Error] :1:1: Premature end of file.
2026-09-20 21:31:34,952 [ERROR] LogOutputStream:75 - [STDERR_REDIRECT] 
2026-09-20 21:31:35,964 [ERROR] LogOutputStream:75 - [STDERR_REDIRECT] [Fatal Error] :1:1: Premature end of file.
2026-09-20 21:31:35,964 [ERROR] LogOutputStream:75 - [STDERR_REDIRECT] 
2026-09-20 21:31:36,959 [ERROR] LogOutputStream:75 - [STDERR_REDIRECT] [Fatal Error] :1:1: Premature end of file.
2026-09-20 21:31:36,959 [ERROR] LogOutputStream:75 - [STDERR_REDIRECT] 
2026-09-20 21:31:37,972 [ERROR] LogOutputStream:75 - [STDERR_REDIRECT] [Fatal Error] :1:1: Premature end of file.
2026-09-20 21:31:37,972 [ERROR] LogOutputStream:75 - [STDERR_REDIRECT] 
2026-09-20 21:31:38,955 [ERROR] LogOutputStream:75 - [STDERR_REDIRECT] [Fatal Error] :1:1: Premature end of file.
2026-09-20 21:31:38,955 [ERROR] LogOutputStream:75 - [STDERR_REDIRECT] 
2026-09-20 21:31:39,963 [ERROR] LogOutputStream:75 - [STDERR_REDIRECT] [Fatal Error] :1:1: Premature end of file.
2026-09-20 21:31:39,964 [ERROR] LogOutputStream:75 - [STDERR_REDIRECT] 
2026-09-20 21:31:40,964 [ERROR] LogOutputStream:75 - [STDERR_REDIRECT] [Fatal Error] :1:1: Premature end of file.
2026-09-20 21:31:40,964 [ERROR] LogOutputStream:75 - [STDERR_REDIRECT] 
2026-09-20 21:31:41,965 [ERROR] LogOutputStream:75 - [STDERR_REDIRECT] [Fatal Error] :1:1: Premature end of file.
2026-09-20 21:31:41,965 [ERROR] LogOutputStream:75 - [STDERR_REDIRECT] 
2026-09-20 21:31:42,958 [ERROR] LogOutputStream:75 - [STDERR_REDIRECT] [Fatal Error] :1:1: Premature end of file.
2026-09-20 21:31:42,958 [ERROR] LogOutputStream:75 - [STDERR_REDIRECT] 
2026-09-20 21:31:43,961 [ERROR] LogOutputStream:75 - [STDERR_REDIRECT] [Fatal Error] :1:1: Premature end of file.
2026-09-20 21:31:43,962 [ERROR] LogOutputStream:75 - [STDERR_REDIRECT] 
2026-09-20 21:31:44,957 [ERROR] LogOutputStream:75 - [STDERR_REDIRECT] [Fatal Error] :1:1: Premature end of file.
2026-09-20 21:31:44,957 [ERROR] LogOutputStream:75 - [STDERR_REDIRECT] 
2026-09-20 21:31:45,961 [ERROR] LogOutputStream:75 - [STDERR_REDIRECT] [Fatal Error] :1:1: Premature end of file.
2026-09-20 21:31:45,962 [ERROR] LogOutputStream:75 - [STDERR_REDIRECT] 
2026-09-20 21:31:46,968 [ERROR] LogOutputStream:75 - [STDERR_REDIRECT] [Fatal Error] :1:1: Premature end of file.
2026-09-20 21:31:46,970 [ERROR] LogOutputStream:75 - [STDERR_REDIRECT] 
2026-09-20 21:31:47,959 [ERROR] LogOutputStream:75 - [STDERR_REDIRECT] [Fatal Error] :1:1: Premature end of file.
2026-09-20 21:31:47,960 [ERROR] LogOutputStream:75 - [STDERR_REDIRECT] 
2026-09-20 21:31:48,963 [ERROR] LogOutputStream:75 - [STDERR_REDIRECT] [Fatal Error] :1:1: Premature end of file.
2026-09-20 21:31:48,963 [ERROR] LogOutputStream:75 - [STDERR_REDIRECT] 
2026-09-20 21:31:49,954 [ERROR] LogOutputStream:75 - [STDERR_REDIRECT] [Fatal Error] :1:1: Premature end of file.
2026-09-20 21:31:49,954 [ERROR] LogOutputStream:75 - [STDERR_REDIRECT] 
2026-09-20 21:31:50,971 [ERROR] LogOutputStream:75 - [STDERR_REDIRECT] [Fatal Error] :1:1: Premature end of file.
2026-09-20 21:31:50,971 [ERROR] LogOutputStream:75 - [STDERR_REDIRECT] 
2026-09-20 21:31:51,962 [ERROR] LogOutputStream:75 - [STDERR_REDIRECT] [Fatal Error] :1:1: Premature end of file.
2026-09-20 21:31:51,962 [ERROR] LogOutputStream:75 - [STDERR_REDIRECT] 
2026-09-20 21:31:52,954 [ERROR] LogOutputStream:75 - [STDERR_REDIRECT] [Fatal Error] :1:1: Premature end of file.
2026-09-20 21:31:52,954 [ERROR] LogOutputStream:75 - [STDERR_REDIRECT] 
2026-09-20 21:31:53,964 [ERROR] LogOutputStream:75 - [STDERR_REDIRECT] [Fatal Error] :1:1: Premature end of file.
2026-09-20 21:31:53,964 [ERROR] LogOutputStream:75 - [STDERR_REDIRECT] 
2026-09-20 21:31:54,970 [ERROR] LogOutputStream:75 - [STDERR_REDIRECT] [Fatal Error] :1:1: Premature end of file.
2026-09-20 21:31:54,971 [ERROR] LogOutputStream:75 - [STDERR_REDIRECT] 
2026-09-20 21:31:55,962 [ERROR] LogOutputStream:75 - [STDERR_REDIRECT] [Fatal Error] :1:1: Premature end of file.
2026-09-20 21:31:55,962 [ERROR] LogOutputStream:75 - [STDERR_REDIRECT] 
2026-09-20 21:31:56,959 [ERROR] LogOutputStream:75 - [STDERR_REDIRECT] [Fatal Error] :1:1: Premature end of file.
2026-09-20 21:31:56,959 [ERROR] LogOutputStream:75 - [STDERR_REDIRECT] 
2026-09-20 21:31:57,960 [ERROR] LogOutputStream:75 - [STDERR_REDIRECT] [Fatal Error] :1:1: Premature end of file.
2026-09-20 21:31:57,960 [ERROR] LogOutputStream:75 - [STDERR_REDIRECT] 
2026-09-20 21:31:58,970 [ERROR] LogOutputStream:75 - [STDERR_REDIRECT] [Fatal Error] :1:1: Premature end of file.
2026-09-20 21:31:58,970 [ERROR] LogOutputStream:75 - [STDERR_REDIRECT] 
2026-09-20 21:31:59,960 [ERROR] LogOutputStream:75 - [STDERR_REDIRECT] [Fatal Error] :1:1: Premature end of file.
2026-09-20 21:31:59,960 [ERROR] LogOutputStream:75 - [STDERR_REDIRECT] 
2026-09-20 21:32:00,963 [ERROR] LogOutputStream:75 - [STDERR_REDIRECT] [Fatal Error] :1:1: Premature end of file.
2026-09-20 21:32:00,963 [ERROR] LogOutputStream:75 - [STDERR_REDIRECT] 
2026-09-20 21:32:01,958 [ERROR] LogOutputStream:75 - [STDERR_REDIRECT] [Fatal Error] :1:1: Premature end of file.
2026-09-20 21:32:01,958 [ERROR] LogOutputStream:75 - [STDERR_REDIRECT] 
2026-09-20 21:32:02,958 [ERROR] LogOutputStream:75 - [STDERR_REDIRECT] [Fatal Error] :1:1: Premature end of file.
2026-09-20 21:32:02,958 [ERROR] LogOutputStream:75 - [STDERR_REDIRECT] 
2026-09-20 21:32:03,963 [ERROR] LogOutputStream:75 - [STDERR_REDIRECT] [Fatal Error] :1:1: Premature end of file.
2026-09-20 21:32:03,963 [ERROR] LogOutputStream:75 - [STDERR_REDIRECT] 
2026-09-20 21:32:04,959 [ERROR] LogOutputStream:75 - [STDERR_REDIRECT] [Fatal Error] :1:1: Premature end of file.
2026-09-20 21:32:04,959 [ERROR] LogOutputStream:75 - [STDERR_REDIRECT] 
2026-09-20 21:32:05,960 [ERROR] LogOutputStream:75 - [STDERR_REDIRECT] [Fatal Error] :1:1: Premature end of file.
2026-09-20 21:32:05,960 [ERROR] LogOutputStream:75 - [STDERR_REDIRECT] 
2026-09-20 21:32:06,966 [ERROR] LogOutputStream:75 - [STDERR_REDIRECT] [Fatal Error] :1:1: Premature end of file.
2026-09-20 21:32:06,966 [ERROR] LogOutputStream:75 - [STDERR_REDIRECT] 
2026-09-20 21:32:07,965 [ERROR] LogOutputStream:75 - [STDERR_REDIRECT] [Fatal Error] :1:1: Premature end of file.
2026-09-20 21:32:07,966 [ERROR] LogOutputStream:75 - [STDERR_REDIRECT] 
2026-09-20 21:32:08,964 [ERROR] LogOutputStream:75 - [STDERR_REDIRECT] [Fatal Error] :1:1: Premature end of file.
2026-09-20 21:32:08,965 [ERROR] LogOutputStream:75 - [STDERR_REDIRECT] 
2026-09-20 21:32:09,968 [ERROR] LogOutputStream:75 - [STDERR_REDIRECT] [Fatal Error] :1:1: Premature end of file.
2026-09-20 21:32:09,969 [ERROR] LogOutputStream:75 - [STDERR_REDIRECT] 
2026-09-20 21:32:10,959 [ERROR] LogOutputStream:75 - [STDERR_REDIRECT] [Fatal Error] :1:1: Premature end of file.
2026-09-20 21:32:10,959 [ERROR] LogOutputStream:75 - [STDERR_REDIRECT] 
2026-09-20 21:32:11,957 [ERROR] LogOutputStream:75 - [STDERR_REDIRECT] [Fatal Error] :1:1: Premature end of file.
2026-09-20 21:32:11,957 [ERROR] LogOutputStream:75 - [STDERR_REDIRECT] 
2026-09-20 21:32:12,954 [ERROR] LogOutputStream:75 - [STDERR_REDIRECT] [Fatal Error] :1:1: Premature end of file.
2026-09-20 21:32:12,954 [ERROR] LogOutputStream:75 - [STDERR_REDIRECT] 
2026-09-20 21:32:13,954 [ERROR] LogOutputStream:75 - [STDERR_REDIRECT] [Fatal Error] :1:1: Premature end of file.
2026-09-20 21:32:13,955 [ERROR] LogOutputStream:75 - [STDERR_REDIRECT] 
2026-09-20 21:32:14,958 [ERROR] LogOutputStream:75 - [STDERR_REDIRECT] [Fatal Error] :1:1: Premature end of file.
2026-09-20 21:32:14,959 [ERROR] LogOutputStream:75 - [STDERR_REDIRECT] 
2026-09-20 21:32:15,960 [ERROR] LogOutputStream:75 - [STDERR_REDIRECT] [Fatal Error] :1:1: Premature end of file.
2026-09-20 21:32:15,961 [ERROR] LogOutputStream:75 - [STDERR_REDIRECT] 
2026-09-20 21:32:16,959 [ERROR] LogOutputStream:75 - [STDERR_REDIRECT] [Fatal Error] :1:1: Premature end of file.
2026-09-20 21:32:16,966 [ERROR] LogOutputStream:75 - [STDERR_REDIRECT] 
2026-09-20 21:32:17,956 [ERROR] LogOutputStream:75 - [STDERR_REDIRECT] [Fatal Error] :1:1: Premature end of file.
2026-09-20 21:32:17,956 [ERROR] LogOutputStream:75 - [STDERR_REDIRECT] 
2026-09-20 21:32:18,956 [ERROR] LogOutputStream:75 - [STDERR_REDIRECT] [Fatal Error] :1:1: Premature end of file.
2026-09-20 21:32:18,956 [ERROR] LogOutputStream:75 - [STDERR_REDIRECT] 
2026-09-20 21:32:19,958 [ERROR] LogOutputStream:75 - [STDERR_REDIRECT] [Fatal Error] :1:1: Premature end of file.
2026-09-20 21:32:19,958 [ERROR] LogOutputStream:75 - [STDERR_REDIRECT] 
2026-09-20 21:32:20,958 [ERROR] LogOutputStream:75 - [STDERR_REDIRECT] [Fatal Error] :1:1: Premature end of file.
2026-09-20 21:32:20,958 [ERROR] LogOutputStream:75 - [STDERR_REDIRECT] 
2026-09-20 21:32:21,962 [ERROR] LogOutputStream:75 - [STDERR_REDIRECT] [Fatal Error] :1:1: Premature end of file.
2026-09-20 21:32:21,962 [ERROR] LogOutputStream:75 - [STDERR_REDIRECT] 
2026-09-20 21:32:22,962 [ERROR] LogOutputStream:75 - [STDERR_REDIRECT] [Fatal Error] :1:1: Premature end of file.
2026-09-20 21:32:22,962 [ERROR] LogOutputStream:75 - [STDERR_REDIRECT] 
2026-09-20 21:32:23,955 [ERROR] LogOutputStream:75 - [STDERR_REDIRECT] [Fatal Error] :1:1: Premature end of file.
2026-09-20 21:32:23,955 [ERROR] LogOutputStream:75 - [STDERR_REDIRECT] 
2026-09-20 21:32:24,967 [ERROR] LogOutputStream:75 - [STDERR_REDIRECT] [Fatal Error] :1:1: Premature end of file.
2026-09-20 21:32:24,967 [ERROR] LogOutputStream:75 - [STDERR_REDIRECT] 
2026-09-20 21:32:25,964 [ERROR] LogOutputStream:75 - [STDERR_REDIRECT] [Fatal Error] :1:1: Premature end of file.
2026-09-20 21:32:25,964 [ERROR] LogOutputStream:75 - [STDERR_REDIRECT] 
2026-09-20 21:32:26,962 [ERROR] LogOutputStream:75 - [STDERR_REDIRECT] [Fatal Error] :1:1: Premature end of file.
2026-09-20 21:32:26,962 [ERROR] LogOutputStream:75 - [STDERR_REDIRECT] 
2026-09-20 21:32:27,960 [ERROR] LogOutputStream:75 - [STDERR_REDIRECT] [Fatal Error] :1:1: Premature end of file.
2026-09-20 21:32:27,960 [ERROR] LogOutputStream:75 - [STDERR_REDIRECT] 
2026-09-20 21:32:28,969 [ERROR] LogOutputStream:75 - [STDERR_REDIRECT] [Fatal Error] :1:1: Premature end of file.
2026-09-20 21:32:28,970 [ERROR] LogOutputStream:75 - [STDERR_REDIRECT] 
2026-09-20 21:32:30,032 [ERROR] LogOutputStream:75 - [STDERR_REDIRECT] [Fatal Error] :1:1: Premature end of file.
2026-09-20 21:32:30,032 [ERROR] LogOutputStream:75 - [STDERR_REDIRECT] 
2026-09-20 21:32:30,957 [ERROR] LogOutputStream:75 - [STDERR_REDIRECT] [Fatal Error] :1:1: Premature end of file.
2026-09-20 21:32:30,957 [ERROR] LogOutputStream:75 - [STDERR_REDIRECT] 
2026-09-20 21:32:31,962 [ERROR] LogOutputStream:75 - [STDERR_REDIRECT] [Fatal Error] :1:1: Premature end of file.
2026-09-20 21:32:31,967 [ERROR] LogOutputStream:75 - [STDERR_REDIRECT] 
2026-09-20 21:32:32,963 [ERROR] LogOutputStream:75 - [STDERR_REDIRECT] [Fatal Error] :1:1: Premature end of file.
2026-09-20 21:32:32,963 [ERROR] LogOutputStream:75 - [STDERR_REDIRECT] 
2026-09-20 21:32:33,955 [ERROR] LogOutputStream:75 - [STDERR_REDIRECT] [Fatal Error] :1:1: Premature end of file.
2026-09-20 21:32:33,956 [ERROR] LogOutputStream:75 - [STDERR_REDIRECT] 
2026-09-20 21:32:34,960 [ERROR] LogOutputStream:75 - [STDERR_REDIRECT] [Fatal Error] :1:1: Premature end of file.
2026-09-20 21:32:34,960 [ERROR] LogOutputStream:75 - [STDERR_REDIRECT] 
2026-09-20 21:32:35,995 [ERROR] LogOutputStream:75 - [STDERR_REDIRECT] [Fatal Error] :1:1: Premature end of file.
2026-09-20 21:32:35,995 [ERROR] LogOutputStream:75 - [STDERR_REDIRECT] 
2026-09-20 21:32:36,962 [ERROR] LogOutputStream:75 - [STDERR_REDIRECT] [Fatal Error] :1:1: Premature end of file.
2026-09-20 21:32:36,962 [ERROR] LogOutputStream:75 - [STDERR_REDIRECT] 
2026-09-20 21:32:37,956 [ERROR] LogOutputStream:75 - [STDERR_REDIRECT] [Fatal Error] :1:1: Premature end of file.
2026-09-20 21:32:37,957 [ERROR] LogOutputStream:75 - [STDERR_REDIRECT] 
2026-09-20 21:32:38,958 [ERROR] LogOutputStream:75 - [STDERR_REDIRECT] [Fatal Error] :1:1: Premature end of file.
2026-09-20 21:32:38,958 [ERROR] LogOutputStream:75 - [STDERR_REDIRECT] 
2026-09-20 21:32:39,961 [ERROR] LogOutputStream:75 - [STDERR_REDIRECT] [Fatal Error] :1:1: Premature end of file.
2026-09-20 21:32:39,961 [ERROR] LogOutputStream:75 - [STDERR_REDIRECT] 
2026-09-20 21:32:40,958 [ERROR] LogOutputStream:75 - [STDERR_REDIRECT] [Fatal Error] :1:1: Premature end of file.
2026-09-20 21:32:40,959 [ERROR] LogOutputStream:75 - [STDERR_REDIRECT] 
2026-09-20 21:32:41,963 [ERROR] LogOutputStream:75 - [STDERR_REDIRECT] [Fatal Error] :1:1: Premature end of file.
2026-09-20 21:32:41,963 [ERROR] LogOutputStream:75 - [STDERR_REDIRECT] 
2026-09-20 21:32:42,960 [ERROR] LogOutputStream:75 - [STDERR_REDIRECT] [Fatal Error] :1:1: Premature end of file.
2026-09-20 21:32:42,960 [ERROR] LogOutputStream:75 - [STDERR_REDIRECT] 
2026-09-20 21:32:43,954 [ERROR] LogOutputStream:75 - [STDERR_REDIRECT] [Fatal Error] :1:1: Premature end of file.
2026-09-20 21:32:43,954 [ERROR] LogOutputStream:75 - [STDERR_REDIRECT] 
2026-09-20 21:32:44,972 [ERROR] LogOutputStream:75 - [STDERR_REDIRECT] [Fatal Error] :1:1: Premature end of file.
2026-09-20 21:32:44,972 [ERROR] LogOutputStream:75 - [STDERR_REDIRECT] 
2026-09-20 21:32:45,967 [ERROR] LogOutputStream:75 - [STDERR_REDIRECT] [Fatal Error] :1:1: Premature end of file.
2026-09-20 21:32:45,968 [ERROR] LogOutputStream:75 - [STDERR_REDIRECT] 
2026-09-20 21:32:46,957 [ERROR] LogOutputStream:75 - [STDERR_REDIRECT] [Fatal Error] :1:1: Premature end of file.
2026-09-20 21:32:46,957 [ERROR] LogOutputStream:75 - [STDERR_REDIRECT] 
2026-09-20 21:32:47,969 [ERROR] LogOutputStream:75 - [STDERR_REDIRECT] [Fatal Error] :1:1: Premature end of file.
2026-09-20 21:32:47,970 [ERROR] LogOutputStream:75 - [STDERR_REDIRECT] 
2026-09-20 21:32:48,955 [ERROR] LogOutputStream:75 - [STDERR_REDIRECT] [Fatal Error] :1:1: Premature end of file.
2026-09-20 21:32:48,955 [ERROR] LogOutputStream:75 - [STDERR_REDIRECT] 
2026-09-20 21:32:49,959 [ERROR] LogOutputStream:75 - [STDERR_REDIRECT] [Fatal Error] :1:1: Premature end of file.
2026-09-20 21:32:49,959 [ERROR] LogOutputStream:75 - [STDERR_REDIRECT] 
2026-09-20 21:32:50,959 [ERROR] LogOutputStream:75 - [STDERR_REDIRECT] [Fatal Error] :1:1: Premature end of file.
2026-09-20 21:32:50,960 [ERROR] LogOutputStream:75 - [STDERR_REDIRECT] 
2026-09-20 21:32:51,959 [ERROR] LogOutputStream:75 - [STDERR_REDIRECT] [Fatal Error] :1:1: Premature end of file.
2026-09-20 21:32:51,959 [ERROR] LogOutputStream:75 - [STDERR_REDIRECT] 
2026-09-20 21:32:52,958 [ERROR] LogOutputStream:75 - [STDERR_REDIRECT] [Fatal Error] :1:1: Premature end of file.
2026-09-20 21:32:52,958 [ERROR] LogOutputStream:75 - [STDERR_REDIRECT] 
2026-09-20 21:32:53,967 [ERROR] LogOutputStream:75 - [STDERR_REDIRECT] [Fatal Error] :1:1: Premature end of file.
2026-09-20 21:32:53,967 [ERROR] LogOutputStream:75 - [STDERR_REDIRECT] 
2026-09-20 21:32:54,957 [ERROR] LogOutputStream:75 - [STDERR_REDIRECT] [Fatal Error] :1:1: Premature end of file.
2026-09-20 21:32:54,957 [ERROR] LogOutputStream:75 - [STDERR_REDIRECT] 
2026-09-20 21:32:55,956 [ERROR] LogOutputStream:75 - [STDERR_REDIRECT] [Fatal Error] :1:1: Premature end of file.
2026-09-20 21:32:55,957 [ERROR] LogOutputStream:75 - [STDERR_REDIRECT] 
2026-09-20 21:32:56,966 [ERROR] LogOutputStream:75 - [STDERR_REDIRECT] [Fatal Error] :1:1: Premature end of file.
2026-09-20 21:32:56,966 [ERROR] LogOutputStream:75 - [STDERR_REDIRECT] 
2026-09-20 21:32:57,960 [ERROR] LogOutputStream:75 - [STDERR_REDIRECT] [Fatal Error] :1:1: Premature end of file.
2026-09-20 21:32:57,960 [ERROR] LogOutputStream:75 - [STDERR_REDIRECT] 
2026-09-20 21:32:58,970 [ERROR] LogOutputStream:75 - [STDERR_REDIRECT] [Fatal Error] :1:1: Premature end of file.
2026-09-20 21:32:58,970 [ERROR] LogOutputStream:75 - [STDERR_REDIRECT] 
2026-09-20 21:32:59,959 [ERROR] LogOutputStream:75 - [STDERR_REDIRECT] [Fatal Error] :1:1: Premature end of file.
2026-09-20 21:32:59,959 [ERROR] LogOutputStream:75 - [STDERR_REDIRECT] 
2026-09-20 21:33:00,961 [ERROR] LogOutputStream:75 - [STDERR_REDIRECT] [Fatal Error] :1:1: Premature end of file.
2026-09-20 21:33:00,961 [ERROR] LogOutputStream:75 - [STDERR_REDIRECT] 
2026-09-20 21:33:01,962 [ERROR] LogOutputStream:75 - [STDERR_REDIRECT] [Fatal Error] :1:1: Premature end of file.
2026-09-20 21:33:01,962 [ERROR] LogOutputStream:75 - [STDERR_REDIRECT] 
2026-09-20 21:33:02,965 [ERROR] LogOutputStream:75 - [STDERR_REDIRECT] [Fatal Error] :1:1: Premature end of file.
2026-09-20 21:33:02,965 [ERROR] LogOutputStream:75 - [STDERR_REDIRECT] 
2026-09-20 21:33:03,966 [ERROR] LogOutputStream:75 - [STDERR_REDIRECT] [Fatal Error] :1:1: Premature end of file.
2026-09-20 21:33:03,967 [ERROR] LogOutputStream:75 - [STDERR_REDIRECT] 
2026-09-20 21:33:04,969 [ERROR] LogOutputStream:75 - [STDERR_REDIRECT] [Fatal Error] :1:1: Premature end of file.
2026-09-20 21:33:04,969 [ERROR] LogOutputStream:75 - [STDERR_REDIRECT] 
2026-09-20 21:33:05,962 [ERROR] LogOutputStream:75 - [STDERR_REDIRECT] [Fatal Error] :1:1: Premature end of file.
2026-09-20 21:33:05,962 [ERROR] LogOutputStream:75 - [STDERR_REDIRECT] 
2026-09-20 21:33:06,965 [ERROR] LogOutputStream:75 - [STDERR_REDIRECT] [Fatal Error] :1:1: Premature end of file.
2026-09-20 21:33:06,965 [ERROR] LogOutputStream:75 - [STDERR_REDIRECT] 
2026-09-20 21:33:07,962 [ERROR] LogOutputStream:75 - [STDERR_REDIRECT] [Fatal Error] :1:1: Premature end of file.
2026-09-20 21:33:07,963 [ERROR] LogOutputStream:75 - [STDERR_REDIRECT] 
2026-09-20 21:33:08,964 [ERROR] LogOutputStream:75 - [STDERR_REDIRECT] [Fatal Error] :1:1: Premature end of file.
2026-09-20 21:33:08,964 [ERROR] LogOutputStream:75 - [STDERR_REDIRECT] 
2026-09-20 21:33:09,964 [ERROR] LogOutputStream:75 - [STDERR_REDIRECT] [Fatal Error] :1:1: Premature end of file.
2026-09-20 21:33:09,965 [ERROR] LogOutputStream:75 - [STDERR_REDIRECT] 
2026-09-20 21:33:10,962 [ERROR] LogOutputStream:75 - [STDERR_REDIRECT] [Fatal Error] :1:1: Premature end of file.
2026-09-20 21:33:10,962 [ERROR] LogOutputStream:75 - [STDERR_REDIRECT] 
2026-09-20 21:33:11,963 [ERROR] LogOutputStream:75 - [STDERR_REDIRECT] [Fatal Error] :1:1: Premature end of file.
2026-09-20 21:33:11,963 [ERROR] LogOutputStream:75 - [STDERR_REDIRECT] 
2026-09-20 21:33:12,963 [ERROR] LogOutputStream:75 - [STDERR_REDIRECT] [Fatal Error] :1:1: Premature end of file.
2026-09-20 21:33:12,963 [ERROR] LogOutputStream:75 - [STDERR_REDIRECT] 
2026-09-20 21:33:13,965 [ERROR] LogOutputStream:75 - [STDERR_REDIRECT] [Fatal Error] :1:1: Premature end of file.
2026-09-20 21:33:13,965 [ERROR] LogOutputStream:75 - [STDERR_REDIRECT] 
2026-09-20 21:33:14,961 [ERROR] LogOutputStream:75 - [STDERR_REDIRECT] [Fatal Error] :1:1: Premature end of file.
2026-09-20 21:33:14,961 [ERROR] LogOutputStream:75 - [STDERR_REDIRECT] 
2026-09-20 21:33:15,959 [ERROR] LogOutputStream:75 - [STDERR_REDIRECT] [Fatal Error] :1:1: Premature end of file.
2026-09-20 21:33:15,959 [ERROR] LogOutputStream:75 - [STDERR_REDIRECT] 
2026-09-20 21:33:16,955 [ERROR] LogOutputStream:75 - [STDERR_REDIRECT] [Fatal Error] :1:1: Premature end of file.
2026-09-20 21:33:16,955 [ERROR] LogOutputStream:75 - [STDERR_REDIRECT] 
2026-09-20 21:33:17,957 [ERROR] LogOutputStream:75 - [STDERR_REDIRECT] [Fatal Error] :1:1: Premature end of file.
2026-09-20 21:33:17,961 [ERROR] LogOutputStream:75 - [STDERR_REDIRECT] 
2026-09-20 21:33:18,955 [ERROR] LogOutputStream:75 - [STDERR_REDIRECT] [Fatal Error] :1:1: Premature end of file.
2026-09-20 21:33:18,956 [ERROR] LogOutputStream:75 - [STDERR_REDIRECT] 
2026-09-20 21:33:19,957 [ERROR] LogOutputStream:75 - [STDERR_REDIRECT] [Fatal Error] :1:1: Premature end of file.
2026-09-20 21:33:19,957 [ERROR] LogOutputStream:75 - [STDERR_REDIRECT] 
2026-09-20 21:33:20,963 [ERROR] LogOutputStream:75 - [STDERR_REDIRECT] [Fatal Error] :1:1: Premature end of file.
2026-09-20 21:33:20,963 [ERROR] LogOutputStream:75 - [STDERR_REDIRECT] 
2026-09-20 21:33:21,959 [ERROR] LogOutputStream:75 - [STDERR_REDIRECT] [Fatal Error] :1:1: Premature end of file.
2026-09-20 21:33:21,959 [ERROR] LogOutputStream:75 - [STDERR_REDIRECT] 
2026-09-20 21:33:22,964 [ERROR] LogOutputStream:75 - [STDERR_REDIRECT] [Fatal Error] :1:1: Premature end of file.
2026-09-20 21:33:22,964 [ERROR] LogOutputStream:75 - [STDERR_REDIRECT] 
2026-09-20 21:33:23,975 [ERROR] LogOutputStream:75 - [STDERR_REDIRECT] [Fatal Error] :1:1: Premature end of file.
2026-09-20 21:33:23,975 [ERROR] LogOutputStream:75 - [STDERR_REDIRECT] 
2026-09-20 21:33:24,963 [ERROR] LogOutputStream:75 - [STDERR_REDIRECT] [Fatal Error] :1:1: Premature end of file.
2026-09-20 21:33:24,963 [ERROR] LogOutputStream:75 - [STDERR_REDIRECT] 
2026-09-20 21:33:25,966 [ERROR] LogOutputStream:75 - [STDERR_REDIRECT] [Fatal Error] :1:1: Premature end of file.
2026-09-20 21:33:25,966 [ERROR] LogOutputStream:75 - [STDERR_REDIRECT] 
2026-09-20 21:33:26,960 [ERROR] LogOutputStream:75 - [STDERR_REDIRECT] [Fatal Error] :1:1: Premature end of file.
2026-09-20 21:33:26,960 [ERROR] LogOutputStream:75 - [STDERR_REDIRECT] 
2026-09-20 21:33:27,964 [ERROR] LogOutputStream:75 - [STDERR_REDIRECT] [Fatal Error] :1:1: Premature end of file.
2026-09-20 21:33:27,964 [ERROR] LogOutputStream:75 - [STDERR_REDIRECT] 
2026-09-20 21:33:28,966 [ERROR] LogOutputStream:75 - [STDERR_REDIRECT] [Fatal Error] :1:1: Premature end of file.
2026-09-20 21:33:28,966 [ERROR] LogOutputStream:75 - [STDERR_REDIRECT] 
2026-09-20 21:33:29,958 [ERROR] LogOutputStream:75 - [STDERR_REDIRECT] [Fatal Error] :1:1: Premature end of file.
2026-09-20 21:33:29,958 [ERROR] LogOutputStream:75 - [STDERR_REDIRECT] 
2026-09-20 21:33:30,965 [ERROR] LogOutputStream:75 - [STDERR_REDIRECT] [Fatal Error] :1:1: Premature end of file.
2026-09-20 21:33:30,965 [ERROR] LogOutputStream:75 - [STDERR_REDIRECT] 
2026-09-20 21:33:31,966 [ERROR] LogOutputStream:75 - [STDERR_REDIRECT] [Fatal Error] :1:1: Premature end of file.
2026-09-20 21:33:31,966 [ERROR] LogOutputStream:75 - [STDERR_REDIRECT] 
2026-09-20 21:33:32,974 [ERROR] LogOutputStream:75 - [STDERR_REDIRECT] [Fatal Error] :1:1: Premature end of file.
2026-09-20 21:33:32,974 [ERROR] LogOutputStream:75 - [STDERR_REDIRECT] 
2026-09-20 21:33:33,958 [ERROR] LogOutputStream:75 - [STDERR_REDIRECT] [Fatal Error] :1:1: Premature end of file.
2026-09-20 21:33:33,958 [ERROR] LogOutputStream:75 - [STDERR_REDIRECT] 
2026-09-20 21:33:34,957 [ERROR] LogOutputStream:75 - [STDERR_REDIRECT] [Fatal Error] :1:1: Premature end of file.
2026-09-20 21:33:34,957 [ERROR] LogOutputStream:75 - [STDERR_REDIRECT] 
2026-09-20 21:33:35,958 [ERROR] LogOutputStream:75 - [STDERR_REDIRECT] [Fatal Error] :1:1: Premature end of file.
2026-09-20 21:33:35,958 [ERROR] LogOutputStream:75 - [STDERR_REDIRECT] 
2026-09-20 21:33:36,960 [ERROR] LogOutputStream:75 - [STDERR_REDIRECT] [Fatal Error] :1:1: Premature end of file.
2026-09-20 21:33:36,960 [ERROR] LogOutputStream:75 - [STDERR_REDIRECT] 
2026-09-20 21:33:37,973 [ERROR] LogOutputStream:75 - [STDERR_REDIRECT] [Fatal Error] :1:1: Premature end of file.
2026-09-20 21:33:37,973 [ERROR] LogOutputStream:75 - [STDERR_REDIRECT] 
2026-09-20 21:33:38,976 [ERROR] LogOutputStream:75 - [STDERR_REDIRECT] [Fatal Error] :1:1: Premature end of file.
2026-09-20 21:33:38,976 [ERROR] LogOutputStream:75 - [STDERR_REDIRECT] 
2026-09-20 21:33:39,976 [ERROR] LogOutputStream:75 - [STDERR_REDIRECT] [Fatal Error] :1:1: Premature end of file.
2026-09-20 21:33:39,977 [ERROR] LogOutputStream:75 - [STDERR_REDIRECT] 
2026-09-20 21:33:40,974 [ERROR] LogOutputStream:75 - [STDERR_REDIRECT] [Fatal Error] :1:1: Premature end of file.
2026-09-20 21:33:40,974 [ERROR] LogOutputStream:75 - [STDERR_REDIRECT] 
2026-09-20 21:33:41,983 [ERROR] LogOutputStream:75 - [STDERR_REDIRECT] [Fatal Error] :1:1: Premature end of file.
2026-09-20 21:33:41,983 [ERROR] LogOutputStream:75 - [STDERR_REDIRECT] 
2026-09-20 21:33:42,987 [ERROR] LogOutputStream:75 - [STDERR_REDIRECT] [Fatal Error] :1:1: Premature end of file.
2026-09-20 21:33:42,987 [ERROR] LogOutputStream:75 - [STDERR_REDIRECT] 
2026-09-20 21:33:43,978 [ERROR] LogOutputStream:75 - [STDERR_REDIRECT] [Fatal Error] :1:1: Premature end of file.
2026-09-20 21:33:43,978 [ERROR] LogOutputStream:75 - [STDERR_REDIRECT] 
2026-09-20 21:33:44,977 [ERROR] LogOutputStream:75 - [STDERR_REDIRECT] [Fatal Error] :1:1: Premature end of file.
2026-09-20 21:33:44,977 [ERROR] LogOutputStream:75 - [STDERR_REDIRECT] 
2026-09-20 21:33:45,975 [ERROR] LogOutputStream:75 - [STDERR_REDIRECT] [Fatal Error] :1:1: Premature end of file.
2026-09-20 21:33:45,975 [ERROR] LogOutputStream:75 - [STDERR_REDIRECT] 
2026-09-20 21:33:46,971 [ERROR] LogOutputStream:75 - [STDERR_REDIRECT] [Fatal Error] :1:1: Premature end of file.
2026-09-20 21:33:46,972 [ERROR] LogOutputStream:75 - [STDERR_REDIRECT] 
2026-09-20 21:33:47,971 [ERROR] LogOutputStream:75 - [STDERR_REDIRECT] [Fatal Error] :1:1: Premature end of file.
2026-09-20 21:33:47,971 [ERROR] LogOutputStream:75 - [STDERR_REDIRECT] 
2026-09-20 21:33:48,965 [ERROR] LogOutputStream:75 - [STDERR_REDIRECT] [Fatal Error] :1:1: Premature end of file.
2026-09-20 21:33:48,965 [ERROR] LogOutputStream:75 - [STDERR_REDIRECT] 
2026-09-20 21:33:49,998 [ERROR] LogOutputStream:75 - [STDERR_REDIRECT] [Fatal Error] :1:1: Premature end of file.
2026-09-20 21:33:49,998 [ERROR] LogOutputStream:75 - [STDERR_REDIRECT] 
2026-09-20 21:33:50,974 [ERROR] LogOutputStream:75 - [STDERR_REDIRECT] [Fatal Error] :1:1: Premature end of file.
2026-09-20 21:33:51,015 [ERROR] LogOutputStream:75 - [STDERR_REDIRECT] 
2026-09-20 21:33:51,978 [ERROR] LogOutputStream:75 - [STDERR_REDIRECT] [Fatal Error] :1:1: Premature end of file.
2026-09-20 21:33:51,978 [ERROR] LogOutputStream:75 - [STDERR_REDIRECT] 
2026-09-20 21:33:52,969 [ERROR] LogOutputStream:75 - [STDERR_REDIRECT] [Fatal Error] :1:1: Premature end of file.
2026-09-20 21:33:52,969 [ERROR] LogOutputStream:75 - [STDERR_REDIRECT] 
2026-09-20 21:33:53,973 [ERROR] LogOutputStream:75 - [STDERR_REDIRECT] [Fatal Error] :1:1: Premature end of file.
2026-09-20 21:33:53,974 [ERROR] LogOutputStream:75 - [STDERR_REDIRECT] 
2026-09-20 21:33:54,965 [ERROR] LogOutputStream:75 - [STDERR_REDIRECT] [Fatal Error] :1:1: Premature end of file.
2026-09-20 21:33:54,965 [ERROR] LogOutputStream:75 - [STDERR_REDIRECT] 
2026-09-20 21:33:55,977 [ERROR] LogOutputStream:75 - [STDERR_REDIRECT] [Fatal Error] :1:1: Premature end of file.
2026-09-20 21:33:55,977 [ERROR] LogOutputStream:75 - [STDERR_REDIRECT] 
2026-09-20 21:33:56,967 [ERROR] LogOutputStream:75 - [STDERR_REDIRECT] [Fatal Error] :1:1: Premature end of file.
2026-09-20 21:33:56,968 [ERROR] LogOutputStream:75 - [STDERR_REDIRECT] 
2026-09-20 21:33:57,976 [ERROR] LogOutputStream:75 - [STDERR_REDIRECT] [Fatal Error] :1:1: Premature end of file.
2026-09-20 21:33:57,976 [ERROR] LogOutputStream:75 - [STDERR_REDIRECT] 
2026-09-20 21:33:58,971 [ERROR] LogOutputStream:75 - [STDERR_REDIRECT] [Fatal Error] :1:1: Premature end of file.
2026-09-20 21:33:58,971 [ERROR] LogOutputStream:75 - [STDERR_REDIRECT] 
2026-09-20 21:33:59,979 [ERROR] LogOutputStream:75 - [STDERR_REDIRECT] [Fatal Error] :1:1: Premature end of file.
2026-09-20 21:33:59,979 [ERROR] LogOutputStream:75 - [STDERR_REDIRECT] 
2026-09-20 21:34:00,981 [ERROR] LogOutputStream:75 - [STDERR_REDIRECT] [Fatal Error] :1:1: Premature end of file.
2026-09-20 21:34:00,982 [ERROR] LogOutputStream:75 - [STDERR_REDIRECT] 
2026-09-20 21:34:01,975 [ERROR] LogOutputStream:75 - [STDERR_REDIRECT] [Fatal Error] :1:1: Premature end of file.
2026-09-20 21:34:01,975 [ERROR] LogOutputStream:75 - [STDERR_REDIRECT] 
2026-09-20 21:34:02,965 [ERROR] LogOutputStream:75 - [STDERR_REDIRECT] [Fatal Error] :1:1: Premature end of file.
2026-09-20 21:34:02,965 [ERROR] LogOutputStream:75 - [STDERR_REDIRECT] 
2026-09-20 21:34:03,985 [ERROR] LogOutputStream:75 - [STDERR_REDIRECT] [Fatal Error] :1:1: Premature end of file.
2026-09-20 21:34:03,985 [ERROR] LogOutputStream:75 - [STDERR_REDIRECT] 
2026-09-20 21:34:04,984 [ERROR] LogOutputStream:75 - [STDERR_REDIRECT] [Fatal Error] :1:1: Premature end of file.
2026-09-20 21:34:04,984 [ERROR] LogOutputStream:75 - [STDERR_REDIRECT] 
2026-09-20 21:34:05,974 [ERROR] LogOutputStream:75 - [STDERR_REDIRECT] [Fatal Error] :1:1: Premature end of file.
2026-09-20 21:34:06,010 [ERROR] LogOutputStream:75 - [STDERR_REDIRECT] 
2026-09-20 21:34:06,963 [ERROR] LogOutputStream:75 - [STDERR_REDIRECT] [Fatal Error] :1:1: Premature end of file.
2026-09-20 21:34:06,963 [ERROR] LogOutputStream:75 - [STDERR_REDIRECT] 
2026-09-20 21:34:07,966 [ERROR] LogOutputStream:75 - [STDERR_REDIRECT] [Fatal Error] :1:1: Premature end of file.
2026-09-20 21:34:07,966 [ERROR] LogOutputStream:75 - [STDERR_REDIRECT] 
2026-09-20 21:34:08,967 [ERROR] LogOutputStream:75 - [STDERR_REDIRECT] [Fatal Error] :1:1: Premature end of file.
2026-09-20 21:34:08,967 [ERROR] LogOutputStream:75 - [STDERR_REDIRECT] 
2026-09-20 21:34:09,970 [ERROR] LogOutputStream:75 - [STDERR_REDIRECT] [Fatal Error] :1:1: Premature end of file.
2026-09-20 21:34:09,970 [ERROR] LogOutputStream:75 - [STDERR_REDIRECT] 
2026-09-20 21:34:10,973 [ERROR] LogOutputStream:75 - [STDERR_REDIRECT] [Fatal Error] :1:1: Premature end of file.
2026-09-20 21:34:10,973 [ERROR] LogOutputStream:75 - [STDERR_REDIRECT] 
2026-09-20 21:34:11,966 [ERROR] LogOutputStream:75 - [STDERR_REDIRECT] [Fatal Error] :1:1: Premature end of file.
2026-09-20 21:34:11,966 [ERROR] LogOutputStream:75 - [STDERR_REDIRECT] 
2026-09-20 21:34:12,976 [ERROR] LogOutputStream:75 - [STDERR_REDIRECT] [Fatal Error] :1:1: Premature end of file.
2026-09-20 21:34:12,976 [ERROR] LogOutputStream:75 - [STDERR_REDIRECT] 
2026-09-20 21:34:13,974 [ERROR] LogOutputStream:75 - [STDERR_REDIRECT] [Fatal Error] :1:1: Premature end of file.
2026-09-20 21:34:13,974 [ERROR] LogOutputStream:75 - [STDERR_REDIRECT] 
2026-09-20 21:34:14,966 [ERROR] LogOutputStream:75 - [STDERR_REDIRECT] [Fatal Error] :1:1: Premature end of file.
2026-09-20 21:34:14,966 [ERROR] LogOutputStream:75 - [STDERR_REDIRECT] 
2026-09-20 21:34:15,976 [ERROR] LogOutputStream:75 - [STDERR_REDIRECT] [Fatal Error] :1:1: Premature end of file.
2026-09-20 21:34:15,976 [ERROR] LogOutputStream:75 - [STDERR_REDIRECT] 
2026-09-20 21:34:16,969 [ERROR] LogOutputStream:75 - [STDERR_REDIRECT] [Fatal Error] :1:1: Premature end of file.
2026-09-20 21:34:16,970 [ERROR] LogOutputStream:75 - [STDERR_REDIRECT] 
2026-09-20 21:34:17,969 [ERROR] LogOutputStream:75 - [STDERR_REDIRECT] [Fatal Error] :1:1: Premature end of file.
2026-09-20 21:34:17,969 [ERROR] LogOutputStream:75 - [STDERR_REDIRECT] 
2026-09-20 21:34:18,979 [ERROR] LogOutputStream:75 - [STDERR_REDIRECT] [Fatal Error] :1:1: Premature end of file.
2026-09-20 21:34:18,979 [ERROR] LogOutputStream:75 - [STDERR_REDIRECT] 
2026-09-20 21:34:19,964 [ERROR] LogOutputStream:75 - [STDERR_REDIRECT] [Fatal Error] :1:1: Premature end of file.
2026-09-20 21:34:19,964 [ERROR] LogOutputStream:75 - [STDERR_REDIRECT] 
2026-09-20 21:34:20,988 [ERROR] LogOutputStream:75 - [STDERR_REDIRECT] [Fatal Error] :1:1: Premature end of file.
2026-09-20 21:34:21,012 [ERROR] LogOutputStream:75 - [STDERR_REDIRECT] 
2026-09-20 21:34:21,963 [ERROR] LogOutputStream:75 - [STDERR_REDIRECT] [Fatal Error] :1:1: Premature end of file.
2026-09-20 21:34:21,964 [ERROR] LogOutputStream:75 - [STDERR_REDIRECT] 
2026-09-20 21:34:22,958 [ERROR] LogOutputStream:75 - [STDERR_REDIRECT] [Fatal Error] :1:1: Premature end of file.
2026-09-20 21:34:22,958 [ERROR] LogOutputStream:75 - [STDERR_REDIRECT] 
2026-09-20 21:34:23,968 [ERROR] LogOutputStream:75 - [STDERR_REDIRECT] [Fatal Error] :1:1: Premature end of file.
2026-09-20 21:34:23,968 [ERROR] LogOutputStream:75 - [STDERR_REDIRECT] 
2026-09-20 21:34:24,978 [ERROR] LogOutputStream:75 - [STDERR_REDIRECT] [Fatal Error] :1:1: Premature end of file.
2026-09-20 21:34:24,979 [ERROR] LogOutputStream:75 - [STDERR_REDIRECT] 
2026-09-20 21:34:25,973 [ERROR] LogOutputStream:75 - [STDERR_REDIRECT] [Fatal Error] :1:1: Premature end of file.
2026-09-20 21:34:25,973 [ERROR] LogOutputStream:75 - [STDERR_REDIRECT] 
2026-09-20 21:34:26,970 [ERROR] LogOutputStream:75 - [STDERR_REDIRECT] [Fatal Error] :1:1: Premature end of file.
2026-09-20 21:34:26,970 [ERROR] LogOutputStream:75 - [STDERR_REDIRECT] 
2026-09-20 21:34:27,970 [ERROR] LogOutputStream:75 - [STDERR_REDIRECT] [Fatal Error] :1:1: Premature end of file.
2026-09-20 21:34:27,970 [ERROR] LogOutputStream:75 - [STDERR_REDIRECT] 
2026-09-20 21:34:28,976 [ERROR] LogOutputStream:75 - [STDERR_REDIRECT] [Fatal Error] :1:1: Premature end of file.
2026-09-20 21:34:28,976 [ERROR] LogOutputStream:75 - [STDERR_REDIRECT] 
2026-09-20 21:34:29,964 [ERROR] LogOutputStream:75 - [STDERR_REDIRECT] [Fatal Error] :1:1: Premature end of file.
2026-09-20 21:34:29,965 [ERROR] LogOutputStream:75 - [STDERR_REDIRECT] 
2026-09-20 21:34:30,970 [ERROR] LogOutputStream:75 - [STDERR_REDIRECT] [Fatal Error] :1:1: Premature end of file.
2026-09-20 21:34:30,970 [ERROR] LogOutputStream:75 - [STDERR_REDIRECT] 
2026-09-20 21:34:31,962 [ERROR] LogOutputStream:75 - [STDERR_REDIRECT] [Fatal Error] :1:1: Premature end of file.
2026-09-20 21:34:31,962 [ERROR] LogOutputStream:75 - [STDERR_REDIRECT] 
2026-09-20 21:34:32,978 [ERROR] LogOutputStream:75 - [STDERR_REDIRECT] [Fatal Error] :1:1: Premature end of file.
2026-09-20 21:34:32,978 [ERROR] LogOutputStream:75 - [STDERR_REDIRECT] 
2026-09-20 21:34:33,960 [ERROR] LogOutputStream:75 - [STDERR_REDIRECT] [Fatal Error] :1:1: Premature end of file.
2026-09-20 21:34:33,960 [ERROR] LogOutputStream:75 - [STDERR_REDIRECT] 
2026-09-20 21:34:34,983 [ERROR] LogOutputStream:75 - [STDERR_REDIRECT] [Fatal Error] :1:1: Premature end of file.
2026-09-20 21:34:34,983 [ERROR] LogOutputStream:75 - [STDERR_REDIRECT] 
2026-09-20 21:34:35,986 [ERROR] LogOutputStream:75 - [STDERR_REDIRECT] [Fatal Error] :1:1: Premature end of file.
2026-09-20 21:34:36,008 [ERROR] LogOutputStream:75 - [STDERR_REDIRECT] 
2026-09-20 21:34:36,978 [ERROR] LogOutputStream:75 - [STDERR_REDIRECT] [Fatal Error] :1:1: Premature end of file.
2026-09-20 21:34:36,979 [ERROR] LogOutputStream:75 - [STDERR_REDIRECT] 
2026-09-20 21:34:37,962 [ERROR] LogOutputStream:75 - [STDERR_REDIRECT] [Fatal Error] :1:1: Premature end of file.
2026-09-20 21:34:37,962 [ERROR] LogOutputStream:75 - [STDERR_REDIRECT] 
2026-09-20 21:34:38,974 [ERROR] LogOutputStream:75 - [STDERR_REDIRECT] [Fatal Error] :1:1: Premature end of file.
2026-09-20 21:34:38,974 [ERROR] LogOutputStream:75 - [STDERR_REDIRECT] 
2026-09-20 21:34:39,973 [ERROR] LogOutputStream:75 - [STDERR_REDIRECT] [Fatal Error] :1:1: Premature end of file.
2026-09-20 21:34:39,973 [ERROR] LogOutputStream:75 - [STDERR_REDIRECT] 
2026-09-20 21:34:40,976 [ERROR] LogOutputStream:75 - [STDERR_REDIRECT] [Fatal Error] :1:1: Premature end of file.
2026-09-20 21:34:40,976 [ERROR] LogOutputStream:75 - [STDERR_REDIRECT] 
2026-09-20 21:34:41,967 [ERROR] LogOutputStream:75 - [STDERR_REDIRECT] [Fatal Error] :1:1: Premature end of file.
2026-09-20 21:34:41,967 [ERROR] LogOutputStream:75 - [STDERR_REDIRECT] 
2026-09-20 21:34:42,977 [ERROR] LogOutputStream:75 - [STDERR_REDIRECT] [Fatal Error] :1:1: Premature end of file.
2026-09-20 21:34:42,977 [ERROR] LogOutputStream:75 - [STDERR_REDIRECT] 
2026-09-20 21:34:43,977 [ERROR] LogOutputStream:75 - [STDERR_REDIRECT] [Fatal Error] :1:1: Premature end of file.
2026-09-20 21:34:43,977 [ERROR] LogOutputStream:75 - [STDERR_REDIRECT] 
2026-09-20 21:34:44,978 [ERROR] LogOutputStream:75 - [STDERR_REDIRECT] [Fatal Error] :1:1: Premature end of file.
2026-09-20 21:34:44,978 [ERROR] LogOutputStream:75 - [STDERR_REDIRECT] 
2026-09-20 21:34:45,962 [ERROR] LogOutputStream:75 - [STDERR_REDIRECT] [Fatal Error] :1:1: Premature end of file.
2026-09-20 21:34:45,962 [ERROR] LogOutputStream:75 - [STDERR_REDIRECT] 
2026-09-20 21:34:46,974 [ERROR] LogOutputStream:75 - [STDERR_REDIRECT] [Fatal Error] :1:1: Premature end of file.
2026-09-20 21:34:46,975 [ERROR] LogOutputStream:75 - [STDERR_REDIRECT] 
2026-09-20 21:34:47,979 [ERROR] LogOutputStream:75 - [STDERR_REDIRECT] [Fatal Error] :1:1: Premature end of file.
2026-09-20 21:34:47,980 [ERROR] LogOutputStream:75 - [STDERR_REDIRECT] 
2026-09-20 21:34:48,969 [ERROR] LogOutputStream:75 - [STDERR_REDIRECT] [Fatal Error] :1:1: Premature end of file.
2026-09-20 21:34:48,969 [ERROR] LogOutputStream:75 - [STDERR_REDIRECT] 
2026-09-20 21:34:49,959 [ERROR] LogOutputStream:75 - [STDERR_REDIRECT] [Fatal Error] :1:1: Premature end of file.
2026-09-20 21:34:49,959 [ERROR] LogOutputStream:75 - [STDERR_REDIRECT] 
2026-09-20 21:34:50,973 [ERROR] LogOutputStream:75 - [STDERR_REDIRECT] [Fatal Error] :1:1: Premature end of file.
2026-09-20 21:34:51,001 [ERROR] LogOutputStream:75 - [STDERR_REDIRECT] 
2026-09-20 21:34:51,978 [ERROR] LogOutputStream:75 - [STDERR_REDIRECT] [Fatal Error] :1:1: Premature end of file.
2026-09-20 21:34:51,978 [ERROR] LogOutputStream:75 - [STDERR_REDIRECT] 
2026-09-20 21:34:52,978 [ERROR] LogOutputStream:75 - [STDERR_REDIRECT] [Fatal Error] :1:1: Premature end of file.
2026-09-20 21:34:52,978 [ERROR] LogOutputStream:75 - [STDERR_REDIRECT] 
2026-09-20 21:34:53,967 [ERROR] LogOutputStream:75 - [STDERR_REDIRECT] [Fatal Error] :1:1: Premature end of file.
2026-09-20 21:34:53,967 [ERROR] LogOutputStream:75 - [STDERR_REDIRECT] 
2026-09-20 21:34:54,975 [ERROR] LogOutputStream:75 - [STDERR_REDIRECT] [Fatal Error] :1:1: Premature end of file.
2026-09-20 21:34:54,976 [ERROR] LogOutputStream:75 - [STDERR_REDIRECT] 
2026-09-20 21:34:55,973 [ERROR] LogOutputStream:75 - [STDERR_REDIRECT] [Fatal Error] :1:1: Premature end of file.
2026-09-20 21:34:55,973 [ERROR] LogOutputStream:75 - [STDERR_REDIRECT] 
2026-09-20 21:34:56,962 [ERROR] LogOutputStream:75 - [STDERR_REDIRECT] [Fatal Error] :1:1: Premature end of file.
2026-09-20 21:34:56,962 [ERROR] LogOutputStream:75 - [STDERR_REDIRECT] 
2026-09-20 21:34:57,974 [ERROR] LogOutputStream:75 - [STDERR_REDIRECT] [Fatal Error] :1:1: Premature end of file.
2026-09-20 21:34:57,974 [ERROR] LogOutputStream:75 - [STDERR_REDIRECT] 
2026-09-20 21:34:58,970 [ERROR] LogOutputStream:75 - [STDERR_REDIRECT] [Fatal Error] :1:1: Premature end of file.
2026-09-20 21:34:58,970 [ERROR] LogOutputStream:75 - [STDERR_REDIRECT] 
2026-09-20 21:34:59,966 [ERROR] LogOutputStream:75 - [STDERR_REDIRECT] [Fatal Error] :1:1: Premature end of file.
2026-09-20 21:34:59,966 [ERROR] LogOutputStream:75 - [STDERR_REDIRECT] 
2026-09-20 21:35:00,970 [ERROR] LogOutputStream:75 - [STDERR_REDIRECT] [Fatal Error] :1:1: Premature end of file.
2026-09-20 21:35:00,972 [ERROR] LogOutputStream:75 - [STDERR_REDIRECT] 
2026-09-20 21:35:01,972 [ERROR] LogOutputStream:75 - [STDERR_REDIRECT] [Fatal Error] :1:1: Premature end of file.
2026-09-20 21:35:01,973 [ERROR] LogOutputStream:75 - [STDERR_REDIRECT] 
2026-09-20 21:35:02,957 [ERROR] LogOutputStream:75 - [STDERR_REDIRECT] [Fatal Error] :1:1: Premature end of file.
2026-09-20 21:35:02,957 [ERROR] LogOutputStream:75 - [STDERR_REDIRECT] 
2026-09-20 21:35:03,955 [ERROR] LogOutputStream:75 - [STDERR_REDIRECT] [Fatal Error] :1:1: Premature end of file.
2026-09-20 21:35:03,955 [ERROR] LogOutputStream:75 - [STDERR_REDIRECT] 
2026-09-20 21:35:04,965 [ERROR] LogOutputStream:75 - [STDERR_REDIRECT] [Fatal Error] :1:1: Premature end of file.
2026-09-20 21:35:04,966 [ERROR] LogOutputStream:75 - [STDERR_REDIRECT] 
2026-09-20 21:35:05,965 [ERROR] LogOutputStream:75 - [STDERR_REDIRECT] [Fatal Error] :1:1: Premature end of file.
2026-09-20 21:35:05,966 [ERROR] LogOutputStream:75 - [STDERR_REDIRECT] 
2026-09-20 21:35:06,972 [ERROR] LogOutputStream:75 - [STDERR_REDIRECT] [Fatal Error] :1:1: Premature end of file.
2026-09-20 21:35:06,972 [ERROR] LogOutputStream:75 - [STDERR_REDIRECT] 
2026-09-20 21:35:07,964 [ERROR] LogOutputStream:75 - [STDERR_REDIRECT] [Fatal Error] :1:1: Premature end of file.
2026-09-20 21:35:07,964 [ERROR] LogOutputStream:75 - [STDERR_REDIRECT] 
2026-09-20 21:35:08,989 [ERROR] LogOutputStream:75 - [STDERR_REDIRECT] [Fatal Error] :1:1: Premature end of file.
2026-09-20 21:35:08,989 [ERROR] LogOutputStream:75 - [STDERR_REDIRECT] 
2026-09-20 21:35:09,977 [ERROR] LogOutputStream:75 - [STDERR_REDIRECT] [Fatal Error] :1:1: Premature end of file.
2026-09-20 21:35:09,977 [ERROR] LogOutputStream:75 - [STDERR_REDIRECT] 
2026-09-20 21:35:10,964 [ERROR] LogOutputStream:75 - [STDERR_REDIRECT] [Fatal Error] :1:1: Premature end of file.
2026-09-20 21:35:10,964 [ERROR] LogOutputStream:75 - [STDERR_REDIRECT] 
2026-09-20 21:35:11,962 [ERROR] LogOutputStream:75 - [STDERR_REDIRECT] [Fatal Error] :1:1: Premature end of file.
2026-09-20 21:35:11,962 [ERROR] LogOutputStream:75 - [STDERR_REDIRECT] 
2026-09-20 21:35:12,997 [ERROR] LogOutputStream:75 - [STDERR_REDIRECT] [Fatal Error] :1:1: Premature end of file.
2026-09-20 21:35:12,997 [ERROR] LogOutputStream:75 - [STDERR_REDIRECT] 
2026-09-20 21:35:13,974 [ERROR] LogOutputStream:75 - [STDERR_REDIRECT] [Fatal Error] :1:1: Premature end of file.
2026-09-20 21:35:13,974 [ERROR] LogOutputStream:75 - [STDERR_REDIRECT] 
2026-09-20 21:35:14,981 [ERROR] LogOutputStream:75 - [STDERR_REDIRECT] [Fatal Error] :1:1: Premature end of file.
2026-09-20 21:35:14,981 [ERROR] LogOutputStream:75 - [STDERR_REDIRECT] 
2026-09-20 21:35:15,966 [ERROR] LogOutputStream:75 - [STDERR_REDIRECT] [Fatal Error] :1:1: Premature end of file.
2026-09-20 21:35:15,967 [ERROR] LogOutputStream:75 - [STDERR_REDIRECT] 
2026-09-20 21:35:16,957 [ERROR] LogOutputStream:75 - [STDERR_REDIRECT] [Fatal Error] :1:1: Premature end of file.
2026-09-20 21:35:16,958 [ERROR] LogOutputStream:75 - [STDERR_REDIRECT] 
2026-09-20 21:35:17,962 [ERROR] LogOutputStream:75 - [STDERR_REDIRECT] [Fatal Error] :1:1: Premature end of file.
2026-09-20 21:35:17,962 [ERROR] LogOutputStream:75 - [STDERR_REDIRECT] 
2026-09-20 21:35:18,964 [ERROR] LogOutputStream:75 - [STDERR_REDIRECT] [Fatal Error] :1:1: Premature end of file.
2026-09-20 21:35:18,964 [ERROR] LogOutputStream:75 - [STDERR_REDIRECT] 
2026-09-20 21:35:19,974 [ERROR] LogOutputStream:75 - [STDERR_REDIRECT] [Fatal Error] :1:1: Premature end of file.
2026-09-20 21:35:19,974 [ERROR] LogOutputStream:75 - [STDERR_REDIRECT] 
2026-09-20 21:35:20,980 [ERROR] LogOutputStream:75 - [STDERR_REDIRECT] [Fatal Error] :1:1: Premature end of file.
2026-09-20 21:35:20,997 [ERROR] LogOutputStream:75 - [STDERR_REDIRECT] 
2026-09-20 21:35:21,955 [ERROR] LogOutputStream:75 - [STDERR_REDIRECT] [Fatal Error] :1:1: Premature end of file.
2026-09-20 21:35:21,955 [ERROR] LogOutputStream:75 - [STDERR_REDIRECT] 
2026-09-20 21:35:22,958 [ERROR] LogOutputStream:75 - [STDERR_REDIRECT] [Fatal Error] :1:1: Premature end of file.
2026-09-20 21:35:22,959 [ERROR] LogOutputStream:75 - [STDERR_REDIRECT] 
2026-09-20 21:35:23,967 [ERROR] LogOutputStream:75 - [STDERR_REDIRECT] [Fatal Error] :1:1: Premature end of file.
2026-09-20 21:35:23,967 [ERROR] LogOutputStream:75 - [STDERR_REDIRECT] 
2026-09-20 21:35:24,960 [ERROR] LogOutputStream:75 - [STDERR_REDIRECT] [Fatal Error] :1:1: Premature end of file.
2026-09-20 21:35:24,960 [ERROR] LogOutputStream:75 - [STDERR_REDIRECT] 
2026-09-20 21:35:25,994 [ERROR] LogOutputStream:75 - [STDERR_REDIRECT] [Fatal Error] :1:1: Premature end of file.
2026-09-20 21:35:25,994 [ERROR] LogOutputStream:75 - [STDERR_REDIRECT] 
2026-09-20 21:35:26,962 [ERROR] LogOutputStream:75 - [STDERR_REDIRECT] [Fatal Error] :1:1: Premature end of file.
2026-09-20 21:35:26,962 [ERROR] LogOutputStream:75 - [STDERR_REDIRECT] 
2026-09-20 21:35:27,959 [ERROR] LogOutputStream:75 - [STDERR_REDIRECT] [Fatal Error] :1:1: Premature end of file.
2026-09-20 21:35:27,959 [ERROR] LogOutputStream:75 - [STDERR_REDIRECT] 
2026-09-20 21:35:28,955 [ERROR] LogOutputStream:75 - [STDERR_REDIRECT] [Fatal Error] :1:1: Premature end of file.
2026-09-20 21:35:28,955 [ERROR] LogOutputStream:75 - [STDERR_REDIRECT] 
2026-09-20 21:35:29,961 [ERROR] LogOutputStream:75 - [STDERR_REDIRECT] [Fatal Error] :1:1: Premature end of file.
2026-09-20 21:35:29,961 [ERROR] LogOutputStream:75 - [STDERR_REDIRECT] 
2026-09-20 21:35:30,960 [ERROR] LogOutputStream:75 - [STDERR_REDIRECT] [Fatal Error] :1:1: Premature end of file.
2026-09-20 21:35:30,960 [ERROR] LogOutputStream:75 - [STDERR_REDIRECT] 
2026-09-20 21:35:31,968 [ERROR] LogOutputStream:75 - [STDERR_REDIRECT] [Fatal Error] :1:1: Premature end of file.
2026-09-20 21:35:31,968 [ERROR] LogOutputStream:75 - [STDERR_REDIRECT] 
2026-09-20 21:35:32,972 [ERROR] LogOutputStream:75 - [STDERR_REDIRECT] [Fatal Error] :1:1: Premature end of file.
2026-09-20 21:35:32,972 [ERROR] LogOutputStream:75 - [STDERR_REDIRECT] 
2026-09-20 21:35:33,956 [ERROR] LogOutputStream:75 - [STDERR_REDIRECT] [Fatal Error] :1:1: Premature end of file.
2026-09-20 21:35:33,957 [ERROR] LogOutputStream:75 - [STDERR_REDIRECT] 
2026-09-20 21:35:34,958 [ERROR] LogOutputStream:75 - [STDERR_REDIRECT] [Fatal Error] :1:1: Premature end of file.
2026-09-20 21:35:34,958 [ERROR] LogOutputStream:75 - [STDERR_REDIRECT] 
2026-09-20 21:35:35,962 [ERROR] LogOutputStream:75 - [STDERR_REDIRECT] [Fatal Error] :1:1: Premature end of file.
2026-09-20 21:35:35,962 [ERROR] LogOutputStream:75 - [STDERR_REDIRECT] 
2026-09-20 21:35:36,957 [ERROR] LogOutputStream:75 - [STDERR_REDIRECT] [Fatal Error] :1:1: Premature end of file.
2026-09-20 21:35:36,957 [ERROR] LogOutputStream:75 - [STDERR_REDIRECT] 
2026-09-20 21:35:37,960 [ERROR] LogOutputStream:75 - [STDERR_REDIRECT] [Fatal Error] :1:1: Premature end of file.
2026-09-20 21:35:37,960 [ERROR] LogOutputStream:75 - [STDERR_REDIRECT] 
2026-09-20 21:35:38,958 [ERROR] LogOutputStream:75 - [STDERR_REDIRECT] [Fatal Error] :1:1: Premature end of file.
2026-09-20 21:35:38,959 [ERROR] LogOutputStream:75 - [STDERR_REDIRECT] 
2026-09-20 21:35:39,957 [ERROR] LogOutputStream:75 - [STDERR_REDIRECT] [Fatal Error] :1:1: Premature end of file.
2026-09-20 21:35:39,957 [ERROR] LogOutputStream:75 - [STDERR_REDIRECT] 
2026-09-20 21:35:40,955 [ERROR] LogOutputStream:75 - [STDERR_REDIRECT] [Fatal Error] :1:1: Premature end of file.
2026-09-20 21:35:40,955 [ERROR] LogOutputStream:75 - [STDERR_REDIRECT] 
2026-09-20 21:35:41,956 [ERROR] LogOutputStream:75 - [STDERR_REDIRECT] [Fatal Error] :1:1: Premature end of file.
2026-09-20 21:35:41,956 [ERROR] LogOutputStream:75 - [STDERR_REDIRECT] 
2026-09-20 21:35:42,956 [ERROR] LogOutputStream:75 - [STDERR_REDIRECT] [Fatal Error] :1:1: Premature end of file.
2026-09-20 21:35:42,956 [ERROR] LogOutputStream:75 - [STDERR_REDIRECT] 
2026-09-20 21:35:43,955 [ERROR] LogOutputStream:75 - [STDERR_REDIRECT] [Fatal Error] :1:1: Premature end of file.
2026-09-20 21:35:43,955 [ERROR] LogOutputStream:75 - [STDERR_REDIRECT] 
2026-09-20 21:35:44,965 [ERROR] LogOutputStream:75 - [STDERR_REDIRECT] [Fatal Error] :1:1: Premature end of file.
2026-09-20 21:35:44,965 [ERROR] LogOutputStream:75 - [STDERR_REDIRECT] 
2026-09-20 21:35:45,953 [ERROR] LogOutputStream:75 - [STDERR_REDIRECT] [Fatal Error] :1:1: Premature end of file.
2026-09-20 21:35:45,953 [ERROR] LogOutputStream:75 - [STDERR_REDIRECT] 
2026-09-20 21:35:46,955 [ERROR] LogOutputStream:75 - [STDERR_REDIRECT] [Fatal Error] :1:1: Premature end of file.
2026-09-20 21:35:46,955 [ERROR] LogOutputStream:75 - [STDERR_REDIRECT] 
2026-09-20 21:35:47,964 [ERROR] LogOutputStream:75 - [STDERR_REDIRECT] [Fatal Error] :1:1: Premature end of file.
2026-09-20 21:35:47,964 [ERROR] LogOutputStream:75 - [STDERR_REDIRECT] 
2026-09-20 21:35:48,963 [ERROR] LogOutputStream:75 - [STDERR_REDIRECT] [Fatal Error] :1:1: Premature end of file.
2026-09-20 21:35:48,963 [ERROR] LogOutputStream:75 - [STDERR_REDIRECT] 
2026-09-20 21:35:49,956 [ERROR] LogOutputStream:75 - [STDERR_REDIRECT] [Fatal Error] :1:1: Premature end of file.
2026-09-20 21:35:49,956 [ERROR] LogOutputStream:75 - [STDERR_REDIRECT] 
2026-09-20 21:35:50,960 [ERROR] LogOutputStream:75 - [STDERR_REDIRECT] [Fatal Error] :1:1: Premature end of file.
2026-09-20 21:35:50,997 [ERROR] LogOutputStream:75 - [STDERR_REDIRECT] 
2026-09-20 21:35:51,959 [ERROR] LogOutputStream:75 - [STDERR_REDIRECT] [Fatal Error] :1:1: Premature end of file.
2026-09-20 21:35:51,959 [ERROR] LogOutputStream:75 - [STDERR_REDIRECT] 
2026-09-20 21:35:52,956 [ERROR] LogOutputStream:75 - [STDERR_REDIRECT] [Fatal Error] :1:1: Premature end of file.
2026-09-20 21:35:52,956 [ERROR] LogOutputStream:75 - [STDERR_REDIRECT] 
2026-09-20 21:35:53,961 [ERROR] LogOutputStream:75 - [STDERR_REDIRECT] [Fatal Error] :1:1: Premature end of file.
2026-09-20 21:35:53,962 [ERROR] LogOutputStream:75 - [STDERR_REDIRECT] 
2026-09-20 21:35:54,962 [ERROR] LogOutputStream:75 - [STDERR_REDIRECT] [Fatal Error] :1:1: Premature end of file.
2026-09-20 21:35:54,962 [ERROR] LogOutputStream:75 - [STDERR_REDIRECT] 
2026-09-20 21:35:55,956 [ERROR] LogOutputStream:75 - [STDERR_REDIRECT] [Fatal Error] :1:1: Premature end of file.
2026-09-20 21:35:55,956 [ERROR] LogOutputStream:75 - [STDERR_REDIRECT] 
2026-09-20 21:35:56,964 [ERROR] LogOutputStream:75 - [STDERR_REDIRECT] [Fatal Error] :1:1: Premature end of file.
2026-09-20 21:35:56,964 [ERROR] LogOutputStream:75 - [STDERR_REDIRECT] 
2026-09-20 21:35:57,960 [ERROR] LogOutputStream:75 - [STDERR_REDIRECT] [Fatal Error] :1:1: Premature end of file.
2026-09-20 21:35:57,960 [ERROR] LogOutputStream:75 - [STDERR_REDIRECT] 
2026-09-20 21:35:58,814 [ERROR] LogOutputStream:75 - [STDERR_REDIRECT] 
2026-09-20 21:35:58,815 [ERROR] LogOutputStream:75 - [STDERR_REDIRECT] 
2026-09-20 21:36:18,522 [INFO] Activator:176 - 


2026-09-20 21:36:18,528 [INFO] Activator:177 - !SESSION log4j initialized
2026-09-20 21:36:23,096 [INFO] LogOutputStream:77 - [STDOUT_REDIRECT] 
2026-09-20 21:36:24,360 [INFO] ApplicationProperties:184 - Using Application install path: C:\ST\STM32CubeIDE_1.19.0\STM32CubeIDE\plugins\com.st.stm32cube.common.mx_6.15.0.202507011659
2026-09-20 21:36:24,380 [INFO] DbMcusXml:78 - Set database path to: C:\ST\STM32CubeIDE_1.19.0\STM32CubeIDE\plugins\com.st.stm32cube.common.mx_6.15.0.202507011659\\db\/mcu/
2026-09-20 21:36:24,380 [INFO] ApiDb:274 - Set plugin database path to: C:\ST\STM32CubeIDE_1.19.0\STM32CubeIDE\plugins\com.st.stm32cube.common.mx_6.15.0.202507011659\\db\/plugins/boardmanager/
2026-09-20 21:36:24,381 [WARN] ApiDb:259 - Overriding images path with different value:  => C:\ST\STM32CubeIDE_1.19.0\STM32CubeIDE\plugins\com.st.stm32cube.common.mx_6.15.0.202507011659\\db\/plugins/mcufinder/images/
2026-09-20 21:36:24,386 [INFO] ApiDb:250 - Set database path to: C:\Users\alang\.stmcufinder\plugins\mcufinder//mcu/
2026-09-20 21:36:24,387 [INFO] DbMcusAds:125 - Set database path to: C:\Users\alang\.stmcufinder\plugins\mcufinder//mcu/
2026-09-20 21:36:24,389 [INFO] CrossReferenceDbSqlite:203 - Set database path to: C:\Users\alang\.stmcufinder\plugins\mcufinder//mcu/cs/
2026-09-20 21:36:24,545 [INFO] RulesReader:64 - Compatibility file has been processed (317 Rules)
2026-09-20 21:36:24,641 [INFO] DbMcusXml:78 - Set database path to: C:\ST\STM32CubeIDE_1.19.0\STM32CubeIDE\plugins\com.st.stm32cube.common.mx_6.15.0.202507011659\\db\/mcu/
2026-09-20 21:36:24,642 [INFO] ApiDb:274 - Set plugin database path to: C:\ST\STM32CubeIDE_1.19.0\STM32CubeIDE\plugins\com.st.stm32cube.common.mx_6.15.0.202507011659\\db\/plugins/boardmanager/
2026-09-20 21:36:24,642 [INFO] ApiDb:261 - Set plugin images path to: C:\ST\STM32CubeIDE_1.19.0\STM32CubeIDE\plugins\com.st.stm32cube.common.mx_6.15.0.202507011659\\db\/plugins/mcufinder/images/
2026-09-20 21:36:24,642 [WARN] DbFile:41 - Overriding database path with different value: C:\Users\alang\.stmcufinder\plugins\mcufinder/ => C:\Users\alang\.stmcufinder\plugins\mcufinder
2026-09-20 21:36:24,642 [INFO] ApiDb:250 - Set database path to: C:\Users\alang\.stmcufinder\plugins\mcufinder//mcu/
2026-09-20 21:36:24,642 [WARN] DbFile:41 - Overriding database path with different value: C:\Users\alang\.stmcufinder\plugins\mcufinder/ => C:\Users\alang\.stmcufinder\plugins\mcufinder
2026-09-20 21:36:24,642 [INFO] DbMcusAds:125 - Set database path to: C:\Users\alang\.stmcufinder\plugins\mcufinder//mcu/
2026-09-20 21:36:24,642 [WARN] DbFile:41 - Overriding database path with different value: C:\Users\alang\.stmcufinder\plugins\mcufinder/ => C:\Users\alang\.stmcufinder\plugins\mcufinder
2026-09-20 21:36:24,642 [WARN] DbFile:41 - Overriding database path with different value: C:\Users\alang\.stmcufinder\plugins\mcufinder/ => C:\Users\alang\.stmcufinder\plugins\mcufinder
2026-09-20 21:36:24,643 [INFO] CrossReferenceDbSqlite:203 - Set database path to: C:\Users\alang\.stmcufinder\plugins\mcufinder//mcu/cs/
2026-09-20 21:36:24,741 [INFO] MainPanel:274 - HeapMemory: 268435456
2026-09-20 21:36:24,858 [INFO] DbMcusXml:78 - Set database path to: C:\ST\STM32CubeIDE_1.19.0\STM32CubeIDE\plugins\com.st.stm32cube.common.mx_6.15.0.202507011659\\db\/mcu/
2026-09-20 21:36:24,858 [INFO] ApiDb:274 - Set plugin database path to: C:\ST\STM32CubeIDE_1.19.0\STM32CubeIDE\plugins\com.st.stm32cube.common.mx_6.15.0.202507011659\\db\/plugins/boardmanager/
2026-09-20 21:36:24,858 [INFO] ApiDb:261 - Set plugin images path to: C:\ST\STM32CubeIDE_1.19.0\STM32CubeIDE\plugins\com.st.stm32cube.common.mx_6.15.0.202507011659\\db\/plugins/mcufinder/images/
2026-09-20 21:36:24,859 [WARN] DbFile:41 - Overriding database path with different value: C:\Users\alang\.stmcufinder\plugins\mcufinder/ => C:\Users\alang\.stmcufinder\plugins\mcufinder
2026-09-20 21:36:24,859 [INFO] ApiDb:250 - Set database path to: C:\Users\alang\.stmcufinder\plugins\mcufinder//mcu/
2026-09-20 21:36:24,859 [WARN] DbFile:41 - Overriding database path with different value: C:\Users\alang\.stmcufinder\plugins\mcufinder/ => C:\Users\alang\.stmcufinder\plugins\mcufinder
2026-09-20 21:36:24,859 [INFO] DbMcusAds:125 - Set database path to: C:\Users\alang\.stmcufinder\plugins\mcufinder//mcu/
2026-09-20 21:36:24,859 [WARN] DbFile:41 - Overriding database path with different value: C:\Users\alang\.stmcufinder\plugins\mcufinder/ => C:\Users\alang\.stmcufinder\plugins\mcufinder
2026-09-20 21:36:24,859 [WARN] DbFile:41 - Overriding database path with different value: C:\Users\alang\.stmcufinder\plugins\mcufinder/ => C:\Users\alang\.stmcufinder\plugins\mcufinder
2026-09-20 21:36:24,859 [INFO] CrossReferenceDbSqlite:203 - Set database path to: C:\Users\alang\.stmcufinder\plugins\mcufinder//mcu/cs/
2026-09-20 21:36:24,888 [INFO] ApplicationProperties:184 - Using Application install path: C:\ST\STM32CubeIDE_1.19.0\STM32CubeIDE\plugins\com.st.stm32cube.common.mx_6.15.0.202507011659
2026-09-20 21:36:24,890 [INFO] PluginManage:196 - Search for loadable plugins [exclusion list=, ]
2026-09-20 21:36:24,892 [INFO] PluginManage:310 - Check plugin analytics
2026-09-20 21:36:25,131 [INFO] AnalyticsPlugin:253 - Accepted Software Licenses: 
2026-09-20 21:36:25,132 [INFO] AnalyticsPlugin:255 - Accepted CMSIS Pack Licenses: 
2026-09-20 21:36:25,132 [INFO] AnalyticsPlugin:257 - Accepted Firmware Licenses: FW.F4.1.28.0
2026-09-20 21:36:25,145 [INFO] PluginManage:359 - Loaded plugin analytics (category:tool,tabindex:-1)
2026-09-20 21:36:25,146 [INFO] PluginManage:310 - Check plugin cadmodel
2026-09-20 21:36:25,150 [INFO] CADModel:105 - Init CAD model plugin
2026-09-20 21:36:25,150 [INFO] PluginManage:359 - Loaded plugin cadmodel (category:power,tabindex:5)
2026-09-20 21:36:25,151 [INFO] PluginManage:310 - Check plugin clock
2026-09-20 21:36:25,161 [INFO] PluginManage:359 - Loaded plugin clock (category:base,tabindex:2)
2026-09-20 21:36:25,161 [INFO] PluginManage:310 - Check plugin ddr
2026-09-20 21:36:25,164 [INFO] PluginManage:359 - Loaded plugin ddr (category:tool,tabindex:6)
2026-09-20 21:36:25,164 [INFO] PluginManage:310 - Check plugin filemanager
2026-09-20 21:36:25,340 [INFO] PluginManage:359 - Loaded plugin filemanager (category:base,tabindex:10)
2026-09-20 21:36:25,340 [INFO] PluginManage:310 - Check plugin ipmanager
2026-09-20 21:36:25,348 [INFO] PluginManage:359 - Loaded plugin ipmanager (category:base,tabindex:5)
2026-09-20 21:36:25,348 [INFO] PluginManage:310 - Check plugin lpbam
2026-09-20 21:36:25,359 [INFO] PluginManage:359 - Loaded plugin lpbam (category:base,tabindex:0)
2026-09-20 21:36:25,359 [INFO] PluginManage:310 - Check plugin memorymap
2026-09-20 21:36:25,376 [INFO] PluginManage:359 - Loaded plugin memorymap (category:base,tabindex:4)
2026-09-20 21:36:25,377 [INFO] PluginManage:310 - Check plugin pinoutandconfiguration
2026-09-20 21:36:25,386 [INFO] PluginManage:359 - Loaded plugin pinoutandconfiguration (category:base,tabindex:1)
2026-09-20 21:36:25,386 [INFO] PluginManage:310 - Check plugin pinoutconfig
2026-09-20 21:36:25,556 [WARN] SupportedApi:132 - Cannot load RTOS API schema: s4s-elt-must-match.1: The content of 'definitions' must match (annotation?, (simpleType | complexType)?, (unique | key | keyref)*)). A problem was found starting at: attribute.
2026-09-20 21:36:25,717 [INFO] PluginManage:359 - Loaded plugin pinoutconfig (category:base,tabindex:0)
2026-09-20 21:36:25,718 [INFO] PluginManage:310 - Check plugin power
2026-09-20 21:36:25,727 [INFO] PluginManage:359 - Loaded plugin power (category:power,tabindex:4)
2026-09-20 21:36:25,727 [INFO] PluginManage:310 - Check plugin projectmanager
2026-09-20 21:36:25,745 [INFO] PluginManage:359 - Loaded plugin projectmanager (category:projectmanager,tabindex:4)
2026-09-20 21:36:25,745 [INFO] PluginManage:310 - Check plugin rif
2026-09-20 21:36:25,753 [INFO] PluginManage:359 - Loaded plugin rif (category:base,tabindex:3)
2026-09-20 21:36:25,753 [INFO] PluginManage:310 - Check plugin thirdparty
2026-09-20 21:36:25,895 [INFO] PluginManage:359 - Loaded plugin thirdparty (category:base,tabindex:-1)
2026-09-20 21:36:25,895 [INFO] PluginManage:310 - Check plugin tools
2026-09-20 21:36:25,895 [WARN] IntegrityCheckThread:84 - waiting for thirdparty lock release [integrity check]
2026-09-20 21:36:25,895 [INFO] IntegrityCheckThread:86 - entering critical section [integrity check]
2026-09-20 21:36:25,895 [INFO] ThirdPartyUpdaterWithRetryManager:70 - Updater plugin not ready yet. [1/15]
2026-09-20 21:36:25,897 [INFO] PluginManage:359 - Loaded plugin tools (category:base,tabindex:7)
2026-09-20 21:36:25,898 [INFO] PluginManage:310 - Check plugin tutovideos
2026-09-20 21:36:26,118 [INFO] PluginManage:359 - Loaded plugin tutovideos (category:base,tabindex:-1)
2026-09-20 21:36:26,118 [INFO] PluginManage:310 - Check plugin updater
2026-09-20 21:36:26,144 [INFO] PluginManage:359 - Loaded plugin updater (category:base,tabindex:12)
2026-09-20 21:36:26,145 [INFO] PluginManage:310 - Check plugin userauth
2026-09-20 21:36:26,148 [INFO] UserAuth:118 - Init User Auth plugin
2026-09-20 21:36:26,149 [INFO] PluginManage:359 - Loaded plugin userauth (category:base,tabindex:14)
2026-09-20 21:36:26,149 [INFO] PluginManage:283 - PluginManage : Loaded plugins [18]
2026-09-20 21:36:26,436 [INFO] PinOutPanel:1589 - setPackage(No Configuration,No Configuration)
2026-09-20 21:36:26,519 [INFO] CADModel:165 - CPN selected for project level
2026-09-20 21:36:26,519 [INFO] CADModel:114 - Register for checkConnection events
2026-09-20 21:36:26,533 [INFO] IPUIPlugin:80 - create IPUIPlugin
2026-09-20 21:36:26,534 [INFO] PluginManager:220 - loadIPPluginJar : add adc
2026-09-20 21:36:26,536 [INFO] IPUIPlugin:80 - create IPUIPlugin
2026-09-20 21:36:26,536 [INFO] PluginManager:220 - loadIPPluginJar : add aes
2026-09-20 21:36:26,538 [INFO] IPUIPlugin:80 - create IPUIPlugin
2026-09-20 21:36:26,538 [INFO] PluginManager:220 - loadIPPluginJar : add can
2026-09-20 21:36:26,540 [INFO] IPUIPlugin:80 - create IPUIPlugin
2026-09-20 21:36:26,540 [INFO] PluginManager:220 - loadIPPluginJar : add comp
2026-09-20 21:36:26,542 [INFO] IPUIPlugin:80 - create IPUIPlugin
2026-09-20 21:36:26,542 [INFO] PluginManager:220 - loadIPPluginJar : add cryp
2026-09-20 21:36:26,543 [INFO] IPUIPlugin:80 - create IPUIPlugin
2026-09-20 21:36:26,543 [INFO] PluginManager:220 - loadIPPluginJar : add ddr_ctrl_phy
2026-09-20 21:36:26,545 [INFO] IPUIPlugin:80 - create IPUIPlugin
2026-09-20 21:36:26,545 [INFO] PluginManager:220 - loadIPPluginJar : add dfsdm
2026-09-20 21:36:26,550 [INFO] IPUIPlugin:80 - create IPUIPlugin
2026-09-20 21:36:26,550 [INFO] PluginManager:220 - loadIPPluginJar : add dma
2026-09-20 21:36:26,551 [INFO] IPUIPlugin:80 - create IPUIPlugin
2026-09-20 21:36:26,552 [INFO] PluginManager:220 - loadIPPluginJar : add dma3
2026-09-20 21:36:26,554 [INFO] IPUIPlugin:80 - create IPUIPlugin
2026-09-20 21:36:26,554 [INFO] PluginManager:220 - loadIPPluginJar : add extmemmanager
2026-09-20 21:36:26,555 [INFO] IPUIPlugin:80 - create IPUIPlugin
2026-09-20 21:36:26,555 [INFO] PluginManager:220 - loadIPPluginJar : add fatfs
2026-09-20 21:36:26,559 [INFO] IPUIPlugin:80 - create IPUIPlugin
2026-09-20 21:36:26,559 [INFO] PluginManager:220 - loadIPPluginJar : add fmc
2026-09-20 21:36:26,565 [INFO] IPUIPlugin:80 - create IPUIPlugin
2026-09-20 21:36:26,565 [INFO] PluginManager:220 - loadIPPluginJar : add freertos
2026-09-20 21:36:26,567 [INFO] IPUIPlugin:80 - create IPUIPlugin
2026-09-20 21:36:26,567 [INFO] PluginManager:220 - loadIPPluginJar : add genericplugin
2026-09-20 21:36:26,569 [INFO] IPUIPlugin:80 - create IPUIPlugin
2026-09-20 21:36:26,569 [INFO] PluginManager:220 - loadIPPluginJar : add gfxmmu
2026-09-20 21:36:26,574 [INFO] IPUIPlugin:80 - create IPUIPlugin
2026-09-20 21:36:26,574 [INFO] PluginManager:220 - loadIPPluginJar : add gic
2026-09-20 21:36:26,578 [INFO] IPUIPlugin:80 - create IPUIPlugin
2026-09-20 21:36:26,578 [INFO] PluginManager:220 - loadIPPluginJar : add gpio
2026-09-20 21:36:26,580 [INFO] IPUIPlugin:80 - create IPUIPlugin
2026-09-20 21:36:26,581 [INFO] PluginManager:220 - loadIPPluginJar : add gtzc
2026-09-20 21:36:26,583 [INFO] IPUIPlugin:80 - create IPUIPlugin
2026-09-20 21:36:26,583 [INFO] PluginManager:220 - loadIPPluginJar : add hash
2026-09-20 21:36:26,584 [INFO] IPUIPlugin:80 - create IPUIPlugin
2026-09-20 21:36:26,586 [INFO] PluginManager:220 - loadIPPluginJar : add i2c
2026-09-20 21:36:26,588 [INFO] IPUIPlugin:80 - create IPUIPlugin
2026-09-20 21:36:26,588 [INFO] PluginManager:220 - loadIPPluginJar : add i2s
2026-09-20 21:36:26,590 [INFO] IPUIPlugin:80 - create IPUIPlugin
2026-09-20 21:36:26,590 [INFO] PluginManager:220 - loadIPPluginJar : add i3c
2026-09-20 21:36:26,594 [INFO] IPUIPlugin:80 - create IPUIPlugin
2026-09-20 21:36:26,594 [INFO] PluginManager:220 - loadIPPluginJar : add ipddr
2026-09-20 21:36:26,599 [INFO] IPUIPlugin:80 - create IPUIPlugin
2026-09-20 21:36:26,600 [INFO] PluginManager:220 - loadIPPluginJar : add linkedlist
2026-09-20 21:36:26,602 [INFO] IPUIPlugin:80 - create IPUIPlugin
2026-09-20 21:36:26,602 [INFO] PluginManager:220 - loadIPPluginJar : add lorawan
2026-09-20 21:36:26,604 [INFO] IPUIPlugin:80 - create IPUIPlugin
2026-09-20 21:36:26,604 [INFO] PluginManager:220 - loadIPPluginJar : add ltdc
2026-09-20 21:36:26,608 [INFO] IPUIPlugin:80 - create IPUIPlugin
2026-09-20 21:36:26,608 [INFO] PluginManager:220 - loadIPPluginJar : add mdma
2026-09-20 21:36:26,611 [INFO] IPUIPlugin:80 - create IPUIPlugin
2026-09-20 21:36:26,611 [INFO] PluginManager:220 - loadIPPluginJar : add nvic
2026-09-20 21:36:26,614 [INFO] IPUIPlugin:80 - create IPUIPlugin
2026-09-20 21:36:26,614 [INFO] PluginManager:220 - loadIPPluginJar : add opamp
2026-09-20 21:36:26,616 [INFO] IPUIPlugin:80 - create IPUIPlugin
2026-09-20 21:36:26,616 [INFO] PluginManager:220 - loadIPPluginJar : add openamp
2026-09-20 21:36:26,618 [INFO] IPUIPlugin:80 - create IPUIPlugin
2026-09-20 21:36:26,618 [INFO] PluginManager:220 - loadIPPluginJar : add pdm2pcm
2026-09-20 21:36:26,623 [INFO] IPUIPlugin:80 - create IPUIPlugin
2026-09-20 21:36:26,626 [INFO] PluginManager:220 - loadIPPluginJar : add plateformsettings
2026-09-20 21:36:26,627 [INFO] IPUIPlugin:80 - create IPUIPlugin
2026-09-20 21:36:26,627 [INFO] PluginManager:220 - loadIPPluginJar : add quadspi
2026-09-20 21:36:26,629 [INFO] IPUIPlugin:80 - create IPUIPlugin
2026-09-20 21:36:26,629 [INFO] PluginManager:220 - loadIPPluginJar : add radio
2026-09-20 21:36:26,631 [INFO] IPUIPlugin:80 - create IPUIPlugin
2026-09-20 21:36:26,631 [INFO] PluginManager:220 - loadIPPluginJar : add resmgrutility
2026-09-20 21:36:26,634 [INFO] IPUIPlugin:80 - create IPUIPlugin
2026-09-20 21:36:26,634 [INFO] PluginManager:220 - loadIPPluginJar : add sai
2026-09-20 21:36:26,636 [INFO] IPUIPlugin:80 - create IPUIPlugin
2026-09-20 21:36:26,637 [INFO] PluginManager:220 - loadIPPluginJar : add spi
2026-09-20 21:36:26,641 [INFO] IPUIPlugin:80 - create IPUIPlugin
2026-09-20 21:36:26,641 [INFO] PluginManager:220 - loadIPPluginJar : add stm32_wpan
2026-09-20 21:36:26,644 [INFO] IPUIPlugin:80 - create IPUIPlugin
2026-09-20 21:36:26,644 [INFO] PluginManager:220 - loadIPPluginJar : add tim
2026-09-20 21:36:26,647 [INFO] IPUIPlugin:80 - create IPUIPlugin
2026-09-20 21:36:26,647 [INFO] PluginManager:220 - loadIPPluginJar : add touchsensing
2026-09-20 21:36:26,648 [INFO] IPUIPlugin:80 - create IPUIPlugin
2026-09-20 21:36:26,648 [INFO] PluginManager:220 - loadIPPluginJar : add tracer_emb
2026-09-20 21:36:26,650 [INFO] IPUIPlugin:80 - create IPUIPlugin
2026-09-20 21:36:26,650 [INFO] PluginManager:220 - loadIPPluginJar : add ts
2026-09-20 21:36:26,651 [INFO] IPUIPlugin:80 - create IPUIPlugin
2026-09-20 21:36:26,651 [INFO] PluginManager:220 - loadIPPluginJar : add tsc
2026-09-20 21:36:26,654 [INFO] IPUIPlugin:80 - create IPUIPlugin
2026-09-20 21:36:26,654 [INFO] PluginManager:220 - loadIPPluginJar : add ucpd
2026-09-20 21:36:26,656 [INFO] IPUIPlugin:80 - create IPUIPlugin
2026-09-20 21:36:26,656 [INFO] PluginManager:220 - loadIPPluginJar : add usart
2026-09-20 21:36:26,659 [INFO] IPUIPlugin:80 - create IPUIPlugin
2026-09-20 21:36:26,659 [INFO] PluginManager:220 - loadIPPluginJar : add usbx
2026-09-20 21:36:26,783 [FATAL] Updater:351 - Updater called before beeing initialized
2026-09-20 21:36:26,818 [INFO] RulesReader:64 - Compatibility file has been processed (317 Rules)
2026-09-20 21:36:26,829 [INFO] RulesReader:64 - Compatibility file has been processed (317 Rules)
2026-09-20 21:36:26,837 [INFO] CADModel:165 - CPN selected for project level
2026-09-20 21:36:26,837 [INFO] CADModel:114 - Register for checkConnection events
2026-09-20 21:36:26,837 [FATAL] Updater:351 - Updater called before beeing initialized
2026-09-20 21:36:26,837 [ERROR] CADModel:125 - Updater not yet initialized, retry later 
2026-09-20 21:36:27,034 [FATAL] Updater:351 - Updater called before beeing initialized
2026-09-20 21:36:27,036 [INFO] CADModel:165 - CPN selected for project level
2026-09-20 21:36:27,036 [INFO] CADModel:114 - Register for checkConnection events
2026-09-20 21:36:27,036 [FATAL] Updater:351 - Updater called before beeing initialized
2026-09-20 21:36:27,036 [ERROR] CADModel:125 - Updater not yet initialized, retry later 
2026-09-20 21:36:27,039 [FATAL] Updater:351 - Updater called before beeing initialized
2026-09-20 21:36:27,147 [FATAL] Updater:351 - Updater called before beeing initialized
2026-09-20 21:36:27,149 [INFO] DbMcusAds:53 - JSON generation date=Wed Jul 15 06:44:54 ART 2026 (1784108694001)
2026-09-20 21:36:27,150 [FATAL] Updater:351 - Updater called before beeing initialized
2026-09-20 21:36:27,178 [WARN] DetailPanel:346 - Failed to get advertising image, set to default
2026-09-20 21:36:27,260 [FATAL] Updater:351 - Updater called before beeing initialized
2026-09-20 21:36:27,261 [FATAL] Updater:351 - Updater called before beeing initialized
2026-09-20 21:36:27,262 [FATAL] Updater:351 - Updater called before beeing initialized
2026-09-20 21:36:27,262 [WARN] DetailPanel:346 - Failed to get advertising image, set to default
2026-09-20 21:36:27,263 [FATAL] Updater:351 - Updater called before beeing initialized
2026-09-20 21:36:27,302 [ERROR] Updater:1198 - MainUpdater not yet initialized. External WinMGr cannot be set.
2026-09-20 21:36:27,304 [INFO] Updater:1134 - Updater Version found : 6.15.0
2026-09-20 21:36:27,315 [INFO] ApplicationProperties:184 - Using Application install path: C:\ST\STM32CubeIDE_1.19.0\STM32CubeIDE\plugins\com.st.stm32cube.common.mx_6.15.0.202507011659
2026-09-20 21:36:28,888 [ERROR] LogOutputStream:75 - [STDERR_REDIRECT] Sep 20, 2026 9:36:28 PM java.util.prefs.WindowsPreferences <init>
2026-09-20 21:36:28,889 [ERROR] LogOutputStream:75 - [STDERR_REDIRECT] WARNING: Could not open/create prefs root node Software\JavaSoft\Prefs at root 0xffffffff80000002. Windows RegCreateKeyEx(...) returned error code 5.
2026-09-20 21:36:28,889 [ERROR] LogOutputStream:75 - [STDERR_REDIRECT] 
2026-09-20 21:36:28,896 [INFO] ThirdPartyUpdaterWithRetryManager:70 - Updater plugin not ready yet. [2/15]
2026-09-20 21:36:29,089 [INFO] MainUpdater:2872 - connection check result : 10
2026-09-20 21:36:29,089 [INFO] MainUpdater:289 - Updater Check For Update Now.
2026-09-20 21:36:29,089 [INFO] MicroXplorer:498 - Change Database Version : DB.6.0.150
2026-09-20 21:36:29,095 [INFO] McuFinderGlobals:63 - Set McuFinder mode to 2 (CubeIDE integrated)
2026-09-20 21:36:29,095 [INFO] UserAuth:487 - Internet connection configuration mode: 1
2026-09-20 21:36:29,112 [INFO] JxBrowserEngine:152 - Initiate JxBrowser Engine with user profile folder
2026-09-20 21:36:29,267 [INFO] CheckServerUpdateThread:120 - End of CheckServer Thread
2026-09-20 21:36:29,730 [INFO] WebApp:169 - Instantiating new browser for Auth
2026-09-20 21:36:30,375 [INFO] WebApp:463 - Apply proxy settings
2026-09-20 21:36:30,376 [INFO] WebApp:548 - Chromium requires no authentication
2026-09-20 21:36:30,383 [INFO] WebApp:491 - Direct internet connection detected
2026-09-20 21:36:30,399 [INFO] WebApp:900 - Register for checkConnection events
2026-09-20 21:36:30,399 [INFO] WebApp:463 - Apply proxy settings
2026-09-20 21:36:30,399 [INFO] WebApp:548 - Chromium requires no authentication
2026-09-20 21:36:30,400 [INFO] WebApp:491 - Direct internet connection detected
2026-09-20 21:36:30,514 [INFO] WebApp:225 - Starting web application
2026-09-20 21:36:30,515 [INFO] WebApp:593 - Web application path used C:\ST\STM32CubeIDE_1.19.0\STM32CubeIDE\plugins\com.st.stm32cube.common.mx_6.15.0.202507011659\db\plugins\mcufinder\reactClient1\index.html
2026-09-20 21:36:30,616 [INFO] UserAuth:487 - Internet connection configuration mode: 1
2026-09-20 21:36:30,694 [ERROR] LogOutputStream:75 - [STDERR_REDIRECT] [Fatal Error] :1:1: Premature end of file.
2026-09-20 21:36:30,695 [ERROR] LogOutputStream:75 - [STDERR_REDIRECT] 
2026-09-20 21:36:31,005 [INFO] WebApp:191 - Connection restablished
2026-09-20 21:36:31,673 [ERROR] LogOutputStream:75 - [STDERR_REDIRECT] [Fatal Error] :1:1: Premature end of file.
2026-09-20 21:36:31,673 [ERROR] LogOutputStream:75 - [STDERR_REDIRECT] 
2026-09-20 21:36:32,092 [WARN] PackLoader:240 - Cannot read IP mode file for STMicroelectronics.X-CUBE-AZRTOS-H7.3.5.0
2026-09-20 21:36:32,104 [WARN] PackLoader:240 - Cannot read IP mode file for STMicroelectronics.FP-ATR-ASTRA1.2.0.3
2026-09-20 21:36:32,110 [ERROR] Engine:466 - C:\Users\alang\.stm32cubemx\thirdparties\pdsc\STMicroelectronics.X-CUBE-SMBUS.2.1.1.pdsc: PDSC version is not supported
2026-09-20 21:36:32,133 [WARN] PackLoader:240 - Cannot read IP mode file for STMicroelectronics.X-CUBE-AZRTOS-F7.1.1.0
2026-09-20 21:36:32,146 [WARN] PackLoader:240 - Cannot read IP mode file for STMicroelectronics.X-CUBE-FREERTOS.1.6.0
2026-09-20 21:36:32,151 [WARN] PackLoader:240 - Cannot read IP mode file for STMicroelectronics.FP-SNS-MOTENV1.5.1.0
2026-09-20 21:36:32,170 [WARN] PackLoader:240 - Cannot read IP mode file for STMicroelectronics.X-CUBE-AZRTOS-H7RS.1.3.0
2026-09-20 21:36:32,196 [WARN] PackLoader:240 - Cannot read IP mode file for WES.I-CUBE-Cesium.1.4.0
2026-09-20 21:36:32,205 [WARN] PackLoader:240 - Cannot read IP mode file for STMicroelectronics.X-CUBE-DISPLAY.3.0.0
2026-09-20 21:36:32,219 [WARN] PackLoader:240 - Cannot read IP mode file for STMicroelectronics.X-CUBE-GNSS1.7.1.1
2026-09-20 21:36:32,226 [WARN] PackLoader:240 - Cannot read IP mode file for STMicroelectronics.FP-SNS-MOTENVWB1.1.5.0
2026-09-20 21:36:32,236 [WARN] PackLoader:240 - Cannot read IP mode file for STMicroelectronics.X-CUBE-NFC10.1.0.0
2026-09-20 21:36:32,244 [WARN] PackLoader:240 - Cannot read IP mode file for STMicroelectronics.X-CUBE-ST60.1.1.0
2026-09-20 21:36:32,250 [WARN] PackLoader:240 - Cannot read IP mode file for emotas.I-CUBE-CANOPEN.1.3.0
2026-09-20 21:36:32,257 [WARN] PackLoader:240 - Cannot read IP mode file for wolfSSL.I-CUBE-wolfSSL.5.9.2
2026-09-20 21:36:32,260 [ERROR] Engine:466 - C:\Users\alang\.stm32cubemx\thirdparties\pdsc\STMicroelectronics.X-CUBE-WBA.1.1.0.pdsc: PDSC version is not supported
2026-09-20 21:36:32,267 [WARN] PackLoader:240 - Cannot read IP mode file for STMicroelectronics.FP-SNS-STBOX1.2.1.0
2026-09-20 21:36:32,275 [WARN] PackLoader:240 - Cannot read IP mode file for STMicroelectronics.FP-SNS-SMARTAG2.1.2.0
2026-09-20 21:36:32,281 [WARN] PackLoader:240 - Cannot read IP mode file for STMicroelectronics.FP-SNS-FLIGHT1.5.1.0
2026-09-20 21:36:32,292 [INFO] LogOutputStream:77 - [STDOUT_REDIRECT] 1 : Invalid condition id : UX_CORESTACK_Condition cause : null
2026-09-20 21:36:32,293 [INFO] LogOutputStream:77 - [STDOUT_REDIRECT] 1 : Invalid condition id : UX_CORESTACK_Condition cause : null
2026-09-20 21:36:32,295 [INFO] LogOutputStream:77 - [STDOUT_REDIRECT] 1 : Invalid condition id : UX_CORESTACK_Condition cause : null
2026-09-20 21:36:32,296 [INFO] LogOutputStream:77 - [STDOUT_REDIRECT] 1 : Invalid condition id : UX_CORESTACK_Condition cause : null
2026-09-20 21:36:32,296 [INFO] LogOutputStream:77 - [STDOUT_REDIRECT] 1 : Invalid condition id : UX_CORESTACK_Condition cause : null
2026-09-20 21:36:32,300 [WARN] PackLoader:240 - Cannot read IP mode file for STMicroelectronics.X-CUBE-AZRTOS-WL.2.0.0
2026-09-20 21:36:32,307 [WARN] PackLoader:240 - Cannot read IP mode file for STMicroelectronics.X-CUBE-BLE2.3.3.0
2026-09-20 21:36:32,346 [WARN] PackLoader:240 - Cannot read IP mode file for Infineon.AIROC-Wi-Fi-Bluetooth-STM32.1.8.0
2026-09-20 21:36:32,359 [WARN] PackLoader:240 - Cannot read IP mode file for STMicroelectronics.X-CUBE-NFC9.1.0.0
2026-09-20 21:36:32,366 [WARN] PackLoader:240 - Cannot read IP mode file for STMicroelectronics.X-CUBE-BLE1.7.1.0
2026-09-20 21:36:32,372 [WARN] PackLoader:240 - Cannot read IP mode file for wolfSSL.I-CUBE-wolfMQTT.1.19.2
2026-09-20 21:36:32,378 [WARN] PackLoader:240 - Cannot read IP mode file for STMicroelectronics.X-CUBE-EEPRMA1.5.2.0
2026-09-20 21:36:32,386 [WARN] PackLoader:240 - Cannot read IP mode file for STMicroelectronics.FP-SNS-STAIOTCFT.1.1.0
2026-09-20 21:36:32,405 [WARN] PackLoader:240 - Cannot read IP mode file for STMicroelectronics.X-CUBE-AZRTOS-G0.1.1.0
2026-09-20 21:36:32,413 [WARN] PackLoader:240 - Cannot read IP mode file for STMicroelectronics.X-CUBE-NFC4.3.0.0
2026-09-20 21:36:32,425 [WARN] PackLoader:240 - Cannot read IP mode file for EmbeddedOffice.I-CUBE-FS-RTOS.1.0.1
2026-09-20 21:36:32,430 [WARN] PackLoader:240 - Cannot read IP mode file for wolfSSL.I-CUBE-wolfTPM.3.8.0
2026-09-20 21:36:32,437 [WARN] PackLoader:240 - Cannot read IP mode file for STMicroelectronics.X-CUBE-TCPP.4.2.0
2026-09-20 21:36:32,445 [WARN] PackLoader:240 - Cannot read IP mode file for RealThread.X-CUBE-RT-Thread_Nano.4.1.1
2026-09-20 21:36:32,451 [WARN] PackLoader:240 - Cannot read IP mode file for STMicroelectronics.FP-ATR-SIGFOX1.3.2.0
2026-09-20 21:36:32,459 [WARN] PackLoader:240 - Cannot read IP mode file for ITTIA_DB.I-CUBE-ITTIADB.8.9.0
2026-09-20 21:36:32,464 [WARN] PackLoader:240 - Cannot read IP mode file for Cesanta.I-CUBE-Mongoose.7.21.7
2026-09-20 21:36:32,472 [WARN] PackLoader:240 - Cannot read IP mode file for STMicroelectronics.X-CUBE-NFC6.3.2.0
2026-09-20 21:36:32,480 [WARN] PackLoader:240 - Cannot read IP mode file for STMicroelectronics.X-CUBE-AI.10.2.1
2026-09-20 21:36:32,539 [WARN] PackLoader:240 - Cannot read IP mode file for SEGGER.I-CUBE-embOS.1.3.1
2026-09-20 21:36:32,609 [ERROR] Engine:466 - C:\Users\alang\.stm32cubemx\thirdparties\pdsc\STMicroelectronics.FP-SNS-STAIOTCFT.2.0.0.pdsc: PDSC version is not supported
2026-09-20 21:36:32,659 [WARN] PackLoader:240 - Cannot read IP mode file for STMicroelectronics.X-CUBE-NFC13.1.0.0
2026-09-20 21:36:32,675 [WARN] PackLoader:240 - Cannot read IP mode file for STMicroelectronics.X-CUBE-PM33A1.1.0.0
2026-09-20 21:36:32,740 [WARN] PackLoader:240 - Cannot read IP mode file for STMicroelectronics.X-CUBE-AZRTOS-F4.1.1.0
2026-09-20 21:36:32,749 [WARN] PackLoader:240 - Cannot read IP mode file for STMicroelectronics.X-CUBE-ISPU.2.1.0
2026-09-20 21:36:32,765 [WARN] PackLoader:240 - Cannot read IP mode file for STMicroelectronics.X-CUBE-IPS.3.2.0
2026-09-20 21:36:32,779 [WARN] PackLoader:240 - Cannot read IP mode file for STMicroelectronics.eDS-WB_DPC_TT-BIDIR.2.1.1
2026-09-20 21:36:32,786 [WARN] PackLoader:240 - Cannot read IP mode file for STMicroelectronics.X-CUBE-NFC12.1.0.0
2026-09-20 21:36:32,795 [ERROR] LogOutputStream:75 - [STDERR_REDIRECT] [Fatal Error] :1:1: Premature end of file.
2026-09-20 21:36:32,795 [ERROR] LogOutputStream:75 - [STDERR_REDIRECT] 
2026-09-20 21:36:32,804 [WARN] PackLoader:240 - Cannot read IP mode file for STMicroelectronics.X-CUBE-AZRTOS-L5.2.0.0
2026-09-20 21:36:32,820 [WARN] PackLoader:240 - Cannot read IP mode file for STMicroelectronics.X-CUBE-ALGOBUILD.1.5.0
2026-09-20 21:36:32,824 [WARN] PackLoader:240 - Cannot read IP mode file for STMicroelectronics.eDS-WB_DPC_VIENNA.1.2.0
2026-09-20 21:36:32,872 [WARN] PackLoader:240 - Cannot read IP mode file for STMicroelectronics.X-CUBE-MEMS1.13.0.0
2026-09-20 21:36:32,937 [WARN] PackLoader:240 - Cannot read IP mode file for STMicroelectronics.eDS-WB_DPC_3PH2L-BIDIR.1.1.1
2026-09-20 21:36:32,940 [ERROR] Engine:466 - C:\Users\alang\.stm32cubemx\thirdparties\pdsc\STMicroelectronics.X-CUBE-ST67W61.1.3.0.pdsc: PDSC version is not supported
2026-09-20 21:36:32,948 [WARN] PackLoader:240 - Cannot read IP mode file for STMicroelectronics.X-CUBE-TOUCHGFX.4.26.1
2026-09-20 21:36:32,953 [WARN] PackLoader:240 - Cannot read IP mode file for STMicroelectronics.X-CUBE-DPower.1.3.0
2026-09-20 21:36:32,970 [WARN] ConditionMgr:438 - getConditionDescription Invalid condition id : LAN8742 Phy interface Condition cause : null
2026-09-20 21:36:32,970 [WARN] PackLoader:240 - Cannot read IP mode file for STMicroelectronics.X-CUBE-AZRTOS-L4.2.0.0
2026-09-20 21:36:32,971 [WARN] ConditionMgr:1044 - genDependencies : Invalid condition id : LAN8742 Phy interface Condition cause : null
2026-09-20 21:36:32,971 [WARN] ConditionMgr:1044 - genDependencies : Invalid condition id : LAN8742 Phy interface Condition cause : null
2026-09-20 21:36:32,971 [WARN] ConditionMgr:1044 - genDependencies : Invalid condition id : LAN8742 Phy interface Condition cause : null
2026-09-20 21:36:32,980 [WARN] PackLoader:240 - Cannot read IP mode file for STMicroelectronics.X-CUBE-SFXS2LP1.4.0.0
2026-09-20 21:36:32,990 [WARN] PackLoader:240 - Cannot read IP mode file for STMicroelectronics.X-CUBE-WB05N.2.1.0
2026-09-20 21:36:33,001 [WARN] ConditionMgr:438 - getConditionDescription Invalid condition id : UX DEVICE CLASS RTOS Condition cause : null
2026-09-20 21:36:33,002 [WARN] ConditionMgr:438 - getConditionDescription Invalid condition id : UX DEVICE CLASS RTOS Condition cause : null
2026-09-20 21:36:33,003 [WARN] PackLoader:240 - Cannot read IP mode file for STMicroelectronics.X-CUBE-AZRTOS-WB.2.0.0
2026-09-20 21:36:33,004 [WARN] ConditionMgr:1044 - genDependencies : Invalid condition id : UX DEVICE CLASS RTOS Condition cause : null
2026-09-20 21:36:33,005 [WARN] ConditionMgr:1044 - genDependencies : Invalid condition id : UX DEVICE CLASS RTOS Condition cause : null
2026-09-20 21:36:33,005 [WARN] ConditionMgr:1044 - genDependencies : Invalid condition id : UX DEVICE CLASS RTOS Condition cause : null
2026-09-20 21:36:33,005 [WARN] ConditionMgr:1044 - genDependencies : Invalid condition id : UX DEVICE CLASS RTOS Condition cause : null
2026-09-20 21:36:33,005 [WARN] ConditionMgr:1044 - genDependencies : Invalid condition id : UX DEVICE CLASS RTOS Condition cause : null
2026-09-20 21:36:33,011 [WARN] ConditionMgr:438 - getConditionDescription Invalid condition id : Cortex-A Device cause : null
2026-09-20 21:36:33,022 [WARN] ConditionMgr:1044 - genDependencies : Invalid condition id : Cortex-A Device cause : null
2026-09-20 21:36:33,022 [WARN] ConditionMgr:1044 - genDependencies : Invalid condition id : Cortex-A Device cause : null
2026-09-20 21:36:33,023 [WARN] ConditionMgr:1044 - genDependencies : Invalid condition id : Cortex-A Device cause : null
2026-09-20 21:36:33,029 [WARN] PackLoader:240 - Cannot read IP mode file for STMicroelectronics.X-CUBE-STSE01.2.0.0
2026-09-20 21:36:33,041 [WARN] PackLoader:240 - Cannot read IP mode file for STMicroelectronics.X-CUBE-SUBG2.5.0.0
2026-09-20 21:36:33,056 [WARN] PackLoader:240 - Cannot read IP mode file for STMicroelectronics.X-CUBE-AZRTOS-G4.2.0.0
2026-09-20 21:36:33,062 [WARN] PackLoader:240 - Cannot read IP mode file for wolfSSL.I-CUBE-wolfSSH.1.4.20
2026-09-20 21:36:33,069 [WARN] PackLoader:240 - Cannot read IP mode file for STMicroelectronics.X-CUBE-NFC7.2.0.0
2026-09-20 21:36:33,073 [ERROR] Engine:466 - C:\Users\alang\.stm32cubemx\thirdparties\pdsc\STMicroelectronics.X-CUBE-BLEMGR.4.2.0.pdsc: PDSC version is not supported
2026-09-20 21:36:33,080 [WARN] PackLoader:240 - Cannot read IP mode file for STMicroelectronics.X-CUBE-ALS.1.0.2
2026-09-20 21:36:33,091 [WARN] PackLoader:240 - Cannot read IP mode file for STMicroelectronics.X-CUBE-TOF1.3.4.3
2026-09-20 21:36:33,099 [INFO] ThirdParty:978 - Integrity check success = true
2026-09-20 21:36:33,099 [INFO] IntegrityCheckThread:100 - exiting critical section [integrity check]
2026-09-20 21:36:33,099 [INFO] IntegrityCheckThread:103 - End integrity checks thread
2026-09-20 21:36:33,534 [ERROR] LogOutputStream:75 - [STDERR_REDIRECT] 
2026-09-20 21:36:58,443 [INFO] Activator:176 - 


2026-09-20 21:36:58,445 [INFO] Activator:177 - !SESSION log4j initialized
2026-09-20 21:37:01,139 [INFO] LogOutputStream:77 - [STDOUT_REDIRECT] 
2026-09-20 21:37:02,742 [INFO] ApplicationProperties:184 - Using Application install path: C:\ST\STM32CubeIDE_1.19.0\STM32CubeIDE\plugins\com.st.stm32cube.common.mx_6.15.0.202507011659
2026-09-20 21:37:02,755 [INFO] DbMcusXml:78 - Set database path to: C:\ST\STM32CubeIDE_1.19.0\STM32CubeIDE\plugins\com.st.stm32cube.common.mx_6.15.0.202507011659\\db\/mcu/
2026-09-20 21:37:02,755 [INFO] ApiDb:274 - Set plugin database path to: C:\ST\STM32CubeIDE_1.19.0\STM32CubeIDE\plugins\com.st.stm32cube.common.mx_6.15.0.202507011659\\db\/plugins/boardmanager/
2026-09-20 21:37:02,755 [WARN] ApiDb:259 - Overriding images path with different value:  => C:\ST\STM32CubeIDE_1.19.0\STM32CubeIDE\plugins\com.st.stm32cube.common.mx_6.15.0.202507011659\\db\/plugins/mcufinder/images/
2026-09-20 21:37:02,759 [INFO] ApiDb:250 - Set database path to: C:\Users\alang\.stmcufinder\plugins\mcufinder//mcu/
2026-09-20 21:37:02,760 [INFO] DbMcusAds:125 - Set database path to: C:\Users\alang\.stmcufinder\plugins\mcufinder//mcu/
2026-09-20 21:37:02,778 [INFO] CrossReferenceDbSqlite:203 - Set database path to: C:\Users\alang\.stmcufinder\plugins\mcufinder//mcu/cs/
2026-09-20 21:37:02,938 [INFO] RulesReader:64 - Compatibility file has been processed (317 Rules)
2026-09-20 21:37:03,070 [INFO] DbMcusXml:78 - Set database path to: C:\ST\STM32CubeIDE_1.19.0\STM32CubeIDE\plugins\com.st.stm32cube.common.mx_6.15.0.202507011659\\db\/mcu/
2026-09-20 21:37:03,070 [INFO] ApiDb:274 - Set plugin database path to: C:\ST\STM32CubeIDE_1.19.0\STM32CubeIDE\plugins\com.st.stm32cube.common.mx_6.15.0.202507011659\\db\/plugins/boardmanager/
2026-09-20 21:37:03,070 [INFO] ApiDb:261 - Set plugin images path to: C:\ST\STM32CubeIDE_1.19.0\STM32CubeIDE\plugins\com.st.stm32cube.common.mx_6.15.0.202507011659\\db\/plugins/mcufinder/images/
2026-09-20 21:37:03,070 [WARN] DbFile:41 - Overriding database path with different value: C:\Users\alang\.stmcufinder\plugins\mcufinder/ => C:\Users\alang\.stmcufinder\plugins\mcufinder
2026-09-20 21:37:03,070 [INFO] ApiDb:250 - Set database path to: C:\Users\alang\.stmcufinder\plugins\mcufinder//mcu/
2026-09-20 21:37:03,070 [WARN] DbFile:41 - Overriding database path with different value: C:\Users\alang\.stmcufinder\plugins\mcufinder/ => C:\Users\alang\.stmcufinder\plugins\mcufinder
2026-09-20 21:37:03,070 [INFO] DbMcusAds:125 - Set database path to: C:\Users\alang\.stmcufinder\plugins\mcufinder//mcu/
2026-09-20 21:37:03,070 [WARN] DbFile:41 - Overriding database path with different value: C:\Users\alang\.stmcufinder\plugins\mcufinder/ => C:\Users\alang\.stmcufinder\plugins\mcufinder
2026-09-20 21:37:03,071 [WARN] DbFile:41 - Overriding database path with different value: C:\Users\alang\.stmcufinder\plugins\mcufinder/ => C:\Users\alang\.stmcufinder\plugins\mcufinder
2026-09-20 21:37:03,071 [INFO] CrossReferenceDbSqlite:203 - Set database path to: C:\Users\alang\.stmcufinder\plugins\mcufinder//mcu/cs/
2026-09-20 21:37:03,155 [INFO] MainPanel:274 - HeapMemory: 268435456
2026-09-20 21:37:03,228 [INFO] DbMcusXml:78 - Set database path to: C:\ST\STM32CubeIDE_1.19.0\STM32CubeIDE\plugins\com.st.stm32cube.common.mx_6.15.0.202507011659\\db\/mcu/
2026-09-20 21:37:03,229 [INFO] ApiDb:274 - Set plugin database path to: C:\ST\STM32CubeIDE_1.19.0\STM32CubeIDE\plugins\com.st.stm32cube.common.mx_6.15.0.202507011659\\db\/plugins/boardmanager/
2026-09-20 21:37:03,229 [INFO] ApiDb:261 - Set plugin images path to: C:\ST\STM32CubeIDE_1.19.0\STM32CubeIDE\plugins\com.st.stm32cube.common.mx_6.15.0.202507011659\\db\/plugins/mcufinder/images/
2026-09-20 21:37:03,229 [WARN] DbFile:41 - Overriding database path with different value: C:\Users\alang\.stmcufinder\plugins\mcufinder/ => C:\Users\alang\.stmcufinder\plugins\mcufinder
2026-09-20 21:37:03,229 [INFO] ApiDb:250 - Set database path to: C:\Users\alang\.stmcufinder\plugins\mcufinder//mcu/
2026-09-20 21:37:03,229 [WARN] DbFile:41 - Overriding database path with different value: C:\Users\alang\.stmcufinder\plugins\mcufinder/ => C:\Users\alang\.stmcufinder\plugins\mcufinder
2026-09-20 21:37:03,229 [INFO] DbMcusAds:125 - Set database path to: C:\Users\alang\.stmcufinder\plugins\mcufinder//mcu/
2026-09-20 21:37:03,229 [WARN] DbFile:41 - Overriding database path with different value: C:\Users\alang\.stmcufinder\plugins\mcufinder/ => C:\Users\alang\.stmcufinder\plugins\mcufinder
2026-09-20 21:37:03,229 [WARN] DbFile:41 - Overriding database path with different value: C:\Users\alang\.stmcufinder\plugins\mcufinder/ => C:\Users\alang\.stmcufinder\plugins\mcufinder
2026-09-20 21:37:03,229 [INFO] CrossReferenceDbSqlite:203 - Set database path to: C:\Users\alang\.stmcufinder\plugins\mcufinder//mcu/cs/
2026-09-20 21:37:03,245 [INFO] ApplicationProperties:184 - Using Application install path: C:\ST\STM32CubeIDE_1.19.0\STM32CubeIDE\plugins\com.st.stm32cube.common.mx_6.15.0.202507011659
2026-09-20 21:37:03,246 [INFO] PluginManage:196 - Search for loadable plugins [exclusion list=, ]
2026-09-20 21:37:03,248 [INFO] PluginManage:310 - Check plugin analytics
2026-09-20 21:37:03,400 [INFO] AnalyticsPlugin:253 - Accepted Software Licenses: 
2026-09-20 21:37:03,401 [INFO] AnalyticsPlugin:255 - Accepted CMSIS Pack Licenses: 
2026-09-20 21:37:03,401 [INFO] AnalyticsPlugin:257 - Accepted Firmware Licenses: FW.F4.1.28.0
2026-09-20 21:37:03,401 [INFO] PluginManage:359 - Loaded plugin analytics (category:tool,tabindex:-1)
2026-09-20 21:37:03,401 [INFO] PluginManage:310 - Check plugin cadmodel
2026-09-20 21:37:03,406 [INFO] CADModel:105 - Init CAD model plugin
2026-09-20 21:37:03,406 [INFO] PluginManage:359 - Loaded plugin cadmodel (category:power,tabindex:5)
2026-09-20 21:37:03,407 [INFO] PluginManage:310 - Check plugin clock
2026-09-20 21:37:03,414 [INFO] PluginManage:359 - Loaded plugin clock (category:base,tabindex:2)
2026-09-20 21:37:03,414 [INFO] PluginManage:310 - Check plugin ddr
2026-09-20 21:37:03,416 [INFO] PluginManage:359 - Loaded plugin ddr (category:tool,tabindex:6)
2026-09-20 21:37:03,416 [INFO] PluginManage:310 - Check plugin filemanager
2026-09-20 21:37:03,544 [INFO] PluginManage:359 - Loaded plugin filemanager (category:base,tabindex:10)
2026-09-20 21:37:03,544 [INFO] PluginManage:310 - Check plugin ipmanager
2026-09-20 21:37:03,549 [INFO] PluginManage:359 - Loaded plugin ipmanager (category:base,tabindex:5)
2026-09-20 21:37:03,550 [INFO] PluginManage:310 - Check plugin lpbam
2026-09-20 21:37:03,556 [INFO] PluginManage:359 - Loaded plugin lpbam (category:base,tabindex:0)
2026-09-20 21:37:03,556 [INFO] PluginManage:310 - Check plugin memorymap
2026-09-20 21:37:03,566 [INFO] PluginManage:359 - Loaded plugin memorymap (category:base,tabindex:4)
2026-09-20 21:37:03,566 [INFO] PluginManage:310 - Check plugin pinoutandconfiguration
2026-09-20 21:37:03,572 [INFO] PluginManage:359 - Loaded plugin pinoutandconfiguration (category:base,tabindex:1)
2026-09-20 21:37:03,572 [INFO] PluginManage:310 - Check plugin pinoutconfig
2026-09-20 21:37:03,651 [WARN] SupportedApi:132 - Cannot load RTOS API schema: s4s-elt-must-match.1: The content of 'definitions' must match (annotation?, (simpleType | complexType)?, (unique | key | keyref)*)). A problem was found starting at: attribute.
2026-09-20 21:37:03,770 [INFO] PluginManage:359 - Loaded plugin pinoutconfig (category:base,tabindex:0)
2026-09-20 21:37:03,770 [INFO] PluginManage:310 - Check plugin power
2026-09-20 21:37:03,778 [INFO] PluginManage:359 - Loaded plugin power (category:power,tabindex:4)
2026-09-20 21:37:03,778 [INFO] PluginManage:310 - Check plugin projectmanager
2026-09-20 21:37:03,793 [INFO] PluginManage:359 - Loaded plugin projectmanager (category:projectmanager,tabindex:4)
2026-09-20 21:37:03,794 [INFO] PluginManage:310 - Check plugin rif
2026-09-20 21:37:03,802 [INFO] PluginManage:359 - Loaded plugin rif (category:base,tabindex:3)
2026-09-20 21:37:03,802 [INFO] PluginManage:310 - Check plugin thirdparty
2026-09-20 21:37:03,907 [INFO] PluginManage:359 - Loaded plugin thirdparty (category:base,tabindex:-1)
2026-09-20 21:37:03,907 [INFO] PluginManage:310 - Check plugin tools
2026-09-20 21:37:03,907 [WARN] IntegrityCheckThread:84 - waiting for thirdparty lock release [integrity check]
2026-09-20 21:37:03,908 [INFO] IntegrityCheckThread:86 - entering critical section [integrity check]
2026-09-20 21:37:03,908 [INFO] ThirdPartyUpdaterWithRetryManager:70 - Updater plugin not ready yet. [1/15]
2026-09-20 21:37:03,909 [INFO] PluginManage:359 - Loaded plugin tools (category:base,tabindex:7)
2026-09-20 21:37:03,909 [INFO] PluginManage:310 - Check plugin tutovideos
2026-09-20 21:37:04,050 [INFO] PluginManage:359 - Loaded plugin tutovideos (category:base,tabindex:-1)
2026-09-20 21:37:04,050 [INFO] PluginManage:310 - Check plugin updater
2026-09-20 21:37:04,065 [INFO] PluginManage:359 - Loaded plugin updater (category:base,tabindex:12)
2026-09-20 21:37:04,065 [INFO] PluginManage:310 - Check plugin userauth
2026-09-20 21:37:04,069 [INFO] UserAuth:118 - Init User Auth plugin
2026-09-20 21:37:04,069 [INFO] PluginManage:359 - Loaded plugin userauth (category:base,tabindex:14)
2026-09-20 21:37:04,070 [INFO] PluginManage:283 - PluginManage : Loaded plugins [18]
2026-09-20 21:37:04,285 [INFO] PinOutPanel:1589 - setPackage(No Configuration,No Configuration)
2026-09-20 21:37:04,356 [INFO] CADModel:165 - CPN selected for project level
2026-09-20 21:37:04,356 [INFO] CADModel:114 - Register for checkConnection events
2026-09-20 21:37:04,372 [INFO] IPUIPlugin:80 - create IPUIPlugin
2026-09-20 21:37:04,372 [INFO] PluginManager:220 - loadIPPluginJar : add adc
2026-09-20 21:37:04,375 [INFO] IPUIPlugin:80 - create IPUIPlugin
2026-09-20 21:37:04,375 [INFO] PluginManager:220 - loadIPPluginJar : add aes
2026-09-20 21:37:04,376 [INFO] IPUIPlugin:80 - create IPUIPlugin
2026-09-20 21:37:04,376 [INFO] PluginManager:220 - loadIPPluginJar : add can
2026-09-20 21:37:04,377 [INFO] IPUIPlugin:80 - create IPUIPlugin
2026-09-20 21:37:04,377 [INFO] PluginManager:220 - loadIPPluginJar : add comp
2026-09-20 21:37:04,379 [INFO] IPUIPlugin:80 - create IPUIPlugin
2026-09-20 21:37:04,379 [INFO] PluginManager:220 - loadIPPluginJar : add cryp
2026-09-20 21:37:04,381 [INFO] IPUIPlugin:80 - create IPUIPlugin
2026-09-20 21:37:04,381 [INFO] PluginManager:220 - loadIPPluginJar : add ddr_ctrl_phy
2026-09-20 21:37:04,383 [INFO] IPUIPlugin:80 - create IPUIPlugin
2026-09-20 21:37:04,383 [INFO] PluginManager:220 - loadIPPluginJar : add dfsdm
2026-09-20 21:37:04,388 [INFO] IPUIPlugin:80 - create IPUIPlugin
2026-09-20 21:37:04,388 [INFO] PluginManager:220 - loadIPPluginJar : add dma
2026-09-20 21:37:04,390 [INFO] IPUIPlugin:80 - create IPUIPlugin
2026-09-20 21:37:04,390 [INFO] PluginManager:220 - loadIPPluginJar : add dma3
2026-09-20 21:37:04,392 [INFO] IPUIPlugin:80 - create IPUIPlugin
2026-09-20 21:37:04,392 [INFO] PluginManager:220 - loadIPPluginJar : add extmemmanager
2026-09-20 21:37:04,392 [INFO] IPUIPlugin:80 - create IPUIPlugin
2026-09-20 21:37:04,392 [INFO] PluginManager:220 - loadIPPluginJar : add fatfs
2026-09-20 21:37:04,395 [INFO] IPUIPlugin:80 - create IPUIPlugin
2026-09-20 21:37:04,395 [INFO] PluginManager:220 - loadIPPluginJar : add fmc
2026-09-20 21:37:04,399 [INFO] IPUIPlugin:80 - create IPUIPlugin
2026-09-20 21:37:04,399 [INFO] PluginManager:220 - loadIPPluginJar : add freertos
2026-09-20 21:37:04,400 [INFO] IPUIPlugin:80 - create IPUIPlugin
2026-09-20 21:37:04,400 [INFO] PluginManager:220 - loadIPPluginJar : add genericplugin
2026-09-20 21:37:04,401 [INFO] IPUIPlugin:80 - create IPUIPlugin
2026-09-20 21:37:04,401 [INFO] PluginManager:220 - loadIPPluginJar : add gfxmmu
2026-09-20 21:37:04,404 [INFO] IPUIPlugin:80 - create IPUIPlugin
2026-09-20 21:37:04,405 [INFO] PluginManager:220 - loadIPPluginJar : add gic
2026-09-20 21:37:04,407 [INFO] IPUIPlugin:80 - create IPUIPlugin
2026-09-20 21:37:04,407 [INFO] PluginManager:220 - loadIPPluginJar : add gpio
2026-09-20 21:37:04,409 [INFO] IPUIPlugin:80 - create IPUIPlugin
2026-09-20 21:37:04,409 [INFO] PluginManager:220 - loadIPPluginJar : add gtzc
2026-09-20 21:37:04,410 [INFO] IPUIPlugin:80 - create IPUIPlugin
2026-09-20 21:37:04,410 [INFO] PluginManager:220 - loadIPPluginJar : add hash
2026-09-20 21:37:04,412 [INFO] IPUIPlugin:80 - create IPUIPlugin
2026-09-20 21:37:04,412 [INFO] PluginManager:220 - loadIPPluginJar : add i2c
2026-09-20 21:37:04,414 [INFO] IPUIPlugin:80 - create IPUIPlugin
2026-09-20 21:37:04,414 [INFO] PluginManager:220 - loadIPPluginJar : add i2s
2026-09-20 21:37:04,416 [INFO] IPUIPlugin:80 - create IPUIPlugin
2026-09-20 21:37:04,416 [INFO] PluginManager:220 - loadIPPluginJar : add i3c
2026-09-20 21:37:04,417 [INFO] IPUIPlugin:80 - create IPUIPlugin
2026-09-20 21:37:04,417 [INFO] PluginManager:220 - loadIPPluginJar : add ipddr
2026-09-20 21:37:04,422 [INFO] IPUIPlugin:80 - create IPUIPlugin
2026-09-20 21:37:04,422 [INFO] PluginManager:220 - loadIPPluginJar : add linkedlist
2026-09-20 21:37:04,423 [INFO] IPUIPlugin:80 - create IPUIPlugin
2026-09-20 21:37:04,424 [INFO] PluginManager:220 - loadIPPluginJar : add lorawan
2026-09-20 21:37:04,424 [INFO] IPUIPlugin:80 - create IPUIPlugin
2026-09-20 21:37:04,424 [INFO] PluginManager:220 - loadIPPluginJar : add ltdc
2026-09-20 21:37:04,428 [INFO] IPUIPlugin:80 - create IPUIPlugin
2026-09-20 21:37:04,428 [INFO] PluginManager:220 - loadIPPluginJar : add mdma
2026-09-20 21:37:04,430 [INFO] IPUIPlugin:80 - create IPUIPlugin
2026-09-20 21:37:04,430 [INFO] PluginManager:220 - loadIPPluginJar : add nvic
2026-09-20 21:37:04,433 [INFO] IPUIPlugin:80 - create IPUIPlugin
2026-09-20 21:37:04,433 [INFO] PluginManager:220 - loadIPPluginJar : add opamp
2026-09-20 21:37:04,434 [INFO] IPUIPlugin:80 - create IPUIPlugin
2026-09-20 21:37:04,434 [INFO] PluginManager:220 - loadIPPluginJar : add openamp
2026-09-20 21:37:04,436 [INFO] IPUIPlugin:80 - create IPUIPlugin
2026-09-20 21:37:04,436 [INFO] PluginManager:220 - loadIPPluginJar : add pdm2pcm
2026-09-20 21:37:04,441 [INFO] IPUIPlugin:80 - create IPUIPlugin
2026-09-20 21:37:04,443 [INFO] PluginManager:220 - loadIPPluginJar : add plateformsettings
2026-09-20 21:37:04,443 [INFO] IPUIPlugin:80 - create IPUIPlugin
2026-09-20 21:37:04,443 [INFO] PluginManager:220 - loadIPPluginJar : add quadspi
2026-09-20 21:37:04,444 [INFO] IPUIPlugin:80 - create IPUIPlugin
2026-09-20 21:37:04,445 [INFO] PluginManager:220 - loadIPPluginJar : add radio
2026-09-20 21:37:04,447 [INFO] IPUIPlugin:80 - create IPUIPlugin
2026-09-20 21:37:04,447 [INFO] PluginManager:220 - loadIPPluginJar : add resmgrutility
2026-09-20 21:37:04,448 [INFO] IPUIPlugin:80 - create IPUIPlugin
2026-09-20 21:37:04,449 [INFO] PluginManager:220 - loadIPPluginJar : add sai
2026-09-20 21:37:04,451 [INFO] IPUIPlugin:80 - create IPUIPlugin
2026-09-20 21:37:04,451 [INFO] PluginManager:220 - loadIPPluginJar : add spi
2026-09-20 21:37:04,455 [INFO] IPUIPlugin:80 - create IPUIPlugin
2026-09-20 21:37:04,455 [INFO] PluginManager:220 - loadIPPluginJar : add stm32_wpan
2026-09-20 21:37:04,457 [INFO] IPUIPlugin:80 - create IPUIPlugin
2026-09-20 21:37:04,457 [INFO] PluginManager:220 - loadIPPluginJar : add tim
2026-09-20 21:37:04,459 [INFO] IPUIPlugin:80 - create IPUIPlugin
2026-09-20 21:37:04,460 [INFO] PluginManager:220 - loadIPPluginJar : add touchsensing
2026-09-20 21:37:04,460 [INFO] IPUIPlugin:80 - create IPUIPlugin
2026-09-20 21:37:04,460 [INFO] PluginManager:220 - loadIPPluginJar : add tracer_emb
2026-09-20 21:37:04,462 [INFO] IPUIPlugin:80 - create IPUIPlugin
2026-09-20 21:37:04,462 [INFO] PluginManager:220 - loadIPPluginJar : add ts
2026-09-20 21:37:04,463 [INFO] IPUIPlugin:80 - create IPUIPlugin
2026-09-20 21:37:04,463 [INFO] PluginManager:220 - loadIPPluginJar : add tsc
2026-09-20 21:37:04,464 [INFO] IPUIPlugin:80 - create IPUIPlugin
2026-09-20 21:37:04,464 [INFO] PluginManager:220 - loadIPPluginJar : add ucpd
2026-09-20 21:37:04,466 [INFO] IPUIPlugin:80 - create IPUIPlugin
2026-09-20 21:37:04,467 [INFO] PluginManager:220 - loadIPPluginJar : add usart
2026-09-20 21:37:04,469 [INFO] IPUIPlugin:80 - create IPUIPlugin
2026-09-20 21:37:04,469 [INFO] PluginManager:220 - loadIPPluginJar : add usbx
2026-09-20 21:37:04,586 [FATAL] Updater:351 - Updater called before beeing initialized
2026-09-20 21:37:04,609 [INFO] RulesReader:64 - Compatibility file has been processed (317 Rules)
2026-09-20 21:37:04,618 [INFO] RulesReader:64 - Compatibility file has been processed (317 Rules)
2026-09-20 21:37:04,626 [INFO] CADModel:165 - CPN selected for project level
2026-09-20 21:37:04,626 [INFO] CADModel:114 - Register for checkConnection events
2026-09-20 21:37:04,626 [FATAL] Updater:351 - Updater called before beeing initialized
2026-09-20 21:37:04,626 [ERROR] CADModel:125 - Updater not yet initialized, retry later 
2026-09-20 21:37:04,728 [FATAL] Updater:351 - Updater called before beeing initialized
2026-09-20 21:37:04,731 [INFO] CADModel:165 - CPN selected for project level
2026-09-20 21:37:04,731 [INFO] CADModel:114 - Register for checkConnection events
2026-09-20 21:37:04,731 [FATAL] Updater:351 - Updater called before beeing initialized
2026-09-20 21:37:04,731 [ERROR] CADModel:125 - Updater not yet initialized, retry later 
2026-09-20 21:37:04,733 [FATAL] Updater:351 - Updater called before beeing initialized
2026-09-20 21:37:04,817 [FATAL] Updater:351 - Updater called before beeing initialized
2026-09-20 21:37:04,820 [INFO] DbMcusAds:53 - JSON generation date=Wed Jul 15 06:44:54 ART 2026 (1784108694001)
2026-09-20 21:37:04,820 [FATAL] Updater:351 - Updater called before beeing initialized
2026-09-20 21:37:04,848 [WARN] DetailPanel:346 - Failed to get advertising image, set to default
2026-09-20 21:37:04,916 [FATAL] Updater:351 - Updater called before beeing initialized
2026-09-20 21:37:04,917 [FATAL] Updater:351 - Updater called before beeing initialized
2026-09-20 21:37:04,917 [FATAL] Updater:351 - Updater called before beeing initialized
2026-09-20 21:37:04,917 [WARN] DetailPanel:346 - Failed to get advertising image, set to default
2026-09-20 21:37:04,919 [FATAL] Updater:351 - Updater called before beeing initialized
2026-09-20 21:37:04,959 [ERROR] Updater:1198 - MainUpdater not yet initialized. External WinMGr cannot be set.
2026-09-20 21:37:04,961 [INFO] Updater:1134 - Updater Version found : 6.15.0
2026-09-20 21:37:04,978 [INFO] ApplicationProperties:184 - Using Application install path: C:\ST\STM32CubeIDE_1.19.0\STM32CubeIDE\plugins\com.st.stm32cube.common.mx_6.15.0.202507011659
2026-09-20 21:37:06,553 [ERROR] LogOutputStream:75 - [STDERR_REDIRECT] Sep 20, 2026 9:37:06 PM java.util.prefs.WindowsPreferences <init>
2026-09-20 21:37:06,555 [ERROR] LogOutputStream:75 - [STDERR_REDIRECT] WARNING: Could not open/create prefs root node Software\JavaSoft\Prefs at root 0xffffffff80000002. Windows RegCreateKeyEx(...) returned error code 5.
2026-09-20 21:37:06,556 [ERROR] LogOutputStream:75 - [STDERR_REDIRECT] 
2026-09-20 21:37:06,908 [INFO] ThirdPartyUpdaterWithRetryManager:70 - Updater plugin not ready yet. [2/15]
2026-09-20 21:37:06,938 [INFO] MainUpdater:2872 - connection check result : 10
2026-09-20 21:37:06,939 [INFO] MainUpdater:289 - Updater Check For Update Now.
2026-09-20 21:37:06,939 [INFO] MicroXplorer:498 - Change Database Version : DB.6.0.150
2026-09-20 21:37:06,948 [INFO] McuFinderGlobals:63 - Set McuFinder mode to 2 (CubeIDE integrated)
2026-09-20 21:37:06,949 [INFO] UserAuth:487 - Internet connection configuration mode: 1
2026-09-20 21:37:06,982 [INFO] JxBrowserEngine:152 - Initiate JxBrowser Engine with user profile folder
2026-09-20 21:37:07,215 [INFO] CheckServerUpdateThread:120 - End of CheckServer Thread
2026-09-20 21:37:07,698 [INFO] WebApp:169 - Instantiating new browser for Auth
2026-09-20 21:37:08,232 [INFO] WebApp:463 - Apply proxy settings
2026-09-20 21:37:08,232 [INFO] WebApp:548 - Chromium requires no authentication
2026-09-20 21:37:08,238 [INFO] WebApp:491 - Direct internet connection detected
2026-09-20 21:37:08,256 [INFO] WebApp:900 - Register for checkConnection events
2026-09-20 21:37:08,256 [INFO] WebApp:463 - Apply proxy settings
2026-09-20 21:37:08,256 [INFO] WebApp:548 - Chromium requires no authentication
2026-09-20 21:37:08,256 [INFO] WebApp:491 - Direct internet connection detected
2026-09-20 21:37:08,369 [INFO] WebApp:225 - Starting web application
2026-09-20 21:37:08,369 [INFO] WebApp:593 - Web application path used C:\ST\STM32CubeIDE_1.19.0\STM32CubeIDE\plugins\com.st.stm32cube.common.mx_6.15.0.202507011659\db\plugins\mcufinder\reactClient1\index.html
2026-09-20 21:37:08,446 [INFO] UserAuth:487 - Internet connection configuration mode: 1
2026-09-20 21:37:08,532 [INFO] WebApp:191 - Connection restablished
2026-09-20 21:37:08,537 [ERROR] LogOutputStream:75 - [STDERR_REDIRECT] [Fatal Error] :1:1: Premature end of file.
2026-09-20 21:37:08,538 [ERROR] LogOutputStream:75 - [STDERR_REDIRECT] 
2026-09-20 21:37:09,501 [ERROR] LogOutputStream:75 - [STDERR_REDIRECT] [Fatal Error] :1:1: Premature end of file.
2026-09-20 21:37:09,502 [ERROR] LogOutputStream:75 - [STDERR_REDIRECT] 
2026-09-20 21:37:10,241 [WARN] PackLoader:240 - Cannot read IP mode file for STMicroelectronics.X-CUBE-AZRTOS-H7.3.5.0
2026-09-20 21:37:10,262 [WARN] PackLoader:240 - Cannot read IP mode file for STMicroelectronics.FP-ATR-ASTRA1.2.0.3
2026-09-20 21:37:10,274 [ERROR] Engine:466 - C:\Users\alang\.stm32cubemx\thirdparties\pdsc\STMicroelectronics.X-CUBE-SMBUS.2.1.1.pdsc: PDSC version is not supported
2026-09-20 21:37:10,312 [WARN] PackLoader:240 - Cannot read IP mode file for STMicroelectronics.X-CUBE-AZRTOS-F7.1.1.0
2026-09-20 21:37:10,343 [WARN] PackLoader:240 - Cannot read IP mode file for STMicroelectronics.X-CUBE-FREERTOS.1.6.0
2026-09-20 21:37:10,353 [WARN] PackLoader:240 - Cannot read IP mode file for STMicroelectronics.FP-SNS-MOTENV1.5.1.0
2026-09-20 21:37:10,386 [WARN] PackLoader:240 - Cannot read IP mode file for STMicroelectronics.X-CUBE-AZRTOS-H7RS.1.3.0
2026-09-20 21:37:10,405 [WARN] PackLoader:240 - Cannot read IP mode file for WES.I-CUBE-Cesium.1.4.0
2026-09-20 21:37:10,414 [WARN] PackLoader:240 - Cannot read IP mode file for STMicroelectronics.X-CUBE-DISPLAY.3.0.0
2026-09-20 21:37:10,428 [WARN] PackLoader:240 - Cannot read IP mode file for STMicroelectronics.X-CUBE-GNSS1.7.1.1
2026-09-20 21:37:10,434 [WARN] PackLoader:240 - Cannot read IP mode file for STMicroelectronics.FP-SNS-MOTENVWB1.1.5.0
2026-09-20 21:37:10,442 [WARN] PackLoader:240 - Cannot read IP mode file for STMicroelectronics.X-CUBE-NFC10.1.0.0
2026-09-20 21:37:10,450 [WARN] PackLoader:240 - Cannot read IP mode file for STMicroelectronics.X-CUBE-ST60.1.1.0
2026-09-20 21:37:10,458 [WARN] PackLoader:240 - Cannot read IP mode file for emotas.I-CUBE-CANOPEN.1.3.0
2026-09-20 21:37:10,464 [WARN] PackLoader:240 - Cannot read IP mode file for wolfSSL.I-CUBE-wolfSSL.5.9.2
2026-09-20 21:37:10,466 [ERROR] Engine:466 - C:\Users\alang\.stm32cubemx\thirdparties\pdsc\STMicroelectronics.X-CUBE-WBA.1.1.0.pdsc: PDSC version is not supported
2026-09-20 21:37:10,474 [WARN] PackLoader:240 - Cannot read IP mode file for STMicroelectronics.FP-SNS-STBOX1.2.1.0
2026-09-20 21:37:10,481 [WARN] PackLoader:240 - Cannot read IP mode file for STMicroelectronics.FP-SNS-SMARTAG2.1.2.0
2026-09-20 21:37:10,487 [WARN] PackLoader:240 - Cannot read IP mode file for STMicroelectronics.FP-SNS-FLIGHT1.5.1.0
2026-09-20 21:37:10,496 [INFO] LogOutputStream:77 - [STDOUT_REDIRECT] 1 : Invalid condition id : UX_CORESTACK_Condition cause : null
2026-09-20 21:37:10,496 [INFO] LogOutputStream:77 - [STDOUT_REDIRECT] 1 : Invalid condition id : UX_CORESTACK_Condition cause : null
2026-09-20 21:37:10,498 [INFO] LogOutputStream:77 - [STDOUT_REDIRECT] 1 : Invalid condition id : UX_CORESTACK_Condition cause : null
2026-09-20 21:37:10,499 [INFO] LogOutputStream:77 - [STDOUT_REDIRECT] 1 : Invalid condition id : UX_CORESTACK_Condition cause : null
2026-09-20 21:37:10,500 [INFO] LogOutputStream:77 - [STDOUT_REDIRECT] 1 : Invalid condition id : UX_CORESTACK_Condition cause : null
2026-09-20 21:37:10,506 [WARN] PackLoader:240 - Cannot read IP mode file for STMicroelectronics.X-CUBE-AZRTOS-WL.2.0.0
2026-09-20 21:37:10,513 [WARN] PackLoader:240 - Cannot read IP mode file for STMicroelectronics.X-CUBE-BLE2.3.3.0
2026-09-20 21:37:10,558 [WARN] PackLoader:240 - Cannot read IP mode file for Infineon.AIROC-Wi-Fi-Bluetooth-STM32.1.8.0
2026-09-20 21:37:10,565 [ERROR] LogOutputStream:75 - [STDERR_REDIRECT] [Fatal Error] :1:1: Premature end of file.
2026-09-20 21:37:10,565 [ERROR] LogOutputStream:75 - [STDERR_REDIRECT] 
2026-09-20 21:37:10,571 [WARN] PackLoader:240 - Cannot read IP mode file for STMicroelectronics.X-CUBE-NFC9.1.0.0
2026-09-20 21:37:10,577 [WARN] PackLoader:240 - Cannot read IP mode file for STMicroelectronics.X-CUBE-BLE1.7.1.0
2026-09-20 21:37:10,582 [WARN] PackLoader:240 - Cannot read IP mode file for wolfSSL.I-CUBE-wolfMQTT.1.19.2
2026-09-20 21:37:10,589 [WARN] PackLoader:240 - Cannot read IP mode file for STMicroelectronics.X-CUBE-EEPRMA1.5.2.0
2026-09-20 21:37:10,597 [WARN] PackLoader:240 - Cannot read IP mode file for STMicroelectronics.FP-SNS-STAIOTCFT.1.1.0
2026-09-20 21:37:10,613 [WARN] PackLoader:240 - Cannot read IP mode file for STMicroelectronics.X-CUBE-AZRTOS-G0.1.1.0
2026-09-20 21:37:10,622 [WARN] PackLoader:240 - Cannot read IP mode file for STMicroelectronics.X-CUBE-NFC4.3.0.0
2026-09-20 21:37:10,633 [WARN] PackLoader:240 - Cannot read IP mode file for EmbeddedOffice.I-CUBE-FS-RTOS.1.0.1
2026-09-20 21:37:10,640 [WARN] PackLoader:240 - Cannot read IP mode file for wolfSSL.I-CUBE-wolfTPM.3.8.0
2026-09-20 21:37:10,647 [WARN] PackLoader:240 - Cannot read IP mode file for STMicroelectronics.X-CUBE-TCPP.4.2.0
2026-09-20 21:37:10,655 [WARN] PackLoader:240 - Cannot read IP mode file for RealThread.X-CUBE-RT-Thread_Nano.4.1.1
2026-09-20 21:37:10,660 [WARN] PackLoader:240 - Cannot read IP mode file for STMicroelectronics.FP-ATR-SIGFOX1.3.2.0
2026-09-20 21:37:10,666 [WARN] PackLoader:240 - Cannot read IP mode file for ITTIA_DB.I-CUBE-ITTIADB.8.9.0
2026-09-20 21:37:10,673 [WARN] PackLoader:240 - Cannot read IP mode file for Cesanta.I-CUBE-Mongoose.7.21.7
2026-09-20 21:37:10,681 [WARN] PackLoader:240 - Cannot read IP mode file for STMicroelectronics.X-CUBE-NFC6.3.2.0
2026-09-20 21:37:10,687 [WARN] PackLoader:240 - Cannot read IP mode file for STMicroelectronics.X-CUBE-AI.10.2.1
2026-09-20 21:37:10,714 [WARN] PackLoader:240 - Cannot read IP mode file for SEGGER.I-CUBE-embOS.1.3.1
2026-09-20 21:37:10,783 [ERROR] Engine:466 - C:\Users\alang\.stm32cubemx\thirdparties\pdsc\STMicroelectronics.FP-SNS-STAIOTCFT.2.0.0.pdsc: PDSC version is not supported
2026-09-20 21:37:10,795 [WARN] PackLoader:240 - Cannot read IP mode file for STMicroelectronics.X-CUBE-NFC13.1.0.0
2026-09-20 21:37:10,805 [WARN] PackLoader:240 - Cannot read IP mode file for STMicroelectronics.X-CUBE-PM33A1.1.0.0
2026-09-20 21:37:10,856 [WARN] PackLoader:240 - Cannot read IP mode file for STMicroelectronics.X-CUBE-AZRTOS-F4.1.1.0
2026-09-20 21:37:10,866 [WARN] PackLoader:240 - Cannot read IP mode file for STMicroelectronics.X-CUBE-ISPU.2.1.0
2026-09-20 21:37:10,883 [WARN] PackLoader:240 - Cannot read IP mode file for STMicroelectronics.X-CUBE-IPS.3.2.0
2026-09-20 21:37:10,898 [WARN] PackLoader:240 - Cannot read IP mode file for STMicroelectronics.eDS-WB_DPC_TT-BIDIR.2.1.1
2026-09-20 21:37:10,906 [WARN] PackLoader:240 - Cannot read IP mode file for STMicroelectronics.X-CUBE-NFC12.1.0.0
2026-09-20 21:37:10,927 [WARN] PackLoader:240 - Cannot read IP mode file for STMicroelectronics.X-CUBE-AZRTOS-L5.2.0.0
2026-09-20 21:37:10,935 [WARN] PackLoader:240 - Cannot read IP mode file for STMicroelectronics.X-CUBE-ALGOBUILD.1.5.0
2026-09-20 21:37:10,939 [WARN] PackLoader:240 - Cannot read IP mode file for STMicroelectronics.eDS-WB_DPC_VIENNA.1.2.0
2026-09-20 21:37:10,974 [WARN] PackLoader:240 - Cannot read IP mode file for STMicroelectronics.X-CUBE-MEMS1.13.0.0
2026-09-20 21:37:11,028 [WARN] PackLoader:240 - Cannot read IP mode file for STMicroelectronics.eDS-WB_DPC_3PH2L-BIDIR.1.1.1
2026-09-20 21:37:11,030 [ERROR] Engine:466 - C:\Users\alang\.stm32cubemx\thirdparties\pdsc\STMicroelectronics.X-CUBE-ST67W61.1.3.0.pdsc: PDSC version is not supported
2026-09-20 21:37:11,037 [WARN] PackLoader:240 - Cannot read IP mode file for STMicroelectronics.X-CUBE-TOUCHGFX.4.26.1
2026-09-20 21:37:11,041 [WARN] PackLoader:240 - Cannot read IP mode file for STMicroelectronics.X-CUBE-DPower.1.3.0
2026-09-20 21:37:11,054 [WARN] ConditionMgr:438 - getConditionDescription Invalid condition id : LAN8742 Phy interface Condition cause : null
2026-09-20 21:37:11,054 [WARN] PackLoader:240 - Cannot read IP mode file for STMicroelectronics.X-CUBE-AZRTOS-L4.2.0.0
2026-09-20 21:37:11,055 [WARN] ConditionMgr:1044 - genDependencies : Invalid condition id : LAN8742 Phy interface Condition cause : null
2026-09-20 21:37:11,055 [WARN] ConditionMgr:1044 - genDependencies : Invalid condition id : LAN8742 Phy interface Condition cause : null
2026-09-20 21:37:11,056 [WARN] ConditionMgr:1044 - genDependencies : Invalid condition id : LAN8742 Phy interface Condition cause : null
2026-09-20 21:37:11,062 [WARN] PackLoader:240 - Cannot read IP mode file for STMicroelectronics.X-CUBE-SFXS2LP1.4.0.0
2026-09-20 21:37:11,066 [WARN] PackLoader:240 - Cannot read IP mode file for STMicroelectronics.X-CUBE-WB05N.2.1.0
2026-09-20 21:37:11,075 [WARN] ConditionMgr:438 - getConditionDescription Invalid condition id : UX DEVICE CLASS RTOS Condition cause : null
2026-09-20 21:37:11,075 [WARN] ConditionMgr:438 - getConditionDescription Invalid condition id : UX DEVICE CLASS RTOS Condition cause : null
2026-09-20 21:37:11,077 [WARN] PackLoader:240 - Cannot read IP mode file for STMicroelectronics.X-CUBE-AZRTOS-WB.2.0.0
2026-09-20 21:37:11,077 [WARN] ConditionMgr:1044 - genDependencies : Invalid condition id : UX DEVICE CLASS RTOS Condition cause : null
2026-09-20 21:37:11,077 [WARN] ConditionMgr:1044 - genDependencies : Invalid condition id : UX DEVICE CLASS RTOS Condition cause : null
2026-09-20 21:37:11,077 [WARN] ConditionMgr:1044 - genDependencies : Invalid condition id : UX DEVICE CLASS RTOS Condition cause : null
2026-09-20 21:37:11,077 [WARN] ConditionMgr:1044 - genDependencies : Invalid condition id : UX DEVICE CLASS RTOS Condition cause : null
2026-09-20 21:37:11,077 [WARN] ConditionMgr:1044 - genDependencies : Invalid condition id : UX DEVICE CLASS RTOS Condition cause : null
2026-09-20 21:37:11,081 [WARN] ConditionMgr:438 - getConditionDescription Invalid condition id : Cortex-A Device cause : null
2026-09-20 21:37:11,089 [WARN] ConditionMgr:1044 - genDependencies : Invalid condition id : Cortex-A Device cause : null
2026-09-20 21:37:11,089 [WARN] ConditionMgr:1044 - genDependencies : Invalid condition id : Cortex-A Device cause : null
2026-09-20 21:37:11,089 [WARN] ConditionMgr:1044 - genDependencies : Invalid condition id : Cortex-A Device cause : null
2026-09-20 21:37:11,094 [WARN] PackLoader:240 - Cannot read IP mode file for STMicroelectronics.X-CUBE-STSE01.2.0.0
2026-09-20 21:37:11,100 [WARN] PackLoader:240 - Cannot read IP mode file for STMicroelectronics.X-CUBE-SUBG2.5.0.0
2026-09-20 21:37:11,113 [WARN] PackLoader:240 - Cannot read IP mode file for STMicroelectronics.X-CUBE-AZRTOS-G4.2.0.0
2026-09-20 21:37:11,118 [WARN] PackLoader:240 - Cannot read IP mode file for wolfSSL.I-CUBE-wolfSSH.1.4.20
2026-09-20 21:37:11,122 [WARN] PackLoader:240 - Cannot read IP mode file for STMicroelectronics.X-CUBE-NFC7.2.0.0
2026-09-20 21:37:11,125 [ERROR] Engine:466 - C:\Users\alang\.stm32cubemx\thirdparties\pdsc\STMicroelectronics.X-CUBE-BLEMGR.4.2.0.pdsc: PDSC version is not supported
2026-09-20 21:37:11,129 [WARN] PackLoader:240 - Cannot read IP mode file for STMicroelectronics.X-CUBE-ALS.1.0.2
2026-09-20 21:37:11,136 [WARN] PackLoader:240 - Cannot read IP mode file for STMicroelectronics.X-CUBE-TOF1.3.4.3
2026-09-20 21:37:11,145 [INFO] ThirdParty:978 - Integrity check success = true
2026-09-20 21:37:11,145 [INFO] IntegrityCheckThread:100 - exiting critical section [integrity check]
2026-09-20 21:37:11,145 [INFO] IntegrityCheckThread:103 - End integrity checks thread
2026-09-20 21:37:11,505 [ERROR] LogOutputStream:75 - [STDERR_REDIRECT] [Fatal Error] :1:1: Premature end of file.
2026-09-20 21:37:11,507 [ERROR] LogOutputStream:75 - [STDERR_REDIRECT] 
2026-09-20 21:37:12,510 [ERROR] LogOutputStream:75 - [STDERR_REDIRECT] [Fatal Error] :1:1: Premature end of file.
2026-09-20 21:37:12,510 [ERROR] LogOutputStream:75 - [STDERR_REDIRECT] 
2026-09-20 21:37:13,502 [ERROR] LogOutputStream:75 - [STDERR_REDIRECT] [Fatal Error] :1:1: Premature end of file.
2026-09-20 21:37:13,503 [ERROR] LogOutputStream:75 - [STDERR_REDIRECT] 
2026-09-20 21:37:14,503 [ERROR] LogOutputStream:75 - [STDERR_REDIRECT] [Fatal Error] :1:1: Premature end of file.
2026-09-20 21:37:14,503 [ERROR] LogOutputStream:75 - [STDERR_REDIRECT] 
2026-09-20 21:37:15,508 [ERROR] LogOutputStream:75 - [STDERR_REDIRECT] [Fatal Error] :1:1: Premature end of file.
2026-09-20 21:37:15,511 [ERROR] LogOutputStream:75 - [STDERR_REDIRECT] 
2026-09-20 21:37:16,503 [ERROR] LogOutputStream:75 - [STDERR_REDIRECT] [Fatal Error] :1:1: Premature end of file.
2026-09-20 21:37:16,503 [ERROR] LogOutputStream:75 - [STDERR_REDIRECT] 
2026-09-20 21:37:17,512 [ERROR] LogOutputStream:75 - [STDERR_REDIRECT] [Fatal Error] :1:1: Premature end of file.
2026-09-20 21:37:17,512 [ERROR] LogOutputStream:75 - [STDERR_REDIRECT] 
2026-09-20 21:37:18,506 [ERROR] LogOutputStream:75 - [STDERR_REDIRECT] [Fatal Error] :1:1: Premature end of file.
2026-09-20 21:37:18,507 [ERROR] LogOutputStream:75 - [STDERR_REDIRECT] 
2026-09-20 21:37:19,507 [ERROR] LogOutputStream:75 - [STDERR_REDIRECT] [Fatal Error] :1:1: Premature end of file.
2026-09-20 21:37:19,507 [ERROR] LogOutputStream:75 - [STDERR_REDIRECT] 
2026-09-20 21:37:20,498 [ERROR] LogOutputStream:75 - [STDERR_REDIRECT] [Fatal Error] :1:1: Premature end of file.
2026-09-20 21:37:20,498 [ERROR] LogOutputStream:75 - [STDERR_REDIRECT] 
2026-09-20 21:37:21,502 [ERROR] LogOutputStream:75 - [STDERR_REDIRECT] [Fatal Error] :1:1: Premature end of file.
2026-09-20 21:37:21,502 [ERROR] LogOutputStream:75 - [STDERR_REDIRECT] 
2026-09-20 21:37:22,500 [ERROR] LogOutputStream:75 - [STDERR_REDIRECT] [Fatal Error] :1:1: Premature end of file.
2026-09-20 21:37:22,500 [ERROR] LogOutputStream:75 - [STDERR_REDIRECT] 
2026-09-20 21:37:23,505 [ERROR] LogOutputStream:75 - [STDERR_REDIRECT] [Fatal Error] :1:1: Premature end of file.
2026-09-20 21:37:23,505 [ERROR] LogOutputStream:75 - [STDERR_REDIRECT] 
2026-09-20 21:37:24,506 [ERROR] LogOutputStream:75 - [STDERR_REDIRECT] [Fatal Error] :1:1: Premature end of file.
2026-09-20 21:37:24,506 [ERROR] LogOutputStream:75 - [STDERR_REDIRECT] 
2026-09-20 21:37:25,505 [ERROR] LogOutputStream:75 - [STDERR_REDIRECT] [Fatal Error] :1:1: Premature end of file.
2026-09-20 21:37:25,506 [ERROR] LogOutputStream:75 - [STDERR_REDIRECT] 
2026-09-20 21:37:26,502 [ERROR] LogOutputStream:75 - [STDERR_REDIRECT] [Fatal Error] :1:1: Premature end of file.
2026-09-20 21:37:26,502 [ERROR] LogOutputStream:75 - [STDERR_REDIRECT] 
2026-09-20 21:37:27,502 [ERROR] LogOutputStream:75 - [STDERR_REDIRECT] [Fatal Error] :1:1: Premature end of file.
2026-09-20 21:37:27,502 [ERROR] LogOutputStream:75 - [STDERR_REDIRECT] 
2026-09-20 21:37:28,503 [ERROR] LogOutputStream:75 - [STDERR_REDIRECT] [Fatal Error] :1:1: Premature end of file.
2026-09-20 21:37:28,504 [ERROR] LogOutputStream:75 - [STDERR_REDIRECT] 
2026-09-20 21:37:29,501 [ERROR] LogOutputStream:75 - [STDERR_REDIRECT] [Fatal Error] :1:1: Premature end of file.
2026-09-20 21:37:29,501 [ERROR] LogOutputStream:75 - [STDERR_REDIRECT] 
2026-09-20 21:37:30,508 [ERROR] LogOutputStream:75 - [STDERR_REDIRECT] [Fatal Error] :1:1: Premature end of file.
2026-09-20 21:37:30,508 [ERROR] LogOutputStream:75 - [STDERR_REDIRECT] 
2026-09-20 21:37:31,503 [ERROR] LogOutputStream:75 - [STDERR_REDIRECT] [Fatal Error] :1:1: Premature end of file.
2026-09-20 21:37:31,503 [ERROR] LogOutputStream:75 - [STDERR_REDIRECT] 
2026-09-20 21:37:32,505 [ERROR] LogOutputStream:75 - [STDERR_REDIRECT] [Fatal Error] :1:1: Premature end of file.
2026-09-20 21:37:32,505 [ERROR] LogOutputStream:75 - [STDERR_REDIRECT] 
2026-09-20 21:37:33,506 [ERROR] LogOutputStream:75 - [STDERR_REDIRECT] [Fatal Error] :1:1: Premature end of file.
2026-09-20 21:37:33,506 [ERROR] LogOutputStream:75 - [STDERR_REDIRECT] 
2026-09-20 21:37:34,502 [ERROR] LogOutputStream:75 - [STDERR_REDIRECT] [Fatal Error] :1:1: Premature end of file.
2026-09-20 21:37:34,503 [ERROR] LogOutputStream:75 - [STDERR_REDIRECT] 
2026-09-20 21:37:35,510 [ERROR] LogOutputStream:75 - [STDERR_REDIRECT] [Fatal Error] :1:1: Premature end of file.
2026-09-20 21:37:35,510 [ERROR] LogOutputStream:75 - [STDERR_REDIRECT] 
2026-09-20 21:37:36,503 [ERROR] LogOutputStream:75 - [STDERR_REDIRECT] [Fatal Error] :1:1: Premature end of file.
2026-09-20 21:37:36,503 [ERROR] LogOutputStream:75 - [STDERR_REDIRECT] 
2026-09-20 21:37:37,515 [ERROR] LogOutputStream:75 - [STDERR_REDIRECT] [Fatal Error] :1:1: Premature end of file.
2026-09-20 21:37:37,516 [ERROR] LogOutputStream:75 - [STDERR_REDIRECT] 
2026-09-20 21:37:38,503 [ERROR] LogOutputStream:75 - [STDERR_REDIRECT] [Fatal Error] :1:1: Premature end of file.
2026-09-20 21:37:38,503 [ERROR] LogOutputStream:75 - [STDERR_REDIRECT] 
2026-09-20 21:37:39,500 [ERROR] LogOutputStream:75 - [STDERR_REDIRECT] [Fatal Error] :1:1: Premature end of file.
2026-09-20 21:37:39,502 [ERROR] LogOutputStream:75 - [STDERR_REDIRECT] 
2026-09-20 21:37:40,502 [ERROR] LogOutputStream:75 - [STDERR_REDIRECT] [Fatal Error] :1:1: Premature end of file.
2026-09-20 21:37:40,502 [ERROR] LogOutputStream:75 - [STDERR_REDIRECT] 
2026-09-20 21:37:41,504 [ERROR] LogOutputStream:75 - [STDERR_REDIRECT] [Fatal Error] :1:1: Premature end of file.
2026-09-20 21:37:41,504 [ERROR] LogOutputStream:75 - [STDERR_REDIRECT] 
2026-09-20 21:37:42,502 [ERROR] LogOutputStream:75 - [STDERR_REDIRECT] [Fatal Error] :1:1: Premature end of file.
2026-09-20 21:37:42,502 [ERROR] LogOutputStream:75 - [STDERR_REDIRECT] 
2026-09-20 21:37:43,497 [ERROR] LogOutputStream:75 - [STDERR_REDIRECT] [Fatal Error] :1:1: Premature end of file.
2026-09-20 21:37:43,498 [ERROR] LogOutputStream:75 - [STDERR_REDIRECT] 
2026-09-20 21:37:44,499 [ERROR] LogOutputStream:75 - [STDERR_REDIRECT] [Fatal Error] :1:1: Premature end of file.
2026-09-20 21:37:44,499 [ERROR] LogOutputStream:75 - [STDERR_REDIRECT] 
2026-09-20 21:37:45,507 [ERROR] LogOutputStream:75 - [STDERR_REDIRECT] [Fatal Error] :1:1: Premature end of file.
2026-09-20 21:37:45,537 [ERROR] LogOutputStream:75 - [STDERR_REDIRECT] 
2026-09-20 21:37:46,502 [ERROR] LogOutputStream:75 - [STDERR_REDIRECT] [Fatal Error] :1:1: Premature end of file.
2026-09-20 21:37:46,502 [ERROR] LogOutputStream:75 - [STDERR_REDIRECT] 
2026-09-20 21:37:47,500 [ERROR] LogOutputStream:75 - [STDERR_REDIRECT] [Fatal Error] :1:1: Premature end of file.
2026-09-20 21:37:47,500 [ERROR] LogOutputStream:75 - [STDERR_REDIRECT] 
2026-09-20 21:37:48,504 [ERROR] LogOutputStream:75 - [STDERR_REDIRECT] [Fatal Error] :1:1: Premature end of file.
2026-09-20 21:37:48,505 [ERROR] LogOutputStream:75 - [STDERR_REDIRECT] 
2026-09-20 21:37:49,503 [ERROR] LogOutputStream:75 - [STDERR_REDIRECT] [Fatal Error] :1:1: Premature end of file.
2026-09-20 21:37:49,503 [ERROR] LogOutputStream:75 - [STDERR_REDIRECT] 
2026-09-20 21:37:50,500 [ERROR] LogOutputStream:75 - [STDERR_REDIRECT] [Fatal Error] :1:1: Premature end of file.
2026-09-20 21:37:50,500 [ERROR] LogOutputStream:75 - [STDERR_REDIRECT] 
2026-09-20 21:37:51,498 [ERROR] LogOutputStream:75 - [STDERR_REDIRECT] [Fatal Error] :1:1: Premature end of file.
2026-09-20 21:37:51,498 [ERROR] LogOutputStream:75 - [STDERR_REDIRECT] 
2026-09-20 21:37:52,501 [ERROR] LogOutputStream:75 - [STDERR_REDIRECT] [Fatal Error] :1:1: Premature end of file.
2026-09-20 21:37:52,502 [ERROR] LogOutputStream:75 - [STDERR_REDIRECT] 
2026-09-20 21:37:53,501 [ERROR] LogOutputStream:75 - [STDERR_REDIRECT] [Fatal Error] :1:1: Premature end of file.
2026-09-20 21:37:53,502 [ERROR] LogOutputStream:75 - [STDERR_REDIRECT] 
2026-09-20 21:37:54,500 [ERROR] LogOutputStream:75 - [STDERR_REDIRECT] [Fatal Error] :1:1: Premature end of file.
2026-09-20 21:37:54,500 [ERROR] LogOutputStream:75 - [STDERR_REDIRECT] 
2026-09-20 21:37:55,498 [ERROR] LogOutputStream:75 - [STDERR_REDIRECT] [Fatal Error] :1:1: Premature end of file.
2026-09-20 21:37:55,499 [ERROR] LogOutputStream:75 - [STDERR_REDIRECT] 
2026-09-20 21:37:56,503 [ERROR] LogOutputStream:75 - [STDERR_REDIRECT] [Fatal Error] :1:1: Premature end of file.
2026-09-20 21:37:56,504 [ERROR] LogOutputStream:75 - [STDERR_REDIRECT] 
2026-09-20 21:37:57,520 [ERROR] LogOutputStream:75 - [STDERR_REDIRECT] [Fatal Error] :1:1: Premature end of file.
2026-09-20 21:37:57,520 [ERROR] LogOutputStream:75 - [STDERR_REDIRECT] 
2026-09-20 21:37:58,514 [ERROR] LogOutputStream:75 - [STDERR_REDIRECT] [Fatal Error] :1:1: Premature end of file.
2026-09-20 21:37:58,514 [ERROR] LogOutputStream:75 - [STDERR_REDIRECT] 
2026-09-20 21:37:59,525 [ERROR] LogOutputStream:75 - [STDERR_REDIRECT] [Fatal Error] :1:1: Premature end of file.
2026-09-20 21:37:59,526 [ERROR] LogOutputStream:75 - [STDERR_REDIRECT] 
2026-09-20 21:38:00,521 [ERROR] LogOutputStream:75 - [STDERR_REDIRECT] [Fatal Error] :1:1: Premature end of file.
2026-09-20 21:38:00,526 [ERROR] LogOutputStream:75 - [STDERR_REDIRECT] 
2026-09-20 21:38:01,510 [ERROR] LogOutputStream:75 - [STDERR_REDIRECT] [Fatal Error] :1:1: Premature end of file.
2026-09-20 21:38:01,510 [ERROR] LogOutputStream:75 - [STDERR_REDIRECT] 
2026-09-20 21:38:02,501 [ERROR] LogOutputStream:75 - [STDERR_REDIRECT] [Fatal Error] :1:1: Premature end of file.
2026-09-20 21:38:02,501 [ERROR] LogOutputStream:75 - [STDERR_REDIRECT] 
2026-09-20 21:38:03,504 [ERROR] LogOutputStream:75 - [STDERR_REDIRECT] [Fatal Error] :1:1: Premature end of file.
2026-09-20 21:38:03,504 [ERROR] LogOutputStream:75 - [STDERR_REDIRECT] 
2026-09-20 21:38:04,502 [ERROR] LogOutputStream:75 - [STDERR_REDIRECT] [Fatal Error] :1:1: Premature end of file.
2026-09-20 21:38:04,503 [ERROR] LogOutputStream:75 - [STDERR_REDIRECT] 
2026-09-20 21:38:05,503 [ERROR] LogOutputStream:75 - [STDERR_REDIRECT] [Fatal Error] :1:1: Premature end of file.
2026-09-20 21:38:05,503 [ERROR] LogOutputStream:75 - [STDERR_REDIRECT] 
2026-09-20 21:38:06,500 [ERROR] LogOutputStream:75 - [STDERR_REDIRECT] [Fatal Error] :1:1: Premature end of file.
2026-09-20 21:38:06,500 [ERROR] LogOutputStream:75 - [STDERR_REDIRECT] 
2026-09-20 21:38:07,502 [ERROR] LogOutputStream:75 - [STDERR_REDIRECT] [Fatal Error] :1:1: Premature end of file.
2026-09-20 21:38:07,502 [ERROR] LogOutputStream:75 - [STDERR_REDIRECT] 
2026-09-20 21:38:08,508 [ERROR] LogOutputStream:75 - [STDERR_REDIRECT] [Fatal Error] :1:1: Premature end of file.
2026-09-20 21:38:08,508 [ERROR] LogOutputStream:75 - [STDERR_REDIRECT] 
2026-09-20 21:38:09,498 [ERROR] LogOutputStream:75 - [STDERR_REDIRECT] [Fatal Error] :1:1: Premature end of file.
2026-09-20 21:38:09,498 [ERROR] LogOutputStream:75 - [STDERR_REDIRECT] 
2026-09-20 21:38:10,502 [ERROR] LogOutputStream:75 - [STDERR_REDIRECT] [Fatal Error] :1:1: Premature end of file.
2026-09-20 21:38:10,502 [ERROR] LogOutputStream:75 - [STDERR_REDIRECT] 
2026-09-20 21:38:11,520 [ERROR] LogOutputStream:75 - [STDERR_REDIRECT] [Fatal Error] :1:1: Premature end of file.
2026-09-20 21:38:11,520 [ERROR] LogOutputStream:75 - [STDERR_REDIRECT] 
2026-09-20 21:38:12,500 [ERROR] LogOutputStream:75 - [STDERR_REDIRECT] [Fatal Error] :1:1: Premature end of file.
2026-09-20 21:38:12,500 [ERROR] LogOutputStream:75 - [STDERR_REDIRECT] 
2026-09-20 21:38:13,504 [ERROR] LogOutputStream:75 - [STDERR_REDIRECT] [Fatal Error] :1:1: Premature end of file.
2026-09-20 21:38:13,504 [ERROR] LogOutputStream:75 - [STDERR_REDIRECT] 
2026-09-20 21:38:14,513 [ERROR] LogOutputStream:75 - [STDERR_REDIRECT] [Fatal Error] :1:1: Premature end of file.
2026-09-20 21:38:14,513 [ERROR] LogOutputStream:75 - [STDERR_REDIRECT] 
2026-09-20 21:38:15,507 [ERROR] LogOutputStream:75 - [STDERR_REDIRECT] [Fatal Error] :1:1: Premature end of file.
2026-09-20 21:38:15,525 [ERROR] LogOutputStream:75 - [STDERR_REDIRECT] 
2026-09-20 21:38:16,500 [ERROR] LogOutputStream:75 - [STDERR_REDIRECT] [Fatal Error] :1:1: Premature end of file.
2026-09-20 21:38:16,500 [ERROR] LogOutputStream:75 - [STDERR_REDIRECT] 
2026-09-20 21:38:17,504 [ERROR] LogOutputStream:75 - [STDERR_REDIRECT] [Fatal Error] :1:1: Premature end of file.
2026-09-20 21:38:17,504 [ERROR] LogOutputStream:75 - [STDERR_REDIRECT] 
2026-09-20 21:38:18,512 [ERROR] LogOutputStream:75 - [STDERR_REDIRECT] [Fatal Error] :1:1: Premature end of file.
2026-09-20 21:38:18,512 [ERROR] LogOutputStream:75 - [STDERR_REDIRECT] 
2026-09-20 21:38:19,500 [ERROR] LogOutputStream:75 - [STDERR_REDIRECT] [Fatal Error] :1:1: Premature end of file.
2026-09-20 21:38:19,500 [ERROR] LogOutputStream:75 - [STDERR_REDIRECT] 
2026-09-20 21:38:20,503 [ERROR] LogOutputStream:75 - [STDERR_REDIRECT] [Fatal Error] :1:1: Premature end of file.
2026-09-20 21:38:20,503 [ERROR] LogOutputStream:75 - [STDERR_REDIRECT] 
2026-09-20 21:38:21,502 [ERROR] LogOutputStream:75 - [STDERR_REDIRECT] [Fatal Error] :1:1: Premature end of file.
2026-09-20 21:38:21,503 [ERROR] LogOutputStream:75 - [STDERR_REDIRECT] 
2026-09-20 21:38:22,503 [ERROR] LogOutputStream:75 - [STDERR_REDIRECT] [Fatal Error] :1:1: Premature end of file.
2026-09-20 21:38:22,503 [ERROR] LogOutputStream:75 - [STDERR_REDIRECT] 
2026-09-20 21:38:23,500 [ERROR] LogOutputStream:75 - [STDERR_REDIRECT] [Fatal Error] :1:1: Premature end of file.
2026-09-20 21:38:23,500 [ERROR] LogOutputStream:75 - [STDERR_REDIRECT] 
2026-09-20 21:38:24,506 [ERROR] LogOutputStream:75 - [STDERR_REDIRECT] [Fatal Error] :1:1: Premature end of file.
2026-09-20 21:38:24,506 [ERROR] LogOutputStream:75 - [STDERR_REDIRECT] 
2026-09-20 21:38:25,507 [ERROR] LogOutputStream:75 - [STDERR_REDIRECT] [Fatal Error] :1:1: Premature end of file.
2026-09-20 21:38:25,507 [ERROR] LogOutputStream:75 - [STDERR_REDIRECT] 
2026-09-20 21:38:26,500 [ERROR] LogOutputStream:75 - [STDERR_REDIRECT] [Fatal Error] :1:1: Premature end of file.
2026-09-20 21:38:26,500 [ERROR] LogOutputStream:75 - [STDERR_REDIRECT] 
2026-09-20 21:38:27,499 [ERROR] LogOutputStream:75 - [STDERR_REDIRECT] [Fatal Error] :1:1: Premature end of file.
2026-09-20 21:38:27,499 [ERROR] LogOutputStream:75 - [STDERR_REDIRECT] 
2026-09-20 21:38:28,502 [ERROR] LogOutputStream:75 - [STDERR_REDIRECT] [Fatal Error] :1:1: Premature end of file.
2026-09-20 21:38:28,502 [ERROR] LogOutputStream:75 - [STDERR_REDIRECT] 
2026-09-20 21:38:29,502 [ERROR] LogOutputStream:75 - [STDERR_REDIRECT] [Fatal Error] :1:1: Premature end of file.
2026-09-20 21:38:29,502 [ERROR] LogOutputStream:75 - [STDERR_REDIRECT] 
2026-09-20 21:38:30,562 [ERROR] LogOutputStream:75 - [STDERR_REDIRECT] [Fatal Error] :1:1: Premature end of file.
2026-09-20 21:38:30,563 [ERROR] LogOutputStream:75 - [STDERR_REDIRECT] 
2026-09-20 21:38:31,498 [ERROR] LogOutputStream:75 - [STDERR_REDIRECT] [Fatal Error] :1:1: Premature end of file.
2026-09-20 21:38:31,498 [ERROR] LogOutputStream:75 - [STDERR_REDIRECT] 
2026-09-20 21:38:32,605 [ERROR] LogOutputStream:75 - [STDERR_REDIRECT] [Fatal Error] :1:1: Premature end of file.
2026-09-20 21:38:32,605 [ERROR] LogOutputStream:75 - [STDERR_REDIRECT] 
2026-09-20 21:38:33,512 [ERROR] LogOutputStream:75 - [STDERR_REDIRECT] [Fatal Error] :1:1: Premature end of file.
2026-09-20 21:38:33,513 [ERROR] LogOutputStream:75 - [STDERR_REDIRECT] 
2026-09-20 21:38:34,527 [ERROR] LogOutputStream:75 - [STDERR_REDIRECT] [Fatal Error] :1:1: Premature end of file.
2026-09-20 21:38:34,527 [ERROR] LogOutputStream:75 - [STDERR_REDIRECT] 
2026-09-20 21:38:35,501 [ERROR] LogOutputStream:75 - [STDERR_REDIRECT] [Fatal Error] :1:1: Premature end of file.
2026-09-20 21:38:35,502 [ERROR] LogOutputStream:75 - [STDERR_REDIRECT] 
2026-09-20 21:38:36,504 [ERROR] LogOutputStream:75 - [STDERR_REDIRECT] [Fatal Error] :1:1: Premature end of file.
2026-09-20 21:38:36,504 [ERROR] LogOutputStream:75 - [STDERR_REDIRECT] 
2026-09-20 21:38:37,506 [ERROR] LogOutputStream:75 - [STDERR_REDIRECT] [Fatal Error] :1:1: Premature end of file.
2026-09-20 21:38:37,506 [ERROR] LogOutputStream:75 - [STDERR_REDIRECT] 
2026-09-20 21:38:38,506 [ERROR] LogOutputStream:75 - [STDERR_REDIRECT] [Fatal Error] :1:1: Premature end of file.
2026-09-20 21:38:38,507 [ERROR] LogOutputStream:75 - [STDERR_REDIRECT] 
2026-09-20 21:38:39,506 [ERROR] LogOutputStream:75 - [STDERR_REDIRECT] [Fatal Error] :1:1: Premature end of file.
2026-09-20 21:38:39,506 [ERROR] LogOutputStream:75 - [STDERR_REDIRECT] 
2026-09-20 21:38:40,500 [ERROR] LogOutputStream:75 - [STDERR_REDIRECT] [Fatal Error] :1:1: Premature end of file.
2026-09-20 21:38:40,500 [ERROR] LogOutputStream:75 - [STDERR_REDIRECT] 
2026-09-20 21:38:41,512 [ERROR] LogOutputStream:75 - [STDERR_REDIRECT] [Fatal Error] :1:1: Premature end of file.
2026-09-20 21:38:41,513 [ERROR] LogOutputStream:75 - [STDERR_REDIRECT] 
2026-09-20 21:38:42,502 [ERROR] LogOutputStream:75 - [STDERR_REDIRECT] [Fatal Error] :1:1: Premature end of file.
2026-09-20 21:38:42,502 [ERROR] LogOutputStream:75 - [STDERR_REDIRECT] 
2026-09-20 21:38:43,501 [ERROR] LogOutputStream:75 - [STDERR_REDIRECT] [Fatal Error] :1:1: Premature end of file.
2026-09-20 21:38:43,501 [ERROR] LogOutputStream:75 - [STDERR_REDIRECT] 
2026-09-20 21:38:44,498 [ERROR] LogOutputStream:75 - [STDERR_REDIRECT] [Fatal Error] :1:1: Premature end of file.
2026-09-20 21:38:44,498 [ERROR] LogOutputStream:75 - [STDERR_REDIRECT] 
2026-09-20 21:38:45,498 [ERROR] LogOutputStream:75 - [STDERR_REDIRECT] [Fatal Error] :1:1: Premature end of file.
2026-09-20 21:38:45,499 [ERROR] LogOutputStream:75 - [STDERR_REDIRECT] 
2026-09-20 21:38:46,507 [ERROR] LogOutputStream:75 - [STDERR_REDIRECT] [Fatal Error] :1:1: Premature end of file.
2026-09-20 21:38:46,507 [ERROR] LogOutputStream:75 - [STDERR_REDIRECT] 
2026-09-20 21:38:47,501 [ERROR] LogOutputStream:75 - [STDERR_REDIRECT] [Fatal Error] :1:1: Premature end of file.
2026-09-20 21:38:47,502 [ERROR] LogOutputStream:75 - [STDERR_REDIRECT] 
2026-09-20 21:38:48,508 [ERROR] LogOutputStream:75 - [STDERR_REDIRECT] [Fatal Error] :1:1: Premature end of file.
2026-09-20 21:38:48,508 [ERROR] LogOutputStream:75 - [STDERR_REDIRECT] 
2026-09-20 21:38:49,515 [ERROR] LogOutputStream:75 - [STDERR_REDIRECT] [Fatal Error] :1:1: Premature end of file.
2026-09-20 21:38:49,515 [ERROR] LogOutputStream:75 - [STDERR_REDIRECT] 
2026-09-20 21:38:50,509 [ERROR] LogOutputStream:75 - [STDERR_REDIRECT] [Fatal Error] :1:1: Premature end of file.
2026-09-20 21:38:50,509 [ERROR] LogOutputStream:75 - [STDERR_REDIRECT] 
2026-09-20 21:38:51,513 [ERROR] LogOutputStream:75 - [STDERR_REDIRECT] [Fatal Error] :1:1: Premature end of file.
2026-09-20 21:38:51,513 [ERROR] LogOutputStream:75 - [STDERR_REDIRECT] 
2026-09-20 21:38:52,499 [ERROR] LogOutputStream:75 - [STDERR_REDIRECT] [Fatal Error] :1:1: Premature end of file.
2026-09-20 21:38:52,499 [ERROR] LogOutputStream:75 - [STDERR_REDIRECT] 
2026-09-20 21:38:53,507 [ERROR] LogOutputStream:75 - [STDERR_REDIRECT] [Fatal Error] :1:1: Premature end of file.
2026-09-20 21:38:53,507 [ERROR] LogOutputStream:75 - [STDERR_REDIRECT] 
2026-09-20 21:38:54,500 [ERROR] LogOutputStream:75 - [STDERR_REDIRECT] [Fatal Error] :1:1: Premature end of file.
2026-09-20 21:38:54,500 [ERROR] LogOutputStream:75 - [STDERR_REDIRECT] 
2026-09-20 21:38:55,510 [ERROR] LogOutputStream:75 - [STDERR_REDIRECT] [Fatal Error] :1:1: Premature end of file.
2026-09-20 21:38:55,512 [ERROR] LogOutputStream:75 - [STDERR_REDIRECT] 
2026-09-20 21:38:56,540 [ERROR] LogOutputStream:75 - [STDERR_REDIRECT] [Fatal Error] :1:1: Premature end of file.
2026-09-20 21:38:56,541 [ERROR] LogOutputStream:75 - [STDERR_REDIRECT] 
2026-09-20 21:38:57,500 [ERROR] LogOutputStream:75 - [STDERR_REDIRECT] [Fatal Error] :1:1: Premature end of file.
2026-09-20 21:38:57,500 [ERROR] LogOutputStream:75 - [STDERR_REDIRECT] 
2026-09-20 21:38:58,507 [ERROR] LogOutputStream:75 - [STDERR_REDIRECT] [Fatal Error] :1:1: Premature end of file.
2026-09-20 21:38:58,508 [ERROR] LogOutputStream:75 - [STDERR_REDIRECT] 
2026-09-20 21:38:59,507 [ERROR] LogOutputStream:75 - [STDERR_REDIRECT] [Fatal Error] :1:1: Premature end of file.
2026-09-20 21:38:59,507 [ERROR] LogOutputStream:75 - [STDERR_REDIRECT] 
2026-09-20 21:39:00,505 [ERROR] LogOutputStream:75 - [STDERR_REDIRECT] [Fatal Error] :1:1: Premature end of file.
2026-09-20 21:39:00,515 [ERROR] LogOutputStream:75 - [STDERR_REDIRECT] 
2026-09-20 21:39:01,503 [ERROR] LogOutputStream:75 - [STDERR_REDIRECT] [Fatal Error] :1:1: Premature end of file.
2026-09-20 21:39:01,503 [ERROR] LogOutputStream:75 - [STDERR_REDIRECT] 
2026-09-20 21:39:02,507 [ERROR] LogOutputStream:75 - [STDERR_REDIRECT] [Fatal Error] :1:1: Premature end of file.
2026-09-20 21:39:02,507 [ERROR] LogOutputStream:75 - [STDERR_REDIRECT] 
2026-09-20 21:39:03,498 [ERROR] LogOutputStream:75 - [STDERR_REDIRECT] [Fatal Error] :1:1: Premature end of file.
2026-09-20 21:39:03,498 [ERROR] LogOutputStream:75 - [STDERR_REDIRECT] 
2026-09-20 21:39:04,502 [ERROR] LogOutputStream:75 - [STDERR_REDIRECT] [Fatal Error] :1:1: Premature end of file.
2026-09-20 21:39:04,502 [ERROR] LogOutputStream:75 - [STDERR_REDIRECT] 
2026-09-20 21:39:05,503 [ERROR] LogOutputStream:75 - [STDERR_REDIRECT] [Fatal Error] :1:1: Premature end of file.
2026-09-20 21:39:05,503 [ERROR] LogOutputStream:75 - [STDERR_REDIRECT] 
2026-09-20 21:39:06,504 [ERROR] LogOutputStream:75 - [STDERR_REDIRECT] [Fatal Error] :1:1: Premature end of file.
2026-09-20 21:39:06,504 [ERROR] LogOutputStream:75 - [STDERR_REDIRECT] 
2026-09-20 21:39:07,503 [ERROR] LogOutputStream:75 - [STDERR_REDIRECT] [Fatal Error] :1:1: Premature end of file.
2026-09-20 21:39:07,503 [ERROR] LogOutputStream:75 - [STDERR_REDIRECT] 
2026-09-20 21:39:08,505 [ERROR] LogOutputStream:75 - [STDERR_REDIRECT] [Fatal Error] :1:1: Premature end of file.
2026-09-20 21:39:08,506 [ERROR] LogOutputStream:75 - [STDERR_REDIRECT] 
2026-09-20 21:39:09,500 [ERROR] LogOutputStream:75 - [STDERR_REDIRECT] [Fatal Error] :1:1: Premature end of file.
2026-09-20 21:39:09,501 [ERROR] LogOutputStream:75 - [STDERR_REDIRECT] 
2026-09-20 21:39:10,507 [ERROR] LogOutputStream:75 - [STDERR_REDIRECT] [Fatal Error] :1:1: Premature end of file.
2026-09-20 21:39:10,507 [ERROR] LogOutputStream:75 - [STDERR_REDIRECT] 
2026-09-20 21:39:11,509 [ERROR] LogOutputStream:75 - [STDERR_REDIRECT] [Fatal Error] :1:1: Premature end of file.
2026-09-20 21:39:11,509 [ERROR] LogOutputStream:75 - [STDERR_REDIRECT] 
2026-09-20 21:39:12,503 [ERROR] LogOutputStream:75 - [STDERR_REDIRECT] [Fatal Error] :1:1: Premature end of file.
2026-09-20 21:39:12,503 [ERROR] LogOutputStream:75 - [STDERR_REDIRECT] 
2026-09-20 21:39:13,513 [ERROR] LogOutputStream:75 - [STDERR_REDIRECT] [Fatal Error] :1:1: Premature end of file.
2026-09-20 21:39:13,513 [ERROR] LogOutputStream:75 - [STDERR_REDIRECT] 
2026-09-20 21:39:14,499 [ERROR] LogOutputStream:75 - [STDERR_REDIRECT] [Fatal Error] :1:1: Premature end of file.
2026-09-20 21:39:14,499 [ERROR] LogOutputStream:75 - [STDERR_REDIRECT] 
2026-09-20 21:39:15,505 [ERROR] LogOutputStream:75 - [STDERR_REDIRECT] [Fatal Error] :1:1: Premature end of file.
2026-09-20 21:39:15,505 [ERROR] LogOutputStream:75 - [STDERR_REDIRECT] 
2026-09-20 21:39:16,501 [ERROR] LogOutputStream:75 - [STDERR_REDIRECT] [Fatal Error] :1:1: Premature end of file.
2026-09-20 21:39:16,501 [ERROR] LogOutputStream:75 - [STDERR_REDIRECT] 
2026-09-20 21:39:17,509 [ERROR] LogOutputStream:75 - [STDERR_REDIRECT] [Fatal Error] :1:1: Premature end of file.
2026-09-20 21:39:17,509 [ERROR] LogOutputStream:75 - [STDERR_REDIRECT] 
2026-09-20 21:39:18,500 [ERROR] LogOutputStream:75 - [STDERR_REDIRECT] [Fatal Error] :1:1: Premature end of file.
2026-09-20 21:39:18,500 [ERROR] LogOutputStream:75 - [STDERR_REDIRECT] 
2026-09-20 21:39:19,512 [ERROR] LogOutputStream:75 - [STDERR_REDIRECT] [Fatal Error] :1:1: Premature end of file.
2026-09-20 21:39:19,512 [ERROR] LogOutputStream:75 - [STDERR_REDIRECT] 
2026-09-20 21:39:20,500 [ERROR] LogOutputStream:75 - [STDERR_REDIRECT] [Fatal Error] :1:1: Premature end of file.
2026-09-20 21:39:20,500 [ERROR] LogOutputStream:75 - [STDERR_REDIRECT] 
2026-09-20 21:39:21,513 [ERROR] LogOutputStream:75 - [STDERR_REDIRECT] [Fatal Error] :1:1: Premature end of file.
2026-09-20 21:39:21,513 [ERROR] LogOutputStream:75 - [STDERR_REDIRECT] 
2026-09-20 21:39:22,509 [ERROR] LogOutputStream:75 - [STDERR_REDIRECT] [Fatal Error] :1:1: Premature end of file.
2026-09-20 21:39:22,509 [ERROR] LogOutputStream:75 - [STDERR_REDIRECT] 
2026-09-20 21:39:23,503 [ERROR] LogOutputStream:75 - [STDERR_REDIRECT] [Fatal Error] :1:1: Premature end of file.
2026-09-20 21:39:23,504 [ERROR] LogOutputStream:75 - [STDERR_REDIRECT] 
2026-09-20 21:39:24,497 [ERROR] LogOutputStream:75 - [STDERR_REDIRECT] [Fatal Error] :1:1: Premature end of file.
2026-09-20 21:39:24,497 [ERROR] LogOutputStream:75 - [STDERR_REDIRECT] 
2026-09-20 21:39:25,503 [ERROR] LogOutputStream:75 - [STDERR_REDIRECT] [Fatal Error] :1:1: Premature end of file.
2026-09-20 21:39:25,503 [ERROR] LogOutputStream:75 - [STDERR_REDIRECT] 
2026-09-20 21:39:26,507 [ERROR] LogOutputStream:75 - [STDERR_REDIRECT] [Fatal Error] :1:1: Premature end of file.
2026-09-20 21:39:26,507 [ERROR] LogOutputStream:75 - [STDERR_REDIRECT] 
2026-09-20 21:39:27,501 [ERROR] LogOutputStream:75 - [STDERR_REDIRECT] [Fatal Error] :1:1: Premature end of file.
2026-09-20 21:39:27,501 [ERROR] LogOutputStream:75 - [STDERR_REDIRECT] 
2026-09-20 21:39:28,509 [ERROR] LogOutputStream:75 - [STDERR_REDIRECT] [Fatal Error] :1:1: Premature end of file.
2026-09-20 21:39:28,509 [ERROR] LogOutputStream:75 - [STDERR_REDIRECT] 
2026-09-20 21:39:29,497 [ERROR] LogOutputStream:75 - [STDERR_REDIRECT] [Fatal Error] :1:1: Premature end of file.
2026-09-20 21:39:29,498 [ERROR] LogOutputStream:75 - [STDERR_REDIRECT] 
2026-09-20 21:39:30,498 [ERROR] LogOutputStream:75 - [STDERR_REDIRECT] [Fatal Error] :1:1: Premature end of file.
2026-09-20 21:39:30,500 [ERROR] LogOutputStream:75 - [STDERR_REDIRECT] 
2026-09-20 21:39:31,504 [ERROR] LogOutputStream:75 - [STDERR_REDIRECT] [Fatal Error] :1:1: Premature end of file.
2026-09-20 21:39:31,504 [ERROR] LogOutputStream:75 - [STDERR_REDIRECT] 
2026-09-20 21:39:32,511 [ERROR] LogOutputStream:75 - [STDERR_REDIRECT] [Fatal Error] :1:1: Premature end of file.
2026-09-20 21:39:32,511 [ERROR] LogOutputStream:75 - [STDERR_REDIRECT] 
2026-09-20 21:39:33,519 [ERROR] LogOutputStream:75 - [STDERR_REDIRECT] [Fatal Error] :1:1: Premature end of file.
2026-09-20 21:39:33,519 [ERROR] LogOutputStream:75 - [STDERR_REDIRECT] 
2026-09-20 21:39:34,504 [ERROR] LogOutputStream:75 - [STDERR_REDIRECT] [Fatal Error] :1:1: Premature end of file.
2026-09-20 21:39:34,504 [ERROR] LogOutputStream:75 - [STDERR_REDIRECT] 
2026-09-20 21:39:35,503 [ERROR] LogOutputStream:75 - [STDERR_REDIRECT] [Fatal Error] :1:1: Premature end of file.
2026-09-20 21:39:35,503 [ERROR] LogOutputStream:75 - [STDERR_REDIRECT] 
2026-09-20 21:39:36,506 [ERROR] LogOutputStream:75 - [STDERR_REDIRECT] [Fatal Error] :1:1: Premature end of file.
2026-09-20 21:39:36,506 [ERROR] LogOutputStream:75 - [STDERR_REDIRECT] 
2026-09-20 21:39:37,506 [ERROR] LogOutputStream:75 - [STDERR_REDIRECT] [Fatal Error] :1:1: Premature end of file.
2026-09-20 21:39:37,506 [ERROR] LogOutputStream:75 - [STDERR_REDIRECT] 
2026-09-20 21:39:38,506 [ERROR] LogOutputStream:75 - [STDERR_REDIRECT] [Fatal Error] :1:1: Premature end of file.
2026-09-20 21:39:38,506 [ERROR] LogOutputStream:75 - [STDERR_REDIRECT] 
2026-09-20 21:39:39,528 [ERROR] LogOutputStream:75 - [STDERR_REDIRECT] [Fatal Error] :1:1: Premature end of file.
2026-09-20 21:39:39,528 [ERROR] LogOutputStream:75 - [STDERR_REDIRECT] 
2026-09-20 21:39:40,497 [ERROR] LogOutputStream:75 - [STDERR_REDIRECT] [Fatal Error] :1:1: Premature end of file.
2026-09-20 21:39:40,497 [ERROR] LogOutputStream:75 - [STDERR_REDIRECT] 
2026-09-20 21:39:41,507 [ERROR] LogOutputStream:75 - [STDERR_REDIRECT] [Fatal Error] :1:1: Premature end of file.
2026-09-20 21:39:41,507 [ERROR] LogOutputStream:75 - [STDERR_REDIRECT] 
2026-09-20 21:39:42,503 [ERROR] LogOutputStream:75 - [STDERR_REDIRECT] [Fatal Error] :1:1: Premature end of file.
2026-09-20 21:39:42,503 [ERROR] LogOutputStream:75 - [STDERR_REDIRECT] 
2026-09-20 21:39:43,502 [ERROR] LogOutputStream:75 - [STDERR_REDIRECT] [Fatal Error] :1:1: Premature end of file.
2026-09-20 21:39:43,503 [ERROR] LogOutputStream:75 - [STDERR_REDIRECT] 
2026-09-20 21:39:44,500 [ERROR] LogOutputStream:75 - [STDERR_REDIRECT] [Fatal Error] :1:1: Premature end of file.
2026-09-20 21:39:44,500 [ERROR] LogOutputStream:75 - [STDERR_REDIRECT] 
2026-09-20 21:39:45,505 [ERROR] LogOutputStream:75 - [STDERR_REDIRECT] [Fatal Error] :1:1: Premature end of file.
2026-09-20 21:39:45,506 [ERROR] LogOutputStream:75 - [STDERR_REDIRECT] 
2026-09-20 21:39:46,505 [ERROR] LogOutputStream:75 - [STDERR_REDIRECT] [Fatal Error] :1:1: Premature end of file.
2026-09-20 21:39:46,505 [ERROR] LogOutputStream:75 - [STDERR_REDIRECT] 
2026-09-20 21:39:47,510 [ERROR] LogOutputStream:75 - [STDERR_REDIRECT] [Fatal Error] :1:1: Premature end of file.
2026-09-20 21:39:47,510 [ERROR] LogOutputStream:75 - [STDERR_REDIRECT] 
2026-09-20 21:39:48,499 [ERROR] LogOutputStream:75 - [STDERR_REDIRECT] [Fatal Error] :1:1: Premature end of file.
2026-09-20 21:39:48,499 [ERROR] LogOutputStream:75 - [STDERR_REDIRECT] 
2026-09-20 21:39:49,501 [ERROR] LogOutputStream:75 - [STDERR_REDIRECT] [Fatal Error] :1:1: Premature end of file.
2026-09-20 21:39:49,501 [ERROR] LogOutputStream:75 - [STDERR_REDIRECT] 
2026-09-20 21:39:50,512 [ERROR] LogOutputStream:75 - [STDERR_REDIRECT] [Fatal Error] :1:1: Premature end of file.
2026-09-20 21:39:50,512 [ERROR] LogOutputStream:75 - [STDERR_REDIRECT] 
2026-09-20 21:39:51,518 [ERROR] LogOutputStream:75 - [STDERR_REDIRECT] [Fatal Error] :1:1: Premature end of file.
2026-09-20 21:39:51,518 [ERROR] LogOutputStream:75 - [STDERR_REDIRECT] 
2026-09-20 21:39:52,508 [ERROR] LogOutputStream:75 - [STDERR_REDIRECT] [Fatal Error] :1:1: Premature end of file.
2026-09-20 21:39:52,509 [ERROR] LogOutputStream:75 - [STDERR_REDIRECT] 
2026-09-20 21:39:53,503 [ERROR] LogOutputStream:75 - [STDERR_REDIRECT] [Fatal Error] :1:1: Premature end of file.
2026-09-20 21:39:53,503 [ERROR] LogOutputStream:75 - [STDERR_REDIRECT] 
2026-09-20 21:39:54,501 [ERROR] LogOutputStream:75 - [STDERR_REDIRECT] [Fatal Error] :1:1: Premature end of file.
2026-09-20 21:39:54,501 [ERROR] LogOutputStream:75 - [STDERR_REDIRECT] 
2026-09-20 21:39:55,507 [ERROR] LogOutputStream:75 - [STDERR_REDIRECT] [Fatal Error] :1:1: Premature end of file.
2026-09-20 21:39:55,507 [ERROR] LogOutputStream:75 - [STDERR_REDIRECT] 
2026-09-20 21:39:56,500 [ERROR] LogOutputStream:75 - [STDERR_REDIRECT] [Fatal Error] :1:1: Premature end of file.
2026-09-20 21:39:56,502 [ERROR] LogOutputStream:75 - [STDERR_REDIRECT] 
2026-09-20 21:39:57,500 [ERROR] LogOutputStream:75 - [STDERR_REDIRECT] [Fatal Error] :1:1: Premature end of file.
2026-09-20 21:39:57,500 [ERROR] LogOutputStream:75 - [STDERR_REDIRECT] 
2026-09-20 21:39:58,500 [ERROR] LogOutputStream:75 - [STDERR_REDIRECT] [Fatal Error] :1:1: Premature end of file.
2026-09-20 21:39:58,500 [ERROR] LogOutputStream:75 - [STDERR_REDIRECT] 
2026-09-20 21:39:59,502 [ERROR] LogOutputStream:75 - [STDERR_REDIRECT] [Fatal Error] :1:1: Premature end of file.
2026-09-20 21:39:59,502 [ERROR] LogOutputStream:75 - [STDERR_REDIRECT] 
2026-09-20 21:40:00,503 [ERROR] LogOutputStream:75 - [STDERR_REDIRECT] [Fatal Error] :1:1: Premature end of file.
2026-09-20 21:40:00,503 [ERROR] LogOutputStream:75 - [STDERR_REDIRECT] 
2026-09-20 21:40:01,504 [ERROR] LogOutputStream:75 - [STDERR_REDIRECT] [Fatal Error] :1:1: Premature end of file.
2026-09-20 21:40:01,504 [ERROR] LogOutputStream:75 - [STDERR_REDIRECT] 
2026-09-20 21:40:02,510 [ERROR] LogOutputStream:75 - [STDERR_REDIRECT] [Fatal Error] :1:1: Premature end of file.
2026-09-20 21:40:02,510 [ERROR] LogOutputStream:75 - [STDERR_REDIRECT] 
2026-09-20 21:40:03,502 [ERROR] LogOutputStream:75 - [STDERR_REDIRECT] [Fatal Error] :1:1: Premature end of file.
2026-09-20 21:40:03,502 [ERROR] LogOutputStream:75 - [STDERR_REDIRECT] 
2026-09-20 21:40:04,503 [ERROR] LogOutputStream:75 - [STDERR_REDIRECT] [Fatal Error] :1:1: Premature end of file.
2026-09-20 21:40:04,503 [ERROR] LogOutputStream:75 - [STDERR_REDIRECT] 
2026-09-20 21:40:05,505 [ERROR] LogOutputStream:75 - [STDERR_REDIRECT] [Fatal Error] :1:1: Premature end of file.
2026-09-20 21:40:05,505 [ERROR] LogOutputStream:75 - [STDERR_REDIRECT] 
2026-09-20 21:40:06,509 [ERROR] LogOutputStream:75 - [STDERR_REDIRECT] [Fatal Error] :1:1: Premature end of file.
2026-09-20 21:40:06,509 [ERROR] LogOutputStream:75 - [STDERR_REDIRECT] 
2026-09-20 21:40:07,509 [ERROR] LogOutputStream:75 - [STDERR_REDIRECT] [Fatal Error] :1:1: Premature end of file.
2026-09-20 21:40:07,509 [ERROR] LogOutputStream:75 - [STDERR_REDIRECT] 
2026-09-20 21:40:08,503 [ERROR] LogOutputStream:75 - [STDERR_REDIRECT] [Fatal Error] :1:1: Premature end of file.
2026-09-20 21:40:08,503 [ERROR] LogOutputStream:75 - [STDERR_REDIRECT] 
2026-09-20 21:40:09,515 [ERROR] LogOutputStream:75 - [STDERR_REDIRECT] [Fatal Error] :1:1: Premature end of file.
2026-09-20 21:40:09,515 [ERROR] LogOutputStream:75 - [STDERR_REDIRECT] 
2026-09-20 21:40:10,502 [ERROR] LogOutputStream:75 - [STDERR_REDIRECT] [Fatal Error] :1:1: Premature end of file.
2026-09-20 21:40:10,502 [ERROR] LogOutputStream:75 - [STDERR_REDIRECT] 
2026-09-20 21:40:11,506 [ERROR] LogOutputStream:75 - [STDERR_REDIRECT] [Fatal Error] :1:1: Premature end of file.
2026-09-20 21:40:11,506 [ERROR] LogOutputStream:75 - [STDERR_REDIRECT] 
2026-09-20 21:40:12,509 [ERROR] LogOutputStream:75 - [STDERR_REDIRECT] [Fatal Error] :1:1: Premature end of file.
2026-09-20 21:40:12,509 [ERROR] LogOutputStream:75 - [STDERR_REDIRECT] 
2026-09-20 21:40:13,503 [ERROR] LogOutputStream:75 - [STDERR_REDIRECT] [Fatal Error] :1:1: Premature end of file.
2026-09-20 21:40:13,503 [ERROR] LogOutputStream:75 - [STDERR_REDIRECT] 
2026-09-20 21:40:14,506 [ERROR] LogOutputStream:75 - [STDERR_REDIRECT] [Fatal Error] :1:1: Premature end of file.
2026-09-20 21:40:14,507 [ERROR] LogOutputStream:75 - [STDERR_REDIRECT] 
2026-09-20 21:40:15,505 [ERROR] LogOutputStream:75 - [STDERR_REDIRECT] [Fatal Error] :1:1: Premature end of file.
2026-09-20 21:40:15,505 [ERROR] LogOutputStream:75 - [STDERR_REDIRECT] 
2026-09-20 21:40:16,505 [ERROR] LogOutputStream:75 - [STDERR_REDIRECT] [Fatal Error] :1:1: Premature end of file.
2026-09-20 21:40:16,505 [ERROR] LogOutputStream:75 - [STDERR_REDIRECT] 
2026-09-20 21:40:17,503 [ERROR] LogOutputStream:75 - [STDERR_REDIRECT] [Fatal Error] :1:1: Premature end of file.
2026-09-20 21:40:17,503 [ERROR] LogOutputStream:75 - [STDERR_REDIRECT] 
2026-09-20 21:40:18,537 [ERROR] LogOutputStream:75 - [STDERR_REDIRECT] [Fatal Error] :1:1: Premature end of file.
2026-09-20 21:40:18,537 [ERROR] LogOutputStream:75 - [STDERR_REDIRECT] 
2026-09-20 21:40:19,502 [ERROR] LogOutputStream:75 - [STDERR_REDIRECT] [Fatal Error] :1:1: Premature end of file.
2026-09-20 21:40:19,502 [ERROR] LogOutputStream:75 - [STDERR_REDIRECT] 
2026-09-20 21:40:20,502 [ERROR] LogOutputStream:75 - [STDERR_REDIRECT] [Fatal Error] :1:1: Premature end of file.
2026-09-20 21:40:20,502 [ERROR] LogOutputStream:75 - [STDERR_REDIRECT] 
2026-09-20 21:40:21,503 [ERROR] LogOutputStream:75 - [STDERR_REDIRECT] [Fatal Error] :1:1: Premature end of file.
2026-09-20 21:40:21,503 [ERROR] LogOutputStream:75 - [STDERR_REDIRECT] 
2026-09-20 21:40:22,509 [ERROR] LogOutputStream:75 - [STDERR_REDIRECT] [Fatal Error] :1:1: Premature end of file.
2026-09-20 21:40:22,509 [ERROR] LogOutputStream:75 - [STDERR_REDIRECT] 
2026-09-20 21:40:23,502 [ERROR] LogOutputStream:75 - [STDERR_REDIRECT] [Fatal Error] :1:1: Premature end of file.
2026-09-20 21:40:23,503 [ERROR] LogOutputStream:75 - [STDERR_REDIRECT] 
2026-09-20 21:40:24,498 [ERROR] LogOutputStream:75 - [STDERR_REDIRECT] [Fatal Error] :1:1: Premature end of file.
2026-09-20 21:40:24,500 [ERROR] LogOutputStream:75 - [STDERR_REDIRECT] 
2026-09-20 21:40:25,505 [ERROR] LogOutputStream:75 - [STDERR_REDIRECT] [Fatal Error] :1:1: Premature end of file.
2026-09-20 21:40:25,505 [ERROR] LogOutputStream:75 - [STDERR_REDIRECT] 
2026-09-20 21:40:26,498 [ERROR] LogOutputStream:75 - [STDERR_REDIRECT] [Fatal Error] :1:1: Premature end of file.
2026-09-20 21:40:26,498 [ERROR] LogOutputStream:75 - [STDERR_REDIRECT] 
2026-09-20 21:40:27,504 [ERROR] LogOutputStream:75 - [STDERR_REDIRECT] [Fatal Error] :1:1: Premature end of file.
2026-09-20 21:40:27,504 [ERROR] LogOutputStream:75 - [STDERR_REDIRECT] 
2026-09-20 21:40:28,501 [ERROR] LogOutputStream:75 - [STDERR_REDIRECT] [Fatal Error] :1:1: Premature end of file.
2026-09-20 21:40:28,501 [ERROR] LogOutputStream:75 - [STDERR_REDIRECT] 
2026-09-20 21:40:29,501 [ERROR] LogOutputStream:75 - [STDERR_REDIRECT] [Fatal Error] :1:1: Premature end of file.
2026-09-20 21:40:29,501 [ERROR] LogOutputStream:75 - [STDERR_REDIRECT] 
2026-09-20 21:40:30,500 [ERROR] LogOutputStream:75 - [STDERR_REDIRECT] [Fatal Error] :1:1: Premature end of file.
2026-09-20 21:40:30,500 [ERROR] LogOutputStream:75 - [STDERR_REDIRECT] 
2026-09-20 21:40:31,499 [ERROR] LogOutputStream:75 - [STDERR_REDIRECT] [Fatal Error] :1:1: Premature end of file.
2026-09-20 21:40:31,499 [ERROR] LogOutputStream:75 - [STDERR_REDIRECT] 
2026-09-20 21:40:32,503 [ERROR] LogOutputStream:75 - [STDERR_REDIRECT] [Fatal Error] :1:1: Premature end of file.
2026-09-20 21:40:32,504 [ERROR] LogOutputStream:75 - [STDERR_REDIRECT] 
2026-09-20 21:40:33,499 [ERROR] LogOutputStream:75 - [STDERR_REDIRECT] [Fatal Error] :1:1: Premature end of file.
2026-09-20 21:40:33,500 [ERROR] LogOutputStream:75 - [STDERR_REDIRECT] 
2026-09-20 21:40:34,504 [ERROR] LogOutputStream:75 - [STDERR_REDIRECT] [Fatal Error] :1:1: Premature end of file.
2026-09-20 21:40:34,505 [ERROR] LogOutputStream:75 - [STDERR_REDIRECT] 
2026-09-20 21:40:35,499 [ERROR] LogOutputStream:75 - [STDERR_REDIRECT] [Fatal Error] :1:1: Premature end of file.
2026-09-20 21:40:35,499 [ERROR] LogOutputStream:75 - [STDERR_REDIRECT] 
2026-09-20 21:40:36,504 [ERROR] LogOutputStream:75 - [STDERR_REDIRECT] [Fatal Error] :1:1: Premature end of file.
2026-09-20 21:40:36,504 [ERROR] LogOutputStream:75 - [STDERR_REDIRECT] 
2026-09-20 21:40:37,507 [ERROR] LogOutputStream:75 - [STDERR_REDIRECT] [Fatal Error] :1:1: Premature end of file.
2026-09-20 21:40:37,507 [ERROR] LogOutputStream:75 - [STDERR_REDIRECT] 
2026-09-20 21:40:38,499 [ERROR] LogOutputStream:75 - [STDERR_REDIRECT] [Fatal Error] :1:1: Premature end of file.
2026-09-20 21:40:38,499 [ERROR] LogOutputStream:75 - [STDERR_REDIRECT] 
2026-09-20 21:40:39,504 [ERROR] LogOutputStream:75 - [STDERR_REDIRECT] [Fatal Error] :1:1: Premature end of file.
2026-09-20 21:40:39,504 [ERROR] LogOutputStream:75 - [STDERR_REDIRECT] 
2026-09-20 21:40:40,505 [ERROR] LogOutputStream:75 - [STDERR_REDIRECT] [Fatal Error] :1:1: Premature end of file.
2026-09-20 21:40:40,505 [ERROR] LogOutputStream:75 - [STDERR_REDIRECT] 
2026-09-20 21:40:41,507 [ERROR] LogOutputStream:75 - [STDERR_REDIRECT] [Fatal Error] :1:1: Premature end of file.
2026-09-20 21:40:41,507 [ERROR] LogOutputStream:75 - [STDERR_REDIRECT] 
2026-09-20 21:40:42,504 [ERROR] LogOutputStream:75 - [STDERR_REDIRECT] [Fatal Error] :1:1: Premature end of file.
2026-09-20 21:40:42,504 [ERROR] LogOutputStream:75 - [STDERR_REDIRECT] 
2026-09-20 21:40:43,505 [ERROR] LogOutputStream:75 - [STDERR_REDIRECT] [Fatal Error] :1:1: Premature end of file.
2026-09-20 21:40:43,505 [ERROR] LogOutputStream:75 - [STDERR_REDIRECT] 
2026-09-20 21:40:44,499 [ERROR] LogOutputStream:75 - [STDERR_REDIRECT] [Fatal Error] :1:1: Premature end of file.
2026-09-20 21:40:44,500 [ERROR] LogOutputStream:75 - [STDERR_REDIRECT] 
2026-09-20 21:40:45,499 [ERROR] LogOutputStream:75 - [STDERR_REDIRECT] [Fatal Error] :1:1: Premature end of file.
2026-09-20 21:40:45,500 [ERROR] LogOutputStream:75 - [STDERR_REDIRECT] 
2026-09-20 21:40:46,504 [ERROR] LogOutputStream:75 - [STDERR_REDIRECT] [Fatal Error] :1:1: Premature end of file.
2026-09-20 21:40:46,504 [ERROR] LogOutputStream:75 - [STDERR_REDIRECT] 
2026-09-20 21:40:47,504 [ERROR] LogOutputStream:75 - [STDERR_REDIRECT] [Fatal Error] :1:1: Premature end of file.
2026-09-20 21:40:47,504 [ERROR] LogOutputStream:75 - [STDERR_REDIRECT] 
2026-09-20 21:40:48,502 [ERROR] LogOutputStream:75 - [STDERR_REDIRECT] [Fatal Error] :1:1: Premature end of file.
2026-09-20 21:40:48,502 [ERROR] LogOutputStream:75 - [STDERR_REDIRECT] 
2026-09-20 21:40:49,502 [ERROR] LogOutputStream:75 - [STDERR_REDIRECT] [Fatal Error] :1:1: Premature end of file.
2026-09-20 21:40:49,502 [ERROR] LogOutputStream:75 - [STDERR_REDIRECT] 
2026-09-20 21:40:50,502 [ERROR] LogOutputStream:75 - [STDERR_REDIRECT] [Fatal Error] :1:1: Premature end of file.
2026-09-20 21:40:50,502 [ERROR] LogOutputStream:75 - [STDERR_REDIRECT] 
2026-09-20 21:40:51,506 [ERROR] LogOutputStream:75 - [STDERR_REDIRECT] [Fatal Error] :1:1: Premature end of file.
2026-09-20 21:40:51,506 [ERROR] LogOutputStream:75 - [STDERR_REDIRECT] 
2026-09-20 21:40:52,498 [ERROR] LogOutputStream:75 - [STDERR_REDIRECT] [Fatal Error] :1:1: Premature end of file.
2026-09-20 21:40:52,498 [ERROR] LogOutputStream:75 - [STDERR_REDIRECT] 
2026-09-20 21:40:53,506 [ERROR] LogOutputStream:75 - [STDERR_REDIRECT] [Fatal Error] :1:1: Premature end of file.
2026-09-20 21:40:53,506 [ERROR] LogOutputStream:75 - [STDERR_REDIRECT] 
2026-09-20 21:40:54,500 [ERROR] LogOutputStream:75 - [STDERR_REDIRECT] [Fatal Error] :1:1: Premature end of file.
2026-09-20 21:40:54,502 [ERROR] LogOutputStream:75 - [STDERR_REDIRECT] 
2026-09-20 21:40:55,499 [ERROR] LogOutputStream:75 - [STDERR_REDIRECT] [Fatal Error] :1:1: Premature end of file.
2026-09-20 21:40:55,499 [ERROR] LogOutputStream:75 - [STDERR_REDIRECT] 
2026-09-20 21:40:56,502 [ERROR] LogOutputStream:75 - [STDERR_REDIRECT] [Fatal Error] :1:1: Premature end of file.
2026-09-20 21:40:56,502 [ERROR] LogOutputStream:75 - [STDERR_REDIRECT] 
2026-09-20 21:40:57,501 [ERROR] LogOutputStream:75 - [STDERR_REDIRECT] [Fatal Error] :1:1: Premature end of file.
2026-09-20 21:40:57,501 [ERROR] LogOutputStream:75 - [STDERR_REDIRECT] 
2026-09-20 21:40:58,503 [ERROR] LogOutputStream:75 - [STDERR_REDIRECT] [Fatal Error] :1:1: Premature end of file.
2026-09-20 21:40:58,503 [ERROR] LogOutputStream:75 - [STDERR_REDIRECT] 
2026-09-20 21:40:59,506 [ERROR] LogOutputStream:75 - [STDERR_REDIRECT] [Fatal Error] :1:1: Premature end of file.
2026-09-20 21:40:59,506 [ERROR] LogOutputStream:75 - [STDERR_REDIRECT] 
2026-09-20 21:41:00,502 [ERROR] LogOutputStream:75 - [STDERR_REDIRECT] [Fatal Error] :1:1: Premature end of file.
2026-09-20 21:41:00,502 [ERROR] LogOutputStream:75 - [STDERR_REDIRECT] 
2026-09-20 21:41:01,506 [ERROR] LogOutputStream:75 - [STDERR_REDIRECT] [Fatal Error] :1:1: Premature end of file.
2026-09-20 21:41:01,506 [ERROR] LogOutputStream:75 - [STDERR_REDIRECT] 
2026-09-20 21:41:02,504 [ERROR] LogOutputStream:75 - [STDERR_REDIRECT] [Fatal Error] :1:1: Premature end of file.
2026-09-20 21:41:02,504 [ERROR] LogOutputStream:75 - [STDERR_REDIRECT] 
2026-09-20 21:41:03,502 [ERROR] LogOutputStream:75 - [STDERR_REDIRECT] [Fatal Error] :1:1: Premature end of file.
2026-09-20 21:41:03,502 [ERROR] LogOutputStream:75 - [STDERR_REDIRECT] 
2026-09-20 21:41:04,503 [ERROR] LogOutputStream:75 - [STDERR_REDIRECT] [Fatal Error] :1:1: Premature end of file.
2026-09-20 21:41:04,503 [ERROR] LogOutputStream:75 - [STDERR_REDIRECT] 
2026-09-20 21:41:05,507 [ERROR] LogOutputStream:75 - [STDERR_REDIRECT] [Fatal Error] :1:1: Premature end of file.
2026-09-20 21:41:05,507 [ERROR] LogOutputStream:75 - [STDERR_REDIRECT] 
2026-09-20 21:41:06,504 [ERROR] LogOutputStream:75 - [STDERR_REDIRECT] [Fatal Error] :1:1: Premature end of file.
2026-09-20 21:41:06,504 [ERROR] LogOutputStream:75 - [STDERR_REDIRECT] 
2026-09-20 21:41:07,509 [ERROR] LogOutputStream:75 - [STDERR_REDIRECT] [Fatal Error] :1:1: Premature end of file.
2026-09-20 21:41:07,509 [ERROR] LogOutputStream:75 - [STDERR_REDIRECT] 
2026-09-20 21:41:08,506 [ERROR] LogOutputStream:75 - [STDERR_REDIRECT] [Fatal Error] :1:1: Premature end of file.
2026-09-20 21:41:08,506 [ERROR] LogOutputStream:75 - [STDERR_REDIRECT] 
2026-09-20 21:41:09,513 [ERROR] LogOutputStream:75 - [STDERR_REDIRECT] [Fatal Error] :1:1: Premature end of file.
2026-09-20 21:41:09,513 [ERROR] LogOutputStream:75 - [STDERR_REDIRECT] 
2026-09-20 21:41:10,509 [ERROR] LogOutputStream:75 - [STDERR_REDIRECT] [Fatal Error] :1:1: Premature end of file.
2026-09-20 21:41:10,509 [ERROR] LogOutputStream:75 - [STDERR_REDIRECT] 
2026-09-20 21:41:11,504 [ERROR] LogOutputStream:75 - [STDERR_REDIRECT] [Fatal Error] :1:1: Premature end of file.
2026-09-20 21:41:11,504 [ERROR] LogOutputStream:75 - [STDERR_REDIRECT] 
2026-09-20 21:41:12,502 [ERROR] LogOutputStream:75 - [STDERR_REDIRECT] [Fatal Error] :1:1: Premature end of file.
2026-09-20 21:41:12,502 [ERROR] LogOutputStream:75 - [STDERR_REDIRECT] 
2026-09-20 21:41:13,505 [ERROR] LogOutputStream:75 - [STDERR_REDIRECT] [Fatal Error] :1:1: Premature end of file.
2026-09-20 21:41:13,505 [ERROR] LogOutputStream:75 - [STDERR_REDIRECT] 
2026-09-20 21:41:14,507 [ERROR] LogOutputStream:75 - [STDERR_REDIRECT] [Fatal Error] :1:1: Premature end of file.
2026-09-20 21:41:14,507 [ERROR] LogOutputStream:75 - [STDERR_REDIRECT] 
2026-09-20 21:41:15,500 [ERROR] LogOutputStream:75 - [STDERR_REDIRECT] [Fatal Error] :1:1: Premature end of file.
2026-09-20 21:41:15,500 [ERROR] LogOutputStream:75 - [STDERR_REDIRECT] 
2026-09-20 21:41:16,503 [ERROR] LogOutputStream:75 - [STDERR_REDIRECT] [Fatal Error] :1:1: Premature end of file.
2026-09-20 21:41:16,504 [ERROR] LogOutputStream:75 - [STDERR_REDIRECT] 
2026-09-20 21:41:17,504 [ERROR] LogOutputStream:75 - [STDERR_REDIRECT] [Fatal Error] :1:1: Premature end of file.
2026-09-20 21:41:17,504 [ERROR] LogOutputStream:75 - [STDERR_REDIRECT] 
2026-09-20 21:41:18,502 [ERROR] LogOutputStream:75 - [STDERR_REDIRECT] [Fatal Error] :1:1: Premature end of file.
2026-09-20 21:41:18,503 [ERROR] LogOutputStream:75 - [STDERR_REDIRECT] 
2026-09-20 21:41:19,504 [ERROR] LogOutputStream:75 - [STDERR_REDIRECT] [Fatal Error] :1:1: Premature end of file.
2026-09-20 21:41:19,505 [ERROR] LogOutputStream:75 - [STDERR_REDIRECT] 
2026-09-20 21:41:20,504 [ERROR] LogOutputStream:75 - [STDERR_REDIRECT] [Fatal Error] :1:1: Premature end of file.
2026-09-20 21:41:20,504 [ERROR] LogOutputStream:75 - [STDERR_REDIRECT] 
2026-09-20 21:41:21,512 [ERROR] LogOutputStream:75 - [STDERR_REDIRECT] [Fatal Error] :1:1: Premature end of file.
2026-09-20 21:41:21,512 [ERROR] LogOutputStream:75 - [STDERR_REDIRECT] 
2026-09-20 21:41:22,504 [ERROR] LogOutputStream:75 - [STDERR_REDIRECT] [Fatal Error] :1:1: Premature end of file.
2026-09-20 21:41:22,504 [ERROR] LogOutputStream:75 - [STDERR_REDIRECT] 
2026-09-20 21:41:23,503 [ERROR] LogOutputStream:75 - [STDERR_REDIRECT] [Fatal Error] :1:1: Premature end of file.
2026-09-20 21:41:23,503 [ERROR] LogOutputStream:75 - [STDERR_REDIRECT] 
2026-09-20 21:41:24,505 [ERROR] LogOutputStream:75 - [STDERR_REDIRECT] [Fatal Error] :1:1: Premature end of file.
2026-09-20 21:41:24,505 [ERROR] LogOutputStream:75 - [STDERR_REDIRECT] 
2026-09-20 21:41:25,503 [ERROR] LogOutputStream:75 - [STDERR_REDIRECT] [Fatal Error] :1:1: Premature end of file.
2026-09-20 21:41:25,503 [ERROR] LogOutputStream:75 - [STDERR_REDIRECT] 
2026-09-20 21:41:26,506 [ERROR] LogOutputStream:75 - [STDERR_REDIRECT] [Fatal Error] :1:1: Premature end of file.
2026-09-20 21:41:26,506 [ERROR] LogOutputStream:75 - [STDERR_REDIRECT] 
2026-09-20 21:41:27,502 [ERROR] LogOutputStream:75 - [STDERR_REDIRECT] [Fatal Error] :1:1: Premature end of file.
2026-09-20 21:41:27,502 [ERROR] LogOutputStream:75 - [STDERR_REDIRECT] 
2026-09-20 21:41:28,504 [ERROR] LogOutputStream:75 - [STDERR_REDIRECT] [Fatal Error] :1:1: Premature end of file.
2026-09-20 21:41:28,504 [ERROR] LogOutputStream:75 - [STDERR_REDIRECT] 
2026-09-20 21:41:29,507 [ERROR] LogOutputStream:75 - [STDERR_REDIRECT] [Fatal Error] :1:1: Premature end of file.
2026-09-20 21:41:29,507 [ERROR] LogOutputStream:75 - [STDERR_REDIRECT] 
2026-09-20 21:41:30,507 [ERROR] LogOutputStream:75 - [STDERR_REDIRECT] [Fatal Error] :1:1: Premature end of file.
2026-09-20 21:41:30,507 [ERROR] LogOutputStream:75 - [STDERR_REDIRECT] 
2026-09-20 21:41:31,507 [ERROR] LogOutputStream:75 - [STDERR_REDIRECT] [Fatal Error] :1:1: Premature end of file.
2026-09-20 21:41:31,507 [ERROR] LogOutputStream:75 - [STDERR_REDIRECT] 
2026-09-20 21:41:32,518 [ERROR] LogOutputStream:75 - [STDERR_REDIRECT] [Fatal Error] :1:1: Premature end of file.
2026-09-20 21:41:32,518 [ERROR] LogOutputStream:75 - [STDERR_REDIRECT] 
2026-09-20 21:41:33,525 [ERROR] LogOutputStream:75 - [STDERR_REDIRECT] [Fatal Error] :1:1: Premature end of file.
2026-09-20 21:41:33,525 [ERROR] LogOutputStream:75 - [STDERR_REDIRECT] 
2026-09-20 21:41:34,513 [ERROR] LogOutputStream:75 - [STDERR_REDIRECT] [Fatal Error] :1:1: Premature end of file.
2026-09-20 21:41:34,513 [ERROR] LogOutputStream:75 - [STDERR_REDIRECT] 
2026-09-20 21:41:35,504 [ERROR] LogOutputStream:75 - [STDERR_REDIRECT] [Fatal Error] :1:1: Premature end of file.
2026-09-20 21:41:35,504 [ERROR] LogOutputStream:75 - [STDERR_REDIRECT] 
2026-09-20 21:41:36,513 [ERROR] LogOutputStream:75 - [STDERR_REDIRECT] [Fatal Error] :1:1: Premature end of file.
2026-09-20 21:41:36,513 [ERROR] LogOutputStream:75 - [STDERR_REDIRECT] 
2026-09-20 21:41:37,506 [ERROR] LogOutputStream:75 - [STDERR_REDIRECT] [Fatal Error] :1:1: Premature end of file.
2026-09-20 21:41:37,506 [ERROR] LogOutputStream:75 - [STDERR_REDIRECT] 
2026-09-20 21:41:38,503 [ERROR] LogOutputStream:75 - [STDERR_REDIRECT] [Fatal Error] :1:1: Premature end of file.
2026-09-20 21:41:38,503 [ERROR] LogOutputStream:75 - [STDERR_REDIRECT] 
2026-09-20 21:41:39,506 [ERROR] LogOutputStream:75 - [STDERR_REDIRECT] [Fatal Error] :1:1: Premature end of file.
2026-09-20 21:41:39,506 [ERROR] LogOutputStream:75 - [STDERR_REDIRECT] 
2026-09-20 21:41:40,537 [ERROR] LogOutputStream:75 - [STDERR_REDIRECT] [Fatal Error] :1:1: Premature end of file.
2026-09-20 21:41:40,537 [ERROR] LogOutputStream:75 - [STDERR_REDIRECT] 
2026-09-20 21:41:41,501 [ERROR] LogOutputStream:75 - [STDERR_REDIRECT] [Fatal Error] :1:1: Premature end of file.
2026-09-20 21:41:41,501 [ERROR] LogOutputStream:75 - [STDERR_REDIRECT] 
2026-09-20 21:41:42,504 [ERROR] LogOutputStream:75 - [STDERR_REDIRECT] [Fatal Error] :1:1: Premature end of file.
2026-09-20 21:41:42,504 [ERROR] LogOutputStream:75 - [STDERR_REDIRECT] 
2026-09-20 21:41:43,503 [ERROR] LogOutputStream:75 - [STDERR_REDIRECT] [Fatal Error] :1:1: Premature end of file.
2026-09-20 21:41:43,503 [ERROR] LogOutputStream:75 - [STDERR_REDIRECT] 
2026-09-20 21:41:44,504 [ERROR] LogOutputStream:75 - [STDERR_REDIRECT] [Fatal Error] :1:1: Premature end of file.
2026-09-20 21:41:44,504 [ERROR] LogOutputStream:75 - [STDERR_REDIRECT] 
2026-09-20 21:41:45,506 [ERROR] LogOutputStream:75 - [STDERR_REDIRECT] [Fatal Error] :1:1: Premature end of file.
2026-09-20 21:41:45,506 [ERROR] LogOutputStream:75 - [STDERR_REDIRECT] 
2026-09-20 21:41:46,508 [ERROR] LogOutputStream:75 - [STDERR_REDIRECT] [Fatal Error] :1:1: Premature end of file.
2026-09-20 21:41:46,508 [ERROR] LogOutputStream:75 - [STDERR_REDIRECT] 
2026-09-20 21:41:47,505 [ERROR] LogOutputStream:75 - [STDERR_REDIRECT] [Fatal Error] :1:1: Premature end of file.
2026-09-20 21:41:47,505 [ERROR] LogOutputStream:75 - [STDERR_REDIRECT] 
2026-09-20 21:41:48,510 [ERROR] LogOutputStream:75 - [STDERR_REDIRECT] [Fatal Error] :1:1: Premature end of file.
2026-09-20 21:41:48,510 [ERROR] LogOutputStream:75 - [STDERR_REDIRECT] 
2026-09-20 21:41:49,505 [ERROR] LogOutputStream:75 - [STDERR_REDIRECT] [Fatal Error] :1:1: Premature end of file.
2026-09-20 21:41:49,505 [ERROR] LogOutputStream:75 - [STDERR_REDIRECT] 
2026-09-20 21:41:50,507 [ERROR] LogOutputStream:75 - [STDERR_REDIRECT] [Fatal Error] :1:1: Premature end of file.
2026-09-20 21:41:50,507 [ERROR] LogOutputStream:75 - [STDERR_REDIRECT] 
2026-09-20 21:41:51,501 [ERROR] LogOutputStream:75 - [STDERR_REDIRECT] [Fatal Error] :1:1: Premature end of file.
2026-09-20 21:41:51,502 [ERROR] LogOutputStream:75 - [STDERR_REDIRECT] 
2026-09-20 21:41:52,506 [ERROR] LogOutputStream:75 - [STDERR_REDIRECT] [Fatal Error] :1:1: Premature end of file.
2026-09-20 21:41:52,506 [ERROR] LogOutputStream:75 - [STDERR_REDIRECT] 
2026-09-20 21:41:53,500 [ERROR] LogOutputStream:75 - [STDERR_REDIRECT] [Fatal Error] :1:1: Premature end of file.
2026-09-20 21:41:53,500 [ERROR] LogOutputStream:75 - [STDERR_REDIRECT] 
2026-09-20 21:41:54,499 [ERROR] LogOutputStream:75 - [STDERR_REDIRECT] [Fatal Error] :1:1: Premature end of file.
2026-09-20 21:41:54,500 [ERROR] LogOutputStream:75 - [STDERR_REDIRECT] 
2026-09-20 21:41:55,503 [ERROR] LogOutputStream:75 - [STDERR_REDIRECT] [Fatal Error] :1:1: Premature end of file.
2026-09-20 21:41:55,503 [ERROR] LogOutputStream:75 - [STDERR_REDIRECT] 
2026-09-20 21:41:56,498 [ERROR] LogOutputStream:75 - [STDERR_REDIRECT] [Fatal Error] :1:1: Premature end of file.
2026-09-20 21:41:56,498 [ERROR] LogOutputStream:75 - [STDERR_REDIRECT] 
2026-09-20 21:41:57,529 [ERROR] LogOutputStream:75 - [STDERR_REDIRECT] [Fatal Error] :1:1: Premature end of file.
2026-09-20 21:41:57,529 [ERROR] LogOutputStream:75 - [STDERR_REDIRECT] 
2026-09-20 21:41:58,507 [ERROR] LogOutputStream:75 - [STDERR_REDIRECT] [Fatal Error] :1:1: Premature end of file.
2026-09-20 21:41:58,507 [ERROR] LogOutputStream:75 - [STDERR_REDIRECT] 
2026-09-20 21:41:59,503 [ERROR] LogOutputStream:75 - [STDERR_REDIRECT] [Fatal Error] :1:1: Premature end of file.
2026-09-20 21:41:59,503 [ERROR] LogOutputStream:75 - [STDERR_REDIRECT] 
2026-09-20 21:42:00,505 [ERROR] LogOutputStream:75 - [STDERR_REDIRECT] [Fatal Error] :1:1: Premature end of file.
2026-09-20 21:42:00,505 [ERROR] LogOutputStream:75 - [STDERR_REDIRECT] 
2026-09-20 21:42:01,504 [ERROR] LogOutputStream:75 - [STDERR_REDIRECT] [Fatal Error] :1:1: Premature end of file.
2026-09-20 21:42:01,505 [ERROR] LogOutputStream:75 - [STDERR_REDIRECT] 
2026-09-20 21:42:02,503 [ERROR] LogOutputStream:75 - [STDERR_REDIRECT] [Fatal Error] :1:1: Premature end of file.
2026-09-20 21:42:02,503 [ERROR] LogOutputStream:75 - [STDERR_REDIRECT] 
2026-09-20 21:42:03,501 [ERROR] LogOutputStream:75 - [STDERR_REDIRECT] [Fatal Error] :1:1: Premature end of file.
2026-09-20 21:42:03,502 [ERROR] LogOutputStream:75 - [STDERR_REDIRECT] 
2026-09-20 21:42:04,505 [ERROR] LogOutputStream:75 - [STDERR_REDIRECT] [Fatal Error] :1:1: Premature end of file.
2026-09-20 21:42:04,505 [ERROR] LogOutputStream:75 - [STDERR_REDIRECT] 
2026-09-20 21:42:05,502 [ERROR] LogOutputStream:75 - [STDERR_REDIRECT] [Fatal Error] :1:1: Premature end of file.
2026-09-20 21:42:05,502 [ERROR] LogOutputStream:75 - [STDERR_REDIRECT] 
2026-09-20 21:42:06,500 [ERROR] LogOutputStream:75 - [STDERR_REDIRECT] [Fatal Error] :1:1: Premature end of file.
2026-09-20 21:42:06,500 [ERROR] LogOutputStream:75 - [STDERR_REDIRECT] 
2026-09-20 21:42:07,510 [ERROR] LogOutputStream:75 - [STDERR_REDIRECT] [Fatal Error] :1:1: Premature end of file.
2026-09-20 21:42:07,510 [ERROR] LogOutputStream:75 - [STDERR_REDIRECT] 
2026-09-20 21:42:08,504 [ERROR] LogOutputStream:75 - [STDERR_REDIRECT] [Fatal Error] :1:1: Premature end of file.
2026-09-20 21:42:08,504 [ERROR] LogOutputStream:75 - [STDERR_REDIRECT] 
2026-09-20 21:42:09,505 [ERROR] LogOutputStream:75 - [STDERR_REDIRECT] [Fatal Error] :1:1: Premature end of file.
2026-09-20 21:42:09,506 [ERROR] LogOutputStream:75 - [STDERR_REDIRECT] 
2026-09-20 21:42:10,502 [ERROR] LogOutputStream:75 - [STDERR_REDIRECT] [Fatal Error] :1:1: Premature end of file.
2026-09-20 21:42:10,502 [ERROR] LogOutputStream:75 - [STDERR_REDIRECT] 
2026-09-20 21:42:11,501 [ERROR] LogOutputStream:75 - [STDERR_REDIRECT] [Fatal Error] :1:1: Premature end of file.
2026-09-20 21:42:11,502 [ERROR] LogOutputStream:75 - [STDERR_REDIRECT] 
2026-09-20 21:42:12,502 [ERROR] LogOutputStream:75 - [STDERR_REDIRECT] [Fatal Error] :1:1: Premature end of file.
2026-09-20 21:42:12,502 [ERROR] LogOutputStream:75 - [STDERR_REDIRECT] 
2026-09-20 21:42:13,502 [ERROR] LogOutputStream:75 - [STDERR_REDIRECT] [Fatal Error] :1:1: Premature end of file.
2026-09-20 21:42:13,502 [ERROR] LogOutputStream:75 - [STDERR_REDIRECT] 
2026-09-20 21:42:14,501 [ERROR] LogOutputStream:75 - [STDERR_REDIRECT] [Fatal Error] :1:1: Premature end of file.
2026-09-20 21:42:14,501 [ERROR] LogOutputStream:75 - [STDERR_REDIRECT] 
2026-09-20 21:42:15,498 [ERROR] LogOutputStream:75 - [STDERR_REDIRECT] [Fatal Error] :1:1: Premature end of file.
2026-09-20 21:42:15,499 [ERROR] LogOutputStream:75 - [STDERR_REDIRECT] 
2026-09-20 21:42:16,505 [ERROR] LogOutputStream:75 - [STDERR_REDIRECT] [Fatal Error] :1:1: Premature end of file.
2026-09-20 21:42:16,506 [ERROR] LogOutputStream:75 - [STDERR_REDIRECT] 
2026-09-20 21:42:17,508 [ERROR] LogOutputStream:75 - [STDERR_REDIRECT] [Fatal Error] :1:1: Premature end of file.
2026-09-20 21:42:17,508 [ERROR] LogOutputStream:75 - [STDERR_REDIRECT] 
2026-09-20 21:42:18,502 [ERROR] LogOutputStream:75 - [STDERR_REDIRECT] [Fatal Error] :1:1: Premature end of file.
2026-09-20 21:42:18,503 [ERROR] LogOutputStream:75 - [STDERR_REDIRECT] 
2026-09-20 21:42:19,498 [ERROR] LogOutputStream:75 - [STDERR_REDIRECT] [Fatal Error] :1:1: Premature end of file.
2026-09-20 21:42:19,498 [ERROR] LogOutputStream:75 - [STDERR_REDIRECT] 
2026-09-20 21:42:20,503 [ERROR] LogOutputStream:75 - [STDERR_REDIRECT] [Fatal Error] :1:1: Premature end of file.
2026-09-20 21:42:20,503 [ERROR] LogOutputStream:75 - [STDERR_REDIRECT] 
2026-09-20 21:42:21,500 [ERROR] LogOutputStream:75 - [STDERR_REDIRECT] [Fatal Error] :1:1: Premature end of file.
2026-09-20 21:42:21,500 [ERROR] LogOutputStream:75 - [STDERR_REDIRECT] 
2026-09-20 21:42:22,498 [ERROR] LogOutputStream:75 - [STDERR_REDIRECT] [Fatal Error] :1:1: Premature end of file.
2026-09-20 21:42:22,498 [ERROR] LogOutputStream:75 - [STDERR_REDIRECT] 
2026-09-20 21:42:23,505 [ERROR] LogOutputStream:75 - [STDERR_REDIRECT] [Fatal Error] :1:1: Premature end of file.
2026-09-20 21:42:23,505 [ERROR] LogOutputStream:75 - [STDERR_REDIRECT] 
2026-09-20 21:42:24,513 [ERROR] LogOutputStream:75 - [STDERR_REDIRECT] [Fatal Error] :1:1: Premature end of file.
2026-09-20 21:42:24,513 [ERROR] LogOutputStream:75 - [STDERR_REDIRECT] 
2026-09-20 21:42:25,503 [ERROR] LogOutputStream:75 - [STDERR_REDIRECT] [Fatal Error] :1:1: Premature end of file.
2026-09-20 21:42:25,503 [ERROR] LogOutputStream:75 - [STDERR_REDIRECT] 
2026-09-20 21:42:26,499 [ERROR] LogOutputStream:75 - [STDERR_REDIRECT] [Fatal Error] :1:1: Premature end of file.
2026-09-20 21:42:26,499 [ERROR] LogOutputStream:75 - [STDERR_REDIRECT] 
2026-09-20 21:42:27,505 [ERROR] LogOutputStream:75 - [STDERR_REDIRECT] [Fatal Error] :1:1: Premature end of file.
2026-09-20 21:42:27,505 [ERROR] LogOutputStream:75 - [STDERR_REDIRECT] 
2026-09-20 21:42:28,502 [ERROR] LogOutputStream:75 - [STDERR_REDIRECT] [Fatal Error] :1:1: Premature end of file.
2026-09-20 21:42:28,502 [ERROR] LogOutputStream:75 - [STDERR_REDIRECT] 
2026-09-20 21:42:29,504 [ERROR] LogOutputStream:75 - [STDERR_REDIRECT] [Fatal Error] :1:1: Premature end of file.
2026-09-20 21:42:29,505 [ERROR] LogOutputStream:75 - [STDERR_REDIRECT] 
2026-09-20 21:42:30,503 [ERROR] LogOutputStream:75 - [STDERR_REDIRECT] [Fatal Error] :1:1: Premature end of file.
2026-09-20 21:42:30,504 [ERROR] LogOutputStream:75 - [STDERR_REDIRECT] 
2026-09-20 21:42:31,500 [ERROR] LogOutputStream:75 - [STDERR_REDIRECT] [Fatal Error] :1:1: Premature end of file.
2026-09-20 21:42:31,500 [ERROR] LogOutputStream:75 - [STDERR_REDIRECT] 
2026-09-20 21:42:32,505 [ERROR] LogOutputStream:75 - [STDERR_REDIRECT] [Fatal Error] :1:1: Premature end of file.
2026-09-20 21:42:32,505 [ERROR] LogOutputStream:75 - [STDERR_REDIRECT] 
2026-09-20 21:42:33,508 [ERROR] LogOutputStream:75 - [STDERR_REDIRECT] [Fatal Error] :1:1: Premature end of file.
2026-09-20 21:42:33,508 [ERROR] LogOutputStream:75 - [STDERR_REDIRECT] 
2026-09-20 21:42:34,507 [ERROR] LogOutputStream:75 - [STDERR_REDIRECT] [Fatal Error] :1:1: Premature end of file.
2026-09-20 21:42:34,507 [ERROR] LogOutputStream:75 - [STDERR_REDIRECT] 
2026-09-20 21:42:35,508 [ERROR] LogOutputStream:75 - [STDERR_REDIRECT] [Fatal Error] :1:1: Premature end of file.
2026-09-20 21:42:35,508 [ERROR] LogOutputStream:75 - [STDERR_REDIRECT] 
2026-09-20 21:42:36,506 [ERROR] LogOutputStream:75 - [STDERR_REDIRECT] [Fatal Error] :1:1: Premature end of file.
2026-09-20 21:42:36,506 [ERROR] LogOutputStream:75 - [STDERR_REDIRECT] 
2026-09-20 21:42:37,504 [ERROR] LogOutputStream:75 - [STDERR_REDIRECT] [Fatal Error] :1:1: Premature end of file.
2026-09-20 21:42:37,505 [ERROR] LogOutputStream:75 - [STDERR_REDIRECT] 
2026-09-20 21:42:38,504 [ERROR] LogOutputStream:75 - [STDERR_REDIRECT] [Fatal Error] :1:1: Premature end of file.
2026-09-20 21:42:38,504 [ERROR] LogOutputStream:75 - [STDERR_REDIRECT] 
2026-09-20 21:42:39,504 [ERROR] LogOutputStream:75 - [STDERR_REDIRECT] [Fatal Error] :1:1: Premature end of file.
2026-09-20 21:42:39,504 [ERROR] LogOutputStream:75 - [STDERR_REDIRECT] 
2026-09-20 21:42:40,503 [ERROR] LogOutputStream:75 - [STDERR_REDIRECT] [Fatal Error] :1:1: Premature end of file.
2026-09-20 21:42:40,503 [ERROR] LogOutputStream:75 - [STDERR_REDIRECT] 
2026-09-20 21:42:41,502 [ERROR] LogOutputStream:75 - [STDERR_REDIRECT] [Fatal Error] :1:1: Premature end of file.
2026-09-20 21:42:41,502 [ERROR] LogOutputStream:75 - [STDERR_REDIRECT] 
2026-09-20 21:42:42,502 [ERROR] LogOutputStream:75 - [STDERR_REDIRECT] [Fatal Error] :1:1: Premature end of file.
2026-09-20 21:42:42,503 [ERROR] LogOutputStream:75 - [STDERR_REDIRECT] 
2026-09-20 21:42:43,507 [ERROR] LogOutputStream:75 - [STDERR_REDIRECT] [Fatal Error] :1:1: Premature end of file.
2026-09-20 21:42:43,507 [ERROR] LogOutputStream:75 - [STDERR_REDIRECT] 
2026-09-20 21:42:44,497 [ERROR] LogOutputStream:75 - [STDERR_REDIRECT] [Fatal Error] :1:1: Premature end of file.
2026-09-20 21:42:44,498 [ERROR] LogOutputStream:75 - [STDERR_REDIRECT] 
2026-09-20 21:42:45,499 [ERROR] LogOutputStream:75 - [STDERR_REDIRECT] [Fatal Error] :1:1: Premature end of file.
2026-09-20 21:42:45,499 [ERROR] LogOutputStream:75 - [STDERR_REDIRECT] 
2026-09-20 21:42:46,505 [ERROR] LogOutputStream:75 - [STDERR_REDIRECT] [Fatal Error] :1:1: Premature end of file.
2026-09-20 21:42:46,505 [ERROR] LogOutputStream:75 - [STDERR_REDIRECT] 
2026-09-20 21:42:47,497 [ERROR] LogOutputStream:75 - [STDERR_REDIRECT] [Fatal Error] :1:1: Premature end of file.
2026-09-20 21:42:47,498 [ERROR] LogOutputStream:75 - [STDERR_REDIRECT] 
2026-09-20 21:42:48,507 [ERROR] LogOutputStream:75 - [STDERR_REDIRECT] [Fatal Error] :1:1: Premature end of file.
2026-09-20 21:42:48,507 [ERROR] LogOutputStream:75 - [STDERR_REDIRECT] 
2026-09-20 21:42:49,502 [ERROR] LogOutputStream:75 - [STDERR_REDIRECT] [Fatal Error] :1:1: Premature end of file.
2026-09-20 21:42:49,503 [ERROR] LogOutputStream:75 - [STDERR_REDIRECT] 
2026-09-20 21:42:50,498 [ERROR] LogOutputStream:75 - [STDERR_REDIRECT] [Fatal Error] :1:1: Premature end of file.
2026-09-20 21:42:50,498 [ERROR] LogOutputStream:75 - [STDERR_REDIRECT] 
2026-09-20 21:42:51,501 [ERROR] LogOutputStream:75 - [STDERR_REDIRECT] [Fatal Error] :1:1: Premature end of file.
2026-09-20 21:42:51,501 [ERROR] LogOutputStream:75 - [STDERR_REDIRECT] 
2026-09-20 21:42:52,503 [ERROR] LogOutputStream:75 - [STDERR_REDIRECT] [Fatal Error] :1:1: Premature end of file.
2026-09-20 21:42:52,503 [ERROR] LogOutputStream:75 - [STDERR_REDIRECT] 
2026-09-20 21:42:53,500 [ERROR] LogOutputStream:75 - [STDERR_REDIRECT] [Fatal Error] :1:1: Premature end of file.
2026-09-20 21:42:53,500 [ERROR] LogOutputStream:75 - [STDERR_REDIRECT] 
2026-09-20 21:42:54,500 [ERROR] LogOutputStream:75 - [STDERR_REDIRECT] [Fatal Error] :1:1: Premature end of file.
2026-09-20 21:42:54,500 [ERROR] LogOutputStream:75 - [STDERR_REDIRECT] 
2026-09-20 21:42:55,503 [ERROR] LogOutputStream:75 - [STDERR_REDIRECT] [Fatal Error] :1:1: Premature end of file.
2026-09-20 21:42:55,503 [ERROR] LogOutputStream:75 - [STDERR_REDIRECT] 
2026-09-20 21:42:56,504 [ERROR] LogOutputStream:75 - [STDERR_REDIRECT] [Fatal Error] :1:1: Premature end of file.
2026-09-20 21:42:56,504 [ERROR] LogOutputStream:75 - [STDERR_REDIRECT] 
2026-09-20 21:42:57,506 [ERROR] LogOutputStream:75 - [STDERR_REDIRECT] [Fatal Error] :1:1: Premature end of file.
2026-09-20 21:42:57,506 [ERROR] LogOutputStream:75 - [STDERR_REDIRECT] 
2026-09-20 21:42:58,505 [ERROR] LogOutputStream:75 - [STDERR_REDIRECT] [Fatal Error] :1:1: Premature end of file.
2026-09-20 21:42:58,505 [ERROR] LogOutputStream:75 - [STDERR_REDIRECT] 
2026-09-20 21:42:59,502 [ERROR] LogOutputStream:75 - [STDERR_REDIRECT] [Fatal Error] :1:1: Premature end of file.
2026-09-20 21:42:59,502 [ERROR] LogOutputStream:75 - [STDERR_REDIRECT] 
2026-09-20 21:43:00,502 [ERROR] LogOutputStream:75 - [STDERR_REDIRECT] [Fatal Error] :1:1: Premature end of file.
2026-09-20 21:43:00,502 [ERROR] LogOutputStream:75 - [STDERR_REDIRECT] 
2026-09-20 21:43:01,507 [ERROR] LogOutputStream:75 - [STDERR_REDIRECT] [Fatal Error] :1:1: Premature end of file.
2026-09-20 21:43:01,507 [ERROR] LogOutputStream:75 - [STDERR_REDIRECT] 
2026-09-20 21:43:02,507 [ERROR] LogOutputStream:75 - [STDERR_REDIRECT] [Fatal Error] :1:1: Premature end of file.
2026-09-20 21:43:02,507 [ERROR] LogOutputStream:75 - [STDERR_REDIRECT] 
2026-09-20 21:43:03,503 [ERROR] LogOutputStream:75 - [STDERR_REDIRECT] [Fatal Error] :1:1: Premature end of file.
2026-09-20 21:43:03,503 [ERROR] LogOutputStream:75 - [STDERR_REDIRECT] 
2026-09-20 21:43:04,507 [ERROR] LogOutputStream:75 - [STDERR_REDIRECT] [Fatal Error] :1:1: Premature end of file.
2026-09-20 21:43:04,512 [ERROR] LogOutputStream:75 - [STDERR_REDIRECT] 
2026-09-20 21:43:05,505 [ERROR] LogOutputStream:75 - [STDERR_REDIRECT] [Fatal Error] :1:1: Premature end of file.
2026-09-20 21:43:05,506 [ERROR] LogOutputStream:75 - [STDERR_REDIRECT] 
2026-09-20 21:43:06,510 [ERROR] LogOutputStream:75 - [STDERR_REDIRECT] [Fatal Error] :1:1: Premature end of file.
2026-09-20 21:43:06,510 [ERROR] LogOutputStream:75 - [STDERR_REDIRECT] 
2026-09-20 21:43:07,505 [ERROR] LogOutputStream:75 - [STDERR_REDIRECT] [Fatal Error] :1:1: Premature end of file.
2026-09-20 21:43:07,505 [ERROR] LogOutputStream:75 - [STDERR_REDIRECT] 
2026-09-20 21:43:08,507 [ERROR] LogOutputStream:75 - [STDERR_REDIRECT] [Fatal Error] :1:1: Premature end of file.
2026-09-20 21:43:08,507 [ERROR] LogOutputStream:75 - [STDERR_REDIRECT] 
2026-09-20 21:43:09,513 [ERROR] LogOutputStream:75 - [STDERR_REDIRECT] [Fatal Error] :1:1: Premature end of file.
2026-09-20 21:43:09,514 [ERROR] LogOutputStream:75 - [STDERR_REDIRECT] 
2026-09-20 21:43:10,507 [ERROR] LogOutputStream:75 - [STDERR_REDIRECT] [Fatal Error] :1:1: Premature end of file.
2026-09-20 21:43:10,507 [ERROR] LogOutputStream:75 - [STDERR_REDIRECT] 
2026-09-20 21:43:11,506 [ERROR] LogOutputStream:75 - [STDERR_REDIRECT] [Fatal Error] :1:1: Premature end of file.
2026-09-20 21:43:11,506 [ERROR] LogOutputStream:75 - [STDERR_REDIRECT] 
2026-09-20 21:43:12,508 [ERROR] LogOutputStream:75 - [STDERR_REDIRECT] [Fatal Error] :1:1: Premature end of file.
2026-09-20 21:43:12,508 [ERROR] LogOutputStream:75 - [STDERR_REDIRECT] 
2026-09-20 21:43:13,503 [ERROR] LogOutputStream:75 - [STDERR_REDIRECT] [Fatal Error] :1:1: Premature end of file.
2026-09-20 21:43:13,503 [ERROR] LogOutputStream:75 - [STDERR_REDIRECT] 
2026-09-20 21:43:14,503 [ERROR] LogOutputStream:75 - [STDERR_REDIRECT] [Fatal Error] :1:1: Premature end of file.
2026-09-20 21:43:14,503 [ERROR] LogOutputStream:75 - [STDERR_REDIRECT] 
2026-09-20 21:43:15,497 [ERROR] LogOutputStream:75 - [STDERR_REDIRECT] [Fatal Error] :1:1: Premature end of file.
2026-09-20 21:43:15,497 [ERROR] LogOutputStream:75 - [STDERR_REDIRECT] 
2026-09-20 21:43:16,499 [ERROR] LogOutputStream:75 - [STDERR_REDIRECT] [Fatal Error] :1:1: Premature end of file.
2026-09-20 21:43:16,499 [ERROR] LogOutputStream:75 - [STDERR_REDIRECT] 
2026-09-20 21:43:17,502 [ERROR] LogOutputStream:75 - [STDERR_REDIRECT] [Fatal Error] :1:1: Premature end of file.
2026-09-20 21:43:17,502 [ERROR] LogOutputStream:75 - [STDERR_REDIRECT] 
2026-09-20 21:43:18,504 [ERROR] LogOutputStream:75 - [STDERR_REDIRECT] [Fatal Error] :1:1: Premature end of file.
2026-09-20 21:43:18,504 [ERROR] LogOutputStream:75 - [STDERR_REDIRECT] 
2026-09-20 21:43:19,507 [ERROR] LogOutputStream:75 - [STDERR_REDIRECT] [Fatal Error] :1:1: Premature end of file.
2026-09-20 21:43:19,507 [ERROR] LogOutputStream:75 - [STDERR_REDIRECT] 
2026-09-20 21:43:20,505 [ERROR] LogOutputStream:75 - [STDERR_REDIRECT] [Fatal Error] :1:1: Premature end of file.
2026-09-20 21:43:20,505 [ERROR] LogOutputStream:75 - [STDERR_REDIRECT] 
2026-09-20 21:43:21,503 [ERROR] LogOutputStream:75 - [STDERR_REDIRECT] [Fatal Error] :1:1: Premature end of file.
2026-09-20 21:43:21,503 [ERROR] LogOutputStream:75 - [STDERR_REDIRECT] 
2026-09-20 21:43:22,499 [ERROR] LogOutputStream:75 - [STDERR_REDIRECT] [Fatal Error] :1:1: Premature end of file.
2026-09-20 21:43:22,499 [ERROR] LogOutputStream:75 - [STDERR_REDIRECT] 
2026-09-20 21:43:23,506 [ERROR] LogOutputStream:75 - [STDERR_REDIRECT] [Fatal Error] :1:1: Premature end of file.
2026-09-20 21:43:23,507 [ERROR] LogOutputStream:75 - [STDERR_REDIRECT] 
2026-09-20 21:43:24,509 [ERROR] LogOutputStream:75 - [STDERR_REDIRECT] [Fatal Error] :1:1: Premature end of file.
2026-09-20 21:43:24,509 [ERROR] LogOutputStream:75 - [STDERR_REDIRECT] 
2026-09-20 21:43:25,508 [ERROR] LogOutputStream:75 - [STDERR_REDIRECT] [Fatal Error] :1:1: Premature end of file.
2026-09-20 21:43:25,508 [ERROR] LogOutputStream:75 - [STDERR_REDIRECT] 
2026-09-20 21:43:26,504 [ERROR] LogOutputStream:75 - [STDERR_REDIRECT] [Fatal Error] :1:1: Premature end of file.
2026-09-20 21:43:26,504 [ERROR] LogOutputStream:75 - [STDERR_REDIRECT] 
2026-09-20 21:43:27,498 [ERROR] LogOutputStream:75 - [STDERR_REDIRECT] [Fatal Error] :1:1: Premature end of file.
2026-09-20 21:43:27,498 [ERROR] LogOutputStream:75 - [STDERR_REDIRECT] 
2026-09-20 21:43:28,504 [ERROR] LogOutputStream:75 - [STDERR_REDIRECT] [Fatal Error] :1:1: Premature end of file.
2026-09-20 21:43:28,504 [ERROR] LogOutputStream:75 - [STDERR_REDIRECT] 
2026-09-20 21:43:29,509 [ERROR] LogOutputStream:75 - [STDERR_REDIRECT] [Fatal Error] :1:1: Premature end of file.
2026-09-20 21:43:29,509 [ERROR] LogOutputStream:75 - [STDERR_REDIRECT] 
2026-09-20 21:43:30,499 [ERROR] LogOutputStream:75 - [STDERR_REDIRECT] [Fatal Error] :1:1: Premature end of file.
2026-09-20 21:43:30,499 [ERROR] LogOutputStream:75 - [STDERR_REDIRECT] 
2026-09-20 21:43:31,505 [ERROR] LogOutputStream:75 - [STDERR_REDIRECT] [Fatal Error] :1:1: Premature end of file.
2026-09-20 21:43:31,505 [ERROR] LogOutputStream:75 - [STDERR_REDIRECT] 
2026-09-20 21:43:32,508 [ERROR] LogOutputStream:75 - [STDERR_REDIRECT] [Fatal Error] :1:1: Premature end of file.
2026-09-20 21:43:32,508 [ERROR] LogOutputStream:75 - [STDERR_REDIRECT] 
2026-09-20 21:43:33,505 [ERROR] LogOutputStream:75 - [STDERR_REDIRECT] [Fatal Error] :1:1: Premature end of file.
2026-09-20 21:43:33,505 [ERROR] LogOutputStream:75 - [STDERR_REDIRECT] 
2026-09-20 21:43:34,507 [ERROR] LogOutputStream:75 - [STDERR_REDIRECT] [Fatal Error] :1:1: Premature end of file.
2026-09-20 21:43:34,507 [ERROR] LogOutputStream:75 - [STDERR_REDIRECT] 
2026-09-20 21:43:35,506 [ERROR] LogOutputStream:75 - [STDERR_REDIRECT] [Fatal Error] :1:1: Premature end of file.
2026-09-20 21:43:35,506 [ERROR] LogOutputStream:75 - [STDERR_REDIRECT] 
2026-09-20 21:43:36,507 [ERROR] LogOutputStream:75 - [STDERR_REDIRECT] [Fatal Error] :1:1: Premature end of file.
2026-09-20 21:43:36,507 [ERROR] LogOutputStream:75 - [STDERR_REDIRECT] 
2026-09-20 21:43:37,507 [ERROR] LogOutputStream:75 - [STDERR_REDIRECT] [Fatal Error] :1:1: Premature end of file.
2026-09-20 21:43:37,507 [ERROR] LogOutputStream:75 - [STDERR_REDIRECT] 
2026-09-20 21:43:38,505 [ERROR] LogOutputStream:75 - [STDERR_REDIRECT] [Fatal Error] :1:1: Premature end of file.
2026-09-20 21:43:38,506 [ERROR] LogOutputStream:75 - [STDERR_REDIRECT] 
2026-09-20 21:43:39,503 [ERROR] LogOutputStream:75 - [STDERR_REDIRECT] [Fatal Error] :1:1: Premature end of file.
2026-09-20 21:43:39,503 [ERROR] LogOutputStream:75 - [STDERR_REDIRECT] 
2026-09-20 21:43:40,509 [ERROR] LogOutputStream:75 - [STDERR_REDIRECT] [Fatal Error] :1:1: Premature end of file.
2026-09-20 21:43:40,509 [ERROR] LogOutputStream:75 - [STDERR_REDIRECT] 
2026-09-20 21:43:41,501 [ERROR] LogOutputStream:75 - [STDERR_REDIRECT] [Fatal Error] :1:1: Premature end of file.
2026-09-20 21:43:41,501 [ERROR] LogOutputStream:75 - [STDERR_REDIRECT] 
2026-09-20 21:43:42,503 [ERROR] LogOutputStream:75 - [STDERR_REDIRECT] [Fatal Error] :1:1: Premature end of file.
2026-09-20 21:43:42,503 [ERROR] LogOutputStream:75 - [STDERR_REDIRECT] 
2026-09-20 21:43:43,513 [ERROR] LogOutputStream:75 - [STDERR_REDIRECT] [Fatal Error] :1:1: Premature end of file.
2026-09-20 21:43:43,513 [ERROR] LogOutputStream:75 - [STDERR_REDIRECT] 
2026-09-20 21:43:44,512 [ERROR] LogOutputStream:75 - [STDERR_REDIRECT] [Fatal Error] :1:1: Premature end of file.
2026-09-20 21:43:44,512 [ERROR] LogOutputStream:75 - [STDERR_REDIRECT] 
2026-09-20 21:43:45,511 [ERROR] LogOutputStream:75 - [STDERR_REDIRECT] [Fatal Error] :1:1: Premature end of file.
2026-09-20 21:43:45,511 [ERROR] LogOutputStream:75 - [STDERR_REDIRECT] 
2026-09-20 21:43:46,503 [ERROR] LogOutputStream:75 - [STDERR_REDIRECT] [Fatal Error] :1:1: Premature end of file.
2026-09-20 21:43:46,503 [ERROR] LogOutputStream:75 - [STDERR_REDIRECT] 
2026-09-20 21:43:47,502 [ERROR] LogOutputStream:75 - [STDERR_REDIRECT] [Fatal Error] :1:1: Premature end of file.
2026-09-20 21:43:47,502 [ERROR] LogOutputStream:75 - [STDERR_REDIRECT] 
2026-09-20 21:43:48,513 [ERROR] LogOutputStream:75 - [STDERR_REDIRECT] [Fatal Error] :1:1: Premature end of file.
2026-09-20 21:43:48,513 [ERROR] LogOutputStream:75 - [STDERR_REDIRECT] 
2026-09-20 21:43:49,513 [ERROR] LogOutputStream:75 - [STDERR_REDIRECT] [Fatal Error] :1:1: Premature end of file.
2026-09-20 21:43:49,513 [ERROR] LogOutputStream:75 - [STDERR_REDIRECT] 
2026-09-20 21:43:50,499 [ERROR] LogOutputStream:75 - [STDERR_REDIRECT] [Fatal Error] :1:1: Premature end of file.
2026-09-20 21:43:50,499 [ERROR] LogOutputStream:75 - [STDERR_REDIRECT] 
2026-09-20 21:43:51,499 [ERROR] LogOutputStream:75 - [STDERR_REDIRECT] [Fatal Error] :1:1: Premature end of file.
2026-09-20 21:43:51,499 [ERROR] LogOutputStream:75 - [STDERR_REDIRECT] 
2026-09-20 21:43:52,502 [ERROR] LogOutputStream:75 - [STDERR_REDIRECT] [Fatal Error] :1:1: Premature end of file.
2026-09-20 21:43:52,502 [ERROR] LogOutputStream:75 - [STDERR_REDIRECT] 
2026-09-20 21:43:53,517 [ERROR] LogOutputStream:75 - [STDERR_REDIRECT] [Fatal Error] :1:1: Premature end of file.
2026-09-20 21:43:53,517 [ERROR] LogOutputStream:75 - [STDERR_REDIRECT] 
2026-09-20 21:43:54,514 [ERROR] LogOutputStream:75 - [STDERR_REDIRECT] [Fatal Error] :1:1: Premature end of file.
2026-09-20 21:43:54,514 [ERROR] LogOutputStream:75 - [STDERR_REDIRECT] 
2026-09-20 21:43:55,517 [ERROR] LogOutputStream:75 - [STDERR_REDIRECT] [Fatal Error] :1:1: Premature end of file.
2026-09-20 21:43:55,517 [ERROR] LogOutputStream:75 - [STDERR_REDIRECT] 
2026-09-20 21:43:56,521 [ERROR] LogOutputStream:75 - [STDERR_REDIRECT] [Fatal Error] :1:1: Premature end of file.
2026-09-20 21:43:56,521 [ERROR] LogOutputStream:75 - [STDERR_REDIRECT] 
2026-09-20 21:43:57,502 [ERROR] LogOutputStream:75 - [STDERR_REDIRECT] [Fatal Error] :1:1: Premature end of file.
2026-09-20 21:43:57,509 [ERROR] LogOutputStream:75 - [STDERR_REDIRECT] 
2026-09-20 21:43:58,504 [ERROR] LogOutputStream:75 - [STDERR_REDIRECT] [Fatal Error] :1:1: Premature end of file.
2026-09-20 21:43:58,509 [ERROR] LogOutputStream:75 - [STDERR_REDIRECT] 
2026-09-20 21:43:59,506 [ERROR] LogOutputStream:75 - [STDERR_REDIRECT] [Fatal Error] :1:1: Premature end of file.
2026-09-20 21:43:59,506 [ERROR] LogOutputStream:75 - [STDERR_REDIRECT] 
2026-09-20 21:44:00,512 [ERROR] LogOutputStream:75 - [STDERR_REDIRECT] [Fatal Error] :1:1: Premature end of file.
2026-09-20 21:44:00,512 [ERROR] LogOutputStream:75 - [STDERR_REDIRECT] 
2026-09-20 21:44:01,514 [ERROR] LogOutputStream:75 - [STDERR_REDIRECT] [Fatal Error] :1:1: Premature end of file.
2026-09-20 21:44:01,514 [ERROR] LogOutputStream:75 - [STDERR_REDIRECT] 
2026-09-20 21:44:02,515 [ERROR] LogOutputStream:75 - [STDERR_REDIRECT] [Fatal Error] :1:1: Premature end of file.
2026-09-20 21:44:02,515 [ERROR] LogOutputStream:75 - [STDERR_REDIRECT] 
2026-09-20 21:44:03,519 [ERROR] LogOutputStream:75 - [STDERR_REDIRECT] [Fatal Error] :1:1: Premature end of file.
2026-09-20 21:44:03,519 [ERROR] LogOutputStream:75 - [STDERR_REDIRECT] 
2026-09-20 21:44:04,512 [ERROR] LogOutputStream:75 - [STDERR_REDIRECT] [Fatal Error] :1:1: Premature end of file.
2026-09-20 21:44:04,512 [ERROR] LogOutputStream:75 - [STDERR_REDIRECT] 
2026-09-20 21:44:05,519 [ERROR] LogOutputStream:75 - [STDERR_REDIRECT] [Fatal Error] :1:1: Premature end of file.
2026-09-20 21:44:05,519 [ERROR] LogOutputStream:75 - [STDERR_REDIRECT] 
2026-09-20 21:44:06,514 [ERROR] LogOutputStream:75 - [STDERR_REDIRECT] [Fatal Error] :1:1: Premature end of file.
2026-09-20 21:44:06,514 [ERROR] LogOutputStream:75 - [STDERR_REDIRECT] 
2026-09-20 21:44:07,502 [ERROR] LogOutputStream:75 - [STDERR_REDIRECT] [Fatal Error] :1:1: Premature end of file.
2026-09-20 21:44:07,502 [ERROR] LogOutputStream:75 - [STDERR_REDIRECT] 
2026-09-20 21:44:08,514 [ERROR] LogOutputStream:75 - [STDERR_REDIRECT] [Fatal Error] :1:1: Premature end of file.
2026-09-20 21:44:08,514 [ERROR] LogOutputStream:75 - [STDERR_REDIRECT] 
2026-09-20 21:44:09,512 [ERROR] LogOutputStream:75 - [STDERR_REDIRECT] [Fatal Error] :1:1: Premature end of file.
2026-09-20 21:44:09,512 [ERROR] LogOutputStream:75 - [STDERR_REDIRECT] 
2026-09-20 21:44:10,502 [ERROR] LogOutputStream:75 - [STDERR_REDIRECT] [Fatal Error] :1:1: Premature end of file.
2026-09-20 21:44:10,502 [ERROR] LogOutputStream:75 - [STDERR_REDIRECT] 
2026-09-20 21:44:11,512 [ERROR] LogOutputStream:75 - [STDERR_REDIRECT] [Fatal Error] :1:1: Premature end of file.
2026-09-20 21:44:11,512 [ERROR] LogOutputStream:75 - [STDERR_REDIRECT] 
2026-09-20 21:44:12,508 [ERROR] LogOutputStream:75 - [STDERR_REDIRECT] [Fatal Error] :1:1: Premature end of file.
2026-09-20 21:44:12,508 [ERROR] LogOutputStream:75 - [STDERR_REDIRECT] 
2026-09-20 21:44:13,525 [ERROR] LogOutputStream:75 - [STDERR_REDIRECT] [Fatal Error] :1:1: Premature end of file.
2026-09-20 21:44:13,526 [ERROR] LogOutputStream:75 - [STDERR_REDIRECT] 
2026-09-20 21:44:14,512 [ERROR] LogOutputStream:75 - [STDERR_REDIRECT] [Fatal Error] :1:1: Premature end of file.
2026-09-20 21:44:14,512 [ERROR] LogOutputStream:75 - [STDERR_REDIRECT] 
2026-09-20 21:44:15,531 [ERROR] LogOutputStream:75 - [STDERR_REDIRECT] [Fatal Error] :1:1: Premature end of file.
2026-09-20 21:44:15,531 [ERROR] LogOutputStream:75 - [STDERR_REDIRECT] 
2026-09-20 21:44:16,508 [ERROR] LogOutputStream:75 - [STDERR_REDIRECT] [Fatal Error] :1:1: Premature end of file.
2026-09-20 21:44:16,508 [ERROR] LogOutputStream:75 - [STDERR_REDIRECT] 
2026-09-20 21:44:17,512 [ERROR] LogOutputStream:75 - [STDERR_REDIRECT] [Fatal Error] :1:1: Premature end of file.
2026-09-20 21:44:17,512 [ERROR] LogOutputStream:75 - [STDERR_REDIRECT] 
2026-09-20 21:44:18,511 [ERROR] LogOutputStream:75 - [STDERR_REDIRECT] [Fatal Error] :1:1: Premature end of file.
2026-09-20 21:44:18,511 [ERROR] LogOutputStream:75 - [STDERR_REDIRECT] 
2026-09-20 21:44:19,503 [ERROR] LogOutputStream:75 - [STDERR_REDIRECT] [Fatal Error] :1:1: Premature end of file.
2026-09-20 21:44:19,503 [ERROR] LogOutputStream:75 - [STDERR_REDIRECT] 
2026-09-20 21:44:20,512 [ERROR] LogOutputStream:75 - [STDERR_REDIRECT] [Fatal Error] :1:1: Premature end of file.
2026-09-20 21:44:20,512 [ERROR] LogOutputStream:75 - [STDERR_REDIRECT] 
2026-09-20 21:44:21,508 [ERROR] LogOutputStream:75 - [STDERR_REDIRECT] [Fatal Error] :1:1: Premature end of file.
2026-09-20 21:44:21,508 [ERROR] LogOutputStream:75 - [STDERR_REDIRECT] 
2026-09-20 21:44:22,500 [ERROR] LogOutputStream:75 - [STDERR_REDIRECT] [Fatal Error] :1:1: Premature end of file.
2026-09-20 21:44:22,500 [ERROR] LogOutputStream:75 - [STDERR_REDIRECT] 
2026-09-20 21:44:23,503 [ERROR] LogOutputStream:75 - [STDERR_REDIRECT] [Fatal Error] :1:1: Premature end of file.
2026-09-20 21:44:23,503 [ERROR] LogOutputStream:75 - [STDERR_REDIRECT] 
2026-09-20 21:44:24,505 [ERROR] LogOutputStream:75 - [STDERR_REDIRECT] [Fatal Error] :1:1: Premature end of file.
2026-09-20 21:44:24,505 [ERROR] LogOutputStream:75 - [STDERR_REDIRECT] 
2026-09-20 21:44:25,499 [ERROR] LogOutputStream:75 - [STDERR_REDIRECT] [Fatal Error] :1:1: Premature end of file.
2026-09-20 21:44:25,499 [ERROR] LogOutputStream:75 - [STDERR_REDIRECT] 
2026-09-20 21:44:26,501 [ERROR] LogOutputStream:75 - [STDERR_REDIRECT] [Fatal Error] :1:1: Premature end of file.
2026-09-20 21:44:26,501 [ERROR] LogOutputStream:75 - [STDERR_REDIRECT] 
2026-09-20 21:44:27,505 [ERROR] LogOutputStream:75 - [STDERR_REDIRECT] [Fatal Error] :1:1: Premature end of file.
2026-09-20 21:44:27,505 [ERROR] LogOutputStream:75 - [STDERR_REDIRECT] 
2026-09-20 21:44:28,499 [ERROR] LogOutputStream:75 - [STDERR_REDIRECT] [Fatal Error] :1:1: Premature end of file.
2026-09-20 21:44:28,499 [ERROR] LogOutputStream:75 - [STDERR_REDIRECT] 
2026-09-20 21:44:29,503 [ERROR] LogOutputStream:75 - [STDERR_REDIRECT] [Fatal Error] :1:1: Premature end of file.
2026-09-20 21:44:29,503 [ERROR] LogOutputStream:75 - [STDERR_REDIRECT] 
2026-09-20 21:44:30,504 [ERROR] LogOutputStream:75 - [STDERR_REDIRECT] [Fatal Error] :1:1: Premature end of file.
2026-09-20 21:44:30,504 [ERROR] LogOutputStream:75 - [STDERR_REDIRECT] 
2026-09-20 21:44:31,510 [ERROR] LogOutputStream:75 - [STDERR_REDIRECT] [Fatal Error] :1:1: Premature end of file.
2026-09-20 21:44:31,510 [ERROR] LogOutputStream:75 - [STDERR_REDIRECT] 
2026-09-20 21:44:32,502 [ERROR] LogOutputStream:75 - [STDERR_REDIRECT] [Fatal Error] :1:1: Premature end of file.
2026-09-20 21:44:32,502 [ERROR] LogOutputStream:75 - [STDERR_REDIRECT] 
2026-09-20 21:44:33,503 [ERROR] LogOutputStream:75 - [STDERR_REDIRECT] [Fatal Error] :1:1: Premature end of file.
2026-09-20 21:44:33,504 [ERROR] LogOutputStream:75 - [STDERR_REDIRECT] 
2026-09-20 21:44:34,507 [ERROR] LogOutputStream:75 - [STDERR_REDIRECT] [Fatal Error] :1:1: Premature end of file.
2026-09-20 21:44:34,507 [ERROR] LogOutputStream:75 - [STDERR_REDIRECT] 
2026-09-20 21:44:35,509 [ERROR] LogOutputStream:75 - [STDERR_REDIRECT] [Fatal Error] :1:1: Premature end of file.
2026-09-20 21:44:35,509 [ERROR] LogOutputStream:75 - [STDERR_REDIRECT] 
2026-09-20 21:44:36,505 [ERROR] LogOutputStream:75 - [STDERR_REDIRECT] [Fatal Error] :1:1: Premature end of file.
2026-09-20 21:44:36,505 [ERROR] LogOutputStream:75 - [STDERR_REDIRECT] 
2026-09-20 21:44:37,503 [ERROR] LogOutputStream:75 - [STDERR_REDIRECT] [Fatal Error] :1:1: Premature end of file.
2026-09-20 21:44:37,503 [ERROR] LogOutputStream:75 - [STDERR_REDIRECT] 
2026-09-20 21:44:38,504 [ERROR] LogOutputStream:75 - [STDERR_REDIRECT] [Fatal Error] :1:1: Premature end of file.
2026-09-20 21:44:38,504 [ERROR] LogOutputStream:75 - [STDERR_REDIRECT] 
2026-09-20 21:44:39,504 [ERROR] LogOutputStream:75 - [STDERR_REDIRECT] [Fatal Error] :1:1: Premature end of file.
2026-09-20 21:44:39,504 [ERROR] LogOutputStream:75 - [STDERR_REDIRECT] 
2026-09-20 21:44:40,507 [ERROR] LogOutputStream:75 - [STDERR_REDIRECT] [Fatal Error] :1:1: Premature end of file.
2026-09-20 21:44:40,507 [ERROR] LogOutputStream:75 - [STDERR_REDIRECT] 
2026-09-20 21:44:41,505 [ERROR] LogOutputStream:75 - [STDERR_REDIRECT] [Fatal Error] :1:1: Premature end of file.
2026-09-20 21:44:41,505 [ERROR] LogOutputStream:75 - [STDERR_REDIRECT] 
2026-09-20 21:44:42,505 [ERROR] LogOutputStream:75 - [STDERR_REDIRECT] [Fatal Error] :1:1: Premature end of file.
2026-09-20 21:44:42,505 [ERROR] LogOutputStream:75 - [STDERR_REDIRECT] 
2026-09-20 21:44:43,504 [ERROR] LogOutputStream:75 - [STDERR_REDIRECT] [Fatal Error] :1:1: Premature end of file.
2026-09-20 21:44:43,504 [ERROR] LogOutputStream:75 - [STDERR_REDIRECT] 
2026-09-20 21:44:44,499 [ERROR] LogOutputStream:75 - [STDERR_REDIRECT] [Fatal Error] :1:1: Premature end of file.
2026-09-20 21:44:44,499 [ERROR] LogOutputStream:75 - [STDERR_REDIRECT] 
2026-09-20 21:44:45,504 [ERROR] LogOutputStream:75 - [STDERR_REDIRECT] [Fatal Error] :1:1: Premature end of file.
2026-09-20 21:44:45,504 [ERROR] LogOutputStream:75 - [STDERR_REDIRECT] 
2026-09-20 21:44:46,507 [ERROR] LogOutputStream:75 - [STDERR_REDIRECT] [Fatal Error] :1:1: Premature end of file.
2026-09-20 21:44:46,507 [ERROR] LogOutputStream:75 - [STDERR_REDIRECT] 
2026-09-20 21:44:47,503 [ERROR] LogOutputStream:75 - [STDERR_REDIRECT] [Fatal Error] :1:1: Premature end of file.
2026-09-20 21:44:47,503 [ERROR] LogOutputStream:75 - [STDERR_REDIRECT] 
2026-09-20 21:44:48,499 [ERROR] LogOutputStream:75 - [STDERR_REDIRECT] [Fatal Error] :1:1: Premature end of file.
2026-09-20 21:44:48,499 [ERROR] LogOutputStream:75 - [STDERR_REDIRECT] 
2026-09-20 21:44:49,503 [ERROR] LogOutputStream:75 - [STDERR_REDIRECT] [Fatal Error] :1:1: Premature end of file.
2026-09-20 21:44:49,505 [ERROR] LogOutputStream:75 - [STDERR_REDIRECT] 
2026-09-20 21:44:50,500 [ERROR] LogOutputStream:75 - [STDERR_REDIRECT] [Fatal Error] :1:1: Premature end of file.
2026-09-20 21:44:50,500 [ERROR] LogOutputStream:75 - [STDERR_REDIRECT] 
2026-09-20 21:44:51,504 [ERROR] LogOutputStream:75 - [STDERR_REDIRECT] [Fatal Error] :1:1: Premature end of file.
2026-09-20 21:44:51,505 [ERROR] LogOutputStream:75 - [STDERR_REDIRECT] 
2026-09-20 21:44:52,501 [ERROR] LogOutputStream:75 - [STDERR_REDIRECT] [Fatal Error] :1:1: Premature end of file.
2026-09-20 21:44:52,501 [ERROR] LogOutputStream:75 - [STDERR_REDIRECT] 
2026-09-20 21:44:53,502 [ERROR] LogOutputStream:75 - [STDERR_REDIRECT] [Fatal Error] :1:1: Premature end of file.
2026-09-20 21:44:53,502 [ERROR] LogOutputStream:75 - [STDERR_REDIRECT] 
2026-09-20 21:44:54,503 [ERROR] LogOutputStream:75 - [STDERR_REDIRECT] [Fatal Error] :1:1: Premature end of file.
2026-09-20 21:44:54,503 [ERROR] LogOutputStream:75 - [STDERR_REDIRECT] 
2026-09-20 21:44:55,500 [ERROR] LogOutputStream:75 - [STDERR_REDIRECT] [Fatal Error] :1:1: Premature end of file.
2026-09-20 21:44:55,500 [ERROR] LogOutputStream:75 - [STDERR_REDIRECT] 
2026-09-20 21:44:56,505 [ERROR] LogOutputStream:75 - [STDERR_REDIRECT] [Fatal Error] :1:1: Premature end of file.
2026-09-20 21:44:56,505 [ERROR] LogOutputStream:75 - [STDERR_REDIRECT] 
2026-09-20 21:44:57,504 [ERROR] LogOutputStream:75 - [STDERR_REDIRECT] [Fatal Error] :1:1: Premature end of file.
2026-09-20 21:44:57,504 [ERROR] LogOutputStream:75 - [STDERR_REDIRECT] 
2026-09-20 21:44:58,504 [ERROR] LogOutputStream:75 - [STDERR_REDIRECT] [Fatal Error] :1:1: Premature end of file.
2026-09-20 21:44:58,504 [ERROR] LogOutputStream:75 - [STDERR_REDIRECT] 
2026-09-20 21:44:59,505 [ERROR] LogOutputStream:75 - [STDERR_REDIRECT] [Fatal Error] :1:1: Premature end of file.
2026-09-20 21:44:59,505 [ERROR] LogOutputStream:75 - [STDERR_REDIRECT] 
2026-09-20 21:45:00,498 [ERROR] LogOutputStream:75 - [STDERR_REDIRECT] [Fatal Error] :1:1: Premature end of file.
2026-09-20 21:45:00,498 [ERROR] LogOutputStream:75 - [STDERR_REDIRECT] 
2026-09-20 21:45:01,513 [ERROR] LogOutputStream:75 - [STDERR_REDIRECT] [Fatal Error] :1:1: Premature end of file.
2026-09-20 21:45:01,514 [ERROR] LogOutputStream:75 - [STDERR_REDIRECT] 
2026-09-20 21:45:02,502 [ERROR] LogOutputStream:75 - [STDERR_REDIRECT] [Fatal Error] :1:1: Premature end of file.
2026-09-20 21:45:02,502 [ERROR] LogOutputStream:75 - [STDERR_REDIRECT] 
2026-09-20 21:45:03,502 [ERROR] LogOutputStream:75 - [STDERR_REDIRECT] [Fatal Error] :1:1: Premature end of file.
2026-09-20 21:45:03,502 [ERROR] LogOutputStream:75 - [STDERR_REDIRECT] 
2026-09-20 21:45:04,500 [ERROR] LogOutputStream:75 - [STDERR_REDIRECT] [Fatal Error] :1:1: Premature end of file.
2026-09-20 21:45:04,500 [ERROR] LogOutputStream:75 - [STDERR_REDIRECT] 
2026-09-20 21:45:05,500 [ERROR] LogOutputStream:75 - [STDERR_REDIRECT] [Fatal Error] :1:1: Premature end of file.
2026-09-20 21:45:05,500 [ERROR] LogOutputStream:75 - [STDERR_REDIRECT] 
2026-09-20 21:45:06,502 [ERROR] LogOutputStream:75 - [STDERR_REDIRECT] [Fatal Error] :1:1: Premature end of file.
2026-09-20 21:45:06,502 [ERROR] LogOutputStream:75 - [STDERR_REDIRECT] 
2026-09-20 21:45:07,507 [ERROR] LogOutputStream:75 - [STDERR_REDIRECT] [Fatal Error] :1:1: Premature end of file.
2026-09-20 21:45:07,507 [ERROR] LogOutputStream:75 - [STDERR_REDIRECT] 
2026-09-20 21:45:08,507 [ERROR] LogOutputStream:75 - [STDERR_REDIRECT] [Fatal Error] :1:1: Premature end of file.
2026-09-20 21:45:08,508 [ERROR] LogOutputStream:75 - [STDERR_REDIRECT] 
2026-09-20 21:45:09,508 [ERROR] LogOutputStream:75 - [STDERR_REDIRECT] [Fatal Error] :1:1: Premature end of file.
2026-09-20 21:45:09,508 [ERROR] LogOutputStream:75 - [STDERR_REDIRECT] 
2026-09-20 21:45:10,510 [ERROR] LogOutputStream:75 - [STDERR_REDIRECT] [Fatal Error] :1:1: Premature end of file.
2026-09-20 21:45:10,510 [ERROR] LogOutputStream:75 - [STDERR_REDIRECT] 
2026-09-20 21:45:11,513 [ERROR] LogOutputStream:75 - [STDERR_REDIRECT] [Fatal Error] :1:1: Premature end of file.
2026-09-20 21:45:11,513 [ERROR] LogOutputStream:75 - [STDERR_REDIRECT] 
2026-09-20 21:45:12,499 [ERROR] LogOutputStream:75 - [STDERR_REDIRECT] [Fatal Error] :1:1: Premature end of file.
2026-09-20 21:45:12,500 [ERROR] LogOutputStream:75 - [STDERR_REDIRECT] 
2026-09-20 21:45:13,507 [ERROR] LogOutputStream:75 - [STDERR_REDIRECT] [Fatal Error] :1:1: Premature end of file.
2026-09-20 21:45:13,507 [ERROR] LogOutputStream:75 - [STDERR_REDIRECT] 
2026-09-20 21:45:14,504 [ERROR] LogOutputStream:75 - [STDERR_REDIRECT] [Fatal Error] :1:1: Premature end of file.
2026-09-20 21:45:14,504 [ERROR] LogOutputStream:75 - [STDERR_REDIRECT] 
2026-09-20 21:45:15,503 [ERROR] LogOutputStream:75 - [STDERR_REDIRECT] [Fatal Error] :1:1: Premature end of file.
2026-09-20 21:45:15,503 [ERROR] LogOutputStream:75 - [STDERR_REDIRECT] 
2026-09-20 21:45:16,508 [ERROR] LogOutputStream:75 - [STDERR_REDIRECT] [Fatal Error] :1:1: Premature end of file.
2026-09-20 21:45:16,508 [ERROR] LogOutputStream:75 - [STDERR_REDIRECT] 
2026-09-20 21:45:17,507 [ERROR] LogOutputStream:75 - [STDERR_REDIRECT] [Fatal Error] :1:1: Premature end of file.
2026-09-20 21:45:17,507 [ERROR] LogOutputStream:75 - [STDERR_REDIRECT] 
2026-09-20 21:45:18,503 [ERROR] LogOutputStream:75 - [STDERR_REDIRECT] [Fatal Error] :1:1: Premature end of file.
2026-09-20 21:45:18,503 [ERROR] LogOutputStream:75 - [STDERR_REDIRECT] 
2026-09-20 21:45:19,502 [ERROR] LogOutputStream:75 - [STDERR_REDIRECT] [Fatal Error] :1:1: Premature end of file.
2026-09-20 21:45:19,502 [ERROR] LogOutputStream:75 - [STDERR_REDIRECT] 
2026-09-20 21:45:20,501 [ERROR] LogOutputStream:75 - [STDERR_REDIRECT] [Fatal Error] :1:1: Premature end of file.
2026-09-20 21:45:20,501 [ERROR] LogOutputStream:75 - [STDERR_REDIRECT] 
2026-09-20 21:45:21,503 [ERROR] LogOutputStream:75 - [STDERR_REDIRECT] [Fatal Error] :1:1: Premature end of file.
2026-09-20 21:45:21,503 [ERROR] LogOutputStream:75 - [STDERR_REDIRECT] 
2026-09-20 21:45:22,500 [ERROR] LogOutputStream:75 - [STDERR_REDIRECT] [Fatal Error] :1:1: Premature end of file.
2026-09-20 21:45:22,500 [ERROR] LogOutputStream:75 - [STDERR_REDIRECT] 
2026-09-20 21:45:23,502 [ERROR] LogOutputStream:75 - [STDERR_REDIRECT] [Fatal Error] :1:1: Premature end of file.
2026-09-20 21:45:23,502 [ERROR] LogOutputStream:75 - [STDERR_REDIRECT] 
2026-09-20 21:45:24,500 [ERROR] LogOutputStream:75 - [STDERR_REDIRECT] [Fatal Error] :1:1: Premature end of file.
2026-09-20 21:45:24,500 [ERROR] LogOutputStream:75 - [STDERR_REDIRECT] 
2026-09-20 21:45:25,507 [ERROR] LogOutputStream:75 - [STDERR_REDIRECT] [Fatal Error] :1:1: Premature end of file.
2026-09-20 21:45:25,507 [ERROR] LogOutputStream:75 - [STDERR_REDIRECT] 
2026-09-20 21:45:26,504 [ERROR] LogOutputStream:75 - [STDERR_REDIRECT] [Fatal Error] :1:1: Premature end of file.
2026-09-20 21:45:26,505 [ERROR] LogOutputStream:75 - [STDERR_REDIRECT] 
2026-09-20 21:45:27,512 [ERROR] LogOutputStream:75 - [STDERR_REDIRECT] [Fatal Error] :1:1: Premature end of file.
2026-09-20 21:45:27,512 [ERROR] LogOutputStream:75 - [STDERR_REDIRECT] 
2026-09-20 21:45:28,500 [ERROR] LogOutputStream:75 - [STDERR_REDIRECT] [Fatal Error] :1:1: Premature end of file.
2026-09-20 21:45:28,500 [ERROR] LogOutputStream:75 - [STDERR_REDIRECT] 
2026-09-20 21:45:29,497 [ERROR] LogOutputStream:75 - [STDERR_REDIRECT] [Fatal Error] :1:1: Premature end of file.
2026-09-20 21:45:29,497 [ERROR] LogOutputStream:75 - [STDERR_REDIRECT] 
2026-09-20 21:45:30,498 [ERROR] LogOutputStream:75 - [STDERR_REDIRECT] [Fatal Error] :1:1: Premature end of file.
2026-09-20 21:45:30,498 [ERROR] LogOutputStream:75 - [STDERR_REDIRECT] 
2026-09-20 21:45:31,503 [ERROR] LogOutputStream:75 - [STDERR_REDIRECT] [Fatal Error] :1:1: Premature end of file.
2026-09-20 21:45:31,503 [ERROR] LogOutputStream:75 - [STDERR_REDIRECT] 
2026-09-20 21:45:32,503 [ERROR] LogOutputStream:75 - [STDERR_REDIRECT] [Fatal Error] :1:1: Premature end of file.
2026-09-20 21:45:32,503 [ERROR] LogOutputStream:75 - [STDERR_REDIRECT] 
2026-09-20 21:45:33,506 [ERROR] LogOutputStream:75 - [STDERR_REDIRECT] [Fatal Error] :1:1: Premature end of file.
2026-09-20 21:45:33,506 [ERROR] LogOutputStream:75 - [STDERR_REDIRECT] 
2026-09-20 21:45:34,501 [ERROR] LogOutputStream:75 - [STDERR_REDIRECT] [Fatal Error] :1:1: Premature end of file.
2026-09-20 21:45:34,502 [ERROR] LogOutputStream:75 - [STDERR_REDIRECT] 
2026-09-20 21:45:35,504 [ERROR] LogOutputStream:75 - [STDERR_REDIRECT] [Fatal Error] :1:1: Premature end of file.
2026-09-20 21:45:35,504 [ERROR] LogOutputStream:75 - [STDERR_REDIRECT] 
2026-09-20 21:45:36,504 [ERROR] LogOutputStream:75 - [STDERR_REDIRECT] [Fatal Error] :1:1: Premature end of file.
2026-09-20 21:45:36,504 [ERROR] LogOutputStream:75 - [STDERR_REDIRECT] 
2026-09-20 21:45:37,498 [ERROR] LogOutputStream:75 - [STDERR_REDIRECT] [Fatal Error] :1:1: Premature end of file.
2026-09-20 21:45:37,498 [ERROR] LogOutputStream:75 - [STDERR_REDIRECT] 
2026-09-20 21:45:38,507 [ERROR] LogOutputStream:75 - [STDERR_REDIRECT] [Fatal Error] :1:1: Premature end of file.
2026-09-20 21:45:38,547 [ERROR] LogOutputStream:75 - [STDERR_REDIRECT] 
2026-09-20 21:45:39,506 [ERROR] LogOutputStream:75 - [STDERR_REDIRECT] [Fatal Error] :1:1: Premature end of file.
2026-09-20 21:45:39,506 [ERROR] LogOutputStream:75 - [STDERR_REDIRECT] 
2026-09-20 21:45:40,504 [ERROR] LogOutputStream:75 - [STDERR_REDIRECT] [Fatal Error] :1:1: Premature end of file.
2026-09-20 21:45:40,504 [ERROR] LogOutputStream:75 - [STDERR_REDIRECT] 
2026-09-20 21:45:41,506 [ERROR] LogOutputStream:75 - [STDERR_REDIRECT] [Fatal Error] :1:1: Premature end of file.
2026-09-20 21:45:41,506 [ERROR] LogOutputStream:75 - [STDERR_REDIRECT] 
2026-09-20 21:45:42,510 [ERROR] LogOutputStream:75 - [STDERR_REDIRECT] [Fatal Error] :1:1: Premature end of file.
2026-09-20 21:45:42,510 [ERROR] LogOutputStream:75 - [STDERR_REDIRECT] 
2026-09-20 21:45:43,502 [ERROR] LogOutputStream:75 - [STDERR_REDIRECT] [Fatal Error] :1:1: Premature end of file.
2026-09-20 21:45:43,503 [ERROR] LogOutputStream:75 - [STDERR_REDIRECT] 
2026-09-20 21:45:44,503 [ERROR] LogOutputStream:75 - [STDERR_REDIRECT] [Fatal Error] :1:1: Premature end of file.
2026-09-20 21:45:44,503 [ERROR] LogOutputStream:75 - [STDERR_REDIRECT] 
2026-09-20 21:45:45,501 [ERROR] LogOutputStream:75 - [STDERR_REDIRECT] [Fatal Error] :1:1: Premature end of file.
2026-09-20 21:45:45,502 [ERROR] LogOutputStream:75 - [STDERR_REDIRECT] 
2026-09-20 21:45:46,504 [ERROR] LogOutputStream:75 - [STDERR_REDIRECT] [Fatal Error] :1:1: Premature end of file.
2026-09-20 21:45:46,504 [ERROR] LogOutputStream:75 - [STDERR_REDIRECT] 
2026-09-20 21:45:47,507 [ERROR] LogOutputStream:75 - [STDERR_REDIRECT] [Fatal Error] :1:1: Premature end of file.
2026-09-20 21:45:47,507 [ERROR] LogOutputStream:75 - [STDERR_REDIRECT] 
2026-09-20 21:45:48,501 [ERROR] LogOutputStream:75 - [STDERR_REDIRECT] [Fatal Error] :1:1: Premature end of file.
2026-09-20 21:45:48,501 [ERROR] LogOutputStream:75 - [STDERR_REDIRECT] 
2026-09-20 21:45:49,498 [ERROR] LogOutputStream:75 - [STDERR_REDIRECT] [Fatal Error] :1:1: Premature end of file.
2026-09-20 21:45:49,498 [ERROR] LogOutputStream:75 - [STDERR_REDIRECT] 
2026-09-20 21:45:50,499 [ERROR] LogOutputStream:75 - [STDERR_REDIRECT] [Fatal Error] :1:1: Premature end of file.
2026-09-20 21:45:50,499 [ERROR] LogOutputStream:75 - [STDERR_REDIRECT] 
2026-09-20 21:45:51,501 [ERROR] LogOutputStream:75 - [STDERR_REDIRECT] [Fatal Error] :1:1: Premature end of file.
2026-09-20 21:45:51,501 [ERROR] LogOutputStream:75 - [STDERR_REDIRECT] 
2026-09-20 21:45:52,506 [ERROR] LogOutputStream:75 - [STDERR_REDIRECT] [Fatal Error] :1:1: Premature end of file.
2026-09-20 21:45:52,506 [ERROR] LogOutputStream:75 - [STDERR_REDIRECT] 
2026-09-20 21:45:53,509 [ERROR] LogOutputStream:75 - [STDERR_REDIRECT] [Fatal Error] :1:1: Premature end of file.
2026-09-20 21:45:53,509 [ERROR] LogOutputStream:75 - [STDERR_REDIRECT] 
2026-09-20 21:45:54,501 [ERROR] LogOutputStream:75 - [STDERR_REDIRECT] [Fatal Error] :1:1: Premature end of file.
2026-09-20 21:45:54,501 [ERROR] LogOutputStream:75 - [STDERR_REDIRECT] 
2026-09-20 21:45:55,504 [ERROR] LogOutputStream:75 - [STDERR_REDIRECT] [Fatal Error] :1:1: Premature end of file.
2026-09-20 21:45:55,504 [ERROR] LogOutputStream:75 - [STDERR_REDIRECT] 
2026-09-20 21:45:56,505 [ERROR] LogOutputStream:75 - [STDERR_REDIRECT] [Fatal Error] :1:1: Premature end of file.
2026-09-20 21:45:56,506 [ERROR] LogOutputStream:75 - [STDERR_REDIRECT] 
2026-09-20 21:45:57,507 [ERROR] LogOutputStream:75 - [STDERR_REDIRECT] [Fatal Error] :1:1: Premature end of file.
2026-09-20 21:45:57,507 [ERROR] LogOutputStream:75 - [STDERR_REDIRECT] 
2026-09-20 21:45:58,498 [ERROR] LogOutputStream:75 - [STDERR_REDIRECT] [Fatal Error] :1:1: Premature end of file.
2026-09-20 21:45:58,498 [ERROR] LogOutputStream:75 - [STDERR_REDIRECT] 
2026-09-20 21:45:59,513 [ERROR] LogOutputStream:75 - [STDERR_REDIRECT] [Fatal Error] :1:1: Premature end of file.
2026-09-20 21:45:59,514 [ERROR] LogOutputStream:75 - [STDERR_REDIRECT] 
2026-09-20 21:46:00,508 [ERROR] LogOutputStream:75 - [STDERR_REDIRECT] [Fatal Error] :1:1: Premature end of file.
2026-09-20 21:46:00,508 [ERROR] LogOutputStream:75 - [STDERR_REDIRECT] 
2026-09-20 21:46:01,510 [ERROR] LogOutputStream:75 - [STDERR_REDIRECT] [Fatal Error] :1:1: Premature end of file.
2026-09-20 21:46:01,510 [ERROR] LogOutputStream:75 - [STDERR_REDIRECT] 
2026-09-20 21:46:02,498 [ERROR] LogOutputStream:75 - [STDERR_REDIRECT] [Fatal Error] :1:1: Premature end of file.
2026-09-20 21:46:02,498 [ERROR] LogOutputStream:75 - [STDERR_REDIRECT] 
2026-09-20 21:46:03,501 [ERROR] LogOutputStream:75 - [STDERR_REDIRECT] [Fatal Error] :1:1: Premature end of file.
2026-09-20 21:46:03,501 [ERROR] LogOutputStream:75 - [STDERR_REDIRECT] 
2026-09-20 21:46:04,498 [ERROR] LogOutputStream:75 - [STDERR_REDIRECT] [Fatal Error] :1:1: Premature end of file.
2026-09-20 21:46:04,498 [ERROR] LogOutputStream:75 - [STDERR_REDIRECT] 
2026-09-20 21:46:05,502 [ERROR] LogOutputStream:75 - [STDERR_REDIRECT] [Fatal Error] :1:1: Premature end of file.
2026-09-20 21:46:05,502 [ERROR] LogOutputStream:75 - [STDERR_REDIRECT] 
2026-09-20 21:46:06,499 [ERROR] LogOutputStream:75 - [STDERR_REDIRECT] [Fatal Error] :1:1: Premature end of file.
2026-09-20 21:46:06,499 [ERROR] LogOutputStream:75 - [STDERR_REDIRECT] 
2026-09-20 21:46:07,505 [ERROR] LogOutputStream:75 - [STDERR_REDIRECT] [Fatal Error] :1:1: Premature end of file.
2026-09-20 21:46:07,505 [ERROR] LogOutputStream:75 - [STDERR_REDIRECT] 
2026-09-20 21:46:08,503 [ERROR] LogOutputStream:75 - [STDERR_REDIRECT] [Fatal Error] :1:1: Premature end of file.
2026-09-20 21:46:08,503 [ERROR] LogOutputStream:75 - [STDERR_REDIRECT] 
2026-09-20 21:46:09,498 [ERROR] LogOutputStream:75 - [STDERR_REDIRECT] [Fatal Error] :1:1: Premature end of file.
2026-09-20 21:46:09,498 [ERROR] LogOutputStream:75 - [STDERR_REDIRECT] 
2026-09-20 21:46:10,497 [ERROR] LogOutputStream:75 - [STDERR_REDIRECT] [Fatal Error] :1:1: Premature end of file.
2026-09-20 21:46:10,497 [ERROR] LogOutputStream:75 - [STDERR_REDIRECT] 
2026-09-20 21:46:11,509 [ERROR] LogOutputStream:75 - [STDERR_REDIRECT] [Fatal Error] :1:1: Premature end of file.
2026-09-20 21:46:11,509 [ERROR] LogOutputStream:75 - [STDERR_REDIRECT] 
2026-09-20 21:46:12,501 [ERROR] LogOutputStream:75 - [STDERR_REDIRECT] [Fatal Error] :1:1: Premature end of file.
2026-09-20 21:46:12,501 [ERROR] LogOutputStream:75 - [STDERR_REDIRECT] 
2026-09-20 21:46:13,504 [ERROR] LogOutputStream:75 - [STDERR_REDIRECT] [Fatal Error] :1:1: Premature end of file.
2026-09-20 21:46:13,504 [ERROR] LogOutputStream:75 - [STDERR_REDIRECT] 
2026-09-20 21:46:14,501 [ERROR] LogOutputStream:75 - [STDERR_REDIRECT] [Fatal Error] :1:1: Premature end of file.
2026-09-20 21:46:14,501 [ERROR] LogOutputStream:75 - [STDERR_REDIRECT] 
2026-09-20 21:46:15,501 [ERROR] LogOutputStream:75 - [STDERR_REDIRECT] [Fatal Error] :1:1: Premature end of file.
2026-09-20 21:46:15,502 [ERROR] LogOutputStream:75 - [STDERR_REDIRECT] 
2026-09-20 21:46:16,506 [ERROR] LogOutputStream:75 - [STDERR_REDIRECT] [Fatal Error] :1:1: Premature end of file.
2026-09-20 21:46:16,506 [ERROR] LogOutputStream:75 - [STDERR_REDIRECT] 
2026-09-20 21:46:17,499 [ERROR] LogOutputStream:75 - [STDERR_REDIRECT] [Fatal Error] :1:1: Premature end of file.
2026-09-20 21:46:17,499 [ERROR] LogOutputStream:75 - [STDERR_REDIRECT] 
2026-09-20 21:46:18,504 [ERROR] LogOutputStream:75 - [STDERR_REDIRECT] [Fatal Error] :1:1: Premature end of file.
2026-09-20 21:46:18,504 [ERROR] LogOutputStream:75 - [STDERR_REDIRECT] 
2026-09-20 21:46:19,507 [ERROR] LogOutputStream:75 - [STDERR_REDIRECT] [Fatal Error] :1:1: Premature end of file.
2026-09-20 21:46:19,507 [ERROR] LogOutputStream:75 - [STDERR_REDIRECT] 
2026-09-20 21:46:20,513 [ERROR] LogOutputStream:75 - [STDERR_REDIRECT] [Fatal Error] :1:1: Premature end of file.
2026-09-20 21:46:20,513 [ERROR] LogOutputStream:75 - [STDERR_REDIRECT] 
2026-09-20 21:46:21,504 [ERROR] LogOutputStream:75 - [STDERR_REDIRECT] [Fatal Error] :1:1: Premature end of file.
2026-09-20 21:46:21,505 [ERROR] LogOutputStream:75 - [STDERR_REDIRECT] 
2026-09-20 21:46:22,500 [ERROR] LogOutputStream:75 - [STDERR_REDIRECT] [Fatal Error] :1:1: Premature end of file.
2026-09-20 21:46:22,500 [ERROR] LogOutputStream:75 - [STDERR_REDIRECT] 
2026-09-20 21:46:23,511 [ERROR] LogOutputStream:75 - [STDERR_REDIRECT] [Fatal Error] :1:1: Premature end of file.
2026-09-20 21:46:23,556 [ERROR] LogOutputStream:75 - [STDERR_REDIRECT] 
2026-09-20 21:46:24,510 [ERROR] LogOutputStream:75 - [STDERR_REDIRECT] [Fatal Error] :1:1: Premature end of file.
2026-09-20 21:46:24,510 [ERROR] LogOutputStream:75 - [STDERR_REDIRECT] 
2026-09-20 21:46:25,505 [ERROR] LogOutputStream:75 - [STDERR_REDIRECT] [Fatal Error] :1:1: Premature end of file.
2026-09-20 21:46:25,506 [ERROR] LogOutputStream:75 - [STDERR_REDIRECT] 
2026-09-20 21:46:26,504 [ERROR] LogOutputStream:75 - [STDERR_REDIRECT] [Fatal Error] :1:1: Premature end of file.
2026-09-20 21:46:26,504 [ERROR] LogOutputStream:75 - [STDERR_REDIRECT] 
2026-09-20 21:46:27,502 [ERROR] LogOutputStream:75 - [STDERR_REDIRECT] [Fatal Error] :1:1: Premature end of file.
2026-09-20 21:46:27,502 [ERROR] LogOutputStream:75 - [STDERR_REDIRECT] 
2026-09-20 21:46:28,503 [ERROR] LogOutputStream:75 - [STDERR_REDIRECT] [Fatal Error] :1:1: Premature end of file.
2026-09-20 21:46:28,503 [ERROR] LogOutputStream:75 - [STDERR_REDIRECT] 
2026-09-20 21:46:29,505 [ERROR] LogOutputStream:75 - [STDERR_REDIRECT] [Fatal Error] :1:1: Premature end of file.
2026-09-20 21:46:29,505 [ERROR] LogOutputStream:75 - [STDERR_REDIRECT] 
2026-09-20 21:46:30,503 [ERROR] LogOutputStream:75 - [STDERR_REDIRECT] [Fatal Error] :1:1: Premature end of file.
2026-09-20 21:46:30,503 [ERROR] LogOutputStream:75 - [STDERR_REDIRECT] 
2026-09-20 21:46:31,500 [ERROR] LogOutputStream:75 - [STDERR_REDIRECT] [Fatal Error] :1:1: Premature end of file.
2026-09-20 21:46:31,500 [ERROR] LogOutputStream:75 - [STDERR_REDIRECT] 
2026-09-20 21:46:32,503 [ERROR] LogOutputStream:75 - [STDERR_REDIRECT] [Fatal Error] :1:1: Premature end of file.
2026-09-20 21:46:32,503 [ERROR] LogOutputStream:75 - [STDERR_REDIRECT] 
2026-09-20 21:46:33,508 [ERROR] LogOutputStream:75 - [STDERR_REDIRECT] [Fatal Error] :1:1: Premature end of file.
2026-09-20 21:46:33,508 [ERROR] LogOutputStream:75 - [STDERR_REDIRECT] 
2026-09-20 21:46:34,505 [ERROR] LogOutputStream:75 - [STDERR_REDIRECT] [Fatal Error] :1:1: Premature end of file.
2026-09-20 21:46:34,505 [ERROR] LogOutputStream:75 - [STDERR_REDIRECT] 
2026-09-20 21:46:35,508 [ERROR] LogOutputStream:75 - [STDERR_REDIRECT] [Fatal Error] :1:1: Premature end of file.
2026-09-20 21:46:35,508 [ERROR] LogOutputStream:75 - [STDERR_REDIRECT] 
2026-09-20 21:46:36,511 [ERROR] LogOutputStream:75 - [STDERR_REDIRECT] [Fatal Error] :1:1: Premature end of file.
2026-09-20 21:46:36,511 [ERROR] LogOutputStream:75 - [STDERR_REDIRECT] 
2026-09-20 21:46:37,499 [ERROR] LogOutputStream:75 - [STDERR_REDIRECT] [Fatal Error] :1:1: Premature end of file.
2026-09-20 21:46:37,499 [ERROR] LogOutputStream:75 - [STDERR_REDIRECT] 
2026-09-20 21:46:38,506 [ERROR] LogOutputStream:75 - [STDERR_REDIRECT] [Fatal Error] :1:1: Premature end of file.
2026-09-20 21:46:38,506 [ERROR] LogOutputStream:75 - [STDERR_REDIRECT] 
2026-09-20 21:46:39,503 [ERROR] LogOutputStream:75 - [STDERR_REDIRECT] [Fatal Error] :1:1: Premature end of file.
2026-09-20 21:46:39,503 [ERROR] LogOutputStream:75 - [STDERR_REDIRECT] 
2026-09-20 21:46:40,506 [ERROR] LogOutputStream:75 - [STDERR_REDIRECT] [Fatal Error] :1:1: Premature end of file.
2026-09-20 21:46:40,506 [ERROR] LogOutputStream:75 - [STDERR_REDIRECT] 
2026-09-20 21:46:41,500 [ERROR] LogOutputStream:75 - [STDERR_REDIRECT] [Fatal Error] :1:1: Premature end of file.
2026-09-20 21:46:41,500 [ERROR] LogOutputStream:75 - [STDERR_REDIRECT] 
2026-09-20 21:46:42,509 [ERROR] LogOutputStream:75 - [STDERR_REDIRECT] [Fatal Error] :1:1: Premature end of file.
2026-09-20 21:46:42,509 [ERROR] LogOutputStream:75 - [STDERR_REDIRECT] 
2026-09-20 21:46:43,502 [ERROR] LogOutputStream:75 - [STDERR_REDIRECT] [Fatal Error] :1:1: Premature end of file.
2026-09-20 21:46:43,502 [ERROR] LogOutputStream:75 - [STDERR_REDIRECT] 
2026-09-20 21:46:44,500 [ERROR] LogOutputStream:75 - [STDERR_REDIRECT] [Fatal Error] :1:1: Premature end of file.
2026-09-20 21:46:44,500 [ERROR] LogOutputStream:75 - [STDERR_REDIRECT] 
2026-09-20 21:46:45,507 [ERROR] LogOutputStream:75 - [STDERR_REDIRECT] [Fatal Error] :1:1: Premature end of file.
2026-09-20 21:46:45,507 [ERROR] LogOutputStream:75 - [STDERR_REDIRECT] 
2026-09-20 21:46:46,506 [ERROR] LogOutputStream:75 - [STDERR_REDIRECT] [Fatal Error] :1:1: Premature end of file.
2026-09-20 21:46:46,506 [ERROR] LogOutputStream:75 - [STDERR_REDIRECT] 
2026-09-20 21:46:47,511 [ERROR] LogOutputStream:75 - [STDERR_REDIRECT] [Fatal Error] :1:1: Premature end of file.
2026-09-20 21:46:47,511 [ERROR] LogOutputStream:75 - [STDERR_REDIRECT] 
2026-09-20 21:46:48,505 [ERROR] LogOutputStream:75 - [STDERR_REDIRECT] [Fatal Error] :1:1: Premature end of file.
2026-09-20 21:46:48,505 [ERROR] LogOutputStream:75 - [STDERR_REDIRECT] 
2026-09-20 21:46:49,498 [ERROR] LogOutputStream:75 - [STDERR_REDIRECT] [Fatal Error] :1:1: Premature end of file.
2026-09-20 21:46:49,499 [ERROR] LogOutputStream:75 - [STDERR_REDIRECT] 
2026-09-20 21:46:50,503 [ERROR] LogOutputStream:75 - [STDERR_REDIRECT] [Fatal Error] :1:1: Premature end of file.
2026-09-20 21:46:50,504 [ERROR] LogOutputStream:75 - [STDERR_REDIRECT] 
2026-09-20 21:46:51,509 [ERROR] LogOutputStream:75 - [STDERR_REDIRECT] [Fatal Error] :1:1: Premature end of file.
2026-09-20 21:46:51,509 [ERROR] LogOutputStream:75 - [STDERR_REDIRECT] 
2026-09-20 21:46:52,509 [ERROR] LogOutputStream:75 - [STDERR_REDIRECT] [Fatal Error] :1:1: Premature end of file.
2026-09-20 21:46:52,510 [ERROR] LogOutputStream:75 - [STDERR_REDIRECT] 
2026-09-20 21:46:53,498 [ERROR] LogOutputStream:75 - [STDERR_REDIRECT] [Fatal Error] :1:1: Premature end of file.
2026-09-20 21:46:53,499 [ERROR] LogOutputStream:75 - [STDERR_REDIRECT] 
2026-09-20 21:46:54,505 [ERROR] LogOutputStream:75 - [STDERR_REDIRECT] [Fatal Error] :1:1: Premature end of file.
2026-09-20 21:46:54,505 [ERROR] LogOutputStream:75 - [STDERR_REDIRECT] 
2026-09-20 21:46:55,504 [ERROR] LogOutputStream:75 - [STDERR_REDIRECT] [Fatal Error] :1:1: Premature end of file.
2026-09-20 21:46:55,504 [ERROR] LogOutputStream:75 - [STDERR_REDIRECT] 
2026-09-20 21:46:56,501 [ERROR] LogOutputStream:75 - [STDERR_REDIRECT] [Fatal Error] :1:1: Premature end of file.
2026-09-20 21:46:56,501 [ERROR] LogOutputStream:75 - [STDERR_REDIRECT] 
2026-09-20 21:46:57,502 [ERROR] LogOutputStream:75 - [STDERR_REDIRECT] [Fatal Error] :1:1: Premature end of file.
2026-09-20 21:46:57,502 [ERROR] LogOutputStream:75 - [STDERR_REDIRECT] 
2026-09-20 21:46:58,505 [ERROR] LogOutputStream:75 - [STDERR_REDIRECT] [Fatal Error] :1:1: Premature end of file.
2026-09-20 21:46:58,506 [ERROR] LogOutputStream:75 - [STDERR_REDIRECT] 
2026-09-20 21:46:59,504 [ERROR] LogOutputStream:75 - [STDERR_REDIRECT] [Fatal Error] :1:1: Premature end of file.
2026-09-20 21:46:59,504 [ERROR] LogOutputStream:75 - [STDERR_REDIRECT] 
2026-09-20 21:47:00,510 [ERROR] LogOutputStream:75 - [STDERR_REDIRECT] [Fatal Error] :1:1: Premature end of file.
2026-09-20 21:47:00,510 [ERROR] LogOutputStream:75 - [STDERR_REDIRECT] 
2026-09-20 21:47:01,508 [ERROR] LogOutputStream:75 - [STDERR_REDIRECT] [Fatal Error] :1:1: Premature end of file.
2026-09-20 21:47:01,508 [ERROR] LogOutputStream:75 - [STDERR_REDIRECT] 
2026-09-20 21:47:02,506 [ERROR] LogOutputStream:75 - [STDERR_REDIRECT] [Fatal Error] :1:1: Premature end of file.
2026-09-20 21:47:02,506 [ERROR] LogOutputStream:75 - [STDERR_REDIRECT] 
2026-09-20 21:47:03,504 [ERROR] LogOutputStream:75 - [STDERR_REDIRECT] [Fatal Error] :1:1: Premature end of file.
2026-09-20 21:47:03,504 [ERROR] LogOutputStream:75 - [STDERR_REDIRECT] 
2026-09-20 21:47:04,502 [ERROR] LogOutputStream:75 - [STDERR_REDIRECT] [Fatal Error] :1:1: Premature end of file.
2026-09-20 21:47:04,502 [ERROR] LogOutputStream:75 - [STDERR_REDIRECT] 
2026-09-20 21:47:05,507 [ERROR] LogOutputStream:75 - [STDERR_REDIRECT] [Fatal Error] :1:1: Premature end of file.
2026-09-20 21:47:05,507 [ERROR] LogOutputStream:75 - [STDERR_REDIRECT] 
2026-09-20 21:47:06,507 [ERROR] LogOutputStream:75 - [STDERR_REDIRECT] [Fatal Error] :1:1: Premature end of file.
2026-09-20 21:47:06,507 [ERROR] LogOutputStream:75 - [STDERR_REDIRECT] 
2026-09-20 21:47:07,501 [ERROR] LogOutputStream:75 - [STDERR_REDIRECT] [Fatal Error] :1:1: Premature end of file.
2026-09-20 21:47:07,501 [ERROR] LogOutputStream:75 - [STDERR_REDIRECT] 
2026-09-20 21:47:08,505 [ERROR] LogOutputStream:75 - [STDERR_REDIRECT] [Fatal Error] :1:1: Premature end of file.
2026-09-20 21:47:08,505 [ERROR] LogOutputStream:75 - [STDERR_REDIRECT] 
2026-09-20 21:47:09,507 [ERROR] LogOutputStream:75 - [STDERR_REDIRECT] [Fatal Error] :1:1: Premature end of file.
2026-09-20 21:47:09,507 [ERROR] LogOutputStream:75 - [STDERR_REDIRECT] 
2026-09-20 21:47:10,506 [ERROR] LogOutputStream:75 - [STDERR_REDIRECT] [Fatal Error] :1:1: Premature end of file.
2026-09-20 21:47:10,506 [ERROR] LogOutputStream:75 - [STDERR_REDIRECT] 
2026-09-20 21:47:11,506 [ERROR] LogOutputStream:75 - [STDERR_REDIRECT] [Fatal Error] :1:1: Premature end of file.
2026-09-20 21:47:11,506 [ERROR] LogOutputStream:75 - [STDERR_REDIRECT] 
2026-09-20 21:47:12,504 [ERROR] LogOutputStream:75 - [STDERR_REDIRECT] [Fatal Error] :1:1: Premature end of file.
2026-09-20 21:47:12,504 [ERROR] LogOutputStream:75 - [STDERR_REDIRECT] 
2026-09-20 21:47:13,500 [ERROR] LogOutputStream:75 - [STDERR_REDIRECT] [Fatal Error] :1:1: Premature end of file.
2026-09-20 21:47:13,500 [ERROR] LogOutputStream:75 - [STDERR_REDIRECT] 
2026-09-20 21:47:14,504 [ERROR] LogOutputStream:75 - [STDERR_REDIRECT] [Fatal Error] :1:1: Premature end of file.
2026-09-20 21:47:14,504 [ERROR] LogOutputStream:75 - [STDERR_REDIRECT] 
2026-09-20 21:47:15,503 [ERROR] LogOutputStream:75 - [STDERR_REDIRECT] [Fatal Error] :1:1: Premature end of file.
2026-09-20 21:47:15,503 [ERROR] LogOutputStream:75 - [STDERR_REDIRECT] 
2026-09-20 21:47:16,507 [ERROR] LogOutputStream:75 - [STDERR_REDIRECT] [Fatal Error] :1:1: Premature end of file.
2026-09-20 21:47:16,508 [ERROR] LogOutputStream:75 - [STDERR_REDIRECT] 
2026-09-20 21:47:17,507 [ERROR] LogOutputStream:75 - [STDERR_REDIRECT] [Fatal Error] :1:1: Premature end of file.
2026-09-20 21:47:17,507 [ERROR] LogOutputStream:75 - [STDERR_REDIRECT] 
2026-09-20 21:47:18,503 [ERROR] LogOutputStream:75 - [STDERR_REDIRECT] [Fatal Error] :1:1: Premature end of file.
2026-09-20 21:47:18,503 [ERROR] LogOutputStream:75 - [STDERR_REDIRECT] 
2026-09-20 21:47:19,507 [ERROR] LogOutputStream:75 - [STDERR_REDIRECT] [Fatal Error] :1:1: Premature end of file.
2026-09-20 21:47:19,508 [ERROR] LogOutputStream:75 - [STDERR_REDIRECT] 
2026-09-20 21:47:20,505 [ERROR] LogOutputStream:75 - [STDERR_REDIRECT] [Fatal Error] :1:1: Premature end of file.
2026-09-20 21:47:20,505 [ERROR] LogOutputStream:75 - [STDERR_REDIRECT] 
2026-09-20 21:47:21,505 [ERROR] LogOutputStream:75 - [STDERR_REDIRECT] [Fatal Error] :1:1: Premature end of file.
2026-09-20 21:47:21,505 [ERROR] LogOutputStream:75 - [STDERR_REDIRECT] 
2026-09-20 21:47:22,503 [ERROR] LogOutputStream:75 - [STDERR_REDIRECT] [Fatal Error] :1:1: Premature end of file.
2026-09-20 21:47:22,503 [ERROR] LogOutputStream:75 - [STDERR_REDIRECT] 
2026-09-20 21:47:23,509 [ERROR] LogOutputStream:75 - [STDERR_REDIRECT] [Fatal Error] :1:1: Premature end of file.
2026-09-20 21:47:23,509 [ERROR] LogOutputStream:75 - [STDERR_REDIRECT] 
2026-09-20 21:47:24,505 [ERROR] LogOutputStream:75 - [STDERR_REDIRECT] [Fatal Error] :1:1: Premature end of file.
2026-09-20 21:47:24,505 [ERROR] LogOutputStream:75 - [STDERR_REDIRECT] 
2026-09-20 21:47:25,505 [ERROR] LogOutputStream:75 - [STDERR_REDIRECT] [Fatal Error] :1:1: Premature end of file.
2026-09-20 21:47:25,505 [ERROR] LogOutputStream:75 - [STDERR_REDIRECT] 
2026-09-20 21:47:26,505 [ERROR] LogOutputStream:75 - [STDERR_REDIRECT] [Fatal Error] :1:1: Premature end of file.
2026-09-20 21:47:26,506 [ERROR] LogOutputStream:75 - [STDERR_REDIRECT] 
2026-09-20 21:47:27,503 [ERROR] LogOutputStream:75 - [STDERR_REDIRECT] [Fatal Error] :1:1: Premature end of file.
2026-09-20 21:47:27,503 [ERROR] LogOutputStream:75 - [STDERR_REDIRECT] 
2026-09-20 21:47:28,508 [ERROR] LogOutputStream:75 - [STDERR_REDIRECT] [Fatal Error] :1:1: Premature end of file.
2026-09-20 21:47:28,508 [ERROR] LogOutputStream:75 - [STDERR_REDIRECT] 
2026-09-20 21:47:29,508 [ERROR] LogOutputStream:75 - [STDERR_REDIRECT] [Fatal Error] :1:1: Premature end of file.
2026-09-20 21:47:29,508 [ERROR] LogOutputStream:75 - [STDERR_REDIRECT] 
2026-09-20 21:47:30,507 [ERROR] LogOutputStream:75 - [STDERR_REDIRECT] [Fatal Error] :1:1: Premature end of file.
2026-09-20 21:47:30,507 [ERROR] LogOutputStream:75 - [STDERR_REDIRECT] 
2026-09-20 21:47:31,507 [ERROR] LogOutputStream:75 - [STDERR_REDIRECT] [Fatal Error] :1:1: Premature end of file.
2026-09-20 21:47:31,507 [ERROR] LogOutputStream:75 - [STDERR_REDIRECT] 
2026-09-20 21:47:32,505 [ERROR] LogOutputStream:75 - [STDERR_REDIRECT] [Fatal Error] :1:1: Premature end of file.
2026-09-20 21:47:32,505 [ERROR] LogOutputStream:75 - [STDERR_REDIRECT] 
2026-09-20 21:47:33,505 [ERROR] LogOutputStream:75 - [STDERR_REDIRECT] [Fatal Error] :1:1: Premature end of file.
2026-09-20 21:47:33,505 [ERROR] LogOutputStream:75 - [STDERR_REDIRECT] 
2026-09-20 21:47:34,508 [ERROR] LogOutputStream:75 - [STDERR_REDIRECT] [Fatal Error] :1:1: Premature end of file.
2026-09-20 21:47:34,508 [ERROR] LogOutputStream:75 - [STDERR_REDIRECT] 
2026-09-20 21:47:35,507 [ERROR] LogOutputStream:75 - [STDERR_REDIRECT] [Fatal Error] :1:1: Premature end of file.
2026-09-20 21:47:35,507 [ERROR] LogOutputStream:75 - [STDERR_REDIRECT] 
2026-09-20 21:47:36,500 [ERROR] LogOutputStream:75 - [STDERR_REDIRECT] [Fatal Error] :1:1: Premature end of file.
2026-09-20 21:47:36,500 [ERROR] LogOutputStream:75 - [STDERR_REDIRECT] 
2026-09-20 21:47:37,502 [ERROR] LogOutputStream:75 - [STDERR_REDIRECT] [Fatal Error] :1:1: Premature end of file.
2026-09-20 21:47:37,502 [ERROR] LogOutputStream:75 - [STDERR_REDIRECT] 
2026-09-20 21:47:38,502 [ERROR] LogOutputStream:75 - [STDERR_REDIRECT] [Fatal Error] :1:1: Premature end of file.
2026-09-20 21:47:38,502 [ERROR] LogOutputStream:75 - [STDERR_REDIRECT] 
2026-09-20 21:47:39,503 [ERROR] LogOutputStream:75 - [STDERR_REDIRECT] [Fatal Error] :1:1: Premature end of file.
2026-09-20 21:47:39,503 [ERROR] LogOutputStream:75 - [STDERR_REDIRECT] 
2026-09-20 21:47:40,505 [ERROR] LogOutputStream:75 - [STDERR_REDIRECT] [Fatal Error] :1:1: Premature end of file.
2026-09-20 21:47:40,505 [ERROR] LogOutputStream:75 - [STDERR_REDIRECT] 
2026-09-20 21:47:41,506 [ERROR] LogOutputStream:75 - [STDERR_REDIRECT] [Fatal Error] :1:1: Premature end of file.
2026-09-20 21:47:41,506 [ERROR] LogOutputStream:75 - [STDERR_REDIRECT] 
2026-09-20 21:47:42,507 [ERROR] LogOutputStream:75 - [STDERR_REDIRECT] [Fatal Error] :1:1: Premature end of file.
2026-09-20 21:47:42,507 [ERROR] LogOutputStream:75 - [STDERR_REDIRECT] 
2026-09-20 21:47:43,507 [ERROR] LogOutputStream:75 - [STDERR_REDIRECT] [Fatal Error] :1:1: Premature end of file.
2026-09-20 21:47:43,507 [ERROR] LogOutputStream:75 - [STDERR_REDIRECT] 
2026-09-20 21:47:44,504 [ERROR] LogOutputStream:75 - [STDERR_REDIRECT] [Fatal Error] :1:1: Premature end of file.
2026-09-20 21:47:44,504 [ERROR] LogOutputStream:75 - [STDERR_REDIRECT] 
2026-09-20 21:47:45,501 [ERROR] LogOutputStream:75 - [STDERR_REDIRECT] [Fatal Error] :1:1: Premature end of file.
2026-09-20 21:47:45,501 [ERROR] LogOutputStream:75 - [STDERR_REDIRECT] 
2026-09-20 21:47:46,508 [ERROR] LogOutputStream:75 - [STDERR_REDIRECT] [Fatal Error] :1:1: Premature end of file.
2026-09-20 21:47:46,508 [ERROR] LogOutputStream:75 - [STDERR_REDIRECT] 
2026-09-20 21:47:47,499 [ERROR] LogOutputStream:75 - [STDERR_REDIRECT] [Fatal Error] :1:1: Premature end of file.
2026-09-20 21:47:47,499 [ERROR] LogOutputStream:75 - [STDERR_REDIRECT] 
2026-09-20 21:47:48,498 [ERROR] LogOutputStream:75 - [STDERR_REDIRECT] [Fatal Error] :1:1: Premature end of file.
2026-09-20 21:47:48,498 [ERROR] LogOutputStream:75 - [STDERR_REDIRECT] 
2026-09-20 21:47:49,501 [ERROR] LogOutputStream:75 - [STDERR_REDIRECT] [Fatal Error] :1:1: Premature end of file.
2026-09-20 21:47:49,501 [ERROR] LogOutputStream:75 - [STDERR_REDIRECT] 
2026-09-20 21:47:50,503 [ERROR] LogOutputStream:75 - [STDERR_REDIRECT] [Fatal Error] :1:1: Premature end of file.
2026-09-20 21:47:50,503 [ERROR] LogOutputStream:75 - [STDERR_REDIRECT] 
2026-09-20 21:47:51,503 [ERROR] LogOutputStream:75 - [STDERR_REDIRECT] [Fatal Error] :1:1: Premature end of file.
2026-09-20 21:47:51,503 [ERROR] LogOutputStream:75 - [STDERR_REDIRECT] 
2026-09-20 21:47:52,507 [ERROR] LogOutputStream:75 - [STDERR_REDIRECT] [Fatal Error] :1:1: Premature end of file.
2026-09-20 21:47:52,507 [ERROR] LogOutputStream:75 - [STDERR_REDIRECT] 
2026-09-20 21:47:53,506 [ERROR] LogOutputStream:75 - [STDERR_REDIRECT] [Fatal Error] :1:1: Premature end of file.
2026-09-20 21:47:53,506 [ERROR] LogOutputStream:75 - [STDERR_REDIRECT] 
2026-09-20 21:47:54,505 [ERROR] LogOutputStream:75 - [STDERR_REDIRECT] [Fatal Error] :1:1: Premature end of file.
2026-09-20 21:47:54,505 [ERROR] LogOutputStream:75 - [STDERR_REDIRECT] 
2026-09-20 21:47:55,500 [ERROR] LogOutputStream:75 - [STDERR_REDIRECT] [Fatal Error] :1:1: Premature end of file.
2026-09-20 21:47:55,500 [ERROR] LogOutputStream:75 - [STDERR_REDIRECT] 
2026-09-20 21:47:56,500 [ERROR] LogOutputStream:75 - [STDERR_REDIRECT] [Fatal Error] :1:1: Premature end of file.
2026-09-20 21:47:56,500 [ERROR] LogOutputStream:75 - [STDERR_REDIRECT] 
2026-09-20 21:47:57,503 [ERROR] LogOutputStream:75 - [STDERR_REDIRECT] [Fatal Error] :1:1: Premature end of file.
2026-09-20 21:47:57,504 [ERROR] LogOutputStream:75 - [STDERR_REDIRECT] 
2026-09-20 21:47:58,507 [ERROR] LogOutputStream:75 - [STDERR_REDIRECT] [Fatal Error] :1:1: Premature end of file.
2026-09-20 21:47:58,507 [ERROR] LogOutputStream:75 - [STDERR_REDIRECT] 
2026-09-20 21:47:59,502 [ERROR] LogOutputStream:75 - [STDERR_REDIRECT] [Fatal Error] :1:1: Premature end of file.
2026-09-20 21:47:59,502 [ERROR] LogOutputStream:75 - [STDERR_REDIRECT] 
2026-09-20 21:48:00,503 [ERROR] LogOutputStream:75 - [STDERR_REDIRECT] [Fatal Error] :1:1: Premature end of file.
2026-09-20 21:48:00,504 [ERROR] LogOutputStream:75 - [STDERR_REDIRECT] 
2026-09-20 21:48:01,502 [ERROR] LogOutputStream:75 - [STDERR_REDIRECT] [Fatal Error] :1:1: Premature end of file.
2026-09-20 21:48:01,502 [ERROR] LogOutputStream:75 - [STDERR_REDIRECT] 
2026-09-20 21:48:02,500 [ERROR] LogOutputStream:75 - [STDERR_REDIRECT] [Fatal Error] :1:1: Premature end of file.
2026-09-20 21:48:02,500 [ERROR] LogOutputStream:75 - [STDERR_REDIRECT] 
2026-09-20 21:48:03,507 [ERROR] LogOutputStream:75 - [STDERR_REDIRECT] [Fatal Error] :1:1: Premature end of file.
2026-09-20 21:48:03,507 [ERROR] LogOutputStream:75 - [STDERR_REDIRECT] 
2026-09-20 21:48:04,505 [ERROR] LogOutputStream:75 - [STDERR_REDIRECT] [Fatal Error] :1:1: Premature end of file.
2026-09-20 21:48:04,505 [ERROR] LogOutputStream:75 - [STDERR_REDIRECT] 
2026-09-20 21:48:05,502 [ERROR] LogOutputStream:75 - [STDERR_REDIRECT] [Fatal Error] :1:1: Premature end of file.
2026-09-20 21:48:05,502 [ERROR] LogOutputStream:75 - [STDERR_REDIRECT] 
2026-09-20 21:48:06,500 [ERROR] LogOutputStream:75 - [STDERR_REDIRECT] [Fatal Error] :1:1: Premature end of file.
2026-09-20 21:48:06,500 [ERROR] LogOutputStream:75 - [STDERR_REDIRECT] 
2026-09-20 21:48:07,503 [ERROR] LogOutputStream:75 - [STDERR_REDIRECT] [Fatal Error] :1:1: Premature end of file.
2026-09-20 21:48:07,503 [ERROR] LogOutputStream:75 - [STDERR_REDIRECT] 
2026-09-20 21:48:08,505 [ERROR] LogOutputStream:75 - [STDERR_REDIRECT] [Fatal Error] :1:1: Premature end of file.
2026-09-20 21:48:08,506 [ERROR] LogOutputStream:75 - [STDERR_REDIRECT] 
2026-09-20 21:48:09,502 [ERROR] LogOutputStream:75 - [STDERR_REDIRECT] [Fatal Error] :1:1: Premature end of file.
2026-09-20 21:48:09,502 [ERROR] LogOutputStream:75 - [STDERR_REDIRECT] 
2026-09-20 21:48:10,503 [ERROR] LogOutputStream:75 - [STDERR_REDIRECT] [Fatal Error] :1:1: Premature end of file.
2026-09-20 21:48:10,503 [ERROR] LogOutputStream:75 - [STDERR_REDIRECT] 
2026-09-20 21:48:11,503 [ERROR] LogOutputStream:75 - [STDERR_REDIRECT] [Fatal Error] :1:1: Premature end of file.
2026-09-20 21:48:11,503 [ERROR] LogOutputStream:75 - [STDERR_REDIRECT] 
2026-09-20 21:48:12,498 [ERROR] LogOutputStream:75 - [STDERR_REDIRECT] [Fatal Error] :1:1: Premature end of file.
2026-09-20 21:48:12,498 [ERROR] LogOutputStream:75 - [STDERR_REDIRECT] 
2026-09-20 21:48:13,500 [ERROR] LogOutputStream:75 - [STDERR_REDIRECT] [Fatal Error] :1:1: Premature end of file.
2026-09-20 21:48:13,500 [ERROR] LogOutputStream:75 - [STDERR_REDIRECT] 
2026-09-20 21:48:14,502 [ERROR] LogOutputStream:75 - [STDERR_REDIRECT] [Fatal Error] :1:1: Premature end of file.
2026-09-20 21:48:14,502 [ERROR] LogOutputStream:75 - [STDERR_REDIRECT] 
2026-09-20 21:48:15,504 [ERROR] LogOutputStream:75 - [STDERR_REDIRECT] [Fatal Error] :1:1: Premature end of file.
2026-09-20 21:48:15,504 [ERROR] LogOutputStream:75 - [STDERR_REDIRECT] 
2026-09-20 21:48:16,499 [ERROR] LogOutputStream:75 - [STDERR_REDIRECT] [Fatal Error] :1:1: Premature end of file.
2026-09-20 21:48:16,499 [ERROR] LogOutputStream:75 - [STDERR_REDIRECT] 
2026-09-20 21:48:17,501 [ERROR] LogOutputStream:75 - [STDERR_REDIRECT] [Fatal Error] :1:1: Premature end of file.
2026-09-20 21:48:17,501 [ERROR] LogOutputStream:75 - [STDERR_REDIRECT] 
2026-09-20 21:48:18,510 [ERROR] LogOutputStream:75 - [STDERR_REDIRECT] [Fatal Error] :1:1: Premature end of file.
2026-09-20 21:48:18,510 [ERROR] LogOutputStream:75 - [STDERR_REDIRECT] 
2026-09-20 21:48:19,502 [ERROR] LogOutputStream:75 - [STDERR_REDIRECT] [Fatal Error] :1:1: Premature end of file.
2026-09-20 21:48:19,502 [ERROR] LogOutputStream:75 - [STDERR_REDIRECT] 
2026-09-20 21:48:20,508 [ERROR] LogOutputStream:75 - [STDERR_REDIRECT] [Fatal Error] :1:1: Premature end of file.
2026-09-20 21:48:20,508 [ERROR] LogOutputStream:75 - [STDERR_REDIRECT] 
2026-09-20 21:48:21,507 [ERROR] LogOutputStream:75 - [STDERR_REDIRECT] [Fatal Error] :1:1: Premature end of file.
2026-09-20 21:48:21,507 [ERROR] LogOutputStream:75 - [STDERR_REDIRECT] 
2026-09-20 21:48:22,504 [ERROR] LogOutputStream:75 - [STDERR_REDIRECT] [Fatal Error] :1:1: Premature end of file.
2026-09-20 21:48:22,504 [ERROR] LogOutputStream:75 - [STDERR_REDIRECT] 
2026-09-20 21:48:23,504 [ERROR] LogOutputStream:75 - [STDERR_REDIRECT] [Fatal Error] :1:1: Premature end of file.
2026-09-20 21:48:23,504 [ERROR] LogOutputStream:75 - [STDERR_REDIRECT] 
2026-09-20 21:48:24,505 [ERROR] LogOutputStream:75 - [STDERR_REDIRECT] [Fatal Error] :1:1: Premature end of file.
2026-09-20 21:48:24,505 [ERROR] LogOutputStream:75 - [STDERR_REDIRECT] 
2026-09-20 21:48:25,500 [ERROR] LogOutputStream:75 - [STDERR_REDIRECT] [Fatal Error] :1:1: Premature end of file.
2026-09-20 21:48:25,500 [ERROR] LogOutputStream:75 - [STDERR_REDIRECT] 
2026-09-20 21:48:26,504 [ERROR] LogOutputStream:75 - [STDERR_REDIRECT] [Fatal Error] :1:1: Premature end of file.
2026-09-20 21:48:26,504 [ERROR] LogOutputStream:75 - [STDERR_REDIRECT] 
2026-09-20 21:48:27,503 [ERROR] LogOutputStream:75 - [STDERR_REDIRECT] [Fatal Error] :1:1: Premature end of file.
2026-09-20 21:48:27,503 [ERROR] LogOutputStream:75 - [STDERR_REDIRECT] 
2026-09-20 21:48:28,508 [ERROR] LogOutputStream:75 - [STDERR_REDIRECT] [Fatal Error] :1:1: Premature end of file.
2026-09-20 21:48:28,508 [ERROR] LogOutputStream:75 - [STDERR_REDIRECT] 
2026-09-20 21:48:29,506 [ERROR] LogOutputStream:75 - [STDERR_REDIRECT] [Fatal Error] :1:1: Premature end of file.
2026-09-20 21:48:29,506 [ERROR] LogOutputStream:75 - [STDERR_REDIRECT] 
2026-09-20 21:48:30,507 [ERROR] LogOutputStream:75 - [STDERR_REDIRECT] [Fatal Error] :1:1: Premature end of file.
2026-09-20 21:48:30,507 [ERROR] LogOutputStream:75 - [STDERR_REDIRECT] 
2026-09-20 21:48:31,500 [ERROR] LogOutputStream:75 - [STDERR_REDIRECT] [Fatal Error] :1:1: Premature end of file.
2026-09-20 21:48:31,500 [ERROR] LogOutputStream:75 - [STDERR_REDIRECT] 
2026-09-20 21:48:32,498 [ERROR] LogOutputStream:75 - [STDERR_REDIRECT] [Fatal Error] :1:1: Premature end of file.
2026-09-20 21:48:32,499 [ERROR] LogOutputStream:75 - [STDERR_REDIRECT] 
2026-09-20 21:48:33,499 [ERROR] LogOutputStream:75 - [STDERR_REDIRECT] [Fatal Error] :1:1: Premature end of file.
2026-09-20 21:48:33,500 [ERROR] LogOutputStream:75 - [STDERR_REDIRECT] 
2026-09-20 21:48:34,505 [ERROR] LogOutputStream:75 - [STDERR_REDIRECT] [Fatal Error] :1:1: Premature end of file.
2026-09-20 21:48:34,505 [ERROR] LogOutputStream:75 - [STDERR_REDIRECT] 
2026-09-20 21:48:35,498 [ERROR] LogOutputStream:75 - [STDERR_REDIRECT] [Fatal Error] :1:1: Premature end of file.
2026-09-20 21:48:35,498 [ERROR] LogOutputStream:75 - [STDERR_REDIRECT] 
2026-09-20 21:48:36,508 [ERROR] LogOutputStream:75 - [STDERR_REDIRECT] [Fatal Error] :1:1: Premature end of file.
2026-09-20 21:48:36,508 [ERROR] LogOutputStream:75 - [STDERR_REDIRECT] 
2026-09-20 21:48:37,503 [ERROR] LogOutputStream:75 - [STDERR_REDIRECT] [Fatal Error] :1:1: Premature end of file.
2026-09-20 21:48:37,503 [ERROR] LogOutputStream:75 - [STDERR_REDIRECT] 
2026-09-20 21:48:38,498 [ERROR] LogOutputStream:75 - [STDERR_REDIRECT] [Fatal Error] :1:1: Premature end of file.
2026-09-20 21:48:38,498 [ERROR] LogOutputStream:75 - [STDERR_REDIRECT] 
2026-09-20 21:48:39,507 [ERROR] LogOutputStream:75 - [STDERR_REDIRECT] [Fatal Error] :1:1: Premature end of file.
2026-09-20 21:48:39,507 [ERROR] LogOutputStream:75 - [STDERR_REDIRECT] 
2026-09-20 21:48:40,510 [ERROR] LogOutputStream:75 - [STDERR_REDIRECT] [Fatal Error] :1:1: Premature end of file.
2026-09-20 21:48:40,510 [ERROR] LogOutputStream:75 - [STDERR_REDIRECT] 
2026-09-20 21:48:41,505 [ERROR] LogOutputStream:75 - [STDERR_REDIRECT] [Fatal Error] :1:1: Premature end of file.
2026-09-20 21:48:41,505 [ERROR] LogOutputStream:75 - [STDERR_REDIRECT] 
2026-09-20 21:48:42,508 [ERROR] LogOutputStream:75 - [STDERR_REDIRECT] [Fatal Error] :1:1: Premature end of file.
2026-09-20 21:48:42,508 [ERROR] LogOutputStream:75 - [STDERR_REDIRECT] 
2026-09-20 21:48:43,505 [ERROR] LogOutputStream:75 - [STDERR_REDIRECT] [Fatal Error] :1:1: Premature end of file.
2026-09-20 21:48:43,505 [ERROR] LogOutputStream:75 - [STDERR_REDIRECT] 
2026-09-20 21:48:44,501 [ERROR] LogOutputStream:75 - [STDERR_REDIRECT] [Fatal Error] :1:1: Premature end of file.
2026-09-20 21:48:44,501 [ERROR] LogOutputStream:75 - [STDERR_REDIRECT] 
2026-09-20 21:48:45,503 [ERROR] LogOutputStream:75 - [STDERR_REDIRECT] [Fatal Error] :1:1: Premature end of file.
2026-09-20 21:48:45,503 [ERROR] LogOutputStream:75 - [STDERR_REDIRECT] 
2026-09-20 21:48:46,506 [ERROR] LogOutputStream:75 - [STDERR_REDIRECT] [Fatal Error] :1:1: Premature end of file.
2026-09-20 21:48:46,506 [ERROR] LogOutputStream:75 - [STDERR_REDIRECT] 
2026-09-20 21:48:47,513 [ERROR] LogOutputStream:75 - [STDERR_REDIRECT] [Fatal Error] :1:1: Premature end of file.
2026-09-20 21:48:47,513 [ERROR] LogOutputStream:75 - [STDERR_REDIRECT] 
2026-09-20 21:48:48,504 [ERROR] LogOutputStream:75 - [STDERR_REDIRECT] [Fatal Error] :1:1: Premature end of file.
2026-09-20 21:48:48,505 [ERROR] LogOutputStream:75 - [STDERR_REDIRECT] 
2026-09-20 21:48:49,500 [ERROR] LogOutputStream:75 - [STDERR_REDIRECT] [Fatal Error] :1:1: Premature end of file.
2026-09-20 21:48:49,500 [ERROR] LogOutputStream:75 - [STDERR_REDIRECT] 
2026-09-20 21:48:50,503 [ERROR] LogOutputStream:75 - [STDERR_REDIRECT] [Fatal Error] :1:1: Premature end of file.
2026-09-20 21:48:50,503 [ERROR] LogOutputStream:75 - [STDERR_REDIRECT] 
2026-09-20 21:48:51,504 [ERROR] LogOutputStream:75 - [STDERR_REDIRECT] [Fatal Error] :1:1: Premature end of file.
2026-09-20 21:48:51,504 [ERROR] LogOutputStream:75 - [STDERR_REDIRECT] 
2026-09-20 21:48:52,506 [ERROR] LogOutputStream:75 - [STDERR_REDIRECT] [Fatal Error] :1:1: Premature end of file.
2026-09-20 21:48:52,506 [ERROR] LogOutputStream:75 - [STDERR_REDIRECT] 
2026-09-20 21:48:53,507 [ERROR] LogOutputStream:75 - [STDERR_REDIRECT] [Fatal Error] :1:1: Premature end of file.
2026-09-20 21:48:53,507 [ERROR] LogOutputStream:75 - [STDERR_REDIRECT] 
2026-09-20 21:48:54,505 [ERROR] LogOutputStream:75 - [STDERR_REDIRECT] [Fatal Error] :1:1: Premature end of file.
2026-09-20 21:48:54,505 [ERROR] LogOutputStream:75 - [STDERR_REDIRECT] 
2026-09-20 21:48:55,505 [ERROR] LogOutputStream:75 - [STDERR_REDIRECT] [Fatal Error] :1:1: Premature end of file.
2026-09-20 21:48:55,505 [ERROR] LogOutputStream:75 - [STDERR_REDIRECT] 
2026-09-20 21:48:56,508 [ERROR] LogOutputStream:75 - [STDERR_REDIRECT] [Fatal Error] :1:1: Premature end of file.
2026-09-20 21:48:56,508 [ERROR] LogOutputStream:75 - [STDERR_REDIRECT] 
2026-09-20 21:48:57,505 [ERROR] LogOutputStream:75 - [STDERR_REDIRECT] [Fatal Error] :1:1: Premature end of file.
2026-09-20 21:48:57,505 [ERROR] LogOutputStream:75 - [STDERR_REDIRECT] 
2026-09-20 21:48:58,507 [ERROR] LogOutputStream:75 - [STDERR_REDIRECT] [Fatal Error] :1:1: Premature end of file.
2026-09-20 21:48:58,507 [ERROR] LogOutputStream:75 - [STDERR_REDIRECT] 
2026-09-20 21:48:59,503 [ERROR] LogOutputStream:75 - [STDERR_REDIRECT] [Fatal Error] :1:1: Premature end of file.
2026-09-20 21:48:59,504 [ERROR] LogOutputStream:75 - [STDERR_REDIRECT] 
2026-09-20 21:49:00,498 [ERROR] LogOutputStream:75 - [STDERR_REDIRECT] [Fatal Error] :1:1: Premature end of file.
2026-09-20 21:49:00,498 [ERROR] LogOutputStream:75 - [STDERR_REDIRECT] 
2026-09-20 21:49:01,505 [ERROR] LogOutputStream:75 - [STDERR_REDIRECT] [Fatal Error] :1:1: Premature end of file.
2026-09-20 21:49:01,505 [ERROR] LogOutputStream:75 - [STDERR_REDIRECT] 
2026-09-20 21:49:02,509 [ERROR] LogOutputStream:75 - [STDERR_REDIRECT] [Fatal Error] :1:1: Premature end of file.
2026-09-20 21:49:02,509 [ERROR] LogOutputStream:75 - [STDERR_REDIRECT] 
2026-09-20 21:49:03,504 [ERROR] LogOutputStream:75 - [STDERR_REDIRECT] [Fatal Error] :1:1: Premature end of file.
2026-09-20 21:49:03,505 [ERROR] LogOutputStream:75 - [STDERR_REDIRECT] 
2026-09-20 21:49:04,507 [ERROR] LogOutputStream:75 - [STDERR_REDIRECT] [Fatal Error] :1:1: Premature end of file.
2026-09-20 21:49:04,507 [ERROR] LogOutputStream:75 - [STDERR_REDIRECT] 
2026-09-20 21:49:05,503 [ERROR] LogOutputStream:75 - [STDERR_REDIRECT] [Fatal Error] :1:1: Premature end of file.
2026-09-20 21:49:05,528 [ERROR] LogOutputStream:75 - [STDERR_REDIRECT] 
2026-09-20 21:49:06,504 [ERROR] LogOutputStream:75 - [STDERR_REDIRECT] [Fatal Error] :1:1: Premature end of file.
2026-09-20 21:49:06,504 [ERROR] LogOutputStream:75 - [STDERR_REDIRECT] 
2026-09-20 21:49:07,512 [ERROR] LogOutputStream:75 - [STDERR_REDIRECT] [Fatal Error] :1:1: Premature end of file.
2026-09-20 21:49:07,512 [ERROR] LogOutputStream:75 - [STDERR_REDIRECT] 
2026-09-20 21:49:08,507 [ERROR] LogOutputStream:75 - [STDERR_REDIRECT] [Fatal Error] :1:1: Premature end of file.
2026-09-20 21:49:08,507 [ERROR] LogOutputStream:75 - [STDERR_REDIRECT] 
2026-09-20 21:49:09,502 [ERROR] LogOutputStream:75 - [STDERR_REDIRECT] [Fatal Error] :1:1: Premature end of file.
2026-09-20 21:49:09,502 [ERROR] LogOutputStream:75 - [STDERR_REDIRECT] 
2026-09-20 21:49:10,505 [ERROR] LogOutputStream:75 - [STDERR_REDIRECT] [Fatal Error] :1:1: Premature end of file.
2026-09-20 21:49:10,505 [ERROR] LogOutputStream:75 - [STDERR_REDIRECT] 
2026-09-20 21:49:11,509 [ERROR] LogOutputStream:75 - [STDERR_REDIRECT] [Fatal Error] :1:1: Premature end of file.
2026-09-20 21:49:11,509 [ERROR] LogOutputStream:75 - [STDERR_REDIRECT] 
2026-09-20 21:49:12,506 [ERROR] LogOutputStream:75 - [STDERR_REDIRECT] [Fatal Error] :1:1: Premature end of file.
2026-09-20 21:49:12,507 [ERROR] LogOutputStream:75 - [STDERR_REDIRECT] 
2026-09-20 21:49:13,506 [ERROR] LogOutputStream:75 - [STDERR_REDIRECT] [Fatal Error] :1:1: Premature end of file.
2026-09-20 21:49:13,506 [ERROR] LogOutputStream:75 - [STDERR_REDIRECT] 
2026-09-20 21:49:14,503 [ERROR] LogOutputStream:75 - [STDERR_REDIRECT] [Fatal Error] :1:1: Premature end of file.
2026-09-20 21:49:14,503 [ERROR] LogOutputStream:75 - [STDERR_REDIRECT] 
2026-09-20 21:49:15,512 [ERROR] LogOutputStream:75 - [STDERR_REDIRECT] [Fatal Error] :1:1: Premature end of file.
2026-09-20 21:49:15,512 [ERROR] LogOutputStream:75 - [STDERR_REDIRECT] 
2026-09-20 21:49:16,505 [ERROR] LogOutputStream:75 - [STDERR_REDIRECT] [Fatal Error] :1:1: Premature end of file.
2026-09-20 21:49:16,505 [ERROR] LogOutputStream:75 - [STDERR_REDIRECT] 
2026-09-20 21:49:17,509 [ERROR] LogOutputStream:75 - [STDERR_REDIRECT] [Fatal Error] :1:1: Premature end of file.
2026-09-20 21:49:17,509 [ERROR] LogOutputStream:75 - [STDERR_REDIRECT] 
2026-09-20 21:49:18,513 [ERROR] LogOutputStream:75 - [STDERR_REDIRECT] [Fatal Error] :1:1: Premature end of file.
2026-09-20 21:49:18,513 [ERROR] LogOutputStream:75 - [STDERR_REDIRECT] 
2026-09-20 21:49:19,506 [ERROR] LogOutputStream:75 - [STDERR_REDIRECT] [Fatal Error] :1:1: Premature end of file.
2026-09-20 21:49:19,506 [ERROR] LogOutputStream:75 - [STDERR_REDIRECT] 
2026-09-20 21:49:20,516 [ERROR] LogOutputStream:75 - [STDERR_REDIRECT] [Fatal Error] :1:1: Premature end of file.
2026-09-20 21:49:20,557 [ERROR] LogOutputStream:75 - [STDERR_REDIRECT] 
2026-09-20 21:49:21,507 [ERROR] LogOutputStream:75 - [STDERR_REDIRECT] [Fatal Error] :1:1: Premature end of file.
2026-09-20 21:49:21,508 [ERROR] LogOutputStream:75 - [STDERR_REDIRECT] 
2026-09-20 21:49:22,505 [ERROR] LogOutputStream:75 - [STDERR_REDIRECT] [Fatal Error] :1:1: Premature end of file.
2026-09-20 21:49:22,505 [ERROR] LogOutputStream:75 - [STDERR_REDIRECT] 
2026-09-20 21:49:23,505 [ERROR] LogOutputStream:75 - [STDERR_REDIRECT] [Fatal Error] :1:1: Premature end of file.
2026-09-20 21:49:23,505 [ERROR] LogOutputStream:75 - [STDERR_REDIRECT] 
2026-09-20 21:49:24,507 [ERROR] LogOutputStream:75 - [STDERR_REDIRECT] [Fatal Error] :1:1: Premature end of file.
2026-09-20 21:49:24,507 [ERROR] LogOutputStream:75 - [STDERR_REDIRECT] 
2026-09-20 21:49:25,508 [ERROR] LogOutputStream:75 - [STDERR_REDIRECT] [Fatal Error] :1:1: Premature end of file.
2026-09-20 21:49:25,508 [ERROR] LogOutputStream:75 - [STDERR_REDIRECT] 
2026-09-20 21:49:26,507 [ERROR] LogOutputStream:75 - [STDERR_REDIRECT] [Fatal Error] :1:1: Premature end of file.
2026-09-20 21:49:26,507 [ERROR] LogOutputStream:75 - [STDERR_REDIRECT] 
2026-09-20 21:49:27,505 [ERROR] LogOutputStream:75 - [STDERR_REDIRECT] [Fatal Error] :1:1: Premature end of file.
2026-09-20 21:49:27,505 [ERROR] LogOutputStream:75 - [STDERR_REDIRECT] 
2026-09-20 21:49:28,506 [ERROR] LogOutputStream:75 - [STDERR_REDIRECT] [Fatal Error] :1:1: Premature end of file.
2026-09-20 21:49:28,506 [ERROR] LogOutputStream:75 - [STDERR_REDIRECT] 
2026-09-20 21:49:29,502 [ERROR] LogOutputStream:75 - [STDERR_REDIRECT] [Fatal Error] :1:1: Premature end of file.
2026-09-20 21:49:29,502 [ERROR] LogOutputStream:75 - [STDERR_REDIRECT] 
2026-09-20 21:49:30,505 [ERROR] LogOutputStream:75 - [STDERR_REDIRECT] [Fatal Error] :1:1: Premature end of file.
2026-09-20 21:49:30,505 [ERROR] LogOutputStream:75 - [STDERR_REDIRECT] 
2026-09-20 21:49:31,506 [ERROR] LogOutputStream:75 - [STDERR_REDIRECT] [Fatal Error] :1:1: Premature end of file.
2026-09-20 21:49:31,506 [ERROR] LogOutputStream:75 - [STDERR_REDIRECT] 
2026-09-20 21:49:32,509 [ERROR] LogOutputStream:75 - [STDERR_REDIRECT] [Fatal Error] :1:1: Premature end of file.
2026-09-20 21:49:32,509 [ERROR] LogOutputStream:75 - [STDERR_REDIRECT] 
2026-09-20 21:49:33,499 [ERROR] LogOutputStream:75 - [STDERR_REDIRECT] [Fatal Error] :1:1: Premature end of file.
2026-09-20 21:49:33,499 [ERROR] LogOutputStream:75 - [STDERR_REDIRECT] 
2026-09-20 21:49:34,503 [ERROR] LogOutputStream:75 - [STDERR_REDIRECT] [Fatal Error] :1:1: Premature end of file.
2026-09-20 21:49:34,503 [ERROR] LogOutputStream:75 - [STDERR_REDIRECT] 
2026-09-20 21:49:35,508 [ERROR] LogOutputStream:75 - [STDERR_REDIRECT] [Fatal Error] :1:1: Premature end of file.
2026-09-20 21:49:35,508 [ERROR] LogOutputStream:75 - [STDERR_REDIRECT] 
2026-09-20 21:49:36,502 [ERROR] LogOutputStream:75 - [STDERR_REDIRECT] [Fatal Error] :1:1: Premature end of file.
2026-09-20 21:49:36,502 [ERROR] LogOutputStream:75 - [STDERR_REDIRECT] 
2026-09-20 21:49:37,504 [ERROR] LogOutputStream:75 - [STDERR_REDIRECT] [Fatal Error] :1:1: Premature end of file.
2026-09-20 21:49:37,504 [ERROR] LogOutputStream:75 - [STDERR_REDIRECT] 
2026-09-20 21:49:38,502 [ERROR] LogOutputStream:75 - [STDERR_REDIRECT] [Fatal Error] :1:1: Premature end of file.
2026-09-20 21:49:38,502 [ERROR] LogOutputStream:75 - [STDERR_REDIRECT] 
2026-09-20 21:49:39,499 [ERROR] LogOutputStream:75 - [STDERR_REDIRECT] [Fatal Error] :1:1: Premature end of file.
2026-09-20 21:49:39,499 [ERROR] LogOutputStream:75 - [STDERR_REDIRECT] 
2026-09-20 21:49:40,506 [ERROR] LogOutputStream:75 - [STDERR_REDIRECT] [Fatal Error] :1:1: Premature end of file.
2026-09-20 21:49:40,507 [ERROR] LogOutputStream:75 - [STDERR_REDIRECT] 
2026-09-20 21:49:41,508 [ERROR] LogOutputStream:75 - [STDERR_REDIRECT] [Fatal Error] :1:1: Premature end of file.
2026-09-20 21:49:41,508 [ERROR] LogOutputStream:75 - [STDERR_REDIRECT] 
2026-09-20 21:49:42,500 [ERROR] LogOutputStream:75 - [STDERR_REDIRECT] [Fatal Error] :1:1: Premature end of file.
2026-09-20 21:49:42,500 [ERROR] LogOutputStream:75 - [STDERR_REDIRECT] 
2026-09-20 21:49:43,503 [ERROR] LogOutputStream:75 - [STDERR_REDIRECT] [Fatal Error] :1:1: Premature end of file.
2026-09-20 21:49:43,503 [ERROR] LogOutputStream:75 - [STDERR_REDIRECT] 
2026-09-20 21:49:44,500 [ERROR] LogOutputStream:75 - [STDERR_REDIRECT] [Fatal Error] :1:1: Premature end of file.
2026-09-20 21:49:44,500 [ERROR] LogOutputStream:75 - [STDERR_REDIRECT] 
2026-09-20 21:49:45,500 [ERROR] LogOutputStream:75 - [STDERR_REDIRECT] [Fatal Error] :1:1: Premature end of file.
2026-09-20 21:49:45,500 [ERROR] LogOutputStream:75 - [STDERR_REDIRECT] 
2026-09-20 21:49:46,499 [ERROR] LogOutputStream:75 - [STDERR_REDIRECT] [Fatal Error] :1:1: Premature end of file.
2026-09-20 21:49:46,499 [ERROR] LogOutputStream:75 - [STDERR_REDIRECT] 
2026-09-20 21:49:47,503 [ERROR] LogOutputStream:75 - [STDERR_REDIRECT] [Fatal Error] :1:1: Premature end of file.
2026-09-20 21:49:47,504 [ERROR] LogOutputStream:75 - [STDERR_REDIRECT] 
2026-09-20 21:49:48,497 [ERROR] LogOutputStream:75 - [STDERR_REDIRECT] [Fatal Error] :1:1: Premature end of file.
2026-09-20 21:49:48,498 [ERROR] LogOutputStream:75 - [STDERR_REDIRECT] 
2026-09-20 21:49:49,506 [ERROR] LogOutputStream:75 - [STDERR_REDIRECT] [Fatal Error] :1:1: Premature end of file.
2026-09-20 21:49:49,506 [ERROR] LogOutputStream:75 - [STDERR_REDIRECT] 
2026-09-20 21:49:50,505 [ERROR] LogOutputStream:75 - [STDERR_REDIRECT] [Fatal Error] :1:1: Premature end of file.
2026-09-20 21:49:50,505 [ERROR] LogOutputStream:75 - [STDERR_REDIRECT] 
2026-09-20 21:49:51,507 [ERROR] LogOutputStream:75 - [STDERR_REDIRECT] [Fatal Error] :1:1: Premature end of file.
2026-09-20 21:49:51,507 [ERROR] LogOutputStream:75 - [STDERR_REDIRECT] 
2026-09-20 21:49:52,503 [ERROR] LogOutputStream:75 - [STDERR_REDIRECT] [Fatal Error] :1:1: Premature end of file.
2026-09-20 21:49:52,503 [ERROR] LogOutputStream:75 - [STDERR_REDIRECT] 
2026-09-20 21:49:53,507 [ERROR] LogOutputStream:75 - [STDERR_REDIRECT] [Fatal Error] :1:1: Premature end of file.
2026-09-20 21:49:53,507 [ERROR] LogOutputStream:75 - [STDERR_REDIRECT] 
2026-09-20 21:49:54,502 [ERROR] LogOutputStream:75 - [STDERR_REDIRECT] [Fatal Error] :1:1: Premature end of file.
2026-09-20 21:49:54,502 [ERROR] LogOutputStream:75 - [STDERR_REDIRECT] 
2026-09-20 21:49:55,500 [ERROR] LogOutputStream:75 - [STDERR_REDIRECT] [Fatal Error] :1:1: Premature end of file.
2026-09-20 21:49:55,500 [ERROR] LogOutputStream:75 - [STDERR_REDIRECT] 
2026-09-20 21:49:56,506 [ERROR] LogOutputStream:75 - [STDERR_REDIRECT] [Fatal Error] :1:1: Premature end of file.
2026-09-20 21:49:56,506 [ERROR] LogOutputStream:75 - [STDERR_REDIRECT] 
2026-09-20 21:49:57,507 [ERROR] LogOutputStream:75 - [STDERR_REDIRECT] [Fatal Error] :1:1: Premature end of file.
2026-09-20 21:49:57,507 [ERROR] LogOutputStream:75 - [STDERR_REDIRECT] 
2026-09-20 21:49:58,507 [ERROR] LogOutputStream:75 - [STDERR_REDIRECT] [Fatal Error] :1:1: Premature end of file.
2026-09-20 21:49:58,507 [ERROR] LogOutputStream:75 - [STDERR_REDIRECT] 
2026-09-20 21:49:59,510 [ERROR] LogOutputStream:75 - [STDERR_REDIRECT] [Fatal Error] :1:1: Premature end of file.
2026-09-20 21:49:59,510 [ERROR] LogOutputStream:75 - [STDERR_REDIRECT] 
2026-09-20 21:50:00,503 [ERROR] LogOutputStream:75 - [STDERR_REDIRECT] [Fatal Error] :1:1: Premature end of file.
2026-09-20 21:50:00,503 [ERROR] LogOutputStream:75 - [STDERR_REDIRECT] 
2026-09-20 21:50:01,503 [ERROR] LogOutputStream:75 - [STDERR_REDIRECT] [Fatal Error] :1:1: Premature end of file.
2026-09-20 21:50:01,503 [ERROR] LogOutputStream:75 - [STDERR_REDIRECT] 
2026-09-20 21:50:02,505 [ERROR] LogOutputStream:75 - [STDERR_REDIRECT] [Fatal Error] :1:1: Premature end of file.
2026-09-20 21:50:02,505 [ERROR] LogOutputStream:75 - [STDERR_REDIRECT] 
2026-09-20 21:50:03,498 [ERROR] LogOutputStream:75 - [STDERR_REDIRECT] [Fatal Error] :1:1: Premature end of file.
2026-09-20 21:50:03,498 [ERROR] LogOutputStream:75 - [STDERR_REDIRECT] 
2026-09-20 21:50:04,497 [ERROR] LogOutputStream:75 - [STDERR_REDIRECT] [Fatal Error] :1:1: Premature end of file.
2026-09-20 21:50:04,497 [ERROR] LogOutputStream:75 - [STDERR_REDIRECT] 
2026-09-20 21:50:05,515 [ERROR] LogOutputStream:75 - [STDERR_REDIRECT] [Fatal Error] :1:1: Premature end of file.
2026-09-20 21:50:05,535 [ERROR] LogOutputStream:75 - [STDERR_REDIRECT] 
2026-09-20 21:50:06,506 [ERROR] LogOutputStream:75 - [STDERR_REDIRECT] [Fatal Error] :1:1: Premature end of file.
2026-09-20 21:50:06,506 [ERROR] LogOutputStream:75 - [STDERR_REDIRECT] 
2026-09-20 21:50:07,500 [ERROR] LogOutputStream:75 - [STDERR_REDIRECT] [Fatal Error] :1:1: Premature end of file.
2026-09-20 21:50:07,500 [ERROR] LogOutputStream:75 - [STDERR_REDIRECT] 
2026-09-20 21:50:08,503 [ERROR] LogOutputStream:75 - [STDERR_REDIRECT] [Fatal Error] :1:1: Premature end of file.
2026-09-20 21:50:08,503 [ERROR] LogOutputStream:75 - [STDERR_REDIRECT] 
2026-09-20 21:50:09,511 [ERROR] LogOutputStream:75 - [STDERR_REDIRECT] [Fatal Error] :1:1: Premature end of file.
2026-09-20 21:50:09,512 [ERROR] LogOutputStream:75 - [STDERR_REDIRECT] 
2026-09-20 21:50:10,507 [ERROR] LogOutputStream:75 - [STDERR_REDIRECT] [Fatal Error] :1:1: Premature end of file.
2026-09-20 21:50:10,507 [ERROR] LogOutputStream:75 - [STDERR_REDIRECT] 
2026-09-20 21:50:11,497 [ERROR] LogOutputStream:75 - [STDERR_REDIRECT] [Fatal Error] :1:1: Premature end of file.
2026-09-20 21:50:11,497 [ERROR] LogOutputStream:75 - [STDERR_REDIRECT] 
2026-09-20 21:50:12,497 [ERROR] LogOutputStream:75 - [STDERR_REDIRECT] [Fatal Error] :1:1: Premature end of file.
2026-09-20 21:50:12,497 [ERROR] LogOutputStream:75 - [STDERR_REDIRECT] 
2026-09-20 21:50:13,502 [ERROR] LogOutputStream:75 - [STDERR_REDIRECT] [Fatal Error] :1:1: Premature end of file.
2026-09-20 21:50:13,502 [ERROR] LogOutputStream:75 - [STDERR_REDIRECT] 
2026-09-20 21:50:14,501 [ERROR] LogOutputStream:75 - [STDERR_REDIRECT] [Fatal Error] :1:1: Premature end of file.
2026-09-20 21:50:14,502 [ERROR] LogOutputStream:75 - [STDERR_REDIRECT] 
2026-09-20 21:50:15,500 [ERROR] LogOutputStream:75 - [STDERR_REDIRECT] [Fatal Error] :1:1: Premature end of file.
2026-09-20 21:50:15,500 [ERROR] LogOutputStream:75 - [STDERR_REDIRECT] 
2026-09-20 21:50:16,506 [ERROR] LogOutputStream:75 - [STDERR_REDIRECT] [Fatal Error] :1:1: Premature end of file.
2026-09-20 21:50:16,506 [ERROR] LogOutputStream:75 - [STDERR_REDIRECT] 
2026-09-20 21:50:17,503 [ERROR] LogOutputStream:75 - [STDERR_REDIRECT] [Fatal Error] :1:1: Premature end of file.
2026-09-20 21:50:17,503 [ERROR] LogOutputStream:75 - [STDERR_REDIRECT] 
2026-09-20 21:50:18,500 [ERROR] LogOutputStream:75 - [STDERR_REDIRECT] [Fatal Error] :1:1: Premature end of file.
2026-09-20 21:50:18,500 [ERROR] LogOutputStream:75 - [STDERR_REDIRECT] 
2026-09-20 21:50:19,507 [ERROR] LogOutputStream:75 - [STDERR_REDIRECT] [Fatal Error] :1:1: Premature end of file.
2026-09-20 21:50:19,507 [ERROR] LogOutputStream:75 - [STDERR_REDIRECT] 
2026-09-20 21:50:20,510 [ERROR] LogOutputStream:75 - [STDERR_REDIRECT] [Fatal Error] :1:1: Premature end of file.
2026-09-20 21:50:20,539 [ERROR] LogOutputStream:75 - [STDERR_REDIRECT] 
2026-09-20 21:50:21,506 [ERROR] LogOutputStream:75 - [STDERR_REDIRECT] [Fatal Error] :1:1: Premature end of file.
2026-09-20 21:50:21,506 [ERROR] LogOutputStream:75 - [STDERR_REDIRECT] 
2026-09-20 21:50:22,504 [ERROR] LogOutputStream:75 - [STDERR_REDIRECT] [Fatal Error] :1:1: Premature end of file.
2026-09-20 21:50:22,504 [ERROR] LogOutputStream:75 - [STDERR_REDIRECT] 
2026-09-20 21:50:23,505 [ERROR] LogOutputStream:75 - [STDERR_REDIRECT] [Fatal Error] :1:1: Premature end of file.
2026-09-20 21:50:23,505 [ERROR] LogOutputStream:75 - [STDERR_REDIRECT] 
2026-09-20 21:50:24,507 [ERROR] LogOutputStream:75 - [STDERR_REDIRECT] [Fatal Error] :1:1: Premature end of file.
2026-09-20 21:50:24,507 [ERROR] LogOutputStream:75 - [STDERR_REDIRECT] 
2026-09-20 21:50:25,507 [ERROR] LogOutputStream:75 - [STDERR_REDIRECT] [Fatal Error] :1:1: Premature end of file.
2026-09-20 21:50:25,507 [ERROR] LogOutputStream:75 - [STDERR_REDIRECT] 
2026-09-20 21:50:26,505 [ERROR] LogOutputStream:75 - [STDERR_REDIRECT] [Fatal Error] :1:1: Premature end of file.
2026-09-20 21:50:26,505 [ERROR] LogOutputStream:75 - [STDERR_REDIRECT] 
2026-09-20 21:50:27,504 [ERROR] LogOutputStream:75 - [STDERR_REDIRECT] [Fatal Error] :1:1: Premature end of file.
2026-09-20 21:50:27,504 [ERROR] LogOutputStream:75 - [STDERR_REDIRECT] 
2026-09-20 21:50:28,498 [ERROR] LogOutputStream:75 - [STDERR_REDIRECT] [Fatal Error] :1:1: Premature end of file.
2026-09-20 21:50:28,498 [ERROR] LogOutputStream:75 - [STDERR_REDIRECT] 
2026-09-20 21:50:29,503 [ERROR] LogOutputStream:75 - [STDERR_REDIRECT] [Fatal Error] :1:1: Premature end of file.
2026-09-20 21:50:29,503 [ERROR] LogOutputStream:75 - [STDERR_REDIRECT] 
2026-09-20 21:50:30,504 [ERROR] LogOutputStream:75 - [STDERR_REDIRECT] [Fatal Error] :1:1: Premature end of file.
2026-09-20 21:50:30,504 [ERROR] LogOutputStream:75 - [STDERR_REDIRECT] 
2026-09-20 21:50:31,502 [ERROR] LogOutputStream:75 - [STDERR_REDIRECT] [Fatal Error] :1:1: Premature end of file.
2026-09-20 21:50:31,502 [ERROR] LogOutputStream:75 - [STDERR_REDIRECT] 
2026-09-20 21:50:32,507 [ERROR] LogOutputStream:75 - [STDERR_REDIRECT] [Fatal Error] :1:1: Premature end of file.
2026-09-20 21:50:32,507 [ERROR] LogOutputStream:75 - [STDERR_REDIRECT] 
2026-09-20 21:50:33,508 [ERROR] LogOutputStream:75 - [STDERR_REDIRECT] [Fatal Error] :1:1: Premature end of file.
2026-09-20 21:50:33,508 [ERROR] LogOutputStream:75 - [STDERR_REDIRECT] 
2026-09-20 21:50:34,510 [ERROR] LogOutputStream:75 - [STDERR_REDIRECT] [Fatal Error] :1:1: Premature end of file.
2026-09-20 21:50:34,510 [ERROR] LogOutputStream:75 - [STDERR_REDIRECT] 
2026-09-20 21:50:35,512 [ERROR] LogOutputStream:75 - [STDERR_REDIRECT] [Fatal Error] :1:1: Premature end of file.
2026-09-20 21:50:35,532 [ERROR] LogOutputStream:75 - [STDERR_REDIRECT] 
2026-09-20 21:50:36,505 [ERROR] LogOutputStream:75 - [STDERR_REDIRECT] [Fatal Error] :1:1: Premature end of file.
2026-09-20 21:50:36,505 [ERROR] LogOutputStream:75 - [STDERR_REDIRECT] 
2026-09-20 21:50:37,496 [ERROR] LogOutputStream:75 - [STDERR_REDIRECT] [Fatal Error] :1:1: Premature end of file.
2026-09-20 21:50:37,496 [ERROR] LogOutputStream:75 - [STDERR_REDIRECT] 
2026-09-20 21:50:38,505 [ERROR] LogOutputStream:75 - [STDERR_REDIRECT] [Fatal Error] :1:1: Premature end of file.
2026-09-20 21:50:38,506 [ERROR] LogOutputStream:75 - [STDERR_REDIRECT] 
2026-09-20 21:50:39,501 [ERROR] LogOutputStream:75 - [STDERR_REDIRECT] [Fatal Error] :1:1: Premature end of file.
2026-09-20 21:50:39,501 [ERROR] LogOutputStream:75 - [STDERR_REDIRECT] 
2026-09-20 21:50:40,508 [ERROR] LogOutputStream:75 - [STDERR_REDIRECT] [Fatal Error] :1:1: Premature end of file.
2026-09-20 21:50:40,508 [ERROR] LogOutputStream:75 - [STDERR_REDIRECT] 
2026-09-20 21:50:41,504 [ERROR] LogOutputStream:75 - [STDERR_REDIRECT] [Fatal Error] :1:1: Premature end of file.
2026-09-20 21:50:41,504 [ERROR] LogOutputStream:75 - [STDERR_REDIRECT] 
2026-09-20 21:50:42,501 [ERROR] LogOutputStream:75 - [STDERR_REDIRECT] [Fatal Error] :1:1: Premature end of file.
2026-09-20 21:50:42,501 [ERROR] LogOutputStream:75 - [STDERR_REDIRECT] 
2026-09-20 21:50:43,500 [ERROR] LogOutputStream:75 - [STDERR_REDIRECT] [Fatal Error] :1:1: Premature end of file.
2026-09-20 21:50:43,500 [ERROR] LogOutputStream:75 - [STDERR_REDIRECT] 
2026-09-20 21:50:44,498 [ERROR] LogOutputStream:75 - [STDERR_REDIRECT] [Fatal Error] :1:1: Premature end of file.
2026-09-20 21:50:44,498 [ERROR] LogOutputStream:75 - [STDERR_REDIRECT] 
2026-09-20 21:50:45,507 [ERROR] LogOutputStream:75 - [STDERR_REDIRECT] [Fatal Error] :1:1: Premature end of file.
2026-09-20 21:50:45,507 [ERROR] LogOutputStream:75 - [STDERR_REDIRECT] 
2026-09-20 21:50:46,503 [ERROR] LogOutputStream:75 - [STDERR_REDIRECT] [Fatal Error] :1:1: Premature end of file.
2026-09-20 21:50:46,503 [ERROR] LogOutputStream:75 - [STDERR_REDIRECT] 
2026-09-20 21:50:47,499 [ERROR] LogOutputStream:75 - [STDERR_REDIRECT] [Fatal Error] :1:1: Premature end of file.
2026-09-20 21:50:47,499 [ERROR] LogOutputStream:75 - [STDERR_REDIRECT] 
2026-09-20 21:50:48,506 [ERROR] LogOutputStream:75 - [STDERR_REDIRECT] [Fatal Error] :1:1: Premature end of file.
2026-09-20 21:50:48,506 [ERROR] LogOutputStream:75 - [STDERR_REDIRECT] 
2026-09-20 21:50:49,507 [ERROR] LogOutputStream:75 - [STDERR_REDIRECT] [Fatal Error] :1:1: Premature end of file.
2026-09-20 21:50:49,507 [ERROR] LogOutputStream:75 - [STDERR_REDIRECT] 
2026-09-20 21:50:50,508 [ERROR] LogOutputStream:75 - [STDERR_REDIRECT] [Fatal Error] :1:1: Premature end of file.
2026-09-20 21:50:50,520 [ERROR] LogOutputStream:75 - [STDERR_REDIRECT] 
2026-09-20 21:50:51,505 [ERROR] LogOutputStream:75 - [STDERR_REDIRECT] [Fatal Error] :1:1: Premature end of file.
2026-09-20 21:50:51,505 [ERROR] LogOutputStream:75 - [STDERR_REDIRECT] 
2026-09-20 21:50:52,500 [ERROR] LogOutputStream:75 - [STDERR_REDIRECT] [Fatal Error] :1:1: Premature end of file.
2026-09-20 21:50:52,500 [ERROR] LogOutputStream:75 - [STDERR_REDIRECT] 
2026-09-20 21:50:53,501 [ERROR] LogOutputStream:75 - [STDERR_REDIRECT] [Fatal Error] :1:1: Premature end of file.
2026-09-20 21:50:53,502 [ERROR] LogOutputStream:75 - [STDERR_REDIRECT] 
2026-09-20 21:50:54,509 [ERROR] LogOutputStream:75 - [STDERR_REDIRECT] [Fatal Error] :1:1: Premature end of file.
2026-09-20 21:50:54,509 [ERROR] LogOutputStream:75 - [STDERR_REDIRECT] 
2026-09-20 21:50:55,507 [ERROR] LogOutputStream:75 - [STDERR_REDIRECT] [Fatal Error] :1:1: Premature end of file.
2026-09-20 21:50:55,507 [ERROR] LogOutputStream:75 - [STDERR_REDIRECT] 
2026-09-20 21:50:56,507 [ERROR] LogOutputStream:75 - [STDERR_REDIRECT] [Fatal Error] :1:1: Premature end of file.
2026-09-20 21:50:56,508 [ERROR] LogOutputStream:75 - [STDERR_REDIRECT] 
2026-09-20 21:50:57,503 [ERROR] LogOutputStream:75 - [STDERR_REDIRECT] [Fatal Error] :1:1: Premature end of file.
2026-09-20 21:50:57,503 [ERROR] LogOutputStream:75 - [STDERR_REDIRECT] 
2026-09-20 21:50:58,497 [ERROR] LogOutputStream:75 - [STDERR_REDIRECT] [Fatal Error] :1:1: Premature end of file.
2026-09-20 21:50:58,497 [ERROR] LogOutputStream:75 - [STDERR_REDIRECT] 
2026-09-20 21:50:59,502 [ERROR] LogOutputStream:75 - [STDERR_REDIRECT] [Fatal Error] :1:1: Premature end of file.
2026-09-20 21:50:59,502 [ERROR] LogOutputStream:75 - [STDERR_REDIRECT] 
2026-09-20 21:51:00,510 [ERROR] LogOutputStream:75 - [STDERR_REDIRECT] [Fatal Error] :1:1: Premature end of file.
2026-09-20 21:51:00,510 [ERROR] LogOutputStream:75 - [STDERR_REDIRECT] 
2026-09-20 21:51:01,502 [ERROR] LogOutputStream:75 - [STDERR_REDIRECT] [Fatal Error] :1:1: Premature end of file.
2026-09-20 21:51:01,502 [ERROR] LogOutputStream:75 - [STDERR_REDIRECT] 
2026-09-20 21:51:02,505 [ERROR] LogOutputStream:75 - [STDERR_REDIRECT] [Fatal Error] :1:1: Premature end of file.
2026-09-20 21:51:02,505 [ERROR] LogOutputStream:75 - [STDERR_REDIRECT] 
2026-09-20 21:51:03,501 [ERROR] LogOutputStream:75 - [STDERR_REDIRECT] [Fatal Error] :1:1: Premature end of file.
2026-09-20 21:51:03,501 [ERROR] LogOutputStream:75 - [STDERR_REDIRECT] 
2026-09-20 21:51:04,507 [ERROR] LogOutputStream:75 - [STDERR_REDIRECT] [Fatal Error] :1:1: Premature end of file.
2026-09-20 21:51:04,507 [ERROR] LogOutputStream:75 - [STDERR_REDIRECT] 
2026-09-20 21:51:05,505 [ERROR] LogOutputStream:75 - [STDERR_REDIRECT] [Fatal Error] :1:1: Premature end of file.
2026-09-20 21:51:05,534 [ERROR] LogOutputStream:75 - [STDERR_REDIRECT] 
2026-09-20 21:51:06,509 [ERROR] LogOutputStream:75 - [STDERR_REDIRECT] [Fatal Error] :1:1: Premature end of file.
2026-09-20 21:51:06,510 [ERROR] LogOutputStream:75 - [STDERR_REDIRECT] 
2026-09-20 21:51:07,505 [ERROR] LogOutputStream:75 - [STDERR_REDIRECT] [Fatal Error] :1:1: Premature end of file.
2026-09-20 21:51:07,505 [ERROR] LogOutputStream:75 - [STDERR_REDIRECT] 
2026-09-20 21:51:08,506 [ERROR] LogOutputStream:75 - [STDERR_REDIRECT] [Fatal Error] :1:1: Premature end of file.
2026-09-20 21:51:08,506 [ERROR] LogOutputStream:75 - [STDERR_REDIRECT] 
2026-09-20 21:51:09,505 [ERROR] LogOutputStream:75 - [STDERR_REDIRECT] [Fatal Error] :1:1: Premature end of file.
2026-09-20 21:51:09,505 [ERROR] LogOutputStream:75 - [STDERR_REDIRECT] 
2026-09-20 21:51:10,503 [ERROR] LogOutputStream:75 - [STDERR_REDIRECT] [Fatal Error] :1:1: Premature end of file.
2026-09-20 21:51:10,503 [ERROR] LogOutputStream:75 - [STDERR_REDIRECT] 
2026-09-20 21:51:11,513 [ERROR] LogOutputStream:75 - [STDERR_REDIRECT] [Fatal Error] :1:1: Premature end of file.
2026-09-20 21:51:11,513 [ERROR] LogOutputStream:75 - [STDERR_REDIRECT] 
2026-09-20 21:51:12,507 [ERROR] LogOutputStream:75 - [STDERR_REDIRECT] [Fatal Error] :1:1: Premature end of file.
2026-09-20 21:51:12,507 [ERROR] LogOutputStream:75 - [STDERR_REDIRECT] 
2026-09-20 21:51:13,503 [ERROR] LogOutputStream:75 - [STDERR_REDIRECT] [Fatal Error] :1:1: Premature end of file.
2026-09-20 21:51:13,503 [ERROR] LogOutputStream:75 - [STDERR_REDIRECT] 
2026-09-20 21:51:14,506 [ERROR] LogOutputStream:75 - [STDERR_REDIRECT] [Fatal Error] :1:1: Premature end of file.
2026-09-20 21:51:14,506 [ERROR] LogOutputStream:75 - [STDERR_REDIRECT] 
2026-09-20 21:51:15,505 [ERROR] LogOutputStream:75 - [STDERR_REDIRECT] [Fatal Error] :1:1: Premature end of file.
2026-09-20 21:51:15,505 [ERROR] LogOutputStream:75 - [STDERR_REDIRECT] 
2026-09-20 21:51:16,507 [ERROR] LogOutputStream:75 - [STDERR_REDIRECT] [Fatal Error] :1:1: Premature end of file.
2026-09-20 21:51:16,507 [ERROR] LogOutputStream:75 - [STDERR_REDIRECT] 
2026-09-20 21:51:17,502 [ERROR] LogOutputStream:75 - [STDERR_REDIRECT] [Fatal Error] :1:1: Premature end of file.
2026-09-20 21:51:17,502 [ERROR] LogOutputStream:75 - [STDERR_REDIRECT] 
2026-09-20 21:51:18,509 [ERROR] LogOutputStream:75 - [STDERR_REDIRECT] [Fatal Error] :1:1: Premature end of file.
2026-09-20 21:51:18,509 [ERROR] LogOutputStream:75 - [STDERR_REDIRECT] 
2026-09-20 21:51:19,506 [ERROR] LogOutputStream:75 - [STDERR_REDIRECT] [Fatal Error] :1:1: Premature end of file.
2026-09-20 21:51:19,506 [ERROR] LogOutputStream:75 - [STDERR_REDIRECT] 
2026-09-20 21:51:20,508 [ERROR] LogOutputStream:75 - [STDERR_REDIRECT] [Fatal Error] :1:1: Premature end of file.
2026-09-20 21:51:20,518 [ERROR] LogOutputStream:75 - [STDERR_REDIRECT] 
2026-09-20 21:51:21,498 [ERROR] LogOutputStream:75 - [STDERR_REDIRECT] [Fatal Error] :1:1: Premature end of file.
2026-09-20 21:51:21,498 [ERROR] LogOutputStream:75 - [STDERR_REDIRECT] 
2026-09-20 21:51:22,503 [ERROR] LogOutputStream:75 - [STDERR_REDIRECT] [Fatal Error] :1:1: Premature end of file.
2026-09-20 21:51:22,503 [ERROR] LogOutputStream:75 - [STDERR_REDIRECT] 
2026-09-20 21:51:23,504 [ERROR] LogOutputStream:75 - [STDERR_REDIRECT] [Fatal Error] :1:1: Premature end of file.
2026-09-20 21:51:23,504 [ERROR] LogOutputStream:75 - [STDERR_REDIRECT] 
2026-09-20 21:51:24,504 [ERROR] LogOutputStream:75 - [STDERR_REDIRECT] [Fatal Error] :1:1: Premature end of file.
2026-09-20 21:51:24,504 [ERROR] LogOutputStream:75 - [STDERR_REDIRECT] 
2026-09-20 21:51:25,508 [ERROR] LogOutputStream:75 - [STDERR_REDIRECT] [Fatal Error] :1:1: Premature end of file.
2026-09-20 21:51:25,508 [ERROR] LogOutputStream:75 - [STDERR_REDIRECT] 
2026-09-20 21:51:26,505 [ERROR] LogOutputStream:75 - [STDERR_REDIRECT] [Fatal Error] :1:1: Premature end of file.
2026-09-20 21:51:26,505 [ERROR] LogOutputStream:75 - [STDERR_REDIRECT] 
2026-09-20 21:51:27,503 [ERROR] LogOutputStream:75 - [STDERR_REDIRECT] [Fatal Error] :1:1: Premature end of file.
2026-09-20 21:51:27,503 [ERROR] LogOutputStream:75 - [STDERR_REDIRECT] 
2026-09-20 21:51:28,504 [ERROR] LogOutputStream:75 - [STDERR_REDIRECT] [Fatal Error] :1:1: Premature end of file.
2026-09-20 21:51:28,504 [ERROR] LogOutputStream:75 - [STDERR_REDIRECT] 
2026-09-20 21:51:29,503 [ERROR] LogOutputStream:75 - [STDERR_REDIRECT] [Fatal Error] :1:1: Premature end of file.
2026-09-20 21:51:29,504 [ERROR] LogOutputStream:75 - [STDERR_REDIRECT] 
2026-09-20 21:51:30,514 [ERROR] LogOutputStream:75 - [STDERR_REDIRECT] [Fatal Error] :1:1: Premature end of file.
2026-09-20 21:51:30,514 [ERROR] LogOutputStream:75 - [STDERR_REDIRECT] 
2026-09-20 21:51:31,518 [ERROR] LogOutputStream:75 - [STDERR_REDIRECT] [Fatal Error] :1:1: Premature end of file.
2026-09-20 21:51:31,518 [ERROR] LogOutputStream:75 - [STDERR_REDIRECT] 
2026-09-20 21:51:32,544 [ERROR] LogOutputStream:75 - [STDERR_REDIRECT] [Fatal Error] :1:1: Premature end of file.
2026-09-20 21:51:32,544 [ERROR] LogOutputStream:75 - [STDERR_REDIRECT] 
2026-09-20 21:51:33,504 [ERROR] LogOutputStream:75 - [STDERR_REDIRECT] [Fatal Error] :1:1: Premature end of file.
2026-09-20 21:51:33,504 [ERROR] LogOutputStream:75 - [STDERR_REDIRECT] 
2026-09-20 21:51:34,509 [ERROR] LogOutputStream:75 - [STDERR_REDIRECT] [Fatal Error] :1:1: Premature end of file.
2026-09-20 21:51:34,509 [ERROR] LogOutputStream:75 - [STDERR_REDIRECT] 
2026-09-20 21:51:35,511 [ERROR] LogOutputStream:75 - [STDERR_REDIRECT] [Fatal Error] :1:1: Premature end of file.
2026-09-20 21:51:35,512 [ERROR] LogOutputStream:75 - [STDERR_REDIRECT] 
2026-09-20 21:51:36,504 [ERROR] LogOutputStream:75 - [STDERR_REDIRECT] [Fatal Error] :1:1: Premature end of file.
2026-09-20 21:51:36,505 [ERROR] LogOutputStream:75 - [STDERR_REDIRECT] 
2026-09-20 21:51:37,508 [ERROR] LogOutputStream:75 - [STDERR_REDIRECT] [Fatal Error] :1:1: Premature end of file.
2026-09-20 21:51:37,508 [ERROR] LogOutputStream:75 - [STDERR_REDIRECT] 
2026-09-20 21:51:38,510 [ERROR] LogOutputStream:75 - [STDERR_REDIRECT] [Fatal Error] :1:1: Premature end of file.
2026-09-20 21:51:38,510 [ERROR] LogOutputStream:75 - [STDERR_REDIRECT] 
2026-09-20 21:51:39,502 [ERROR] LogOutputStream:75 - [STDERR_REDIRECT] [Fatal Error] :1:1: Premature end of file.
2026-09-20 21:51:39,502 [ERROR] LogOutputStream:75 - [STDERR_REDIRECT] 
2026-09-20 21:51:40,506 [ERROR] LogOutputStream:75 - [STDERR_REDIRECT] [Fatal Error] :1:1: Premature end of file.
2026-09-20 21:51:40,506 [ERROR] LogOutputStream:75 - [STDERR_REDIRECT] 
2026-09-20 21:51:41,500 [ERROR] LogOutputStream:75 - [STDERR_REDIRECT] [Fatal Error] :1:1: Premature end of file.
2026-09-20 21:51:41,500 [ERROR] LogOutputStream:75 - [STDERR_REDIRECT] 
2026-09-20 21:51:42,506 [ERROR] LogOutputStream:75 - [STDERR_REDIRECT] [Fatal Error] :1:1: Premature end of file.
2026-09-20 21:51:42,506 [ERROR] LogOutputStream:75 - [STDERR_REDIRECT] 
2026-09-20 21:51:43,506 [ERROR] LogOutputStream:75 - [STDERR_REDIRECT] [Fatal Error] :1:1: Premature end of file.
2026-09-20 21:51:43,506 [ERROR] LogOutputStream:75 - [STDERR_REDIRECT] 
2026-09-20 21:51:44,501 [ERROR] LogOutputStream:75 - [STDERR_REDIRECT] [Fatal Error] :1:1: Premature end of file.
2026-09-20 21:51:44,501 [ERROR] LogOutputStream:75 - [STDERR_REDIRECT] 
2026-09-20 21:51:45,497 [ERROR] LogOutputStream:75 - [STDERR_REDIRECT] [Fatal Error] :1:1: Premature end of file.
2026-09-20 21:51:45,497 [ERROR] LogOutputStream:75 - [STDERR_REDIRECT] 
2026-09-20 21:51:46,508 [ERROR] LogOutputStream:75 - [STDERR_REDIRECT] [Fatal Error] :1:1: Premature end of file.
2026-09-20 21:51:46,509 [ERROR] LogOutputStream:75 - [STDERR_REDIRECT] 
2026-09-20 21:51:47,502 [ERROR] LogOutputStream:75 - [STDERR_REDIRECT] [Fatal Error] :1:1: Premature end of file.
2026-09-20 21:51:47,502 [ERROR] LogOutputStream:75 - [STDERR_REDIRECT] 
2026-09-20 21:51:48,505 [ERROR] LogOutputStream:75 - [STDERR_REDIRECT] [Fatal Error] :1:1: Premature end of file.
2026-09-20 21:51:48,505 [ERROR] LogOutputStream:75 - [STDERR_REDIRECT] 
2026-09-20 21:51:49,502 [ERROR] LogOutputStream:75 - [STDERR_REDIRECT] [Fatal Error] :1:1: Premature end of file.
2026-09-20 21:51:49,502 [ERROR] LogOutputStream:75 - [STDERR_REDIRECT] 
2026-09-20 21:51:50,504 [ERROR] LogOutputStream:75 - [STDERR_REDIRECT] [Fatal Error] :1:1: Premature end of file.
2026-09-20 21:51:50,504 [ERROR] LogOutputStream:75 - [STDERR_REDIRECT] 
2026-09-20 21:51:51,499 [ERROR] LogOutputStream:75 - [STDERR_REDIRECT] [Fatal Error] :1:1: Premature end of file.
2026-09-20 21:51:51,499 [ERROR] LogOutputStream:75 - [STDERR_REDIRECT] 
2026-09-20 21:51:52,509 [ERROR] LogOutputStream:75 - [STDERR_REDIRECT] [Fatal Error] :1:1: Premature end of file.
2026-09-20 21:51:52,509 [ERROR] LogOutputStream:75 - [STDERR_REDIRECT] 
2026-09-20 21:51:53,498 [ERROR] LogOutputStream:75 - [STDERR_REDIRECT] [Fatal Error] :1:1: Premature end of file.
2026-09-20 21:51:53,499 [ERROR] LogOutputStream:75 - [STDERR_REDIRECT] 
2026-09-20 21:51:54,503 [ERROR] LogOutputStream:75 - [STDERR_REDIRECT] [Fatal Error] :1:1: Premature end of file.
2026-09-20 21:51:54,503 [ERROR] LogOutputStream:75 - [STDERR_REDIRECT] 
2026-09-20 21:51:55,503 [ERROR] LogOutputStream:75 - [STDERR_REDIRECT] [Fatal Error] :1:1: Premature end of file.
2026-09-20 21:51:55,504 [ERROR] LogOutputStream:75 - [STDERR_REDIRECT] 
2026-09-20 21:51:56,506 [ERROR] LogOutputStream:75 - [STDERR_REDIRECT] [Fatal Error] :1:1: Premature end of file.
2026-09-20 21:51:56,506 [ERROR] LogOutputStream:75 - [STDERR_REDIRECT] 
2026-09-20 21:51:57,507 [ERROR] LogOutputStream:75 - [STDERR_REDIRECT] [Fatal Error] :1:1: Premature end of file.
2026-09-20 21:51:57,507 [ERROR] LogOutputStream:75 - [STDERR_REDIRECT] 
2026-09-20 21:51:58,507 [ERROR] LogOutputStream:75 - [STDERR_REDIRECT] [Fatal Error] :1:1: Premature end of file.
2026-09-20 21:51:58,507 [ERROR] LogOutputStream:75 - [STDERR_REDIRECT] 
2026-09-20 21:51:59,505 [ERROR] LogOutputStream:75 - [STDERR_REDIRECT] [Fatal Error] :1:1: Premature end of file.
2026-09-20 21:51:59,506 [ERROR] LogOutputStream:75 - [STDERR_REDIRECT] 
2026-09-20 21:52:00,498 [ERROR] LogOutputStream:75 - [STDERR_REDIRECT] [Fatal Error] :1:1: Premature end of file.
2026-09-20 21:52:00,498 [ERROR] LogOutputStream:75 - [STDERR_REDIRECT] 
2026-09-20 21:52:01,503 [ERROR] LogOutputStream:75 - [STDERR_REDIRECT] [Fatal Error] :1:1: Premature end of file.
2026-09-20 21:52:01,503 [ERROR] LogOutputStream:75 - [STDERR_REDIRECT] 
2026-09-20 21:52:02,504 [ERROR] LogOutputStream:75 - [STDERR_REDIRECT] [Fatal Error] :1:1: Premature end of file.
2026-09-20 21:52:02,504 [ERROR] LogOutputStream:75 - [STDERR_REDIRECT] 
2026-09-20 21:52:03,505 [ERROR] LogOutputStream:75 - [STDERR_REDIRECT] [Fatal Error] :1:1: Premature end of file.
2026-09-20 21:52:03,506 [ERROR] LogOutputStream:75 - [STDERR_REDIRECT] 
2026-09-20 21:52:04,501 [ERROR] LogOutputStream:75 - [STDERR_REDIRECT] [Fatal Error] :1:1: Premature end of file.
2026-09-20 21:52:04,501 [ERROR] LogOutputStream:75 - [STDERR_REDIRECT] 
2026-09-20 21:52:05,499 [ERROR] LogOutputStream:75 - [STDERR_REDIRECT] [Fatal Error] :1:1: Premature end of file.
2026-09-20 21:52:05,499 [ERROR] LogOutputStream:75 - [STDERR_REDIRECT] 
2026-09-20 21:52:06,503 [ERROR] LogOutputStream:75 - [STDERR_REDIRECT] [Fatal Error] :1:1: Premature end of file.
2026-09-20 21:52:06,503 [ERROR] LogOutputStream:75 - [STDERR_REDIRECT] 
2026-09-20 21:52:07,510 [ERROR] LogOutputStream:75 - [STDERR_REDIRECT] [Fatal Error] :1:1: Premature end of file.
2026-09-20 21:52:07,510 [ERROR] LogOutputStream:75 - [STDERR_REDIRECT] 
2026-09-20 21:52:08,505 [ERROR] LogOutputStream:75 - [STDERR_REDIRECT] [Fatal Error] :1:1: Premature end of file.
2026-09-20 21:52:08,505 [ERROR] LogOutputStream:75 - [STDERR_REDIRECT] 
2026-09-20 21:52:09,497 [ERROR] LogOutputStream:75 - [STDERR_REDIRECT] [Fatal Error] :1:1: Premature end of file.
2026-09-20 21:52:09,498 [ERROR] LogOutputStream:75 - [STDERR_REDIRECT] 
2026-09-20 21:52:10,507 [ERROR] LogOutputStream:75 - [STDERR_REDIRECT] [Fatal Error] :1:1: Premature end of file.
2026-09-20 21:52:10,508 [ERROR] LogOutputStream:75 - [STDERR_REDIRECT] 
2026-09-20 21:52:11,506 [ERROR] LogOutputStream:75 - [STDERR_REDIRECT] [Fatal Error] :1:1: Premature end of file.
2026-09-20 21:52:11,506 [ERROR] LogOutputStream:75 - [STDERR_REDIRECT] 
2026-09-20 21:52:12,499 [ERROR] LogOutputStream:75 - [STDERR_REDIRECT] [Fatal Error] :1:1: Premature end of file.
2026-09-20 21:52:12,500 [ERROR] LogOutputStream:75 - [STDERR_REDIRECT] 
2026-09-20 21:52:13,504 [ERROR] LogOutputStream:75 - [STDERR_REDIRECT] [Fatal Error] :1:1: Premature end of file.
2026-09-20 21:52:13,504 [ERROR] LogOutputStream:75 - [STDERR_REDIRECT] 
2026-09-20 21:52:14,507 [ERROR] LogOutputStream:75 - [STDERR_REDIRECT] [Fatal Error] :1:1: Premature end of file.
2026-09-20 21:52:14,507 [ERROR] LogOutputStream:75 - [STDERR_REDIRECT] 
2026-09-20 21:52:15,500 [ERROR] LogOutputStream:75 - [STDERR_REDIRECT] [Fatal Error] :1:1: Premature end of file.
2026-09-20 21:52:15,500 [ERROR] LogOutputStream:75 - [STDERR_REDIRECT] 
2026-09-20 21:52:16,503 [ERROR] LogOutputStream:75 - [STDERR_REDIRECT] [Fatal Error] :1:1: Premature end of file.
2026-09-20 21:52:16,504 [ERROR] LogOutputStream:75 - [STDERR_REDIRECT] 
2026-09-20 21:52:17,512 [ERROR] LogOutputStream:75 - [STDERR_REDIRECT] [Fatal Error] :1:1: Premature end of file.
2026-09-20 21:52:17,512 [ERROR] LogOutputStream:75 - [STDERR_REDIRECT] 
2026-09-20 21:52:18,507 [ERROR] LogOutputStream:75 - [STDERR_REDIRECT] [Fatal Error] :1:1: Premature end of file.
2026-09-20 21:52:18,507 [ERROR] LogOutputStream:75 - [STDERR_REDIRECT] 
2026-09-20 21:52:19,502 [ERROR] LogOutputStream:75 - [STDERR_REDIRECT] [Fatal Error] :1:1: Premature end of file.
2026-09-20 21:52:19,502 [ERROR] LogOutputStream:75 - [STDERR_REDIRECT] 
2026-09-20 21:52:20,505 [ERROR] LogOutputStream:75 - [STDERR_REDIRECT] [Fatal Error] :1:1: Premature end of file.
2026-09-20 21:52:20,505 [ERROR] LogOutputStream:75 - [STDERR_REDIRECT] 
2026-09-20 21:52:21,506 [ERROR] LogOutputStream:75 - [STDERR_REDIRECT] [Fatal Error] :1:1: Premature end of file.
2026-09-20 21:52:21,506 [ERROR] LogOutputStream:75 - [STDERR_REDIRECT] 
2026-09-20 21:52:22,505 [ERROR] LogOutputStream:75 - [STDERR_REDIRECT] [Fatal Error] :1:1: Premature end of file.
2026-09-20 21:52:22,505 [ERROR] LogOutputStream:75 - [STDERR_REDIRECT] 
2026-09-20 21:52:23,505 [ERROR] LogOutputStream:75 - [STDERR_REDIRECT] [Fatal Error] :1:1: Premature end of file.
2026-09-20 21:52:23,505 [ERROR] LogOutputStream:75 - [STDERR_REDIRECT] 
2026-09-20 21:52:24,504 [ERROR] LogOutputStream:75 - [STDERR_REDIRECT] [Fatal Error] :1:1: Premature end of file.
2026-09-20 21:52:24,505 [ERROR] LogOutputStream:75 - [STDERR_REDIRECT] 
2026-09-20 21:52:25,510 [ERROR] LogOutputStream:75 - [STDERR_REDIRECT] [Fatal Error] :1:1: Premature end of file.
2026-09-20 21:52:25,510 [ERROR] LogOutputStream:75 - [STDERR_REDIRECT] 
2026-09-20 21:52:26,504 [ERROR] LogOutputStream:75 - [STDERR_REDIRECT] [Fatal Error] :1:1: Premature end of file.
2026-09-20 21:52:26,504 [ERROR] LogOutputStream:75 - [STDERR_REDIRECT] 
2026-09-20 21:52:27,504 [ERROR] LogOutputStream:75 - [STDERR_REDIRECT] [Fatal Error] :1:1: Premature end of file.
2026-09-20 21:52:27,504 [ERROR] LogOutputStream:75 - [STDERR_REDIRECT] 
2026-09-20 21:52:28,506 [ERROR] LogOutputStream:75 - [STDERR_REDIRECT] [Fatal Error] :1:1: Premature end of file.
2026-09-20 21:52:28,506 [ERROR] LogOutputStream:75 - [STDERR_REDIRECT] 
2026-09-20 21:52:29,507 [ERROR] LogOutputStream:75 - [STDERR_REDIRECT] [Fatal Error] :1:1: Premature end of file.
2026-09-20 21:52:29,507 [ERROR] LogOutputStream:75 - [STDERR_REDIRECT] 
2026-09-20 21:52:30,512 [ERROR] LogOutputStream:75 - [STDERR_REDIRECT] [Fatal Error] :1:1: Premature end of file.
2026-09-20 21:52:30,512 [ERROR] LogOutputStream:75 - [STDERR_REDIRECT] 
2026-09-20 21:52:31,507 [ERROR] LogOutputStream:75 - [STDERR_REDIRECT] [Fatal Error] :1:1: Premature end of file.
2026-09-20 21:52:31,507 [ERROR] LogOutputStream:75 - [STDERR_REDIRECT] 
2026-09-20 21:52:32,515 [ERROR] LogOutputStream:75 - [STDERR_REDIRECT] [Fatal Error] :1:1: Premature end of file.
2026-09-20 21:52:32,515 [ERROR] LogOutputStream:75 - [STDERR_REDIRECT] 
2026-09-20 21:52:33,504 [ERROR] LogOutputStream:75 - [STDERR_REDIRECT] [Fatal Error] :1:1: Premature end of file.
2026-09-20 21:52:33,504 [ERROR] LogOutputStream:75 - [STDERR_REDIRECT] 
2026-09-20 21:52:34,506 [ERROR] LogOutputStream:75 - [STDERR_REDIRECT] [Fatal Error] :1:1: Premature end of file.
2026-09-20 21:52:34,506 [ERROR] LogOutputStream:75 - [STDERR_REDIRECT] 
2026-09-20 21:52:35,503 [ERROR] LogOutputStream:75 - [STDERR_REDIRECT] [Fatal Error] :1:1: Premature end of file.
2026-09-20 21:52:35,503 [ERROR] LogOutputStream:75 - [STDERR_REDIRECT] 
2026-09-20 21:52:36,502 [ERROR] LogOutputStream:75 - [STDERR_REDIRECT] [Fatal Error] :1:1: Premature end of file.
2026-09-20 21:52:36,502 [ERROR] LogOutputStream:75 - [STDERR_REDIRECT] 
2026-09-20 21:52:37,500 [ERROR] LogOutputStream:75 - [STDERR_REDIRECT] [Fatal Error] :1:1: Premature end of file.
2026-09-20 21:52:37,500 [ERROR] LogOutputStream:75 - [STDERR_REDIRECT] 
2026-09-20 21:52:38,509 [ERROR] LogOutputStream:75 - [STDERR_REDIRECT] [Fatal Error] :1:1: Premature end of file.
2026-09-20 21:52:38,510 [ERROR] LogOutputStream:75 - [STDERR_REDIRECT] 
2026-09-20 21:52:39,500 [ERROR] LogOutputStream:75 - [STDERR_REDIRECT] [Fatal Error] :1:1: Premature end of file.
2026-09-20 21:52:39,500 [ERROR] LogOutputStream:75 - [STDERR_REDIRECT] 
2026-09-20 21:52:40,508 [ERROR] LogOutputStream:75 - [STDERR_REDIRECT] [Fatal Error] :1:1: Premature end of file.
2026-09-20 21:52:40,508 [ERROR] LogOutputStream:75 - [STDERR_REDIRECT] 
2026-09-20 21:52:41,500 [ERROR] LogOutputStream:75 - [STDERR_REDIRECT] [Fatal Error] :1:1: Premature end of file.
2026-09-20 21:52:41,501 [ERROR] LogOutputStream:75 - [STDERR_REDIRECT] 
2026-09-20 21:52:42,507 [ERROR] LogOutputStream:75 - [STDERR_REDIRECT] [Fatal Error] :1:1: Premature end of file.
2026-09-20 21:52:42,507 [ERROR] LogOutputStream:75 - [STDERR_REDIRECT] 
2026-09-20 21:52:43,502 [ERROR] LogOutputStream:75 - [STDERR_REDIRECT] [Fatal Error] :1:1: Premature end of file.
2026-09-20 21:52:43,502 [ERROR] LogOutputStream:75 - [STDERR_REDIRECT] 
2026-09-20 21:52:44,498 [ERROR] LogOutputStream:75 - [STDERR_REDIRECT] [Fatal Error] :1:1: Premature end of file.
2026-09-20 21:52:44,498 [ERROR] LogOutputStream:75 - [STDERR_REDIRECT] 
2026-09-20 21:52:45,507 [ERROR] LogOutputStream:75 - [STDERR_REDIRECT] [Fatal Error] :1:1: Premature end of file.
2026-09-20 21:52:45,507 [ERROR] LogOutputStream:75 - [STDERR_REDIRECT] 
2026-09-20 21:52:46,506 [ERROR] LogOutputStream:75 - [STDERR_REDIRECT] [Fatal Error] :1:1: Premature end of file.
2026-09-20 21:52:46,506 [ERROR] LogOutputStream:75 - [STDERR_REDIRECT] 
2026-09-20 21:52:47,504 [ERROR] LogOutputStream:75 - [STDERR_REDIRECT] [Fatal Error] :1:1: Premature end of file.
2026-09-20 21:52:47,504 [ERROR] LogOutputStream:75 - [STDERR_REDIRECT] 
2026-09-20 21:52:48,502 [ERROR] LogOutputStream:75 - [STDERR_REDIRECT] [Fatal Error] :1:1: Premature end of file.
2026-09-20 21:52:48,502 [ERROR] LogOutputStream:75 - [STDERR_REDIRECT] 
2026-09-20 21:52:49,501 [ERROR] LogOutputStream:75 - [STDERR_REDIRECT] [Fatal Error] :1:1: Premature end of file.
2026-09-20 21:52:49,501 [ERROR] LogOutputStream:75 - [STDERR_REDIRECT] 
2026-09-20 21:52:50,501 [ERROR] LogOutputStream:75 - [STDERR_REDIRECT] [Fatal Error] :1:1: Premature end of file.
2026-09-20 21:52:50,501 [ERROR] LogOutputStream:75 - [STDERR_REDIRECT] 
2026-09-20 21:52:51,500 [ERROR] LogOutputStream:75 - [STDERR_REDIRECT] [Fatal Error] :1:1: Premature end of file.
2026-09-20 21:52:51,500 [ERROR] LogOutputStream:75 - [STDERR_REDIRECT] 
2026-09-20 21:52:52,511 [ERROR] LogOutputStream:75 - [STDERR_REDIRECT] [Fatal Error] :1:1: Premature end of file.
2026-09-20 21:52:52,511 [ERROR] LogOutputStream:75 - [STDERR_REDIRECT] 
2026-09-20 21:52:53,507 [ERROR] LogOutputStream:75 - [STDERR_REDIRECT] [Fatal Error] :1:1: Premature end of file.
2026-09-20 21:52:53,507 [ERROR] LogOutputStream:75 - [STDERR_REDIRECT] 
2026-09-20 21:52:54,506 [ERROR] LogOutputStream:75 - [STDERR_REDIRECT] [Fatal Error] :1:1: Premature end of file.
2026-09-20 21:52:54,506 [ERROR] LogOutputStream:75 - [STDERR_REDIRECT] 
2026-09-20 21:52:55,500 [ERROR] LogOutputStream:75 - [STDERR_REDIRECT] [Fatal Error] :1:1: Premature end of file.
2026-09-20 21:52:55,500 [ERROR] LogOutputStream:75 - [STDERR_REDIRECT] 
2026-09-20 21:52:56,506 [ERROR] LogOutputStream:75 - [STDERR_REDIRECT] [Fatal Error] :1:1: Premature end of file.
2026-09-20 21:52:56,506 [ERROR] LogOutputStream:75 - [STDERR_REDIRECT] 
2026-09-20 21:52:57,505 [ERROR] LogOutputStream:75 - [STDERR_REDIRECT] [Fatal Error] :1:1: Premature end of file.
2026-09-20 21:52:57,505 [ERROR] LogOutputStream:75 - [STDERR_REDIRECT] 
2026-09-20 21:52:58,506 [ERROR] LogOutputStream:75 - [STDERR_REDIRECT] [Fatal Error] :1:1: Premature end of file.
2026-09-20 21:52:58,506 [ERROR] LogOutputStream:75 - [STDERR_REDIRECT] 
2026-09-20 21:52:59,511 [ERROR] LogOutputStream:75 - [STDERR_REDIRECT] [Fatal Error] :1:1: Premature end of file.
2026-09-20 21:52:59,511 [ERROR] LogOutputStream:75 - [STDERR_REDIRECT] 
2026-09-20 21:53:00,505 [ERROR] LogOutputStream:75 - [STDERR_REDIRECT] [Fatal Error] :1:1: Premature end of file.
2026-09-20 21:53:00,505 [ERROR] LogOutputStream:75 - [STDERR_REDIRECT] 
2026-09-20 21:53:01,504 [ERROR] LogOutputStream:75 - [STDERR_REDIRECT] [Fatal Error] :1:1: Premature end of file.
2026-09-20 21:53:01,504 [ERROR] LogOutputStream:75 - [STDERR_REDIRECT] 
2026-09-20 21:53:02,506 [ERROR] LogOutputStream:75 - [STDERR_REDIRECT] [Fatal Error] :1:1: Premature end of file.
2026-09-20 21:53:02,506 [ERROR] LogOutputStream:75 - [STDERR_REDIRECT] 
2026-09-20 21:53:03,506 [ERROR] LogOutputStream:75 - [STDERR_REDIRECT] [Fatal Error] :1:1: Premature end of file.
2026-09-20 21:53:03,506 [ERROR] LogOutputStream:75 - [STDERR_REDIRECT] 
2026-09-20 21:53:04,499 [ERROR] LogOutputStream:75 - [STDERR_REDIRECT] [Fatal Error] :1:1: Premature end of file.
2026-09-20 21:53:04,499 [ERROR] LogOutputStream:75 - [STDERR_REDIRECT] 
2026-09-20 21:53:05,500 [ERROR] LogOutputStream:75 - [STDERR_REDIRECT] [Fatal Error] :1:1: Premature end of file.
2026-09-20 21:53:05,500 [ERROR] LogOutputStream:75 - [STDERR_REDIRECT] 
2026-09-20 21:53:06,507 [ERROR] LogOutputStream:75 - [STDERR_REDIRECT] [Fatal Error] :1:1: Premature end of file.
2026-09-20 21:53:06,507 [ERROR] LogOutputStream:75 - [STDERR_REDIRECT] 
2026-09-20 21:53:07,502 [ERROR] LogOutputStream:75 - [STDERR_REDIRECT] [Fatal Error] :1:1: Premature end of file.
2026-09-20 21:53:07,502 [ERROR] LogOutputStream:75 - [STDERR_REDIRECT] 
2026-09-20 21:53:08,499 [ERROR] LogOutputStream:75 - [STDERR_REDIRECT] [Fatal Error] :1:1: Premature end of file.
2026-09-20 21:53:08,499 [ERROR] LogOutputStream:75 - [STDERR_REDIRECT] 
2026-09-20 21:53:09,504 [ERROR] LogOutputStream:75 - [STDERR_REDIRECT] [Fatal Error] :1:1: Premature end of file.
2026-09-20 21:53:09,504 [ERROR] LogOutputStream:75 - [STDERR_REDIRECT] 
2026-09-20 21:53:10,501 [ERROR] LogOutputStream:75 - [STDERR_REDIRECT] [Fatal Error] :1:1: Premature end of file.
2026-09-20 21:53:10,501 [ERROR] LogOutputStream:75 - [STDERR_REDIRECT] 
2026-09-20 21:53:11,504 [ERROR] LogOutputStream:75 - [STDERR_REDIRECT] [Fatal Error] :1:1: Premature end of file.
2026-09-20 21:53:11,504 [ERROR] LogOutputStream:75 - [STDERR_REDIRECT] 
2026-09-20 21:53:12,504 [ERROR] LogOutputStream:75 - [STDERR_REDIRECT] [Fatal Error] :1:1: Premature end of file.
2026-09-20 21:53:12,504 [ERROR] LogOutputStream:75 - [STDERR_REDIRECT] 
2026-09-20 21:53:13,507 [ERROR] LogOutputStream:75 - [STDERR_REDIRECT] [Fatal Error] :1:1: Premature end of file.
2026-09-20 21:53:13,507 [ERROR] LogOutputStream:75 - [STDERR_REDIRECT] 
2026-09-20 21:53:14,506 [ERROR] LogOutputStream:75 - [STDERR_REDIRECT] [Fatal Error] :1:1: Premature end of file.
2026-09-20 21:53:14,506 [ERROR] LogOutputStream:75 - [STDERR_REDIRECT] 
2026-09-20 21:53:15,499 [ERROR] LogOutputStream:75 - [STDERR_REDIRECT] [Fatal Error] :1:1: Premature end of file.
2026-09-20 21:53:15,500 [ERROR] LogOutputStream:75 - [STDERR_REDIRECT] 
2026-09-20 21:53:16,501 [ERROR] LogOutputStream:75 - [STDERR_REDIRECT] [Fatal Error] :1:1: Premature end of file.
2026-09-20 21:53:16,501 [ERROR] LogOutputStream:75 - [STDERR_REDIRECT] 
2026-09-20 21:53:17,501 [ERROR] LogOutputStream:75 - [STDERR_REDIRECT] [Fatal Error] :1:1: Premature end of file.
2026-09-20 21:53:17,501 [ERROR] LogOutputStream:75 - [STDERR_REDIRECT] 
2026-09-20 21:53:18,501 [ERROR] LogOutputStream:75 - [STDERR_REDIRECT] [Fatal Error] :1:1: Premature end of file.
2026-09-20 21:53:18,502 [ERROR] LogOutputStream:75 - [STDERR_REDIRECT] 
2026-09-20 21:53:19,497 [ERROR] LogOutputStream:75 - [STDERR_REDIRECT] [Fatal Error] :1:1: Premature end of file.
2026-09-20 21:53:19,497 [ERROR] LogOutputStream:75 - [STDERR_REDIRECT] 
2026-09-20 21:53:20,497 [ERROR] LogOutputStream:75 - [STDERR_REDIRECT] [Fatal Error] :1:1: Premature end of file.
2026-09-20 21:53:20,497 [ERROR] LogOutputStream:75 - [STDERR_REDIRECT] 
2026-09-20 21:53:21,503 [ERROR] LogOutputStream:75 - [STDERR_REDIRECT] [Fatal Error] :1:1: Premature end of file.
2026-09-20 21:53:21,503 [ERROR] LogOutputStream:75 - [STDERR_REDIRECT] 
2026-09-20 21:53:22,500 [ERROR] LogOutputStream:75 - [STDERR_REDIRECT] [Fatal Error] :1:1: Premature end of file.
2026-09-20 21:53:22,500 [ERROR] LogOutputStream:75 - [STDERR_REDIRECT] 
2026-09-20 21:53:23,503 [ERROR] LogOutputStream:75 - [STDERR_REDIRECT] [Fatal Error] :1:1: Premature end of file.
2026-09-20 21:53:23,503 [ERROR] LogOutputStream:75 - [STDERR_REDIRECT] 
2026-09-20 21:53:24,502 [ERROR] LogOutputStream:75 - [STDERR_REDIRECT] [Fatal Error] :1:1: Premature end of file.
2026-09-20 21:53:24,504 [ERROR] LogOutputStream:75 - [STDERR_REDIRECT] 
2026-09-20 21:53:25,501 [ERROR] LogOutputStream:75 - [STDERR_REDIRECT] [Fatal Error] :1:1: Premature end of file.
2026-09-20 21:53:25,501 [ERROR] LogOutputStream:75 - [STDERR_REDIRECT] 
2026-09-20 21:53:26,499 [ERROR] LogOutputStream:75 - [STDERR_REDIRECT] [Fatal Error] :1:1: Premature end of file.
2026-09-20 21:53:26,499 [ERROR] LogOutputStream:75 - [STDERR_REDIRECT] 
2026-09-20 21:53:27,502 [ERROR] LogOutputStream:75 - [STDERR_REDIRECT] [Fatal Error] :1:1: Premature end of file.
2026-09-20 21:53:27,502 [ERROR] LogOutputStream:75 - [STDERR_REDIRECT] 
2026-09-20 21:53:28,502 [ERROR] LogOutputStream:75 - [STDERR_REDIRECT] [Fatal Error] :1:1: Premature end of file.
2026-09-20 21:53:28,503 [ERROR] LogOutputStream:75 - [STDERR_REDIRECT] 
2026-09-20 21:53:29,504 [ERROR] LogOutputStream:75 - [STDERR_REDIRECT] [Fatal Error] :1:1: Premature end of file.
2026-09-20 21:53:29,504 [ERROR] LogOutputStream:75 - [STDERR_REDIRECT] 
2026-09-20 21:53:30,499 [ERROR] LogOutputStream:75 - [STDERR_REDIRECT] [Fatal Error] :1:1: Premature end of file.
2026-09-20 21:53:30,499 [ERROR] LogOutputStream:75 - [STDERR_REDIRECT] 
2026-09-20 21:53:31,503 [ERROR] LogOutputStream:75 - [STDERR_REDIRECT] [Fatal Error] :1:1: Premature end of file.
2026-09-20 21:53:31,503 [ERROR] LogOutputStream:75 - [STDERR_REDIRECT] 
2026-09-20 21:53:32,501 [ERROR] LogOutputStream:75 - [STDERR_REDIRECT] [Fatal Error] :1:1: Premature end of file.
2026-09-20 21:53:32,501 [ERROR] LogOutputStream:75 - [STDERR_REDIRECT] 
2026-09-20 21:53:33,501 [ERROR] LogOutputStream:75 - [STDERR_REDIRECT] [Fatal Error] :1:1: Premature end of file.
2026-09-20 21:53:33,501 [ERROR] LogOutputStream:75 - [STDERR_REDIRECT] 
2026-09-20 21:53:34,499 [ERROR] LogOutputStream:75 - [STDERR_REDIRECT] [Fatal Error] :1:1: Premature end of file.
2026-09-20 21:53:34,499 [ERROR] LogOutputStream:75 - [STDERR_REDIRECT] 
2026-09-20 21:53:35,500 [ERROR] LogOutputStream:75 - [STDERR_REDIRECT] [Fatal Error] :1:1: Premature end of file.
2026-09-20 21:53:35,500 [ERROR] LogOutputStream:75 - [STDERR_REDIRECT] 
2026-09-20 21:53:36,501 [ERROR] LogOutputStream:75 - [STDERR_REDIRECT] [Fatal Error] :1:1: Premature end of file.
2026-09-20 21:53:36,501 [ERROR] LogOutputStream:75 - [STDERR_REDIRECT] 
2026-09-20 21:53:37,503 [ERROR] LogOutputStream:75 - [STDERR_REDIRECT] [Fatal Error] :1:1: Premature end of file.
2026-09-20 21:53:37,503 [ERROR] LogOutputStream:75 - [STDERR_REDIRECT] 
2026-09-20 21:53:38,499 [ERROR] LogOutputStream:75 - [STDERR_REDIRECT] [Fatal Error] :1:1: Premature end of file.
2026-09-20 21:53:38,499 [ERROR] LogOutputStream:75 - [STDERR_REDIRECT] 
2026-09-20 21:53:39,505 [ERROR] LogOutputStream:75 - [STDERR_REDIRECT] [Fatal Error] :1:1: Premature end of file.
2026-09-20 21:53:39,545 [ERROR] LogOutputStream:75 - [STDERR_REDIRECT] 
2026-09-20 21:53:40,499 [ERROR] LogOutputStream:75 - [STDERR_REDIRECT] [Fatal Error] :1:1: Premature end of file.
2026-09-20 21:53:40,501 [ERROR] LogOutputStream:75 - [STDERR_REDIRECT] 
2026-09-20 21:53:41,500 [ERROR] LogOutputStream:75 - [STDERR_REDIRECT] [Fatal Error] :1:1: Premature end of file.
2026-09-20 21:53:41,500 [ERROR] LogOutputStream:75 - [STDERR_REDIRECT] 
2026-09-20 21:53:42,504 [ERROR] LogOutputStream:75 - [STDERR_REDIRECT] [Fatal Error] :1:1: Premature end of file.
2026-09-20 21:53:42,504 [ERROR] LogOutputStream:75 - [STDERR_REDIRECT] 
2026-09-20 21:53:43,556 [ERROR] LogOutputStream:75 - [STDERR_REDIRECT] [Fatal Error] :1:1: Premature end of file.
2026-09-20 21:53:43,556 [ERROR] LogOutputStream:75 - [STDERR_REDIRECT] 
2026-09-20 21:53:44,503 [ERROR] LogOutputStream:75 - [STDERR_REDIRECT] [Fatal Error] :1:1: Premature end of file.
2026-09-20 21:53:44,503 [ERROR] LogOutputStream:75 - [STDERR_REDIRECT] 
2026-09-20 21:53:45,506 [ERROR] LogOutputStream:75 - [STDERR_REDIRECT] [Fatal Error] :1:1: Premature end of file.
2026-09-20 21:53:45,507 [ERROR] LogOutputStream:75 - [STDERR_REDIRECT] 
2026-09-20 21:53:46,502 [ERROR] LogOutputStream:75 - [STDERR_REDIRECT] [Fatal Error] :1:1: Premature end of file.
2026-09-20 21:53:46,502 [ERROR] LogOutputStream:75 - [STDERR_REDIRECT] 
2026-09-20 21:53:47,505 [ERROR] LogOutputStream:75 - [STDERR_REDIRECT] [Fatal Error] :1:1: Premature end of file.
2026-09-20 21:53:47,505 [ERROR] LogOutputStream:75 - [STDERR_REDIRECT] 
2026-09-20 21:53:48,508 [ERROR] LogOutputStream:75 - [STDERR_REDIRECT] [Fatal Error] :1:1: Premature end of file.
2026-09-20 21:53:48,508 [ERROR] LogOutputStream:75 - [STDERR_REDIRECT] 
2026-09-20 21:53:49,501 [ERROR] LogOutputStream:75 - [STDERR_REDIRECT] [Fatal Error] :1:1: Premature end of file.
2026-09-20 21:53:49,501 [ERROR] LogOutputStream:75 - [STDERR_REDIRECT] 
2026-09-20 21:53:50,498 [ERROR] LogOutputStream:75 - [STDERR_REDIRECT] [Fatal Error] :1:1: Premature end of file.
2026-09-20 21:53:50,498 [ERROR] LogOutputStream:75 - [STDERR_REDIRECT] 
2026-09-20 21:53:51,507 [ERROR] LogOutputStream:75 - [STDERR_REDIRECT] [Fatal Error] :1:1: Premature end of file.
2026-09-20 21:53:51,507 [ERROR] LogOutputStream:75 - [STDERR_REDIRECT] 
2026-09-20 21:53:52,515 [ERROR] LogOutputStream:75 - [STDERR_REDIRECT] [Fatal Error] :1:1: Premature end of file.
2026-09-20 21:53:52,515 [ERROR] LogOutputStream:75 - [STDERR_REDIRECT] 
2026-09-20 21:53:53,504 [ERROR] LogOutputStream:75 - [STDERR_REDIRECT] [Fatal Error] :1:1: Premature end of file.
2026-09-20 21:53:53,504 [ERROR] LogOutputStream:75 - [STDERR_REDIRECT] 
2026-09-20 21:53:54,510 [ERROR] LogOutputStream:75 - [STDERR_REDIRECT] [Fatal Error] :1:1: Premature end of file.
2026-09-20 21:53:54,534 [ERROR] LogOutputStream:75 - [STDERR_REDIRECT] 
2026-09-20 21:53:55,507 [ERROR] LogOutputStream:75 - [STDERR_REDIRECT] [Fatal Error] :1:1: Premature end of file.
2026-09-20 21:53:55,507 [ERROR] LogOutputStream:75 - [STDERR_REDIRECT] 
2026-09-20 21:53:56,504 [ERROR] LogOutputStream:75 - [STDERR_REDIRECT] [Fatal Error] :1:1: Premature end of file.
2026-09-20 21:53:56,504 [ERROR] LogOutputStream:75 - [STDERR_REDIRECT] 
2026-09-20 21:53:57,503 [ERROR] LogOutputStream:75 - [STDERR_REDIRECT] [Fatal Error] :1:1: Premature end of file.
2026-09-20 21:53:57,503 [ERROR] LogOutputStream:75 - [STDERR_REDIRECT] 
2026-09-20 21:53:58,503 [ERROR] LogOutputStream:75 - [STDERR_REDIRECT] [Fatal Error] :1:1: Premature end of file.
2026-09-20 21:53:58,503 [ERROR] LogOutputStream:75 - [STDERR_REDIRECT] 
2026-09-20 21:53:59,503 [ERROR] LogOutputStream:75 - [STDERR_REDIRECT] [Fatal Error] :1:1: Premature end of file.
2026-09-20 21:53:59,503 [ERROR] LogOutputStream:75 - [STDERR_REDIRECT] 
2026-09-20 21:54:00,503 [ERROR] LogOutputStream:75 - [STDERR_REDIRECT] [Fatal Error] :1:1: Premature end of file.
2026-09-20 21:54:00,504 [ERROR] LogOutputStream:75 - [STDERR_REDIRECT] 
2026-09-20 21:54:01,508 [ERROR] LogOutputStream:75 - [STDERR_REDIRECT] [Fatal Error] :1:1: Premature end of file.
2026-09-20 21:54:01,508 [ERROR] LogOutputStream:75 - [STDERR_REDIRECT] 
2026-09-20 21:54:02,503 [ERROR] LogOutputStream:75 - [STDERR_REDIRECT] [Fatal Error] :1:1: Premature end of file.
2026-09-20 21:54:02,503 [ERROR] LogOutputStream:75 - [STDERR_REDIRECT] 
2026-09-20 21:54:03,504 [ERROR] LogOutputStream:75 - [STDERR_REDIRECT] [Fatal Error] :1:1: Premature end of file.
2026-09-20 21:54:03,504 [ERROR] LogOutputStream:75 - [STDERR_REDIRECT] 
2026-09-20 21:54:04,500 [ERROR] LogOutputStream:75 - [STDERR_REDIRECT] [Fatal Error] :1:1: Premature end of file.
2026-09-20 21:54:04,500 [ERROR] LogOutputStream:75 - [STDERR_REDIRECT] 
2026-09-20 21:54:05,501 [ERROR] LogOutputStream:75 - [STDERR_REDIRECT] [Fatal Error] :1:1: Premature end of file.
2026-09-20 21:54:05,501 [ERROR] LogOutputStream:75 - [STDERR_REDIRECT] 
2026-09-20 21:54:06,509 [ERROR] LogOutputStream:75 - [STDERR_REDIRECT] [Fatal Error] :1:1: Premature end of file.
2026-09-20 21:54:06,509 [ERROR] LogOutputStream:75 - [STDERR_REDIRECT] 
2026-09-20 21:54:07,502 [ERROR] LogOutputStream:75 - [STDERR_REDIRECT] [Fatal Error] :1:1: Premature end of file.
2026-09-20 21:54:07,502 [ERROR] LogOutputStream:75 - [STDERR_REDIRECT] 
2026-09-20 21:54:08,502 [ERROR] LogOutputStream:75 - [STDERR_REDIRECT] [Fatal Error] :1:1: Premature end of file.
2026-09-20 21:54:08,502 [ERROR] LogOutputStream:75 - [STDERR_REDIRECT] 
2026-09-20 21:54:09,514 [ERROR] LogOutputStream:75 - [STDERR_REDIRECT] [Fatal Error] :1:1: Premature end of file.
2026-09-20 21:54:09,533 [ERROR] LogOutputStream:75 - [STDERR_REDIRECT] 
2026-09-20 21:54:10,504 [ERROR] LogOutputStream:75 - [STDERR_REDIRECT] [Fatal Error] :1:1: Premature end of file.
2026-09-20 21:54:10,504 [ERROR] LogOutputStream:75 - [STDERR_REDIRECT] 
2026-09-20 21:54:11,503 [ERROR] LogOutputStream:75 - [STDERR_REDIRECT] [Fatal Error] :1:1: Premature end of file.
2026-09-20 21:54:11,503 [ERROR] LogOutputStream:75 - [STDERR_REDIRECT] 
2026-09-20 21:54:12,503 [ERROR] LogOutputStream:75 - [STDERR_REDIRECT] [Fatal Error] :1:1: Premature end of file.
2026-09-20 21:54:12,503 [ERROR] LogOutputStream:75 - [STDERR_REDIRECT] 
2026-09-20 21:54:13,507 [ERROR] LogOutputStream:75 - [STDERR_REDIRECT] [Fatal Error] :1:1: Premature end of file.
2026-09-20 21:54:13,507 [ERROR] LogOutputStream:75 - [STDERR_REDIRECT] 
2026-09-20 21:54:14,506 [ERROR] LogOutputStream:75 - [STDERR_REDIRECT] [Fatal Error] :1:1: Premature end of file.
2026-09-20 21:54:14,506 [ERROR] LogOutputStream:75 - [STDERR_REDIRECT] 
2026-09-20 21:54:15,516 [ERROR] LogOutputStream:75 - [STDERR_REDIRECT] [Fatal Error] :1:1: Premature end of file.
2026-09-20 21:54:15,516 [ERROR] LogOutputStream:75 - [STDERR_REDIRECT] 
2026-09-20 21:54:16,516 [ERROR] LogOutputStream:75 - [STDERR_REDIRECT] [Fatal Error] :1:1: Premature end of file.
2026-09-20 21:54:16,516 [ERROR] LogOutputStream:75 - [STDERR_REDIRECT] 
2026-09-20 21:54:17,506 [ERROR] LogOutputStream:75 - [STDERR_REDIRECT] [Fatal Error] :1:1: Premature end of file.
2026-09-20 21:54:17,506 [ERROR] LogOutputStream:75 - [STDERR_REDIRECT] 
2026-09-20 21:54:18,506 [ERROR] LogOutputStream:75 - [STDERR_REDIRECT] [Fatal Error] :1:1: Premature end of file.
2026-09-20 21:54:18,506 [ERROR] LogOutputStream:75 - [STDERR_REDIRECT] 
2026-09-20 21:54:19,505 [ERROR] LogOutputStream:75 - [STDERR_REDIRECT] [Fatal Error] :1:1: Premature end of file.
2026-09-20 21:54:19,505 [ERROR] LogOutputStream:75 - [STDERR_REDIRECT] 
2026-09-20 21:54:20,505 [ERROR] LogOutputStream:75 - [STDERR_REDIRECT] [Fatal Error] :1:1: Premature end of file.
2026-09-20 21:54:20,505 [ERROR] LogOutputStream:75 - [STDERR_REDIRECT] 
2026-09-20 21:54:21,515 [ERROR] LogOutputStream:75 - [STDERR_REDIRECT] [Fatal Error] :1:1: Premature end of file.
2026-09-20 21:54:21,515 [ERROR] LogOutputStream:75 - [STDERR_REDIRECT] 
2026-09-20 21:54:22,510 [ERROR] LogOutputStream:75 - [STDERR_REDIRECT] [Fatal Error] :1:1: Premature end of file.
2026-09-20 21:54:22,510 [ERROR] LogOutputStream:75 - [STDERR_REDIRECT] 
2026-09-20 21:54:23,495 [ERROR] LogOutputStream:75 - [STDERR_REDIRECT] [Fatal Error] :1:1: Premature end of file.
2026-09-20 21:54:23,502 [ERROR] LogOutputStream:75 - [STDERR_REDIRECT] 
2026-09-20 21:54:24,503 [ERROR] LogOutputStream:75 - [STDERR_REDIRECT] [Fatal Error] :1:1: Premature end of file.
2026-09-20 21:54:24,503 [ERROR] LogOutputStream:75 - [STDERR_REDIRECT] 
2026-09-20 21:54:25,514 [ERROR] LogOutputStream:75 - [STDERR_REDIRECT] [Fatal Error] :1:1: Premature end of file.
2026-09-20 21:54:25,514 [ERROR] LogOutputStream:75 - [STDERR_REDIRECT] 
2026-09-20 21:54:26,506 [ERROR] LogOutputStream:75 - [STDERR_REDIRECT] [Fatal Error] :1:1: Premature end of file.
2026-09-20 21:54:26,506 [ERROR] LogOutputStream:75 - [STDERR_REDIRECT] 
2026-09-20 21:54:27,504 [ERROR] LogOutputStream:75 - [STDERR_REDIRECT] [Fatal Error] :1:1: Premature end of file.
2026-09-20 21:54:27,504 [ERROR] LogOutputStream:75 - [STDERR_REDIRECT] 
2026-09-20 21:54:28,504 [ERROR] LogOutputStream:75 - [STDERR_REDIRECT] [Fatal Error] :1:1: Premature end of file.
2026-09-20 21:54:28,504 [ERROR] LogOutputStream:75 - [STDERR_REDIRECT] 
2026-09-20 21:54:29,514 [ERROR] LogOutputStream:75 - [STDERR_REDIRECT] [Fatal Error] :1:1: Premature end of file.
2026-09-20 21:54:29,514 [ERROR] LogOutputStream:75 - [STDERR_REDIRECT] 
2026-09-20 21:54:30,504 [ERROR] LogOutputStream:75 - [STDERR_REDIRECT] [Fatal Error] :1:1: Premature end of file.
2026-09-20 21:54:30,513 [ERROR] LogOutputStream:75 - [STDERR_REDIRECT] 
2026-09-20 21:54:31,513 [ERROR] LogOutputStream:75 - [STDERR_REDIRECT] [Fatal Error] :1:1: Premature end of file.
2026-09-20 21:54:31,513 [ERROR] LogOutputStream:75 - [STDERR_REDIRECT] 
2026-09-20 21:54:32,503 [ERROR] LogOutputStream:75 - [STDERR_REDIRECT] [Fatal Error] :1:1: Premature end of file.
2026-09-20 21:54:32,503 [ERROR] LogOutputStream:75 - [STDERR_REDIRECT] 
2026-09-20 21:54:33,512 [ERROR] LogOutputStream:75 - [STDERR_REDIRECT] [Fatal Error] :1:1: Premature end of file.
2026-09-20 21:54:33,512 [ERROR] LogOutputStream:75 - [STDERR_REDIRECT] 
2026-09-20 21:54:34,515 [ERROR] LogOutputStream:75 - [STDERR_REDIRECT] [Fatal Error] :1:1: Premature end of file.
2026-09-20 21:54:34,515 [ERROR] LogOutputStream:75 - [STDERR_REDIRECT] 
2026-09-20 21:54:35,503 [ERROR] LogOutputStream:75 - [STDERR_REDIRECT] [Fatal Error] :1:1: Premature end of file.
2026-09-20 21:54:35,503 [ERROR] LogOutputStream:75 - [STDERR_REDIRECT] 
2026-09-20 21:54:36,504 [ERROR] LogOutputStream:75 - [STDERR_REDIRECT] [Fatal Error] :1:1: Premature end of file.
2026-09-20 21:54:36,504 [ERROR] LogOutputStream:75 - [STDERR_REDIRECT] 
2026-09-20 21:54:37,502 [ERROR] LogOutputStream:75 - [STDERR_REDIRECT] [Fatal Error] :1:1: Premature end of file.
2026-09-20 21:54:37,502 [ERROR] LogOutputStream:75 - [STDERR_REDIRECT] 
2026-09-20 21:54:38,510 [ERROR] LogOutputStream:75 - [STDERR_REDIRECT] [Fatal Error] :1:1: Premature end of file.
2026-09-20 21:54:38,510 [ERROR] LogOutputStream:75 - [STDERR_REDIRECT] 
2026-09-20 21:54:39,512 [ERROR] LogOutputStream:75 - [STDERR_REDIRECT] [Fatal Error] :1:1: Premature end of file.
2026-09-20 21:54:39,512 [ERROR] LogOutputStream:75 - [STDERR_REDIRECT] 
2026-09-20 21:54:40,511 [ERROR] LogOutputStream:75 - [STDERR_REDIRECT] [Fatal Error] :1:1: Premature end of file.
2026-09-20 21:54:40,511 [ERROR] LogOutputStream:75 - [STDERR_REDIRECT] 
2026-09-20 21:54:41,512 [ERROR] LogOutputStream:75 - [STDERR_REDIRECT] [Fatal Error] :1:1: Premature end of file.
2026-09-20 21:54:41,512 [ERROR] LogOutputStream:75 - [STDERR_REDIRECT] 
2026-09-20 21:54:42,510 [ERROR] LogOutputStream:75 - [STDERR_REDIRECT] [Fatal Error] :1:1: Premature end of file.
2026-09-20 21:54:42,510 [ERROR] LogOutputStream:75 - [STDERR_REDIRECT] 
2026-09-20 21:54:43,512 [ERROR] LogOutputStream:75 - [STDERR_REDIRECT] [Fatal Error] :1:1: Premature end of file.
2026-09-20 21:54:43,512 [ERROR] LogOutputStream:75 - [STDERR_REDIRECT] 
2026-09-20 21:54:44,508 [ERROR] LogOutputStream:75 - [STDERR_REDIRECT] [Fatal Error] :1:1: Premature end of file.
2026-09-20 21:54:44,509 [ERROR] LogOutputStream:75 - [STDERR_REDIRECT] 
2026-09-20 21:54:45,541 [ERROR] LogOutputStream:75 - [STDERR_REDIRECT] [Fatal Error] :1:1: Premature end of file.
2026-09-20 21:54:45,542 [ERROR] LogOutputStream:75 - [STDERR_REDIRECT] 
2026-09-20 21:54:46,501 [ERROR] LogOutputStream:75 - [STDERR_REDIRECT] [Fatal Error] :1:1: Premature end of file.
2026-09-20 21:54:46,501 [ERROR] LogOutputStream:75 - [STDERR_REDIRECT] 
2026-09-20 21:54:47,498 [ERROR] LogOutputStream:75 - [STDERR_REDIRECT] [Fatal Error] :1:1: Premature end of file.
2026-09-20 21:54:47,498 [ERROR] LogOutputStream:75 - [STDERR_REDIRECT] 
2026-09-20 21:54:48,504 [ERROR] LogOutputStream:75 - [STDERR_REDIRECT] [Fatal Error] :1:1: Premature end of file.
2026-09-20 21:54:48,504 [ERROR] LogOutputStream:75 - [STDERR_REDIRECT] 
2026-09-20 21:54:49,505 [ERROR] LogOutputStream:75 - [STDERR_REDIRECT] [Fatal Error] :1:1: Premature end of file.
2026-09-20 21:54:49,505 [ERROR] LogOutputStream:75 - [STDERR_REDIRECT] 
2026-09-20 21:54:50,507 [ERROR] LogOutputStream:75 - [STDERR_REDIRECT] [Fatal Error] :1:1: Premature end of file.
2026-09-20 21:54:50,507 [ERROR] LogOutputStream:75 - [STDERR_REDIRECT] 
2026-09-20 21:54:51,509 [ERROR] LogOutputStream:75 - [STDERR_REDIRECT] [Fatal Error] :1:1: Premature end of file.
2026-09-20 21:54:51,509 [ERROR] LogOutputStream:75 - [STDERR_REDIRECT] 
2026-09-20 21:54:52,506 [ERROR] LogOutputStream:75 - [STDERR_REDIRECT] [Fatal Error] :1:1: Premature end of file.
2026-09-20 21:54:52,506 [ERROR] LogOutputStream:75 - [STDERR_REDIRECT] 
2026-09-20 21:54:53,505 [ERROR] LogOutputStream:75 - [STDERR_REDIRECT] [Fatal Error] :1:1: Premature end of file.
2026-09-20 21:54:53,505 [ERROR] LogOutputStream:75 - [STDERR_REDIRECT] 
2026-09-20 21:54:54,504 [ERROR] LogOutputStream:75 - [STDERR_REDIRECT] [Fatal Error] :1:1: Premature end of file.
2026-09-20 21:54:54,513 [ERROR] LogOutputStream:75 - [STDERR_REDIRECT] 
2026-09-20 21:54:55,505 [ERROR] LogOutputStream:75 - [STDERR_REDIRECT] [Fatal Error] :1:1: Premature end of file.
2026-09-20 21:54:55,505 [ERROR] LogOutputStream:75 - [STDERR_REDIRECT] 
2026-09-20 21:54:56,504 [ERROR] LogOutputStream:75 - [STDERR_REDIRECT] [Fatal Error] :1:1: Premature end of file.
2026-09-20 21:54:56,504 [ERROR] LogOutputStream:75 - [STDERR_REDIRECT] 
2026-09-20 21:54:57,499 [ERROR] LogOutputStream:75 - [STDERR_REDIRECT] [Fatal Error] :1:1: Premature end of file.
2026-09-20 21:54:57,499 [ERROR] LogOutputStream:75 - [STDERR_REDIRECT] 
2026-09-20 21:54:58,498 [ERROR] LogOutputStream:75 - [STDERR_REDIRECT] [Fatal Error] :1:1: Premature end of file.
2026-09-20 21:54:58,500 [ERROR] LogOutputStream:75 - [STDERR_REDIRECT] 
2026-09-20 21:54:59,504 [ERROR] LogOutputStream:75 - [STDERR_REDIRECT] [Fatal Error] :1:1: Premature end of file.
2026-09-20 21:54:59,504 [ERROR] LogOutputStream:75 - [STDERR_REDIRECT] 
2026-09-20 21:55:00,506 [ERROR] LogOutputStream:75 - [STDERR_REDIRECT] [Fatal Error] :1:1: Premature end of file.
2026-09-20 21:55:00,507 [ERROR] LogOutputStream:75 - [STDERR_REDIRECT] 
2026-09-20 21:55:01,505 [ERROR] LogOutputStream:75 - [STDERR_REDIRECT] [Fatal Error] :1:1: Premature end of file.
2026-09-20 21:55:01,505 [ERROR] LogOutputStream:75 - [STDERR_REDIRECT] 
2026-09-20 21:55:02,498 [ERROR] LogOutputStream:75 - [STDERR_REDIRECT] [Fatal Error] :1:1: Premature end of file.
2026-09-20 21:55:02,498 [ERROR] LogOutputStream:75 - [STDERR_REDIRECT] 
2026-09-20 21:55:03,505 [ERROR] LogOutputStream:75 - [STDERR_REDIRECT] [Fatal Error] :1:1: Premature end of file.
2026-09-20 21:55:03,506 [ERROR] LogOutputStream:75 - [STDERR_REDIRECT] 
2026-09-20 21:55:04,521 [ERROR] LogOutputStream:75 - [STDERR_REDIRECT] [Fatal Error] :1:1: Premature end of file.
2026-09-20 21:55:04,521 [ERROR] LogOutputStream:75 - [STDERR_REDIRECT] 
2026-09-20 21:55:05,509 [ERROR] LogOutputStream:75 - [STDERR_REDIRECT] [Fatal Error] :1:1: Premature end of file.
2026-09-20 21:55:05,509 [ERROR] LogOutputStream:75 - [STDERR_REDIRECT] 
2026-09-20 21:55:06,493 [ERROR] LogOutputStream:75 - [STDERR_REDIRECT] 
2026-09-20 21:55:06,494 [ERROR] LogOutputStream:75 - [STDERR_REDIRECT] 
2026-09-20 21:55:14,401 [INFO] Activator:176 - 


2026-09-20 21:55:14,402 [INFO] Activator:177 - !SESSION log4j initialized
2026-09-20 21:55:18,483 [INFO] LogOutputStream:77 - [STDOUT_REDIRECT] 
2026-09-20 21:55:19,348 [INFO] ApplicationProperties:184 - Using Application install path: C:\ST\STM32CubeIDE_1.19.0\STM32CubeIDE\plugins\com.st.stm32cube.common.mx_6.15.0.202507011659
2026-09-20 21:55:19,362 [INFO] DbMcusXml:78 - Set database path to: C:\ST\STM32CubeIDE_1.19.0\STM32CubeIDE\plugins\com.st.stm32cube.common.mx_6.15.0.202507011659\\db\/mcu/
2026-09-20 21:55:19,362 [INFO] ApiDb:274 - Set plugin database path to: C:\ST\STM32CubeIDE_1.19.0\STM32CubeIDE\plugins\com.st.stm32cube.common.mx_6.15.0.202507011659\\db\/plugins/boardmanager/
2026-09-20 21:55:19,362 [WARN] ApiDb:259 - Overriding images path with different value:  => C:\ST\STM32CubeIDE_1.19.0\STM32CubeIDE\plugins\com.st.stm32cube.common.mx_6.15.0.202507011659\\db\/plugins/mcufinder/images/
2026-09-20 21:55:19,367 [INFO] ApiDb:250 - Set database path to: C:\Users\alang\.stmcufinder\plugins\mcufinder//mcu/
2026-09-20 21:55:19,368 [INFO] DbMcusAds:125 - Set database path to: C:\Users\alang\.stmcufinder\plugins\mcufinder//mcu/
2026-09-20 21:55:19,370 [INFO] CrossReferenceDbSqlite:203 - Set database path to: C:\Users\alang\.stmcufinder\plugins\mcufinder//mcu/cs/
2026-09-20 21:55:19,457 [INFO] RulesReader:64 - Compatibility file has been processed (317 Rules)
2026-09-20 21:55:19,570 [INFO] DbMcusXml:78 - Set database path to: C:\ST\STM32CubeIDE_1.19.0\STM32CubeIDE\plugins\com.st.stm32cube.common.mx_6.15.0.202507011659\\db\/mcu/
2026-09-20 21:55:19,570 [INFO] ApiDb:274 - Set plugin database path to: C:\ST\STM32CubeIDE_1.19.0\STM32CubeIDE\plugins\com.st.stm32cube.common.mx_6.15.0.202507011659\\db\/plugins/boardmanager/
2026-09-20 21:55:19,570 [INFO] ApiDb:261 - Set plugin images path to: C:\ST\STM32CubeIDE_1.19.0\STM32CubeIDE\plugins\com.st.stm32cube.common.mx_6.15.0.202507011659\\db\/plugins/mcufinder/images/
2026-09-20 21:55:19,570 [WARN] DbFile:41 - Overriding database path with different value: C:\Users\alang\.stmcufinder\plugins\mcufinder/ => C:\Users\alang\.stmcufinder\plugins\mcufinder
2026-09-20 21:55:19,570 [INFO] ApiDb:250 - Set database path to: C:\Users\alang\.stmcufinder\plugins\mcufinder//mcu/
2026-09-20 21:55:19,571 [WARN] DbFile:41 - Overriding database path with different value: C:\Users\alang\.stmcufinder\plugins\mcufinder/ => C:\Users\alang\.stmcufinder\plugins\mcufinder
2026-09-20 21:55:19,571 [INFO] DbMcusAds:125 - Set database path to: C:\Users\alang\.stmcufinder\plugins\mcufinder//mcu/
2026-09-20 21:55:19,571 [WARN] DbFile:41 - Overriding database path with different value: C:\Users\alang\.stmcufinder\plugins\mcufinder/ => C:\Users\alang\.stmcufinder\plugins\mcufinder
2026-09-20 21:55:19,571 [WARN] DbFile:41 - Overriding database path with different value: C:\Users\alang\.stmcufinder\plugins\mcufinder/ => C:\Users\alang\.stmcufinder\plugins\mcufinder
2026-09-20 21:55:19,571 [INFO] CrossReferenceDbSqlite:203 - Set database path to: C:\Users\alang\.stmcufinder\plugins\mcufinder//mcu/cs/
2026-09-20 21:55:19,629 [INFO] MainPanel:274 - HeapMemory: 268435456
2026-09-20 21:55:19,692 [INFO] DbMcusXml:78 - Set database path to: C:\ST\STM32CubeIDE_1.19.0\STM32CubeIDE\plugins\com.st.stm32cube.common.mx_6.15.0.202507011659\\db\/mcu/
2026-09-20 21:55:19,693 [INFO] ApiDb:274 - Set plugin database path to: C:\ST\STM32CubeIDE_1.19.0\STM32CubeIDE\plugins\com.st.stm32cube.common.mx_6.15.0.202507011659\\db\/plugins/boardmanager/
2026-09-20 21:55:19,693 [INFO] ApiDb:261 - Set plugin images path to: C:\ST\STM32CubeIDE_1.19.0\STM32CubeIDE\plugins\com.st.stm32cube.common.mx_6.15.0.202507011659\\db\/plugins/mcufinder/images/
2026-09-20 21:55:19,693 [WARN] DbFile:41 - Overriding database path with different value: C:\Users\alang\.stmcufinder\plugins\mcufinder/ => C:\Users\alang\.stmcufinder\plugins\mcufinder
2026-09-20 21:55:19,693 [INFO] ApiDb:250 - Set database path to: C:\Users\alang\.stmcufinder\plugins\mcufinder//mcu/
2026-09-20 21:55:19,693 [WARN] DbFile:41 - Overriding database path with different value: C:\Users\alang\.stmcufinder\plugins\mcufinder/ => C:\Users\alang\.stmcufinder\plugins\mcufinder
2026-09-20 21:55:19,693 [INFO] DbMcusAds:125 - Set database path to: C:\Users\alang\.stmcufinder\plugins\mcufinder//mcu/
2026-09-20 21:55:19,693 [WARN] DbFile:41 - Overriding database path with different value: C:\Users\alang\.stmcufinder\plugins\mcufinder/ => C:\Users\alang\.stmcufinder\plugins\mcufinder
2026-09-20 21:55:19,693 [WARN] DbFile:41 - Overriding database path with different value: C:\Users\alang\.stmcufinder\plugins\mcufinder/ => C:\Users\alang\.stmcufinder\plugins\mcufinder
2026-09-20 21:55:19,693 [INFO] CrossReferenceDbSqlite:203 - Set database path to: C:\Users\alang\.stmcufinder\plugins\mcufinder//mcu/cs/
2026-09-20 21:55:19,706 [INFO] ApplicationProperties:184 - Using Application install path: C:\ST\STM32CubeIDE_1.19.0\STM32CubeIDE\plugins\com.st.stm32cube.common.mx_6.15.0.202507011659
2026-09-20 21:55:19,707 [INFO] PluginManage:196 - Search for loadable plugins [exclusion list=, ]
2026-09-20 21:55:19,708 [INFO] PluginManage:310 - Check plugin analytics
2026-09-20 21:55:19,856 [INFO] AnalyticsPlugin:253 - Accepted Software Licenses: 
2026-09-20 21:55:19,856 [INFO] AnalyticsPlugin:255 - Accepted CMSIS Pack Licenses: 
2026-09-20 21:55:19,856 [INFO] AnalyticsPlugin:257 - Accepted Firmware Licenses: FW.F4.1.28.0
2026-09-20 21:55:19,858 [INFO] PluginManage:359 - Loaded plugin analytics (category:tool,tabindex:-1)
2026-09-20 21:55:19,858 [INFO] PluginManage:310 - Check plugin cadmodel
2026-09-20 21:55:19,861 [INFO] CADModel:105 - Init CAD model plugin
2026-09-20 21:55:19,862 [INFO] PluginManage:359 - Loaded plugin cadmodel (category:power,tabindex:5)
2026-09-20 21:55:19,862 [INFO] PluginManage:310 - Check plugin clock
2026-09-20 21:55:19,870 [INFO] PluginManage:359 - Loaded plugin clock (category:base,tabindex:2)
2026-09-20 21:55:19,870 [INFO] PluginManage:310 - Check plugin ddr
2026-09-20 21:55:19,871 [INFO] PluginManage:359 - Loaded plugin ddr (category:tool,tabindex:6)
2026-09-20 21:55:19,872 [INFO] PluginManage:310 - Check plugin filemanager
2026-09-20 21:55:20,012 [INFO] PluginManage:359 - Loaded plugin filemanager (category:base,tabindex:10)
2026-09-20 21:55:20,012 [INFO] PluginManage:310 - Check plugin ipmanager
2026-09-20 21:55:20,018 [INFO] PluginManage:359 - Loaded plugin ipmanager (category:base,tabindex:5)
2026-09-20 21:55:20,018 [INFO] PluginManage:310 - Check plugin lpbam
2026-09-20 21:55:20,025 [INFO] PluginManage:359 - Loaded plugin lpbam (category:base,tabindex:0)
2026-09-20 21:55:20,025 [INFO] PluginManage:310 - Check plugin memorymap
2026-09-20 21:55:20,035 [INFO] PluginManage:359 - Loaded plugin memorymap (category:base,tabindex:4)
2026-09-20 21:55:20,035 [INFO] PluginManage:310 - Check plugin pinoutandconfiguration
2026-09-20 21:55:20,041 [INFO] PluginManage:359 - Loaded plugin pinoutandconfiguration (category:base,tabindex:1)
2026-09-20 21:55:20,041 [INFO] PluginManage:310 - Check plugin pinoutconfig
2026-09-20 21:55:20,112 [WARN] SupportedApi:132 - Cannot load RTOS API schema: s4s-elt-must-match.1: The content of 'definitions' must match (annotation?, (simpleType | complexType)?, (unique | key | keyref)*)). A problem was found starting at: attribute.
2026-09-20 21:55:20,219 [INFO] PluginManage:359 - Loaded plugin pinoutconfig (category:base,tabindex:0)
2026-09-20 21:55:20,219 [INFO] PluginManage:310 - Check plugin power
2026-09-20 21:55:20,225 [INFO] PluginManage:359 - Loaded plugin power (category:power,tabindex:4)
2026-09-20 21:55:20,225 [INFO] PluginManage:310 - Check plugin projectmanager
2026-09-20 21:55:20,242 [INFO] PluginManage:359 - Loaded plugin projectmanager (category:projectmanager,tabindex:4)
2026-09-20 21:55:20,242 [INFO] PluginManage:310 - Check plugin rif
2026-09-20 21:55:20,253 [INFO] PluginManage:359 - Loaded plugin rif (category:base,tabindex:3)
2026-09-20 21:55:20,253 [INFO] PluginManage:310 - Check plugin thirdparty
2026-09-20 21:55:20,352 [WARN] IntegrityCheckThread:84 - waiting for thirdparty lock release [integrity check]
2026-09-20 21:55:20,352 [INFO] PluginManage:359 - Loaded plugin thirdparty (category:base,tabindex:-1)
2026-09-20 21:55:20,359 [INFO] IntegrityCheckThread:86 - entering critical section [integrity check]
2026-09-20 21:55:20,359 [INFO] PluginManage:310 - Check plugin tools
2026-09-20 21:55:20,360 [INFO] ThirdPartyUpdaterWithRetryManager:70 - Updater plugin not ready yet. [1/15]
2026-09-20 21:55:20,361 [INFO] PluginManage:359 - Loaded plugin tools (category:base,tabindex:7)
2026-09-20 21:55:20,361 [INFO] PluginManage:310 - Check plugin tutovideos
2026-09-20 21:55:20,497 [INFO] PluginManage:359 - Loaded plugin tutovideos (category:base,tabindex:-1)
2026-09-20 21:55:20,497 [INFO] PluginManage:310 - Check plugin updater
2026-09-20 21:55:20,512 [INFO] PluginManage:359 - Loaded plugin updater (category:base,tabindex:12)
2026-09-20 21:55:20,512 [INFO] PluginManage:310 - Check plugin userauth
2026-09-20 21:55:20,515 [INFO] UserAuth:118 - Init User Auth plugin
2026-09-20 21:55:20,516 [INFO] PluginManage:359 - Loaded plugin userauth (category:base,tabindex:14)
2026-09-20 21:55:20,516 [INFO] PluginManage:283 - PluginManage : Loaded plugins [18]
2026-09-20 21:55:20,674 [INFO] PinOutPanel:1589 - setPackage(No Configuration,No Configuration)
2026-09-20 21:55:20,735 [INFO] CADModel:165 - CPN selected for project level
2026-09-20 21:55:20,735 [INFO] CADModel:114 - Register for checkConnection events
2026-09-20 21:55:20,746 [INFO] IPUIPlugin:80 - create IPUIPlugin
2026-09-20 21:55:20,746 [INFO] PluginManager:220 - loadIPPluginJar : add adc
2026-09-20 21:55:20,748 [INFO] IPUIPlugin:80 - create IPUIPlugin
2026-09-20 21:55:20,749 [INFO] PluginManager:220 - loadIPPluginJar : add aes
2026-09-20 21:55:20,750 [INFO] IPUIPlugin:80 - create IPUIPlugin
2026-09-20 21:55:20,750 [INFO] PluginManager:220 - loadIPPluginJar : add can
2026-09-20 21:55:20,751 [INFO] IPUIPlugin:80 - create IPUIPlugin
2026-09-20 21:55:20,751 [INFO] PluginManager:220 - loadIPPluginJar : add comp
2026-09-20 21:55:20,753 [INFO] IPUIPlugin:80 - create IPUIPlugin
2026-09-20 21:55:20,753 [INFO] PluginManager:220 - loadIPPluginJar : add cryp
2026-09-20 21:55:20,754 [INFO] IPUIPlugin:80 - create IPUIPlugin
2026-09-20 21:55:20,754 [INFO] PluginManager:220 - loadIPPluginJar : add ddr_ctrl_phy
2026-09-20 21:55:20,755 [INFO] IPUIPlugin:80 - create IPUIPlugin
2026-09-20 21:55:20,756 [INFO] PluginManager:220 - loadIPPluginJar : add dfsdm
2026-09-20 21:55:20,760 [INFO] IPUIPlugin:80 - create IPUIPlugin
2026-09-20 21:55:20,760 [INFO] PluginManager:220 - loadIPPluginJar : add dma
2026-09-20 21:55:20,761 [INFO] IPUIPlugin:80 - create IPUIPlugin
2026-09-20 21:55:20,762 [INFO] PluginManager:220 - loadIPPluginJar : add dma3
2026-09-20 21:55:20,763 [INFO] IPUIPlugin:80 - create IPUIPlugin
2026-09-20 21:55:20,763 [INFO] PluginManager:220 - loadIPPluginJar : add extmemmanager
2026-09-20 21:55:20,764 [INFO] IPUIPlugin:80 - create IPUIPlugin
2026-09-20 21:55:20,764 [INFO] PluginManager:220 - loadIPPluginJar : add fatfs
2026-09-20 21:55:20,767 [INFO] IPUIPlugin:80 - create IPUIPlugin
2026-09-20 21:55:20,767 [INFO] PluginManager:220 - loadIPPluginJar : add fmc
2026-09-20 21:55:20,771 [INFO] IPUIPlugin:80 - create IPUIPlugin
2026-09-20 21:55:20,771 [INFO] PluginManager:220 - loadIPPluginJar : add freertos
2026-09-20 21:55:20,772 [INFO] IPUIPlugin:80 - create IPUIPlugin
2026-09-20 21:55:20,772 [INFO] PluginManager:220 - loadIPPluginJar : add genericplugin
2026-09-20 21:55:20,772 [INFO] IPUIPlugin:80 - create IPUIPlugin
2026-09-20 21:55:20,772 [INFO] PluginManager:220 - loadIPPluginJar : add gfxmmu
2026-09-20 21:55:20,776 [INFO] IPUIPlugin:80 - create IPUIPlugin
2026-09-20 21:55:20,776 [INFO] PluginManager:220 - loadIPPluginJar : add gic
2026-09-20 21:55:20,778 [INFO] IPUIPlugin:80 - create IPUIPlugin
2026-09-20 21:55:20,778 [INFO] PluginManager:220 - loadIPPluginJar : add gpio
2026-09-20 21:55:20,780 [INFO] IPUIPlugin:80 - create IPUIPlugin
2026-09-20 21:55:20,780 [INFO] PluginManager:220 - loadIPPluginJar : add gtzc
2026-09-20 21:55:20,781 [INFO] IPUIPlugin:80 - create IPUIPlugin
2026-09-20 21:55:20,781 [INFO] PluginManager:220 - loadIPPluginJar : add hash
2026-09-20 21:55:20,782 [INFO] IPUIPlugin:80 - create IPUIPlugin
2026-09-20 21:55:20,782 [INFO] PluginManager:220 - loadIPPluginJar : add i2c
2026-09-20 21:55:20,784 [INFO] IPUIPlugin:80 - create IPUIPlugin
2026-09-20 21:55:20,785 [INFO] PluginManager:220 - loadIPPluginJar : add i2s
2026-09-20 21:55:20,786 [INFO] IPUIPlugin:80 - create IPUIPlugin
2026-09-20 21:55:20,787 [INFO] PluginManager:220 - loadIPPluginJar : add i3c
2026-09-20 21:55:20,789 [INFO] IPUIPlugin:80 - create IPUIPlugin
2026-09-20 21:55:20,789 [INFO] PluginManager:220 - loadIPPluginJar : add ipddr
2026-09-20 21:55:20,793 [INFO] IPUIPlugin:80 - create IPUIPlugin
2026-09-20 21:55:20,793 [INFO] PluginManager:220 - loadIPPluginJar : add linkedlist
2026-09-20 21:55:20,795 [INFO] IPUIPlugin:80 - create IPUIPlugin
2026-09-20 21:55:20,796 [INFO] PluginManager:220 - loadIPPluginJar : add lorawan
2026-09-20 21:55:20,796 [INFO] IPUIPlugin:80 - create IPUIPlugin
2026-09-20 21:55:20,796 [INFO] PluginManager:220 - loadIPPluginJar : add ltdc
2026-09-20 21:55:20,800 [INFO] IPUIPlugin:80 - create IPUIPlugin
2026-09-20 21:55:20,800 [INFO] PluginManager:220 - loadIPPluginJar : add mdma
2026-09-20 21:55:20,802 [INFO] IPUIPlugin:80 - create IPUIPlugin
2026-09-20 21:55:20,802 [INFO] PluginManager:220 - loadIPPluginJar : add nvic
2026-09-20 21:55:20,804 [INFO] IPUIPlugin:80 - create IPUIPlugin
2026-09-20 21:55:20,804 [INFO] PluginManager:220 - loadIPPluginJar : add opamp
2026-09-20 21:55:20,806 [INFO] IPUIPlugin:80 - create IPUIPlugin
2026-09-20 21:55:20,807 [INFO] PluginManager:220 - loadIPPluginJar : add openamp
2026-09-20 21:55:20,809 [INFO] IPUIPlugin:80 - create IPUIPlugin
2026-09-20 21:55:20,809 [INFO] PluginManager:220 - loadIPPluginJar : add pdm2pcm
2026-09-20 21:55:20,812 [INFO] IPUIPlugin:80 - create IPUIPlugin
2026-09-20 21:55:20,814 [INFO] PluginManager:220 - loadIPPluginJar : add plateformsettings
2026-09-20 21:55:20,815 [INFO] IPUIPlugin:80 - create IPUIPlugin
2026-09-20 21:55:20,815 [INFO] PluginManager:220 - loadIPPluginJar : add quadspi
2026-09-20 21:55:20,816 [INFO] IPUIPlugin:80 - create IPUIPlugin
2026-09-20 21:55:20,817 [INFO] PluginManager:220 - loadIPPluginJar : add radio
2026-09-20 21:55:20,818 [INFO] IPUIPlugin:80 - create IPUIPlugin
2026-09-20 21:55:20,818 [INFO] PluginManager:220 - loadIPPluginJar : add resmgrutility
2026-09-20 21:55:20,820 [INFO] IPUIPlugin:80 - create IPUIPlugin
2026-09-20 21:55:20,821 [INFO] PluginManager:220 - loadIPPluginJar : add sai
2026-09-20 21:55:20,822 [INFO] IPUIPlugin:80 - create IPUIPlugin
2026-09-20 21:55:20,822 [INFO] PluginManager:220 - loadIPPluginJar : add spi
2026-09-20 21:55:20,825 [INFO] IPUIPlugin:80 - create IPUIPlugin
2026-09-20 21:55:20,825 [INFO] PluginManager:220 - loadIPPluginJar : add stm32_wpan
2026-09-20 21:55:20,826 [INFO] IPUIPlugin:80 - create IPUIPlugin
2026-09-20 21:55:20,826 [INFO] PluginManager:220 - loadIPPluginJar : add tim
2026-09-20 21:55:20,828 [INFO] IPUIPlugin:80 - create IPUIPlugin
2026-09-20 21:55:20,828 [INFO] PluginManager:220 - loadIPPluginJar : add touchsensing
2026-09-20 21:55:20,829 [INFO] IPUIPlugin:80 - create IPUIPlugin
2026-09-20 21:55:20,829 [INFO] PluginManager:220 - loadIPPluginJar : add tracer_emb
2026-09-20 21:55:20,830 [INFO] IPUIPlugin:80 - create IPUIPlugin
2026-09-20 21:55:20,830 [INFO] PluginManager:220 - loadIPPluginJar : add ts
2026-09-20 21:55:20,832 [INFO] IPUIPlugin:80 - create IPUIPlugin
2026-09-20 21:55:20,832 [INFO] PluginManager:220 - loadIPPluginJar : add tsc
2026-09-20 21:55:20,833 [INFO] IPUIPlugin:80 - create IPUIPlugin
2026-09-20 21:55:20,833 [INFO] PluginManager:220 - loadIPPluginJar : add ucpd
2026-09-20 21:55:20,834 [INFO] IPUIPlugin:80 - create IPUIPlugin
2026-09-20 21:55:20,835 [INFO] PluginManager:220 - loadIPPluginJar : add usart
2026-09-20 21:55:20,837 [INFO] IPUIPlugin:80 - create IPUIPlugin
2026-09-20 21:55:20,837 [INFO] PluginManager:220 - loadIPPluginJar : add usbx
2026-09-20 21:55:20,955 [FATAL] Updater:351 - Updater called before beeing initialized
2026-09-20 21:55:20,976 [INFO] RulesReader:64 - Compatibility file has been processed (317 Rules)
2026-09-20 21:55:20,984 [INFO] RulesReader:64 - Compatibility file has been processed (317 Rules)
2026-09-20 21:55:20,991 [INFO] CADModel:165 - CPN selected for project level
2026-09-20 21:55:20,991 [INFO] CADModel:114 - Register for checkConnection events
2026-09-20 21:55:20,991 [FATAL] Updater:351 - Updater called before beeing initialized
2026-09-20 21:55:20,991 [ERROR] CADModel:125 - Updater not yet initialized, retry later 
2026-09-20 21:55:21,090 [FATAL] Updater:351 - Updater called before beeing initialized
2026-09-20 21:55:21,091 [INFO] CADModel:165 - CPN selected for project level
2026-09-20 21:55:21,091 [INFO] CADModel:114 - Register for checkConnection events
2026-09-20 21:55:21,091 [FATAL] Updater:351 - Updater called before beeing initialized
2026-09-20 21:55:21,091 [ERROR] CADModel:125 - Updater not yet initialized, retry later 
2026-09-20 21:55:21,094 [FATAL] Updater:351 - Updater called before beeing initialized
2026-09-20 21:55:21,172 [FATAL] Updater:351 - Updater called before beeing initialized
2026-09-20 21:55:21,175 [INFO] DbMcusAds:53 - JSON generation date=Wed Jul 15 06:44:54 ART 2026 (1784108694001)
2026-09-20 21:55:21,175 [FATAL] Updater:351 - Updater called before beeing initialized
2026-09-20 21:55:21,200 [WARN] DetailPanel:346 - Failed to get advertising image, set to default
2026-09-20 21:55:21,272 [FATAL] Updater:351 - Updater called before beeing initialized
2026-09-20 21:55:21,275 [FATAL] Updater:351 - Updater called before beeing initialized
2026-09-20 21:55:21,275 [FATAL] Updater:351 - Updater called before beeing initialized
2026-09-20 21:55:21,275 [WARN] DetailPanel:346 - Failed to get advertising image, set to default
2026-09-20 21:55:21,275 [FATAL] Updater:351 - Updater called before beeing initialized
2026-09-20 21:55:21,311 [ERROR] Updater:1198 - MainUpdater not yet initialized. External WinMGr cannot be set.
2026-09-20 21:55:21,312 [INFO] Updater:1134 - Updater Version found : 6.15.0
2026-09-20 21:55:21,325 [INFO] ApplicationProperties:184 - Using Application install path: C:\ST\STM32CubeIDE_1.19.0\STM32CubeIDE\plugins\com.st.stm32cube.common.mx_6.15.0.202507011659
2026-09-20 21:55:22,895 [ERROR] LogOutputStream:75 - [STDERR_REDIRECT] Sep 20, 2026 9:55:22 PM java.util.prefs.WindowsPreferences <init>
2026-09-20 21:55:22,896 [ERROR] LogOutputStream:75 - [STDERR_REDIRECT] WARNING: Could not open/create prefs root node Software\JavaSoft\Prefs at root 0xffffffff80000002. Windows RegCreateKeyEx(...) returned error code 5.
2026-09-20 21:55:22,896 [ERROR] LogOutputStream:75 - [STDERR_REDIRECT] 
2026-09-20 21:55:23,108 [INFO] MainUpdater:2872 - connection check result : 10
2026-09-20 21:55:23,109 [INFO] MainUpdater:289 - Updater Check For Update Now.
2026-09-20 21:55:23,109 [INFO] MicroXplorer:498 - Change Database Version : DB.6.0.150
2026-09-20 21:55:23,114 [INFO] McuFinderGlobals:63 - Set McuFinder mode to 2 (CubeIDE integrated)
2026-09-20 21:55:23,115 [INFO] UserAuth:487 - Internet connection configuration mode: 1
2026-09-20 21:55:23,132 [INFO] JxBrowserEngine:152 - Initiate JxBrowser Engine with user profile folder
2026-09-20 21:55:23,283 [INFO] CheckServerUpdateThread:120 - End of CheckServer Thread
2026-09-20 21:55:23,720 [WARN] PackLoader:240 - Cannot read IP mode file for STMicroelectronics.X-CUBE-AZRTOS-H7.3.5.0
2026-09-20 21:55:23,722 [INFO] WebApp:169 - Instantiating new browser for Auth
2026-09-20 21:55:23,733 [WARN] PackLoader:240 - Cannot read IP mode file for STMicroelectronics.FP-ATR-ASTRA1.2.0.3
2026-09-20 21:55:23,740 [ERROR] Engine:466 - C:\Users\alang\.stm32cubemx\thirdparties\pdsc\STMicroelectronics.X-CUBE-SMBUS.2.1.1.pdsc: PDSC version is not supported
2026-09-20 21:55:23,774 [WARN] PackLoader:240 - Cannot read IP mode file for STMicroelectronics.X-CUBE-AZRTOS-F7.1.1.0
2026-09-20 21:55:23,797 [WARN] PackLoader:240 - Cannot read IP mode file for STMicroelectronics.X-CUBE-FREERTOS.1.6.0
2026-09-20 21:55:23,811 [WARN] PackLoader:240 - Cannot read IP mode file for STMicroelectronics.FP-SNS-MOTENV1.5.1.0
2026-09-20 21:55:23,875 [WARN] PackLoader:240 - Cannot read IP mode file for STMicroelectronics.X-CUBE-AZRTOS-H7RS.1.3.0
2026-09-20 21:55:23,917 [WARN] PackLoader:240 - Cannot read IP mode file for WES.I-CUBE-Cesium.1.4.0
2026-09-20 21:55:23,932 [WARN] PackLoader:240 - Cannot read IP mode file for STMicroelectronics.X-CUBE-DISPLAY.3.0.0
2026-09-20 21:55:23,966 [WARN] PackLoader:240 - Cannot read IP mode file for STMicroelectronics.X-CUBE-GNSS1.7.1.1
2026-09-20 21:55:23,989 [WARN] PackLoader:240 - Cannot read IP mode file for STMicroelectronics.FP-SNS-MOTENVWB1.1.5.0
2026-09-20 21:55:24,031 [WARN] PackLoader:240 - Cannot read IP mode file for STMicroelectronics.X-CUBE-NFC10.1.0.0
2026-09-20 21:55:24,039 [WARN] PackLoader:240 - Cannot read IP mode file for STMicroelectronics.X-CUBE-ST60.1.1.0
2026-09-20 21:55:24,069 [WARN] PackLoader:240 - Cannot read IP mode file for emotas.I-CUBE-CANOPEN.1.3.0
2026-09-20 21:55:24,076 [WARN] PackLoader:240 - Cannot read IP mode file for wolfSSL.I-CUBE-wolfSSL.5.9.2
2026-09-20 21:55:24,078 [ERROR] Engine:466 - C:\Users\alang\.stm32cubemx\thirdparties\pdsc\STMicroelectronics.X-CUBE-WBA.1.1.0.pdsc: PDSC version is not supported
2026-09-20 21:55:24,089 [WARN] PackLoader:240 - Cannot read IP mode file for STMicroelectronics.FP-SNS-STBOX1.2.1.0
2026-09-20 21:55:24,094 [WARN] PackLoader:240 - Cannot read IP mode file for STMicroelectronics.FP-SNS-SMARTAG2.1.2.0
2026-09-20 21:55:24,099 [WARN] PackLoader:240 - Cannot read IP mode file for STMicroelectronics.FP-SNS-FLIGHT1.5.1.0
2026-09-20 21:55:24,109 [INFO] LogOutputStream:77 - [STDOUT_REDIRECT] 1 : Invalid condition id : UX_CORESTACK_Condition cause : null
2026-09-20 21:55:24,110 [INFO] LogOutputStream:77 - [STDOUT_REDIRECT] 1 : Invalid condition id : UX_CORESTACK_Condition cause : null
2026-09-20 21:55:24,111 [INFO] LogOutputStream:77 - [STDOUT_REDIRECT] 1 : Invalid condition id : UX_CORESTACK_Condition cause : null
2026-09-20 21:55:24,112 [INFO] LogOutputStream:77 - [STDOUT_REDIRECT] 1 : Invalid condition id : UX_CORESTACK_Condition cause : null
2026-09-20 21:55:24,113 [INFO] LogOutputStream:77 - [STDOUT_REDIRECT] 1 : Invalid condition id : UX_CORESTACK_Condition cause : null
2026-09-20 21:55:24,115 [WARN] PackLoader:240 - Cannot read IP mode file for STMicroelectronics.X-CUBE-AZRTOS-WL.2.0.0
2026-09-20 21:55:24,122 [WARN] PackLoader:240 - Cannot read IP mode file for STMicroelectronics.X-CUBE-BLE2.3.3.0
2026-09-20 21:55:24,159 [WARN] PackLoader:240 - Cannot read IP mode file for Infineon.AIROC-Wi-Fi-Bluetooth-STM32.1.8.0
2026-09-20 21:55:24,169 [WARN] PackLoader:240 - Cannot read IP mode file for STMicroelectronics.X-CUBE-NFC9.1.0.0
2026-09-20 21:55:24,176 [WARN] PackLoader:240 - Cannot read IP mode file for STMicroelectronics.X-CUBE-BLE1.7.1.0
2026-09-20 21:55:24,181 [WARN] PackLoader:240 - Cannot read IP mode file for wolfSSL.I-CUBE-wolfMQTT.1.19.2
2026-09-20 21:55:24,198 [WARN] PackLoader:240 - Cannot read IP mode file for STMicroelectronics.X-CUBE-EEPRMA1.5.2.0
2026-09-20 21:55:24,207 [WARN] PackLoader:240 - Cannot read IP mode file for STMicroelectronics.FP-SNS-STAIOTCFT.1.1.0
2026-09-20 21:55:24,221 [WARN] PackLoader:240 - Cannot read IP mode file for STMicroelectronics.X-CUBE-AZRTOS-G0.1.1.0
2026-09-20 21:55:24,229 [WARN] PackLoader:240 - Cannot read IP mode file for STMicroelectronics.X-CUBE-NFC4.3.0.0
2026-09-20 21:55:24,238 [WARN] PackLoader:240 - Cannot read IP mode file for EmbeddedOffice.I-CUBE-FS-RTOS.1.0.1
2026-09-20 21:55:24,243 [WARN] PackLoader:240 - Cannot read IP mode file for wolfSSL.I-CUBE-wolfTPM.3.8.0
2026-09-20 21:55:24,250 [WARN] PackLoader:240 - Cannot read IP mode file for STMicroelectronics.X-CUBE-TCPP.4.2.0
2026-09-20 21:55:24,268 [WARN] PackLoader:240 - Cannot read IP mode file for RealThread.X-CUBE-RT-Thread_Nano.4.1.1
2026-09-20 21:55:24,275 [WARN] PackLoader:240 - Cannot read IP mode file for STMicroelectronics.FP-ATR-SIGFOX1.3.2.0
2026-09-20 21:55:24,281 [WARN] PackLoader:240 - Cannot read IP mode file for ITTIA_DB.I-CUBE-ITTIADB.8.9.0
2026-09-20 21:55:24,285 [WARN] PackLoader:240 - Cannot read IP mode file for Cesanta.I-CUBE-Mongoose.7.21.7
2026-09-20 21:55:24,291 [WARN] PackLoader:240 - Cannot read IP mode file for STMicroelectronics.X-CUBE-NFC6.3.2.0
2026-09-20 21:55:24,299 [WARN] PackLoader:240 - Cannot read IP mode file for STMicroelectronics.X-CUBE-AI.10.2.1
2026-09-20 21:55:24,322 [WARN] PackLoader:240 - Cannot read IP mode file for SEGGER.I-CUBE-embOS.1.3.1
2026-09-20 21:55:24,356 [ERROR] Engine:466 - C:\Users\alang\.stm32cubemx\thirdparties\pdsc\STMicroelectronics.FP-SNS-STAIOTCFT.2.0.0.pdsc: PDSC version is not supported
2026-09-20 21:55:24,364 [WARN] PackLoader:240 - Cannot read IP mode file for STMicroelectronics.X-CUBE-NFC13.1.0.0
2026-09-20 21:55:24,370 [WARN] PackLoader:240 - Cannot read IP mode file for STMicroelectronics.X-CUBE-PM33A1.1.0.0
2026-09-20 21:55:24,380 [WARN] PackLoader:240 - Cannot read IP mode file for STMicroelectronics.X-CUBE-AZRTOS-F4.1.1.0
2026-09-20 21:55:24,386 [WARN] PackLoader:240 - Cannot read IP mode file for STMicroelectronics.X-CUBE-ISPU.2.1.0
2026-09-20 21:55:24,400 [WARN] PackLoader:240 - Cannot read IP mode file for STMicroelectronics.X-CUBE-IPS.3.2.0
2026-09-20 21:55:24,408 [WARN] PackLoader:240 - Cannot read IP mode file for STMicroelectronics.eDS-WB_DPC_TT-BIDIR.2.1.1
2026-09-20 21:55:24,418 [WARN] PackLoader:240 - Cannot read IP mode file for STMicroelectronics.X-CUBE-NFC12.1.0.0
2026-09-20 21:55:24,431 [WARN] PackLoader:240 - Cannot read IP mode file for STMicroelectronics.X-CUBE-AZRTOS-L5.2.0.0
2026-09-20 21:55:24,456 [WARN] PackLoader:240 - Cannot read IP mode file for STMicroelectronics.X-CUBE-ALGOBUILD.1.5.0
2026-09-20 21:55:24,461 [WARN] PackLoader:240 - Cannot read IP mode file for STMicroelectronics.eDS-WB_DPC_VIENNA.1.2.0
2026-09-20 21:55:24,502 [WARN] PackLoader:240 - Cannot read IP mode file for STMicroelectronics.X-CUBE-MEMS1.13.0.0
2026-09-20 21:55:24,589 [WARN] PackLoader:240 - Cannot read IP mode file for STMicroelectronics.eDS-WB_DPC_3PH2L-BIDIR.1.1.1
2026-09-20 21:55:24,591 [ERROR] Engine:466 - C:\Users\alang\.stm32cubemx\thirdparties\pdsc\STMicroelectronics.X-CUBE-ST67W61.1.3.0.pdsc: PDSC version is not supported
2026-09-20 21:55:24,597 [WARN] PackLoader:240 - Cannot read IP mode file for STMicroelectronics.X-CUBE-TOUCHGFX.4.26.1
2026-09-20 21:55:24,602 [WARN] PackLoader:240 - Cannot read IP mode file for STMicroelectronics.X-CUBE-DPower.1.3.0
2026-09-20 21:55:24,633 [WARN] ConditionMgr:438 - getConditionDescription Invalid condition id : LAN8742 Phy interface Condition cause : null
2026-09-20 21:55:24,634 [WARN] PackLoader:240 - Cannot read IP mode file for STMicroelectronics.X-CUBE-AZRTOS-L4.2.0.0
2026-09-20 21:55:24,635 [WARN] ConditionMgr:1044 - genDependencies : Invalid condition id : LAN8742 Phy interface Condition cause : null
2026-09-20 21:55:24,636 [WARN] ConditionMgr:1044 - genDependencies : Invalid condition id : LAN8742 Phy interface Condition cause : null
2026-09-20 21:55:24,637 [WARN] ConditionMgr:1044 - genDependencies : Invalid condition id : LAN8742 Phy interface Condition cause : null
2026-09-20 21:55:24,658 [WARN] PackLoader:240 - Cannot read IP mode file for STMicroelectronics.X-CUBE-SFXS2LP1.4.0.0
2026-09-20 21:55:24,662 [INFO] WebApp:463 - Apply proxy settings
2026-09-20 21:55:24,664 [INFO] WebApp:548 - Chromium requires no authentication
2026-09-20 21:55:24,672 [WARN] PackLoader:240 - Cannot read IP mode file for STMicroelectronics.X-CUBE-WB05N.2.1.0
2026-09-20 21:55:24,684 [INFO] WebApp:491 - Direct internet connection detected
2026-09-20 21:55:24,698 [WARN] ConditionMgr:438 - getConditionDescription Invalid condition id : UX DEVICE CLASS RTOS Condition cause : null
2026-09-20 21:55:24,699 [WARN] ConditionMgr:438 - getConditionDescription Invalid condition id : UX DEVICE CLASS RTOS Condition cause : null
2026-09-20 21:55:24,700 [WARN] PackLoader:240 - Cannot read IP mode file for STMicroelectronics.X-CUBE-AZRTOS-WB.2.0.0
2026-09-20 21:55:24,701 [WARN] ConditionMgr:1044 - genDependencies : Invalid condition id : UX DEVICE CLASS RTOS Condition cause : null
2026-09-20 21:55:24,701 [WARN] ConditionMgr:1044 - genDependencies : Invalid condition id : UX DEVICE CLASS RTOS Condition cause : null
2026-09-20 21:55:24,701 [WARN] ConditionMgr:1044 - genDependencies : Invalid condition id : UX DEVICE CLASS RTOS Condition cause : null
2026-09-20 21:55:24,703 [WARN] ConditionMgr:1044 - genDependencies : Invalid condition id : UX DEVICE CLASS RTOS Condition cause : null
2026-09-20 21:55:24,703 [WARN] ConditionMgr:1044 - genDependencies : Invalid condition id : UX DEVICE CLASS RTOS Condition cause : null
2026-09-20 21:55:24,715 [WARN] ConditionMgr:438 - getConditionDescription Invalid condition id : Cortex-A Device cause : null
2026-09-20 21:55:24,715 [INFO] WebApp:900 - Register for checkConnection events
2026-09-20 21:55:24,716 [INFO] WebApp:463 - Apply proxy settings
2026-09-20 21:55:24,716 [INFO] WebApp:548 - Chromium requires no authentication
2026-09-20 21:55:24,716 [INFO] WebApp:491 - Direct internet connection detected
2026-09-20 21:55:24,725 [WARN] ConditionMgr:1044 - genDependencies : Invalid condition id : Cortex-A Device cause : null
2026-09-20 21:55:24,726 [WARN] ConditionMgr:1044 - genDependencies : Invalid condition id : Cortex-A Device cause : null
2026-09-20 21:55:24,726 [WARN] ConditionMgr:1044 - genDependencies : Invalid condition id : Cortex-A Device cause : null
2026-09-20 21:55:24,746 [WARN] PackLoader:240 - Cannot read IP mode file for STMicroelectronics.X-CUBE-STSE01.2.0.0
2026-09-20 21:55:24,783 [WARN] PackLoader:240 - Cannot read IP mode file for STMicroelectronics.X-CUBE-SUBG2.5.0.0
2026-09-20 21:55:24,801 [WARN] PackLoader:240 - Cannot read IP mode file for STMicroelectronics.X-CUBE-AZRTOS-G4.2.0.0
2026-09-20 21:55:24,839 [WARN] PackLoader:240 - Cannot read IP mode file for wolfSSL.I-CUBE-wolfSSH.1.4.20
2026-09-20 21:55:24,846 [WARN] PackLoader:240 - Cannot read IP mode file for STMicroelectronics.X-CUBE-NFC7.2.0.0
2026-09-20 21:55:24,850 [ERROR] Engine:466 - C:\Users\alang\.stm32cubemx\thirdparties\pdsc\STMicroelectronics.X-CUBE-BLEMGR.4.2.0.pdsc: PDSC version is not supported
2026-09-20 21:55:24,854 [WARN] PackLoader:240 - Cannot read IP mode file for STMicroelectronics.X-CUBE-ALS.1.0.2
2026-09-20 21:55:24,867 [WARN] PackLoader:240 - Cannot read IP mode file for STMicroelectronics.X-CUBE-TOF1.3.4.3
2026-09-20 21:55:24,880 [INFO] ThirdParty:978 - Integrity check success = true
2026-09-20 21:55:24,880 [INFO] IntegrityCheckThread:100 - exiting critical section [integrity check]
2026-09-20 21:55:24,880 [INFO] IntegrityCheckThread:103 - End integrity checks thread
2026-09-20 21:55:24,923 [INFO] WebApp:225 - Starting web application
2026-09-20 21:55:24,924 [INFO] WebApp:593 - Web application path used C:\ST\STM32CubeIDE_1.19.0\STM32CubeIDE\plugins\com.st.stm32cube.common.mx_6.15.0.202507011659\db\plugins\mcufinder\reactClient1\index.html
2026-09-20 21:55:25,007 [INFO] UserAuth:487 - Internet connection configuration mode: 1
2026-09-20 21:55:25,120 [ERROR] LogOutputStream:75 - [STDERR_REDIRECT] [Fatal Error] :1:1: Premature end of file.
2026-09-20 21:55:25,120 [ERROR] LogOutputStream:75 - [STDERR_REDIRECT] 
2026-09-20 21:55:25,184 [INFO] WebApp:191 - Connection restablished
2026-09-20 21:55:26,065 [ERROR] LogOutputStream:75 - [STDERR_REDIRECT] [Fatal Error] :1:1: Premature end of file.
2026-09-20 21:55:26,065 [ERROR] LogOutputStream:75 - [STDERR_REDIRECT] 
2026-09-20 21:55:27,067 [ERROR] LogOutputStream:75 - [STDERR_REDIRECT] [Fatal Error] :1:1: Premature end of file.
2026-09-20 21:55:27,067 [ERROR] LogOutputStream:75 - [STDERR_REDIRECT] 
2026-09-20 21:55:28,059 [ERROR] LogOutputStream:75 - [STDERR_REDIRECT] [Fatal Error] :1:1: Premature end of file.
2026-09-20 21:55:28,059 [ERROR] LogOutputStream:75 - [STDERR_REDIRECT] 
2026-09-20 21:55:29,065 [ERROR] LogOutputStream:75 - [STDERR_REDIRECT] [Fatal Error] :1:1: Premature end of file.
2026-09-20 21:55:29,065 [ERROR] LogOutputStream:75 - [STDERR_REDIRECT] 
2026-09-20 21:55:30,064 [ERROR] LogOutputStream:75 - [STDERR_REDIRECT] [Fatal Error] :1:1: Premature end of file.
2026-09-20 21:55:30,064 [ERROR] LogOutputStream:75 - [STDERR_REDIRECT] 
2026-09-20 21:55:31,072 [ERROR] LogOutputStream:75 - [STDERR_REDIRECT] [Fatal Error] :1:1: Premature end of file.
2026-09-20 21:55:31,072 [ERROR] LogOutputStream:75 - [STDERR_REDIRECT] 
2026-09-20 21:55:32,066 [ERROR] LogOutputStream:75 - [STDERR_REDIRECT] [Fatal Error] :1:1: Premature end of file.
2026-09-20 21:55:32,066 [ERROR] LogOutputStream:75 - [STDERR_REDIRECT] 
2026-09-20 21:55:33,068 [ERROR] LogOutputStream:75 - [STDERR_REDIRECT] [Fatal Error] :1:1: Premature end of file.
2026-09-20 21:55:33,070 [ERROR] LogOutputStream:75 - [STDERR_REDIRECT] 
2026-09-20 21:55:34,065 [ERROR] LogOutputStream:75 - [STDERR_REDIRECT] [Fatal Error] :1:1: Premature end of file.
2026-09-20 21:55:34,065 [ERROR] LogOutputStream:75 - [STDERR_REDIRECT] 
2026-09-20 21:55:35,065 [ERROR] LogOutputStream:75 - [STDERR_REDIRECT] [Fatal Error] :1:1: Premature end of file.
2026-09-20 21:55:35,066 [ERROR] LogOutputStream:75 - [STDERR_REDIRECT] 
2026-09-20 21:55:36,060 [ERROR] LogOutputStream:75 - [STDERR_REDIRECT] [Fatal Error] :1:1: Premature end of file.
2026-09-20 21:55:36,061 [ERROR] LogOutputStream:75 - [STDERR_REDIRECT] 
2026-09-20 21:55:37,066 [ERROR] LogOutputStream:75 - [STDERR_REDIRECT] [Fatal Error] :1:1: Premature end of file.
2026-09-20 21:55:37,067 [ERROR] LogOutputStream:75 - [STDERR_REDIRECT] 
2026-09-20 21:55:38,061 [ERROR] LogOutputStream:75 - [STDERR_REDIRECT] [Fatal Error] :1:1: Premature end of file.
2026-09-20 21:55:38,061 [ERROR] LogOutputStream:75 - [STDERR_REDIRECT] 
2026-09-20 21:55:39,063 [ERROR] LogOutputStream:75 - [STDERR_REDIRECT] [Fatal Error] :1:1: Premature end of file.
2026-09-20 21:55:39,063 [ERROR] LogOutputStream:75 - [STDERR_REDIRECT] 
2026-09-20 21:55:40,069 [ERROR] LogOutputStream:75 - [STDERR_REDIRECT] [Fatal Error] :1:1: Premature end of file.
2026-09-20 21:55:40,069 [ERROR] LogOutputStream:75 - [STDERR_REDIRECT] 
2026-09-20 21:55:41,073 [ERROR] LogOutputStream:75 - [STDERR_REDIRECT] [Fatal Error] :1:1: Premature end of file.
2026-09-20 21:55:41,073 [ERROR] LogOutputStream:75 - [STDERR_REDIRECT] 
2026-09-20 21:55:42,068 [ERROR] LogOutputStream:75 - [STDERR_REDIRECT] [Fatal Error] :1:1: Premature end of file.
2026-09-20 21:55:42,069 [ERROR] LogOutputStream:75 - [STDERR_REDIRECT] 
2026-09-20 21:55:43,067 [ERROR] LogOutputStream:75 - [STDERR_REDIRECT] [Fatal Error] :1:1: Premature end of file.
2026-09-20 21:55:43,067 [ERROR] LogOutputStream:75 - [STDERR_REDIRECT] 
2026-09-20 21:55:44,067 [ERROR] LogOutputStream:75 - [STDERR_REDIRECT] [Fatal Error] :1:1: Premature end of file.
2026-09-20 21:55:44,067 [ERROR] LogOutputStream:75 - [STDERR_REDIRECT] 
2026-09-20 21:55:45,064 [ERROR] LogOutputStream:75 - [STDERR_REDIRECT] [Fatal Error] :1:1: Premature end of file.
2026-09-20 21:55:45,064 [ERROR] LogOutputStream:75 - [STDERR_REDIRECT] 
2026-09-20 21:55:46,066 [ERROR] LogOutputStream:75 - [STDERR_REDIRECT] [Fatal Error] :1:1: Premature end of file.
2026-09-20 21:55:46,066 [ERROR] LogOutputStream:75 - [STDERR_REDIRECT] 
2026-09-20 21:55:47,060 [ERROR] LogOutputStream:75 - [STDERR_REDIRECT] [Fatal Error] :1:1: Premature end of file.
2026-09-20 21:55:47,061 [ERROR] LogOutputStream:75 - [STDERR_REDIRECT] 
2026-09-20 21:55:48,062 [ERROR] LogOutputStream:75 - [STDERR_REDIRECT] [Fatal Error] :1:1: Premature end of file.
2026-09-20 21:55:48,062 [ERROR] LogOutputStream:75 - [STDERR_REDIRECT] 
2026-09-20 21:55:49,063 [ERROR] LogOutputStream:75 - [STDERR_REDIRECT] [Fatal Error] :1:1: Premature end of file.
2026-09-20 21:55:49,063 [ERROR] LogOutputStream:75 - [STDERR_REDIRECT] 
2026-09-20 21:55:50,061 [ERROR] LogOutputStream:75 - [STDERR_REDIRECT] [Fatal Error] :1:1: Premature end of file.
2026-09-20 21:55:50,061 [ERROR] LogOutputStream:75 - [STDERR_REDIRECT] 
2026-09-20 21:55:51,062 [ERROR] LogOutputStream:75 - [STDERR_REDIRECT] [Fatal Error] :1:1: Premature end of file.
2026-09-20 21:55:51,063 [ERROR] LogOutputStream:75 - [STDERR_REDIRECT] 
2026-09-20 21:55:52,066 [ERROR] LogOutputStream:75 - [STDERR_REDIRECT] [Fatal Error] :1:1: Premature end of file.
2026-09-20 21:55:52,066 [ERROR] LogOutputStream:75 - [STDERR_REDIRECT] 
2026-09-20 21:55:53,070 [ERROR] LogOutputStream:75 - [STDERR_REDIRECT] [Fatal Error] :1:1: Premature end of file.
2026-09-20 21:55:53,109 [ERROR] LogOutputStream:75 - [STDERR_REDIRECT] 
2026-09-20 21:55:54,069 [ERROR] LogOutputStream:75 - [STDERR_REDIRECT] [Fatal Error] :1:1: Premature end of file.
2026-09-20 21:55:54,070 [ERROR] LogOutputStream:75 - [STDERR_REDIRECT] 
2026-09-20 21:55:55,065 [ERROR] LogOutputStream:75 - [STDERR_REDIRECT] [Fatal Error] :1:1: Premature end of file.
2026-09-20 21:55:55,066 [ERROR] LogOutputStream:75 - [STDERR_REDIRECT] 
2026-09-20 21:55:56,064 [ERROR] LogOutputStream:75 - [STDERR_REDIRECT] [Fatal Error] :1:1: Premature end of file.
2026-09-20 21:55:56,064 [ERROR] LogOutputStream:75 - [STDERR_REDIRECT] 
2026-09-20 21:55:57,073 [ERROR] LogOutputStream:75 - [STDERR_REDIRECT] [Fatal Error] :1:1: Premature end of file.
2026-09-20 21:55:57,073 [ERROR] LogOutputStream:75 - [STDERR_REDIRECT] 
2026-09-20 21:55:58,066 [ERROR] LogOutputStream:75 - [STDERR_REDIRECT] [Fatal Error] :1:1: Premature end of file.
2026-09-20 21:55:58,066 [ERROR] LogOutputStream:75 - [STDERR_REDIRECT] 
2026-09-20 21:55:59,062 [ERROR] LogOutputStream:75 - [STDERR_REDIRECT] [Fatal Error] :1:1: Premature end of file.
2026-09-20 21:55:59,062 [ERROR] LogOutputStream:75 - [STDERR_REDIRECT] 
2026-09-20 21:56:00,059 [ERROR] LogOutputStream:75 - [STDERR_REDIRECT] [Fatal Error] :1:1: Premature end of file.
2026-09-20 21:56:00,059 [ERROR] LogOutputStream:75 - [STDERR_REDIRECT] 
2026-09-20 21:56:01,066 [ERROR] LogOutputStream:75 - [STDERR_REDIRECT] [Fatal Error] :1:1: Premature end of file.
2026-09-20 21:56:01,066 [ERROR] LogOutputStream:75 - [STDERR_REDIRECT] 
2026-09-20 21:56:02,070 [ERROR] LogOutputStream:75 - [STDERR_REDIRECT] [Fatal Error] :1:1: Premature end of file.
2026-09-20 21:56:02,070 [ERROR] LogOutputStream:75 - [STDERR_REDIRECT] 
2026-09-20 21:56:03,065 [ERROR] LogOutputStream:75 - [STDERR_REDIRECT] [Fatal Error] :1:1: Premature end of file.
2026-09-20 21:56:03,065 [ERROR] LogOutputStream:75 - [STDERR_REDIRECT] 
2026-09-20 21:56:04,062 [ERROR] LogOutputStream:75 - [STDERR_REDIRECT] [Fatal Error] :1:1: Premature end of file.
2026-09-20 21:56:04,062 [ERROR] LogOutputStream:75 - [STDERR_REDIRECT] 
2026-09-20 21:56:05,064 [ERROR] LogOutputStream:75 - [STDERR_REDIRECT] [Fatal Error] :1:1: Premature end of file.
2026-09-20 21:56:05,064 [ERROR] LogOutputStream:75 - [STDERR_REDIRECT] 
2026-09-20 21:56:06,087 [ERROR] LogOutputStream:75 - [STDERR_REDIRECT] [Fatal Error] :1:1: Premature end of file.
2026-09-20 21:56:06,087 [ERROR] LogOutputStream:75 - [STDERR_REDIRECT] 
2026-09-20 21:56:07,089 [ERROR] LogOutputStream:75 - [STDERR_REDIRECT] [Fatal Error] :1:1: Premature end of file.
2026-09-20 21:56:07,089 [ERROR] LogOutputStream:75 - [STDERR_REDIRECT] 
2026-09-20 21:56:08,068 [ERROR] LogOutputStream:75 - [STDERR_REDIRECT] [Fatal Error] :1:1: Premature end of file.
2026-09-20 21:56:08,102 [ERROR] LogOutputStream:75 - [STDERR_REDIRECT] 
2026-09-20 21:56:09,063 [ERROR] LogOutputStream:75 - [STDERR_REDIRECT] [Fatal Error] :1:1: Premature end of file.
2026-09-20 21:56:09,063 [ERROR] LogOutputStream:75 - [STDERR_REDIRECT] 
2026-09-20 21:56:10,063 [ERROR] LogOutputStream:75 - [STDERR_REDIRECT] [Fatal Error] :1:1: Premature end of file.
2026-09-20 21:56:10,063 [ERROR] LogOutputStream:75 - [STDERR_REDIRECT] 
2026-09-20 21:56:11,064 [ERROR] LogOutputStream:75 - [STDERR_REDIRECT] [Fatal Error] :1:1: Premature end of file.
2026-09-20 21:56:11,065 [ERROR] LogOutputStream:75 - [STDERR_REDIRECT] 
2026-09-20 21:56:12,085 [ERROR] LogOutputStream:75 - [STDERR_REDIRECT] [Fatal Error] :1:1: Premature end of file.
2026-09-20 21:56:12,086 [ERROR] LogOutputStream:75 - [STDERR_REDIRECT] 
2026-09-20 21:56:13,139 [ERROR] LogOutputStream:75 - [STDERR_REDIRECT] [Fatal Error] :1:1: Premature end of file.
2026-09-20 21:56:13,140 [ERROR] LogOutputStream:75 - [STDERR_REDIRECT] 
2026-09-20 21:56:14,146 [ERROR] LogOutputStream:75 - [STDERR_REDIRECT] [Fatal Error] :1:1: Premature end of file.
2026-09-20 21:56:14,146 [ERROR] LogOutputStream:75 - [STDERR_REDIRECT] 
2026-09-20 21:56:15,064 [ERROR] LogOutputStream:75 - [STDERR_REDIRECT] [Fatal Error] :1:1: Premature end of file.
2026-09-20 21:56:15,064 [ERROR] LogOutputStream:75 - [STDERR_REDIRECT] 
2026-09-20 21:56:16,072 [ERROR] LogOutputStream:75 - [STDERR_REDIRECT] [Fatal Error] :1:1: Premature end of file.
2026-09-20 21:56:16,072 [ERROR] LogOutputStream:75 - [STDERR_REDIRECT] 
2026-09-20 21:56:17,066 [ERROR] LogOutputStream:75 - [STDERR_REDIRECT] [Fatal Error] :1:1: Premature end of file.
2026-09-20 21:56:17,066 [ERROR] LogOutputStream:75 - [STDERR_REDIRECT] 
2026-09-20 21:56:18,065 [ERROR] LogOutputStream:75 - [STDERR_REDIRECT] [Fatal Error] :1:1: Premature end of file.
2026-09-20 21:56:18,065 [ERROR] LogOutputStream:75 - [STDERR_REDIRECT] 
2026-09-20 21:56:19,060 [ERROR] LogOutputStream:75 - [STDERR_REDIRECT] [Fatal Error] :1:1: Premature end of file.
2026-09-20 21:56:19,060 [ERROR] LogOutputStream:75 - [STDERR_REDIRECT] 
2026-09-20 21:56:20,072 [ERROR] LogOutputStream:75 - [STDERR_REDIRECT] [Fatal Error] :1:1: Premature end of file.
2026-09-20 21:56:20,072 [ERROR] LogOutputStream:75 - [STDERR_REDIRECT] 
2026-09-20 21:56:21,071 [ERROR] LogOutputStream:75 - [STDERR_REDIRECT] [Fatal Error] :1:1: Premature end of file.
2026-09-20 21:56:21,071 [ERROR] LogOutputStream:75 - [STDERR_REDIRECT] 
2026-09-20 21:56:22,059 [ERROR] LogOutputStream:75 - [STDERR_REDIRECT] [Fatal Error] :1:1: Premature end of file.
2026-09-20 21:56:22,059 [ERROR] LogOutputStream:75 - [STDERR_REDIRECT] 
2026-09-20 21:56:23,072 [ERROR] LogOutputStream:75 - [STDERR_REDIRECT] [Fatal Error] :1:1: Premature end of file.
2026-09-20 21:56:23,072 [ERROR] LogOutputStream:75 - [STDERR_REDIRECT] 
2026-09-20 21:56:24,063 [ERROR] LogOutputStream:75 - [STDERR_REDIRECT] [Fatal Error] :1:1: Premature end of file.
2026-09-20 21:56:24,063 [ERROR] LogOutputStream:75 - [STDERR_REDIRECT] 
2026-09-20 21:56:25,064 [ERROR] LogOutputStream:75 - [STDERR_REDIRECT] [Fatal Error] :1:1: Premature end of file.
2026-09-20 21:56:25,064 [ERROR] LogOutputStream:75 - [STDERR_REDIRECT] 
2026-09-20 21:56:26,075 [ERROR] LogOutputStream:75 - [STDERR_REDIRECT] [Fatal Error] :1:1: Premature end of file.
2026-09-20 21:56:26,076 [ERROR] LogOutputStream:75 - [STDERR_REDIRECT] 
2026-09-20 21:56:27,075 [ERROR] LogOutputStream:75 - [STDERR_REDIRECT] [Fatal Error] :1:1: Premature end of file.
2026-09-20 21:56:27,076 [ERROR] LogOutputStream:75 - [STDERR_REDIRECT] 
2026-09-20 21:56:28,065 [ERROR] LogOutputStream:75 - [STDERR_REDIRECT] [Fatal Error] :1:1: Premature end of file.
2026-09-20 21:56:28,065 [ERROR] LogOutputStream:75 - [STDERR_REDIRECT] 
2026-09-20 21:56:29,075 [ERROR] LogOutputStream:75 - [STDERR_REDIRECT] [Fatal Error] :1:1: Premature end of file.
2026-09-20 21:56:29,076 [ERROR] LogOutputStream:75 - [STDERR_REDIRECT] 
2026-09-20 21:56:30,065 [ERROR] LogOutputStream:75 - [STDERR_REDIRECT] [Fatal Error] :1:1: Premature end of file.
2026-09-20 21:56:30,065 [ERROR] LogOutputStream:75 - [STDERR_REDIRECT] 
2026-09-20 21:56:31,059 [ERROR] LogOutputStream:75 - [STDERR_REDIRECT] [Fatal Error] :1:1: Premature end of file.
2026-09-20 21:56:31,059 [ERROR] LogOutputStream:75 - [STDERR_REDIRECT] 
2026-09-20 21:56:32,063 [ERROR] LogOutputStream:75 - [STDERR_REDIRECT] [Fatal Error] :1:1: Premature end of file.
2026-09-20 21:56:32,064 [ERROR] LogOutputStream:75 - [STDERR_REDIRECT] 
2026-09-20 21:56:33,060 [ERROR] LogOutputStream:75 - [STDERR_REDIRECT] [Fatal Error] :1:1: Premature end of file.
2026-09-20 21:56:33,060 [ERROR] LogOutputStream:75 - [STDERR_REDIRECT] 
2026-09-20 21:56:34,062 [ERROR] LogOutputStream:75 - [STDERR_REDIRECT] [Fatal Error] :1:1: Premature end of file.
2026-09-20 21:56:34,062 [ERROR] LogOutputStream:75 - [STDERR_REDIRECT] 
2026-09-20 21:56:35,062 [ERROR] LogOutputStream:75 - [STDERR_REDIRECT] [Fatal Error] :1:1: Premature end of file.
2026-09-20 21:56:35,062 [ERROR] LogOutputStream:75 - [STDERR_REDIRECT] 
2026-09-20 21:56:36,062 [ERROR] LogOutputStream:75 - [STDERR_REDIRECT] [Fatal Error] :1:1: Premature end of file.
2026-09-20 21:56:36,062 [ERROR] LogOutputStream:75 - [STDERR_REDIRECT] 
2026-09-20 21:56:37,058 [ERROR] LogOutputStream:75 - [STDERR_REDIRECT] [Fatal Error] :1:1: Premature end of file.
2026-09-20 21:56:37,058 [ERROR] LogOutputStream:75 - [STDERR_REDIRECT] 
2026-09-20 21:56:38,070 [ERROR] LogOutputStream:75 - [STDERR_REDIRECT] [Fatal Error] :1:1: Premature end of file.
2026-09-20 21:56:38,071 [ERROR] LogOutputStream:75 - [STDERR_REDIRECT] 
2026-09-20 21:56:39,062 [ERROR] LogOutputStream:75 - [STDERR_REDIRECT] [Fatal Error] :1:1: Premature end of file.
2026-09-20 21:56:39,062 [ERROR] LogOutputStream:75 - [STDERR_REDIRECT] 
2026-09-20 21:56:40,063 [ERROR] LogOutputStream:75 - [STDERR_REDIRECT] [Fatal Error] :1:1: Premature end of file.
2026-09-20 21:56:40,063 [ERROR] LogOutputStream:75 - [STDERR_REDIRECT] 
2026-09-20 21:56:41,065 [ERROR] LogOutputStream:75 - [STDERR_REDIRECT] [Fatal Error] :1:1: Premature end of file.
2026-09-20 21:56:41,065 [ERROR] LogOutputStream:75 - [STDERR_REDIRECT] 
2026-09-20 21:56:42,060 [ERROR] LogOutputStream:75 - [STDERR_REDIRECT] [Fatal Error] :1:1: Premature end of file.
2026-09-20 21:56:42,060 [ERROR] LogOutputStream:75 - [STDERR_REDIRECT] 
2026-09-20 21:56:43,064 [ERROR] LogOutputStream:75 - [STDERR_REDIRECT] [Fatal Error] :1:1: Premature end of file.
2026-09-20 21:56:43,064 [ERROR] LogOutputStream:75 - [STDERR_REDIRECT] 
2026-09-20 21:56:44,066 [ERROR] LogOutputStream:75 - [STDERR_REDIRECT] [Fatal Error] :1:1: Premature end of file.
2026-09-20 21:56:44,066 [ERROR] LogOutputStream:75 - [STDERR_REDIRECT] 
2026-09-20 21:56:45,063 [ERROR] LogOutputStream:75 - [STDERR_REDIRECT] [Fatal Error] :1:1: Premature end of file.
2026-09-20 21:56:45,063 [ERROR] LogOutputStream:75 - [STDERR_REDIRECT] 
2026-09-20 21:56:46,061 [ERROR] LogOutputStream:75 - [STDERR_REDIRECT] [Fatal Error] :1:1: Premature end of file.
2026-09-20 21:56:46,061 [ERROR] LogOutputStream:75 - [STDERR_REDIRECT] 
2026-09-20 21:56:47,063 [ERROR] LogOutputStream:75 - [STDERR_REDIRECT] [Fatal Error] :1:1: Premature end of file.
2026-09-20 21:56:47,063 [ERROR] LogOutputStream:75 - [STDERR_REDIRECT] 
2026-09-20 21:56:48,071 [ERROR] LogOutputStream:75 - [STDERR_REDIRECT] [Fatal Error] :1:1: Premature end of file.
2026-09-20 21:56:48,072 [ERROR] LogOutputStream:75 - [STDERR_REDIRECT] 
2026-09-20 21:56:48,857 [ERROR] LogOutputStream:75 - [STDERR_REDIRECT] 
2026-09-20 21:56:48,857 [ERROR] LogOutputStream:75 - [STDERR_REDIRECT] 
