2026-09-25 14:30:04,041 [INFO] WebApp:194 - Connection lost
2026-09-25 14:30:05,042 [INFO] WebApp:191 - Connection restablished
2026-09-25 14:30:06,761 [ERROR] LogOutputStream:75 - [STDERR_REDIRECT] [Fatal Error] :1:1: Premature end of file.
2026-09-25 14:30:06,762 [ERROR] LogOutputStream:75 - [STDERR_REDIRECT] 
2026-09-25 14:30:06,936 [ERROR] LogOutputStream:75 - [STDERR_REDIRECT] [Fatal Error] :1:1: Premature end of file.
2026-09-25 14:30:06,936 [ERROR] LogOutputStream:75 - [STDERR_REDIRECT] 
2026-09-25 14:30:07,020 [ERROR] LogOutputStream:75 - [STDERR_REDIRECT] [Fatal Error] :1:1: Premature end of file.
2026-09-25 14:30:07,020 [ERROR] LogOutputStream:75 - [STDERR_REDIRECT] 
2026-09-25 14:30:07,258 [ERROR] LogOutputStream:75 - [STDERR_REDIRECT] [Fatal Error] :1:1: Premature end of file.
2026-09-25 14:30:07,258 [ERROR] LogOutputStream:75 - [STDERR_REDIRECT] 
2026-09-25 14:30:07,351 [ERROR] LogOutputStream:75 - [STDERR_REDIRECT] [Fatal Error] :1:1: Premature end of file.
2026-09-25 14:30:07,351 [ERROR] LogOutputStream:75 - [STDERR_REDIRECT] 
2026-09-25 14:30:07,516 [ERROR] LogOutputStream:75 - [STDERR_REDIRECT] [Fatal Error] :1:1: Premature end of file.
2026-09-25 14:30:07,516 [ERROR] LogOutputStream:75 - [STDERR_REDIRECT] 
2026-09-25 14:30:07,640 [ERROR] LogOutputStream:75 - [STDERR_REDIRECT] [Fatal Error] :1:1: Premature end of file.
2026-09-25 14:30:07,640 [ERROR] LogOutputStream:75 - [STDERR_REDIRECT] 
2026-09-25 14:30:07,929 [ERROR] LogOutputStream:75 - [STDERR_REDIRECT] [Fatal Error] :1:1: Premature end of file.
2026-09-25 14:30:07,929 [ERROR] LogOutputStream:75 - [STDERR_REDIRECT] 
2026-09-25 14:30:08,052 [ERROR] LogOutputStream:75 - [STDERR_REDIRECT] [Fatal Error] :1:1: Premature end of file.
2026-09-25 14:30:08,052 [ERROR] LogOutputStream:75 - [STDERR_REDIRECT] 
2026-09-25 14:30:08,119 [ERROR] LogOutputStream:75 - [STDERR_REDIRECT] [Fatal Error] :1:1: Premature end of file.
2026-09-25 14:30:08,119 [ERROR] LogOutputStream:75 - [STDERR_REDIRECT] 
2026-09-25 14:30:08,173 [ERROR] LogOutputStream:75 - [STDERR_REDIRECT] [Fatal Error] :1:1: Premature end of file.
2026-09-25 14:30:08,173 [ERROR] LogOutputStream:75 - [STDERR_REDIRECT] 
2026-09-25 14:30:08,254 [ERROR] LogOutputStream:75 - [STDERR_REDIRECT] [Fatal Error] :1:1: Premature end of file.
2026-09-25 14:30:08,254 [ERROR] LogOutputStream:75 - [STDERR_REDIRECT] 
2026-09-25 14:30:08,297 [ERROR] LogOutputStream:75 - [STDERR_REDIRECT] [Fatal Error] :1:1: Premature end of file.
2026-09-25 14:30:08,298 [ERROR] LogOutputStream:75 - [STDERR_REDIRECT] 
2026-09-25 14:30:08,348 [ERROR] LogOutputStream:75 - [STDERR_REDIRECT] [Fatal Error] :1:1: Premature end of file.
2026-09-25 14:30:08,348 [ERROR] LogOutputStream:75 - [STDERR_REDIRECT] 
2026-09-25 14:30:08,397 [ERROR] LogOutputStream:75 - [STDERR_REDIRECT] [Fatal Error] :1:1: Premature end of file.
2026-09-25 14:30:08,397 [ERROR] LogOutputStream:75 - [STDERR_REDIRECT] 
2026-09-25 14:30:08,467 [ERROR] LogOutputStream:75 - [STDERR_REDIRECT] [Fatal Error] :1:1: Premature end of file.
2026-09-25 14:30:08,468 [ERROR] LogOutputStream:75 - [STDERR_REDIRECT] 
2026-09-25 14:30:08,555 [ERROR] LogOutputStream:75 - [STDERR_REDIRECT] [Fatal Error] :1:1: Premature end of file.
2026-09-25 14:30:08,555 [ERROR] LogOutputStream:75 - [STDERR_REDIRECT] 
2026-09-25 14:30:08,592 [ERROR] LogOutputStream:75 - [STDERR_REDIRECT] [Fatal Error] :1:1: Premature end of file.
2026-09-25 14:30:08,593 [ERROR] LogOutputStream:75 - [STDERR_REDIRECT] 
2026-09-25 14:30:08,626 [ERROR] LogOutputStream:75 - [STDERR_REDIRECT] [Fatal Error] :1:1: Premature end of file.
2026-09-25 14:30:08,626 [ERROR] LogOutputStream:75 - [STDERR_REDIRECT] 
2026-09-25 14:30:08,712 [ERROR] LogOutputStream:75 - [STDERR_REDIRECT] [Fatal Error] :1:1: Premature end of file.
2026-09-25 14:30:08,712 [ERROR] LogOutputStream:75 - [STDERR_REDIRECT] 
2026-09-25 14:30:08,743 [ERROR] LogOutputStream:75 - [STDERR_REDIRECT] [Fatal Error] :1:1: Premature end of file.
2026-09-25 14:30:08,743 [ERROR] LogOutputStream:75 - [STDERR_REDIRECT] 
2026-09-25 14:30:08,783 [ERROR] LogOutputStream:75 - [STDERR_REDIRECT] [Fatal Error] :1:1: Premature end of file.
2026-09-25 14:30:08,796 [ERROR] LogOutputStream:75 - [STDERR_REDIRECT] 
2026-09-25 14:30:08,829 [ERROR] LogOutputStream:75 - [STDERR_REDIRECT] [Fatal Error] :1:1: Premature end of file.
2026-09-25 14:30:08,829 [ERROR] LogOutputStream:75 - [STDERR_REDIRECT] 
2026-09-25 14:30:08,855 [ERROR] LogOutputStream:75 - [STDERR_REDIRECT] [Fatal Error] :1:1: Premature end of file.
2026-09-25 14:30:08,855 [ERROR] LogOutputStream:75 - [STDERR_REDIRECT] 
2026-09-25 14:30:08,891 [ERROR] LogOutputStream:75 - [STDERR_REDIRECT] [Fatal Error] :1:1: Premature end of file.
2026-09-25 14:30:08,891 [ERROR] LogOutputStream:75 - [STDERR_REDIRECT] 
2026-09-25 14:30:08,922 [ERROR] LogOutputStream:75 - [STDERR_REDIRECT] [Fatal Error] :1:1: Premature end of file.
2026-09-25 14:30:08,922 [ERROR] LogOutputStream:75 - [STDERR_REDIRECT] 
2026-09-25 14:30:08,956 [ERROR] LogOutputStream:75 - [STDERR_REDIRECT] [Fatal Error] :1:1: Premature end of file.
2026-09-25 14:30:08,956 [ERROR] LogOutputStream:75 - [STDERR_REDIRECT] 
2026-09-25 14:30:08,989 [ERROR] LogOutputStream:75 - [STDERR_REDIRECT] [Fatal Error] :1:1: Premature end of file.
2026-09-25 14:30:08,989 [ERROR] LogOutputStream:75 - [STDERR_REDIRECT] 
2026-09-25 14:30:09,033 [ERROR] LogOutputStream:75 - [STDERR_REDIRECT] [Fatal Error] :1:1: Premature end of file.
2026-09-25 14:30:09,033 [ERROR] LogOutputStream:75 - [STDERR_REDIRECT] 
2026-09-25 14:30:09,070 [ERROR] LogOutputStream:75 - [STDERR_REDIRECT] [Fatal Error] :1:1: Premature end of file.
2026-09-25 14:30:09,071 [ERROR] LogOutputStream:75 - [STDERR_REDIRECT] 
2026-09-25 14:30:09,103 [ERROR] LogOutputStream:75 - [STDERR_REDIRECT] [Fatal Error] :1:1: Premature end of file.
2026-09-25 14:30:09,103 [ERROR] LogOutputStream:75 - [STDERR_REDIRECT] 
2026-09-25 14:30:09,176 [ERROR] LogOutputStream:75 - [STDERR_REDIRECT] [Fatal Error] :1:1: Premature end of file.
2026-09-25 14:30:09,177 [ERROR] LogOutputStream:75 - [STDERR_REDIRECT] 
2026-09-25 14:30:09,251 [ERROR] LogOutputStream:75 - [STDERR_REDIRECT] [Fatal Error] :1:1: Premature end of file.
2026-09-25 14:30:09,251 [ERROR] LogOutputStream:75 - [STDERR_REDIRECT] 
2026-09-25 14:30:09,290 [ERROR] LogOutputStream:75 - [STDERR_REDIRECT] [Fatal Error] :1:1: Premature end of file.
2026-09-25 14:30:09,290 [ERROR] LogOutputStream:75 - [STDERR_REDIRECT] 
2026-09-25 14:30:09,336 [ERROR] LogOutputStream:75 - [STDERR_REDIRECT] [Fatal Error] :1:1: Premature end of file.
2026-09-25 14:30:09,336 [ERROR] LogOutputStream:75 - [STDERR_REDIRECT] 
2026-09-25 14:30:09,372 [ERROR] LogOutputStream:75 - [STDERR_REDIRECT] [Fatal Error] :1:1: Premature end of file.
2026-09-25 14:30:09,373 [ERROR] LogOutputStream:75 - [STDERR_REDIRECT] 
2026-09-25 14:30:09,409 [ERROR] LogOutputStream:75 - [STDERR_REDIRECT] [Fatal Error] :1:1: Premature end of file.
2026-09-25 14:30:09,410 [ERROR] LogOutputStream:75 - [STDERR_REDIRECT] 
2026-09-25 14:30:09,473 [ERROR] LogOutputStream:75 - [STDERR_REDIRECT] [Fatal Error] :1:1: Premature end of file.
2026-09-25 14:30:09,473 [ERROR] LogOutputStream:75 - [STDERR_REDIRECT] 
2026-09-25 14:30:09,504 [ERROR] LogOutputStream:75 - [STDERR_REDIRECT] [Fatal Error] :1:1: Premature end of file.
2026-09-25 14:30:09,504 [ERROR] LogOutputStream:75 - [STDERR_REDIRECT] 
2026-09-25 14:30:09,558 [ERROR] LogOutputStream:75 - [STDERR_REDIRECT] [Fatal Error] :1:1: Premature end of file.
2026-09-25 14:30:09,558 [ERROR] LogOutputStream:75 - [STDERR_REDIRECT] 
2026-09-25 14:30:09,596 [ERROR] LogOutputStream:75 - [STDERR_REDIRECT] [Fatal Error] :1:1: Premature end of file.
2026-09-25 14:30:09,596 [ERROR] LogOutputStream:75 - [STDERR_REDIRECT] 
2026-09-25 14:30:09,626 [ERROR] LogOutputStream:75 - [STDERR_REDIRECT] [Fatal Error] :1:1: Premature end of file.
2026-09-25 14:30:09,626 [ERROR] LogOutputStream:75 - [STDERR_REDIRECT] 
2026-09-25 14:30:09,693 [ERROR] LogOutputStream:75 - [STDERR_REDIRECT] [Fatal Error] :1:1: Premature end of file.
2026-09-25 14:30:09,693 [ERROR] LogOutputStream:75 - [STDERR_REDIRECT] 
2026-09-25 14:30:09,723 [ERROR] LogOutputStream:75 - [STDERR_REDIRECT] [Fatal Error] :1:1: Premature end of file.
2026-09-25 14:30:09,723 [ERROR] LogOutputStream:75 - [STDERR_REDIRECT] 
2026-09-25 14:30:09,749 [ERROR] LogOutputStream:75 - [STDERR_REDIRECT] [Fatal Error] :1:1: Premature end of file.
2026-09-25 14:30:09,750 [ERROR] LogOutputStream:75 - [STDERR_REDIRECT] 
2026-09-25 14:30:09,824 [ERROR] LogOutputStream:75 - [STDERR_REDIRECT] [Fatal Error] :1:1: Premature end of file.
2026-09-25 14:30:09,824 [ERROR] LogOutputStream:75 - [STDERR_REDIRECT] 
2026-09-25 14:30:09,852 [ERROR] LogOutputStream:75 - [STDERR_REDIRECT] [Fatal Error] :1:1: Premature end of file.
2026-09-25 14:30:09,853 [ERROR] LogOutputStream:75 - [STDERR_REDIRECT] 
2026-09-25 14:30:09,878 [ERROR] LogOutputStream:75 - [STDERR_REDIRECT] [Fatal Error] :1:1: Premature end of file.
2026-09-25 14:30:09,878 [ERROR] LogOutputStream:75 - [STDERR_REDIRECT] 
2026-09-25 14:30:09,901 [ERROR] LogOutputStream:75 - [STDERR_REDIRECT] [Fatal Error] :1:1: Premature end of file.
2026-09-25 14:30:09,901 [ERROR] LogOutputStream:75 - [STDERR_REDIRECT] 
2026-09-25 14:30:09,928 [ERROR] LogOutputStream:75 - [STDERR_REDIRECT] [Fatal Error] :1:1: Premature end of file.
2026-09-25 14:30:09,929 [ERROR] LogOutputStream:75 - [STDERR_REDIRECT] 
2026-09-25 14:30:09,961 [ERROR] LogOutputStream:75 - [STDERR_REDIRECT] [Fatal Error] :1:1: Premature end of file.
2026-09-25 14:30:09,961 [ERROR] LogOutputStream:75 - [STDERR_REDIRECT] 
2026-09-25 14:30:09,995 [ERROR] LogOutputStream:75 - [STDERR_REDIRECT] [Fatal Error] :1:1: Premature end of file.
2026-09-25 14:30:09,995 [ERROR] LogOutputStream:75 - [STDERR_REDIRECT] 
2026-09-25 14:30:10,023 [ERROR] LogOutputStream:75 - [STDERR_REDIRECT] [Fatal Error] :1:1: Premature end of file.
2026-09-25 14:30:10,023 [ERROR] LogOutputStream:75 - [STDERR_REDIRECT] 
2026-09-25 14:30:10,080 [ERROR] LogOutputStream:75 - [STDERR_REDIRECT] [Fatal Error] :1:1: Premature end of file.
2026-09-25 14:30:10,081 [ERROR] LogOutputStream:75 - [STDERR_REDIRECT] 
2026-09-25 14:30:10,106 [ERROR] LogOutputStream:75 - [STDERR_REDIRECT] [Fatal Error] :1:1: Premature end of file.
2026-09-25 14:30:10,106 [ERROR] LogOutputStream:75 - [STDERR_REDIRECT] 
2026-09-25 14:30:10,169 [ERROR] LogOutputStream:75 - [STDERR_REDIRECT] [Fatal Error] :1:1: Premature end of file.
2026-09-25 14:30:10,169 [ERROR] LogOutputStream:75 - [STDERR_REDIRECT] 
2026-09-25 14:30:10,195 [ERROR] LogOutputStream:75 - [STDERR_REDIRECT] [Fatal Error] :1:1: Premature end of file.
2026-09-25 14:30:10,196 [ERROR] LogOutputStream:75 - [STDERR_REDIRECT] 
2026-09-25 14:30:10,226 [ERROR] LogOutputStream:75 - [STDERR_REDIRECT] [Fatal Error] :1:1: Premature end of file.
2026-09-25 14:30:10,226 [ERROR] LogOutputStream:75 - [STDERR_REDIRECT] 
2026-09-25 14:30:10,286 [ERROR] LogOutputStream:75 - [STDERR_REDIRECT] [Fatal Error] :1:1: Premature end of file.
2026-09-25 14:30:10,287 [ERROR] LogOutputStream:75 - [STDERR_REDIRECT] 
2026-09-25 14:30:10,329 [ERROR] LogOutputStream:75 - [STDERR_REDIRECT] [Fatal Error] :1:1: Premature end of file.
2026-09-25 14:30:10,329 [ERROR] LogOutputStream:75 - [STDERR_REDIRECT] 
2026-09-25 14:30:10,374 [ERROR] LogOutputStream:75 - [STDERR_REDIRECT] [Fatal Error] :1:1: Premature end of file.
2026-09-25 14:30:10,374 [ERROR] LogOutputStream:75 - [STDERR_REDIRECT] 
2026-09-25 14:30:10,419 [ERROR] LogOutputStream:75 - [STDERR_REDIRECT] [Fatal Error] :1:1: Premature end of file.
2026-09-25 14:30:10,419 [ERROR] LogOutputStream:75 - [STDERR_REDIRECT] 
2026-09-25 14:30:10,452 [ERROR] LogOutputStream:75 - [STDERR_REDIRECT] [Fatal Error] :1:1: Premature end of file.
2026-09-25 14:30:10,452 [ERROR] LogOutputStream:75 - [STDERR_REDIRECT] 
2026-09-25 14:30:10,484 [ERROR] LogOutputStream:75 - [STDERR_REDIRECT] [Fatal Error] :1:1: Premature end of file.
2026-09-25 14:30:10,484 [ERROR] LogOutputStream:75 - [STDERR_REDIRECT] 
2026-09-25 14:30:10,513 [ERROR] LogOutputStream:75 - [STDERR_REDIRECT] [Fatal Error] :1:1: Premature end of file.
2026-09-25 14:30:10,513 [ERROR] LogOutputStream:75 - [STDERR_REDIRECT] 
2026-09-25 14:30:10,554 [ERROR] LogOutputStream:75 - [STDERR_REDIRECT] [Fatal Error] :1:1: Premature end of file.
2026-09-25 14:30:10,554 [ERROR] LogOutputStream:75 - [STDERR_REDIRECT] 
2026-09-25 14:30:10,582 [ERROR] LogOutputStream:75 - [STDERR_REDIRECT] [Fatal Error] :1:1: Premature end of file.
2026-09-25 14:30:10,582 [ERROR] LogOutputStream:75 - [STDERR_REDIRECT] 
2026-09-25 14:30:10,615 [ERROR] LogOutputStream:75 - [STDERR_REDIRECT] [Fatal Error] :1:1: Premature end of file.
2026-09-25 14:30:10,615 [ERROR] LogOutputStream:75 - [STDERR_REDIRECT] 
2026-09-25 14:30:10,657 [ERROR] LogOutputStream:75 - [STDERR_REDIRECT] [Fatal Error] :1:1: Premature end of file.
2026-09-25 14:30:10,657 [ERROR] LogOutputStream:75 - [STDERR_REDIRECT] 
2026-09-25 14:30:10,684 [ERROR] LogOutputStream:75 - [STDERR_REDIRECT] [Fatal Error] :1:1: Premature end of file.
2026-09-25 14:30:10,684 [ERROR] LogOutputStream:75 - [STDERR_REDIRECT] 
2026-09-25 14:30:10,715 [ERROR] LogOutputStream:75 - [STDERR_REDIRECT] [Fatal Error] :1:1: Premature end of file.
2026-09-25 14:30:10,715 [ERROR] LogOutputStream:75 - [STDERR_REDIRECT] 
2026-09-25 14:30:10,753 [ERROR] LogOutputStream:75 - [STDERR_REDIRECT] [Fatal Error] :1:1: Premature end of file.
2026-09-25 14:30:10,753 [ERROR] LogOutputStream:75 - [STDERR_REDIRECT] 
2026-09-25 14:30:10,785 [ERROR] LogOutputStream:75 - [STDERR_REDIRECT] [Fatal Error] :1:1: Premature end of file.
2026-09-25 14:30:10,785 [ERROR] LogOutputStream:75 - [STDERR_REDIRECT] 
2026-09-25 14:30:10,824 [ERROR] LogOutputStream:75 - [STDERR_REDIRECT] [Fatal Error] :1:1: Premature end of file.
2026-09-25 14:30:10,824 [ERROR] LogOutputStream:75 - [STDERR_REDIRECT] 
2026-09-25 14:30:10,861 [ERROR] LogOutputStream:75 - [STDERR_REDIRECT] [Fatal Error] :1:1: Premature end of file.
2026-09-25 14:30:10,862 [ERROR] LogOutputStream:75 - [STDERR_REDIRECT] 
2026-09-25 14:30:10,911 [ERROR] LogOutputStream:75 - [STDERR_REDIRECT] [Fatal Error] :1:1: Premature end of file.
2026-09-25 14:30:10,912 [ERROR] LogOutputStream:75 - [STDERR_REDIRECT] 
2026-09-25 14:30:11,017 [ERROR] LogOutputStream:75 - [STDERR_REDIRECT] [Fatal Error] :1:1: Premature end of file.
2026-09-25 14:30:11,017 [ERROR] LogOutputStream:75 - [STDERR_REDIRECT] 
2026-09-25 14:30:11,051 [ERROR] LogOutputStream:75 - [STDERR_REDIRECT] [Fatal Error] :1:1: Premature end of file.
2026-09-25 14:30:11,051 [ERROR] LogOutputStream:75 - [STDERR_REDIRECT] 
2026-09-25 14:30:11,086 [ERROR] LogOutputStream:75 - [STDERR_REDIRECT] [Fatal Error] :1:1: Premature end of file.
2026-09-25 14:30:11,087 [ERROR] LogOutputStream:75 - [STDERR_REDIRECT] 
2026-09-25 14:30:11,116 [ERROR] LogOutputStream:75 - [STDERR_REDIRECT] [Fatal Error] :1:1: Premature end of file.
2026-09-25 14:30:11,117 [ERROR] LogOutputStream:75 - [STDERR_REDIRECT] 
2026-09-25 14:30:11,141 [ERROR] LogOutputStream:75 - [STDERR_REDIRECT] [Fatal Error] :1:1: Premature end of file.
2026-09-25 14:30:11,142 [ERROR] LogOutputStream:75 - [STDERR_REDIRECT] 
2026-09-25 14:30:11,216 [ERROR] LogOutputStream:75 - [STDERR_REDIRECT] [Fatal Error] :1:1: Premature end of file.
2026-09-25 14:30:11,217 [ERROR] LogOutputStream:75 - [STDERR_REDIRECT] 
2026-09-25 14:30:11,243 [ERROR] LogOutputStream:75 - [STDERR_REDIRECT] [Fatal Error] :1:1: Premature end of file.
2026-09-25 14:30:11,243 [ERROR] LogOutputStream:75 - [STDERR_REDIRECT] 
2026-09-25 14:30:11,267 [ERROR] LogOutputStream:75 - [STDERR_REDIRECT] [Fatal Error] :1:1: Premature end of file.
2026-09-25 14:30:11,268 [ERROR] LogOutputStream:75 - [STDERR_REDIRECT] 
2026-09-25 14:30:11,293 [ERROR] LogOutputStream:75 - [STDERR_REDIRECT] [Fatal Error] :1:1: Premature end of file.
2026-09-25 14:30:11,293 [ERROR] LogOutputStream:75 - [STDERR_REDIRECT] 
2026-09-25 14:30:11,319 [ERROR] LogOutputStream:75 - [STDERR_REDIRECT] [Fatal Error] :1:1: Premature end of file.
2026-09-25 14:30:11,320 [ERROR] LogOutputStream:75 - [STDERR_REDIRECT] 
2026-09-25 14:30:11,345 [ERROR] LogOutputStream:75 - [STDERR_REDIRECT] [Fatal Error] :1:1: Premature end of file.
2026-09-25 14:30:11,345 [ERROR] LogOutputStream:75 - [STDERR_REDIRECT] 
2026-09-25 14:30:11,369 [ERROR] LogOutputStream:75 - [STDERR_REDIRECT] [Fatal Error] :1:1: Premature end of file.
2026-09-25 14:30:11,370 [ERROR] LogOutputStream:75 - [STDERR_REDIRECT] 
2026-09-25 14:30:11,392 [ERROR] LogOutputStream:75 - [STDERR_REDIRECT] [Fatal Error] :1:1: Premature end of file.
2026-09-25 14:30:11,392 [ERROR] LogOutputStream:75 - [STDERR_REDIRECT] 
2026-09-25 14:30:11,415 [ERROR] LogOutputStream:75 - [STDERR_REDIRECT] [Fatal Error] :1:1: Premature end of file.
2026-09-25 14:30:11,415 [ERROR] LogOutputStream:75 - [STDERR_REDIRECT] 
2026-09-25 14:30:11,461 [ERROR] LogOutputStream:75 - [STDERR_REDIRECT] [Fatal Error] :1:1: Premature end of file.
2026-09-25 14:30:11,461 [ERROR] LogOutputStream:75 - [STDERR_REDIRECT] 
2026-09-25 14:30:11,498 [ERROR] LogOutputStream:75 - [STDERR_REDIRECT] [Fatal Error] :1:1: Premature end of file.
2026-09-25 14:30:11,498 [ERROR] LogOutputStream:75 - [STDERR_REDIRECT] 
2026-09-25 14:30:11,533 [ERROR] LogOutputStream:75 - [STDERR_REDIRECT] [Fatal Error] :1:1: Premature end of file.
2026-09-25 14:30:11,534 [ERROR] LogOutputStream:75 - [STDERR_REDIRECT] 
2026-09-25 14:30:11,566 [ERROR] LogOutputStream:75 - [STDERR_REDIRECT] [Fatal Error] :1:1: Premature end of file.
2026-09-25 14:30:11,566 [ERROR] LogOutputStream:75 - [STDERR_REDIRECT] 
2026-09-25 14:30:11,592 [ERROR] LogOutputStream:75 - [STDERR_REDIRECT] [Fatal Error] :1:1: Premature end of file.
2026-09-25 14:30:11,592 [ERROR] LogOutputStream:75 - [STDERR_REDIRECT] 
2026-09-25 14:30:11,618 [ERROR] LogOutputStream:75 - [STDERR_REDIRECT] [Fatal Error] :1:1: Premature end of file.
2026-09-25 14:30:11,618 [ERROR] LogOutputStream:75 - [STDERR_REDIRECT] 
2026-09-25 14:30:11,654 [ERROR] LogOutputStream:75 - [STDERR_REDIRECT] [Fatal Error] :1:1: Premature end of file.
2026-09-25 14:30:11,654 [ERROR] LogOutputStream:75 - [STDERR_REDIRECT] 
2026-09-25 14:30:11,687 [ERROR] LogOutputStream:75 - [STDERR_REDIRECT] [Fatal Error] :1:1: Premature end of file.
2026-09-25 14:30:11,688 [ERROR] LogOutputStream:75 - [STDERR_REDIRECT] 
2026-09-25 14:30:11,728 [ERROR] LogOutputStream:75 - [STDERR_REDIRECT] [Fatal Error] :1:1: Premature end of file.
2026-09-25 14:30:11,728 [ERROR] LogOutputStream:75 - [STDERR_REDIRECT] 
2026-09-25 14:30:11,756 [ERROR] LogOutputStream:75 - [STDERR_REDIRECT] [Fatal Error] :1:1: Premature end of file.
2026-09-25 14:30:11,756 [ERROR] LogOutputStream:75 - [STDERR_REDIRECT] 
2026-09-25 14:30:11,789 [ERROR] LogOutputStream:75 - [STDERR_REDIRECT] [Fatal Error] :1:1: Premature end of file.
2026-09-25 14:30:11,789 [ERROR] LogOutputStream:75 - [STDERR_REDIRECT] 
2026-09-25 14:30:11,824 [ERROR] LogOutputStream:75 - [STDERR_REDIRECT] [Fatal Error] :1:1: Premature end of file.
2026-09-25 14:30:11,824 [ERROR] LogOutputStream:75 - [STDERR_REDIRECT] 
2026-09-25 14:30:11,886 [ERROR] LogOutputStream:75 - [STDERR_REDIRECT] [Fatal Error] :1:1: Premature end of file.
2026-09-25 14:30:11,886 [ERROR] LogOutputStream:75 - [STDERR_REDIRECT] 
2026-09-25 14:30:11,939 [ERROR] LogOutputStream:75 - [STDERR_REDIRECT] [Fatal Error] :1:1: Premature end of file.
2026-09-25 14:30:11,940 [ERROR] LogOutputStream:75 - [STDERR_REDIRECT] 
2026-09-25 14:30:11,977 [ERROR] LogOutputStream:75 - [STDERR_REDIRECT] [Fatal Error] :1:1: Premature end of file.
2026-09-25 14:30:11,977 [ERROR] LogOutputStream:75 - [STDERR_REDIRECT] 
2026-09-25 14:30:12,009 [ERROR] LogOutputStream:75 - [STDERR_REDIRECT] [Fatal Error] :1:1: Premature end of file.
2026-09-25 14:30:12,009 [ERROR] LogOutputStream:75 - [STDERR_REDIRECT] 
2026-09-25 14:30:12,041 [ERROR] LogOutputStream:75 - [STDERR_REDIRECT] [Fatal Error] :1:1: Premature end of file.
2026-09-25 14:30:12,041 [ERROR] LogOutputStream:75 - [STDERR_REDIRECT] 
2026-09-25 14:30:12,074 [ERROR] LogOutputStream:75 - [STDERR_REDIRECT] [Fatal Error] :1:1: Premature end of file.
2026-09-25 14:30:12,075 [ERROR] LogOutputStream:75 - [STDERR_REDIRECT] 
2026-09-25 14:30:12,102 [ERROR] LogOutputStream:75 - [STDERR_REDIRECT] [Fatal Error] :1:1: Premature end of file.
2026-09-25 14:30:12,102 [ERROR] LogOutputStream:75 - [STDERR_REDIRECT] 
2026-09-25 14:30:12,128 [ERROR] LogOutputStream:75 - [STDERR_REDIRECT] [Fatal Error] :1:1: Premature end of file.
2026-09-25 14:30:12,128 [ERROR] LogOutputStream:75 - [STDERR_REDIRECT] 
2026-09-25 14:30:12,159 [ERROR] LogOutputStream:75 - [STDERR_REDIRECT] [Fatal Error] :1:1: Premature end of file.
2026-09-25 14:30:12,159 [ERROR] LogOutputStream:75 - [STDERR_REDIRECT] 
2026-09-25 14:30:12,191 [ERROR] LogOutputStream:75 - [STDERR_REDIRECT] [Fatal Error] :1:1: Premature end of file.
2026-09-25 14:30:12,191 [ERROR] LogOutputStream:75 - [STDERR_REDIRECT] 
2026-09-25 14:30:12,222 [ERROR] LogOutputStream:75 - [STDERR_REDIRECT] [Fatal Error] :1:1: Premature end of file.
2026-09-25 14:30:12,223 [ERROR] LogOutputStream:75 - [STDERR_REDIRECT] 
2026-09-25 14:30:12,250 [ERROR] LogOutputStream:75 - [STDERR_REDIRECT] [Fatal Error] :1:1: Premature end of file.
2026-09-25 14:30:12,250 [ERROR] LogOutputStream:75 - [STDERR_REDIRECT] 
2026-09-25 14:30:12,278 [ERROR] LogOutputStream:75 - [STDERR_REDIRECT] [Fatal Error] :1:1: Premature end of file.
2026-09-25 14:30:12,278 [ERROR] LogOutputStream:75 - [STDERR_REDIRECT] 
2026-09-25 14:30:12,307 [ERROR] LogOutputStream:75 - [STDERR_REDIRECT] [Fatal Error] :1:1: Premature end of file.
2026-09-25 14:30:12,307 [ERROR] LogOutputStream:75 - [STDERR_REDIRECT] 
2026-09-25 14:30:12,334 [ERROR] LogOutputStream:75 - [STDERR_REDIRECT] [Fatal Error] :1:1: Premature end of file.
2026-09-25 14:30:12,334 [ERROR] LogOutputStream:75 - [STDERR_REDIRECT] 
2026-09-25 14:30:12,361 [ERROR] LogOutputStream:75 - [STDERR_REDIRECT] [Fatal Error] :1:1: Premature end of file.
2026-09-25 14:30:12,361 [ERROR] LogOutputStream:75 - [STDERR_REDIRECT] 
2026-09-25 14:30:12,394 [ERROR] LogOutputStream:75 - [STDERR_REDIRECT] [Fatal Error] :1:1: Premature end of file.
2026-09-25 14:30:12,395 [ERROR] LogOutputStream:75 - [STDERR_REDIRECT] 
2026-09-25 14:30:12,421 [ERROR] LogOutputStream:75 - [STDERR_REDIRECT] [Fatal Error] :1:1: Premature end of file.
2026-09-25 14:30:12,422 [ERROR] LogOutputStream:75 - [STDERR_REDIRECT] 
2026-09-25 14:30:12,445 [ERROR] LogOutputStream:75 - [STDERR_REDIRECT] [Fatal Error] :1:1: Premature end of file.
2026-09-25 14:30:12,445 [ERROR] LogOutputStream:75 - [STDERR_REDIRECT] 
2026-09-25 14:30:12,473 [ERROR] LogOutputStream:75 - [STDERR_REDIRECT] [Fatal Error] :1:1: Premature end of file.
2026-09-25 14:30:12,473 [ERROR] LogOutputStream:75 - [STDERR_REDIRECT] 
2026-09-25 14:30:12,569 [ERROR] LogOutputStream:75 - [STDERR_REDIRECT] [Fatal Error] :1:1: Premature end of file.
2026-09-25 14:30:12,569 [ERROR] LogOutputStream:75 - [STDERR_REDIRECT] 
2026-09-25 14:30:12,615 [ERROR] LogOutputStream:75 - [STDERR_REDIRECT] [Fatal Error] :1:1: Premature end of file.
2026-09-25 14:30:12,615 [ERROR] LogOutputStream:75 - [STDERR_REDIRECT] 
2026-09-25 14:30:12,646 [ERROR] LogOutputStream:75 - [STDERR_REDIRECT] [Fatal Error] :1:1: Premature end of file.
2026-09-25 14:30:12,646 [ERROR] LogOutputStream:75 - [STDERR_REDIRECT] 
2026-09-25 14:30:12,676 [ERROR] LogOutputStream:75 - [STDERR_REDIRECT] [Fatal Error] :1:1: Premature end of file.
2026-09-25 14:30:12,676 [ERROR] LogOutputStream:75 - [STDERR_REDIRECT] 
2026-09-25 14:30:12,708 [ERROR] LogOutputStream:75 - [STDERR_REDIRECT] [Fatal Error] :1:1: Premature end of file.
2026-09-25 14:30:12,708 [ERROR] LogOutputStream:75 - [STDERR_REDIRECT] 
2026-09-25 14:30:12,743 [ERROR] LogOutputStream:75 - [STDERR_REDIRECT] [Fatal Error] :1:1: Premature end of file.
2026-09-25 14:30:12,743 [ERROR] LogOutputStream:75 - [STDERR_REDIRECT] 
2026-09-25 14:30:12,828 [ERROR] LogOutputStream:75 - [STDERR_REDIRECT] [Fatal Error] :1:1: Premature end of file.
2026-09-25 14:30:12,828 [ERROR] LogOutputStream:75 - [STDERR_REDIRECT] 
2026-09-25 14:30:12,874 [ERROR] LogOutputStream:75 - [STDERR_REDIRECT] [Fatal Error] :1:1: Premature end of file.
2026-09-25 14:30:12,874 [ERROR] LogOutputStream:75 - [STDERR_REDIRECT] 
2026-09-25 14:30:12,909 [ERROR] LogOutputStream:75 - [STDERR_REDIRECT] [Fatal Error] :1:1: Premature end of file.
2026-09-25 14:30:12,910 [ERROR] LogOutputStream:75 - [STDERR_REDIRECT] 
2026-09-25 14:30:12,942 [ERROR] LogOutputStream:75 - [STDERR_REDIRECT] [Fatal Error] :1:1: Premature end of file.
2026-09-25 14:30:12,943 [ERROR] LogOutputStream:75 - [STDERR_REDIRECT] 
2026-09-25 14:30:13,012 [ERROR] LogOutputStream:75 - [STDERR_REDIRECT] [Fatal Error] :1:1: Premature end of file.
2026-09-25 14:30:13,012 [ERROR] LogOutputStream:75 - [STDERR_REDIRECT] 
2026-09-25 14:30:13,043 [ERROR] LogOutputStream:75 - [STDERR_REDIRECT] [Fatal Error] :1:1: Premature end of file.
2026-09-25 14:30:13,043 [ERROR] LogOutputStream:75 - [STDERR_REDIRECT] 
2026-09-25 14:30:13,081 [ERROR] LogOutputStream:75 - [STDERR_REDIRECT] [Fatal Error] :1:1: Premature end of file.
2026-09-25 14:30:13,081 [ERROR] LogOutputStream:75 - [STDERR_REDIRECT] 
2026-09-25 14:30:13,117 [ERROR] LogOutputStream:75 - [STDERR_REDIRECT] [Fatal Error] :1:1: Premature end of file.
2026-09-25 14:30:13,118 [ERROR] LogOutputStream:75 - [STDERR_REDIRECT] 
2026-09-25 14:30:13,159 [ERROR] LogOutputStream:75 - [STDERR_REDIRECT] [Fatal Error] :1:1: Premature end of file.
2026-09-25 14:30:13,159 [ERROR] LogOutputStream:75 - [STDERR_REDIRECT] 
2026-09-25 14:30:13,196 [ERROR] LogOutputStream:75 - [STDERR_REDIRECT] [Fatal Error] :1:1: Premature end of file.
2026-09-25 14:30:13,197 [ERROR] LogOutputStream:75 - [STDERR_REDIRECT] 
2026-09-25 14:30:13,229 [ERROR] LogOutputStream:75 - [STDERR_REDIRECT] [Fatal Error] :1:1: Premature end of file.
2026-09-25 14:30:13,229 [ERROR] LogOutputStream:75 - [STDERR_REDIRECT] 
2026-09-25 14:30:13,264 [ERROR] LogOutputStream:75 - [STDERR_REDIRECT] [Fatal Error] :1:1: Premature end of file.
2026-09-25 14:30:13,264 [ERROR] LogOutputStream:75 - [STDERR_REDIRECT] 
2026-09-25 14:30:13,294 [ERROR] LogOutputStream:75 - [STDERR_REDIRECT] [Fatal Error] :1:1: Premature end of file.
2026-09-25 14:30:13,294 [ERROR] LogOutputStream:75 - [STDERR_REDIRECT] 
2026-09-25 14:30:13,326 [ERROR] LogOutputStream:75 - [STDERR_REDIRECT] [Fatal Error] :1:1: Premature end of file.
2026-09-25 14:30:13,326 [ERROR] LogOutputStream:75 - [STDERR_REDIRECT] 
2026-09-25 14:30:13,359 [ERROR] LogOutputStream:75 - [STDERR_REDIRECT] [Fatal Error] :1:1: Premature end of file.
2026-09-25 14:30:13,360 [ERROR] LogOutputStream:75 - [STDERR_REDIRECT] 
2026-09-25 14:30:13,387 [ERROR] LogOutputStream:75 - [STDERR_REDIRECT] [Fatal Error] :1:1: Premature end of file.
2026-09-25 14:30:13,388 [ERROR] LogOutputStream:75 - [STDERR_REDIRECT] 
2026-09-25 14:30:13,418 [ERROR] LogOutputStream:75 - [STDERR_REDIRECT] [Fatal Error] :1:1: Premature end of file.
2026-09-25 14:30:13,418 [ERROR] LogOutputStream:75 - [STDERR_REDIRECT] 
2026-09-25 14:30:13,515 [ERROR] LogOutputStream:75 - [STDERR_REDIRECT] [Fatal Error] :1:1: Premature end of file.
2026-09-25 14:30:13,515 [ERROR] LogOutputStream:75 - [STDERR_REDIRECT] 
2026-09-25 14:30:13,549 [ERROR] LogOutputStream:75 - [STDERR_REDIRECT] [Fatal Error] :1:1: Premature end of file.
2026-09-25 14:30:13,550 [ERROR] LogOutputStream:75 - [STDERR_REDIRECT] 
2026-09-25 14:30:13,578 [ERROR] LogOutputStream:75 - [STDERR_REDIRECT] [Fatal Error] :1:1: Premature end of file.
2026-09-25 14:30:13,579 [ERROR] LogOutputStream:75 - [STDERR_REDIRECT] 
2026-09-25 14:30:13,617 [ERROR] LogOutputStream:75 - [STDERR_REDIRECT] [Fatal Error] :1:1: Premature end of file.
2026-09-25 14:30:13,617 [ERROR] LogOutputStream:75 - [STDERR_REDIRECT] 
2026-09-25 14:30:13,646 [ERROR] LogOutputStream:75 - [STDERR_REDIRECT] [Fatal Error] :1:1: Premature end of file.
2026-09-25 14:30:13,646 [ERROR] LogOutputStream:75 - [STDERR_REDIRECT] 
2026-09-25 14:30:13,676 [ERROR] LogOutputStream:75 - [STDERR_REDIRECT] [Fatal Error] :1:1: Premature end of file.
2026-09-25 14:30:13,676 [ERROR] LogOutputStream:75 - [STDERR_REDIRECT] 
2026-09-25 14:30:13,713 [ERROR] LogOutputStream:75 - [STDERR_REDIRECT] [Fatal Error] :1:1: Premature end of file.
2026-09-25 14:30:13,713 [ERROR] LogOutputStream:75 - [STDERR_REDIRECT] 
2026-09-25 14:30:13,742 [ERROR] LogOutputStream:75 - [STDERR_REDIRECT] [Fatal Error] :1:1: Premature end of file.
2026-09-25 14:30:13,743 [ERROR] LogOutputStream:75 - [STDERR_REDIRECT] 
2026-09-25 14:30:13,767 [ERROR] LogOutputStream:75 - [STDERR_REDIRECT] [Fatal Error] :1:1: Premature end of file.
2026-09-25 14:30:13,767 [ERROR] LogOutputStream:75 - [STDERR_REDIRECT] 
2026-09-25 14:30:13,793 [ERROR] LogOutputStream:75 - [STDERR_REDIRECT] [Fatal Error] :1:1: Premature end of file.
2026-09-25 14:30:13,794 [ERROR] LogOutputStream:75 - [STDERR_REDIRECT] 
2026-09-25 14:30:13,824 [ERROR] LogOutputStream:75 - [STDERR_REDIRECT] [Fatal Error] :1:1: Premature end of file.
2026-09-25 14:30:13,824 [ERROR] LogOutputStream:75 - [STDERR_REDIRECT] 
2026-09-25 14:30:13,848 [ERROR] LogOutputStream:75 - [STDERR_REDIRECT] [Fatal Error] :1:1: Premature end of file.
2026-09-25 14:30:13,848 [ERROR] LogOutputStream:75 - [STDERR_REDIRECT] 
2026-09-25 14:30:13,873 [ERROR] LogOutputStream:75 - [STDERR_REDIRECT] [Fatal Error] :1:1: Premature end of file.
2026-09-25 14:30:13,873 [ERROR] LogOutputStream:75 - [STDERR_REDIRECT] 
2026-09-25 14:30:13,899 [ERROR] LogOutputStream:75 - [STDERR_REDIRECT] [Fatal Error] :1:1: Premature end of file.
2026-09-25 14:30:13,899 [ERROR] LogOutputStream:75 - [STDERR_REDIRECT] 
2026-09-25 14:30:13,923 [ERROR] LogOutputStream:75 - [STDERR_REDIRECT] [Fatal Error] :1:1: Premature end of file.
2026-09-25 14:30:13,923 [ERROR] LogOutputStream:75 - [STDERR_REDIRECT] 
2026-09-25 14:30:13,947 [ERROR] LogOutputStream:75 - [STDERR_REDIRECT] [Fatal Error] :1:1: Premature end of file.
2026-09-25 14:30:13,948 [ERROR] LogOutputStream:75 - [STDERR_REDIRECT] 
2026-09-25 14:30:13,971 [ERROR] LogOutputStream:75 - [STDERR_REDIRECT] [Fatal Error] :1:1: Premature end of file.
2026-09-25 14:30:13,972 [ERROR] LogOutputStream:75 - [STDERR_REDIRECT] 
2026-09-25 14:30:13,997 [ERROR] LogOutputStream:75 - [STDERR_REDIRECT] [Fatal Error] :1:1: Premature end of file.
2026-09-25 14:30:13,997 [ERROR] LogOutputStream:75 - [STDERR_REDIRECT] 
2026-09-25 14:30:14,023 [ERROR] LogOutputStream:75 - [STDERR_REDIRECT] [Fatal Error] :1:1: Premature end of file.
2026-09-25 14:30:14,023 [ERROR] LogOutputStream:75 - [STDERR_REDIRECT] 
2026-09-25 14:30:14,048 [ERROR] LogOutputStream:75 - [STDERR_REDIRECT] [Fatal Error] :1:1: Premature end of file.
2026-09-25 14:30:14,048 [ERROR] LogOutputStream:75 - [STDERR_REDIRECT] 
2026-09-25 14:30:14,074 [ERROR] LogOutputStream:75 - [STDERR_REDIRECT] [Fatal Error] :1:1: Premature end of file.
2026-09-25 14:30:14,074 [ERROR] LogOutputStream:75 - [STDERR_REDIRECT] 
2026-09-25 14:30:14,099 [ERROR] LogOutputStream:75 - [STDERR_REDIRECT] [Fatal Error] :1:1: Premature end of file.
2026-09-25 14:30:14,099 [ERROR] LogOutputStream:75 - [STDERR_REDIRECT] 
2026-09-25 14:30:14,125 [ERROR] LogOutputStream:75 - [STDERR_REDIRECT] [Fatal Error] :1:1: Premature end of file.
2026-09-25 14:30:14,125 [ERROR] LogOutputStream:75 - [STDERR_REDIRECT] 
2026-09-25 14:30:18,588 [ERROR] LogOutputStream:75 - [STDERR_REDIRECT] [Fatal Error] :1:1: Premature end of file.
2026-09-25 14:30:18,596 [ERROR] LogOutputStream:75 - [STDERR_REDIRECT] 
2026-09-25 14:30:18,649 [ERROR] LogOutputStream:75 - [STDERR_REDIRECT] [Fatal Error] :1:1: Premature end of file.
2026-09-25 14:30:18,649 [ERROR] LogOutputStream:75 - [STDERR_REDIRECT] 
2026-09-25 14:30:18,678 [ERROR] LogOutputStream:75 - [STDERR_REDIRECT] [Fatal Error] :1:1: Premature end of file.
2026-09-25 14:30:18,679 [ERROR] LogOutputStream:75 - [STDERR_REDIRECT] 
2026-09-25 14:30:18,741 [ERROR] LogOutputStream:75 - [STDERR_REDIRECT] [Fatal Error] :1:1: Premature end of file.
2026-09-25 14:30:18,741 [ERROR] LogOutputStream:75 - [STDERR_REDIRECT] 
2026-09-25 14:30:18,777 [ERROR] LogOutputStream:75 - [STDERR_REDIRECT] [Fatal Error] :1:1: Premature end of file.
2026-09-25 14:30:18,777 [ERROR] LogOutputStream:75 - [STDERR_REDIRECT] 
2026-09-25 14:30:18,810 [ERROR] LogOutputStream:75 - [STDERR_REDIRECT] [Fatal Error] :1:1: Premature end of file.
2026-09-25 14:30:18,811 [ERROR] LogOutputStream:75 - [STDERR_REDIRECT] 
2026-09-25 14:30:18,847 [ERROR] LogOutputStream:75 - [STDERR_REDIRECT] [Fatal Error] :1:1: Premature end of file.
2026-09-25 14:30:18,848 [ERROR] LogOutputStream:75 - [STDERR_REDIRECT] 
2026-09-25 14:30:18,876 [ERROR] LogOutputStream:75 - [STDERR_REDIRECT] [Fatal Error] :1:1: Premature end of file.
2026-09-25 14:30:18,876 [ERROR] LogOutputStream:75 - [STDERR_REDIRECT] 
2026-09-25 14:30:18,899 [ERROR] LogOutputStream:75 - [STDERR_REDIRECT] [Fatal Error] :1:1: Premature end of file.
2026-09-25 14:30:18,900 [ERROR] LogOutputStream:75 - [STDERR_REDIRECT] 
2026-09-25 14:30:18,926 [ERROR] LogOutputStream:75 - [STDERR_REDIRECT] [Fatal Error] :1:1: Premature end of file.
2026-09-25 14:30:18,926 [ERROR] LogOutputStream:75 - [STDERR_REDIRECT] 
2026-09-25 14:30:18,953 [ERROR] LogOutputStream:75 - [STDERR_REDIRECT] [Fatal Error] :1:1: Premature end of file.
2026-09-25 14:30:18,953 [ERROR] LogOutputStream:75 - [STDERR_REDIRECT] 
2026-09-25 14:30:18,978 [ERROR] LogOutputStream:75 - [STDERR_REDIRECT] [Fatal Error] :1:1: Premature end of file.
2026-09-25 14:30:18,978 [ERROR] LogOutputStream:75 - [STDERR_REDIRECT] 
2026-09-25 14:30:19,003 [ERROR] LogOutputStream:75 - [STDERR_REDIRECT] [Fatal Error] :1:1: Premature end of file.
2026-09-25 14:30:19,003 [ERROR] LogOutputStream:75 - [STDERR_REDIRECT] 
2026-09-25 14:30:19,028 [ERROR] LogOutputStream:75 - [STDERR_REDIRECT] [Fatal Error] :1:1: Premature end of file.
2026-09-25 14:30:19,028 [ERROR] LogOutputStream:75 - [STDERR_REDIRECT] 
2026-09-25 14:30:19,056 [ERROR] LogOutputStream:75 - [STDERR_REDIRECT] [Fatal Error] :1:1: Premature end of file.
2026-09-25 14:30:19,056 [ERROR] LogOutputStream:75 - [STDERR_REDIRECT] 
2026-09-25 14:30:19,084 [ERROR] LogOutputStream:75 - [STDERR_REDIRECT] [Fatal Error] :1:1: Premature end of file.
2026-09-25 14:30:19,084 [ERROR] LogOutputStream:75 - [STDERR_REDIRECT] 
2026-09-25 14:30:19,111 [ERROR] LogOutputStream:75 - [STDERR_REDIRECT] [Fatal Error] :1:1: Premature end of file.
2026-09-25 14:30:19,112 [ERROR] LogOutputStream:75 - [STDERR_REDIRECT] 
2026-09-25 14:30:19,139 [ERROR] LogOutputStream:75 - [STDERR_REDIRECT] [Fatal Error] :1:1: Premature end of file.
2026-09-25 14:30:19,139 [ERROR] LogOutputStream:75 - [STDERR_REDIRECT] 
2026-09-25 14:30:19,166 [ERROR] LogOutputStream:75 - [STDERR_REDIRECT] [Fatal Error] :1:1: Premature end of file.
2026-09-25 14:30:19,166 [ERROR] LogOutputStream:75 - [STDERR_REDIRECT] 
2026-09-25 14:30:19,193 [ERROR] LogOutputStream:75 - [STDERR_REDIRECT] [Fatal Error] :1:1: Premature end of file.
2026-09-25 14:30:19,193 [ERROR] LogOutputStream:75 - [STDERR_REDIRECT] 
2026-09-25 14:30:19,218 [ERROR] LogOutputStream:75 - [STDERR_REDIRECT] [Fatal Error] :1:1: Premature end of file.
2026-09-25 14:30:19,218 [ERROR] LogOutputStream:75 - [STDERR_REDIRECT] 
2026-09-25 14:30:19,243 [ERROR] LogOutputStream:75 - [STDERR_REDIRECT] [Fatal Error] :1:1: Premature end of file.
2026-09-25 14:30:19,243 [ERROR] LogOutputStream:75 - [STDERR_REDIRECT] 
2026-09-25 14:30:19,268 [ERROR] LogOutputStream:75 - [STDERR_REDIRECT] [Fatal Error] :1:1: Premature end of file.
2026-09-25 14:30:19,268 [ERROR] LogOutputStream:75 - [STDERR_REDIRECT] 
2026-09-25 14:30:19,296 [ERROR] LogOutputStream:75 - [STDERR_REDIRECT] [Fatal Error] :1:1: Premature end of file.
2026-09-25 14:30:19,296 [ERROR] LogOutputStream:75 - [STDERR_REDIRECT] 
2026-09-25 14:30:19,322 [ERROR] LogOutputStream:75 - [STDERR_REDIRECT] [Fatal Error] :1:1: Premature end of file.
2026-09-25 14:30:19,322 [ERROR] LogOutputStream:75 - [STDERR_REDIRECT] 
2026-09-25 14:30:19,346 [ERROR] LogOutputStream:75 - [STDERR_REDIRECT] [Fatal Error] :1:1: Premature end of file.
2026-09-25 14:30:19,346 [ERROR] LogOutputStream:75 - [STDERR_REDIRECT] 
2026-09-25 14:30:19,372 [ERROR] LogOutputStream:75 - [STDERR_REDIRECT] [Fatal Error] :1:1: Premature end of file.
2026-09-25 14:30:19,372 [ERROR] LogOutputStream:75 - [STDERR_REDIRECT] 
2026-09-25 14:30:19,398 [ERROR] LogOutputStream:75 - [STDERR_REDIRECT] [Fatal Error] :1:1: Premature end of file.
2026-09-25 14:30:19,398 [ERROR] LogOutputStream:75 - [STDERR_REDIRECT] 
2026-09-25 14:30:19,448 [ERROR] LogOutputStream:75 - [STDERR_REDIRECT] [Fatal Error] :1:1: Premature end of file.
2026-09-25 14:30:19,448 [ERROR] LogOutputStream:75 - [STDERR_REDIRECT] 
2026-09-25 14:30:19,476 [ERROR] LogOutputStream:75 - [STDERR_REDIRECT] [Fatal Error] :1:1: Premature end of file.
2026-09-25 14:30:19,476 [ERROR] LogOutputStream:75 - [STDERR_REDIRECT] 
2026-09-25 14:30:19,506 [ERROR] LogOutputStream:75 - [STDERR_REDIRECT] [Fatal Error] :1:1: Premature end of file.
2026-09-25 14:30:19,507 [ERROR] LogOutputStream:75 - [STDERR_REDIRECT] 
2026-09-25 14:30:19,539 [ERROR] LogOutputStream:75 - [STDERR_REDIRECT] [Fatal Error] :1:1: Premature end of file.
2026-09-25 14:30:19,539 [ERROR] LogOutputStream:75 - [STDERR_REDIRECT] 
2026-09-25 14:30:19,566 [ERROR] LogOutputStream:75 - [STDERR_REDIRECT] [Fatal Error] :1:1: Premature end of file.
2026-09-25 14:30:19,567 [ERROR] LogOutputStream:75 - [STDERR_REDIRECT] 
2026-09-25 14:30:19,595 [ERROR] LogOutputStream:75 - [STDERR_REDIRECT] [Fatal Error] :1:1: Premature end of file.
2026-09-25 14:30:19,595 [ERROR] LogOutputStream:75 - [STDERR_REDIRECT] 
2026-09-25 14:30:19,622 [ERROR] LogOutputStream:75 - [STDERR_REDIRECT] [Fatal Error] :1:1: Premature end of file.
2026-09-25 14:30:19,622 [ERROR] LogOutputStream:75 - [STDERR_REDIRECT] 
2026-09-25 14:30:19,646 [ERROR] LogOutputStream:75 - [STDERR_REDIRECT] [Fatal Error] :1:1: Premature end of file.
2026-09-25 14:30:19,647 [ERROR] LogOutputStream:75 - [STDERR_REDIRECT] 
2026-09-25 14:30:19,674 [ERROR] LogOutputStream:75 - [STDERR_REDIRECT] [Fatal Error] :1:1: Premature end of file.
2026-09-25 14:30:19,675 [ERROR] LogOutputStream:75 - [STDERR_REDIRECT] 
2026-09-25 14:30:19,703 [ERROR] LogOutputStream:75 - [STDERR_REDIRECT] [Fatal Error] :1:1: Premature end of file.
2026-09-25 14:30:19,703 [ERROR] LogOutputStream:75 - [STDERR_REDIRECT] 
2026-09-25 14:30:19,730 [ERROR] LogOutputStream:75 - [STDERR_REDIRECT] [Fatal Error] :1:1: Premature end of file.
2026-09-25 14:30:19,730 [ERROR] LogOutputStream:75 - [STDERR_REDIRECT] 
2026-09-25 14:30:19,759 [ERROR] LogOutputStream:75 - [STDERR_REDIRECT] [Fatal Error] :1:1: Premature end of file.
2026-09-25 14:30:19,760 [ERROR] LogOutputStream:75 - [STDERR_REDIRECT] 
2026-09-25 14:30:19,787 [ERROR] LogOutputStream:75 - [STDERR_REDIRECT] [Fatal Error] :1:1: Premature end of file.
2026-09-25 14:30:19,788 [ERROR] LogOutputStream:75 - [STDERR_REDIRECT] 
2026-09-25 14:30:19,815 [ERROR] LogOutputStream:75 - [STDERR_REDIRECT] [Fatal Error] :1:1: Premature end of file.
2026-09-25 14:30:19,815 [ERROR] LogOutputStream:75 - [STDERR_REDIRECT] 
2026-09-25 14:30:19,846 [ERROR] LogOutputStream:75 - [STDERR_REDIRECT] [Fatal Error] :1:1: Premature end of file.
2026-09-25 14:30:19,846 [ERROR] LogOutputStream:75 - [STDERR_REDIRECT] 
2026-09-25 14:30:19,873 [ERROR] LogOutputStream:75 - [STDERR_REDIRECT] [Fatal Error] :1:1: Premature end of file.
2026-09-25 14:30:19,873 [ERROR] LogOutputStream:75 - [STDERR_REDIRECT] 
2026-09-25 14:30:19,900 [ERROR] LogOutputStream:75 - [STDERR_REDIRECT] [Fatal Error] :1:1: Premature end of file.
2026-09-25 14:30:19,900 [ERROR] LogOutputStream:75 - [STDERR_REDIRECT] 
2026-09-25 14:30:19,926 [ERROR] LogOutputStream:75 - [STDERR_REDIRECT] [Fatal Error] :1:1: Premature end of file.
2026-09-25 14:30:19,926 [ERROR] LogOutputStream:75 - [STDERR_REDIRECT] 
2026-09-25 14:30:19,952 [ERROR] LogOutputStream:75 - [STDERR_REDIRECT] [Fatal Error] :1:1: Premature end of file.
2026-09-25 14:30:19,953 [ERROR] LogOutputStream:75 - [STDERR_REDIRECT] 
2026-09-25 14:30:19,977 [ERROR] LogOutputStream:75 - [STDERR_REDIRECT] [Fatal Error] :1:1: Premature end of file.
2026-09-25 14:30:19,977 [ERROR] LogOutputStream:75 - [STDERR_REDIRECT] 
2026-09-25 14:30:20,004 [ERROR] LogOutputStream:75 - [STDERR_REDIRECT] [Fatal Error] :1:1: Premature end of file.
2026-09-25 14:30:20,004 [ERROR] LogOutputStream:75 - [STDERR_REDIRECT] 
2026-09-25 14:30:20,031 [ERROR] LogOutputStream:75 - [STDERR_REDIRECT] [Fatal Error] :1:1: Premature end of file.
2026-09-25 14:30:20,032 [ERROR] LogOutputStream:75 - [STDERR_REDIRECT] 
2026-09-25 14:30:20,061 [ERROR] LogOutputStream:75 - [STDERR_REDIRECT] [Fatal Error] :1:1: Premature end of file.
2026-09-25 14:30:20,061 [ERROR] LogOutputStream:75 - [STDERR_REDIRECT] 
2026-09-25 14:30:20,090 [ERROR] LogOutputStream:75 - [STDERR_REDIRECT] [Fatal Error] :1:1: Premature end of file.
2026-09-25 14:30:20,090 [ERROR] LogOutputStream:75 - [STDERR_REDIRECT] 
2026-09-25 14:30:20,113 [ERROR] LogOutputStream:75 - [STDERR_REDIRECT] [Fatal Error] :1:1: Premature end of file.
2026-09-25 14:30:20,114 [ERROR] LogOutputStream:75 - [STDERR_REDIRECT] 
2026-09-25 14:30:20,138 [ERROR] LogOutputStream:75 - [STDERR_REDIRECT] [Fatal Error] :1:1: Premature end of file.
2026-09-25 14:30:20,139 [ERROR] LogOutputStream:75 - [STDERR_REDIRECT] 
2026-09-25 14:30:20,165 [ERROR] LogOutputStream:75 - [STDERR_REDIRECT] [Fatal Error] :1:1: Premature end of file.
2026-09-25 14:30:20,166 [ERROR] LogOutputStream:75 - [STDERR_REDIRECT] 
2026-09-25 14:30:20,193 [ERROR] LogOutputStream:75 - [STDERR_REDIRECT] [Fatal Error] :1:1: Premature end of file.
2026-09-25 14:30:20,193 [ERROR] LogOutputStream:75 - [STDERR_REDIRECT] 
2026-09-25 14:30:20,218 [ERROR] LogOutputStream:75 - [STDERR_REDIRECT] [Fatal Error] :1:1: Premature end of file.
2026-09-25 14:30:20,218 [ERROR] LogOutputStream:75 - [STDERR_REDIRECT] 
2026-09-25 14:30:20,243 [ERROR] LogOutputStream:75 - [STDERR_REDIRECT] [Fatal Error] :1:1: Premature end of file.
2026-09-25 14:30:20,243 [ERROR] LogOutputStream:75 - [STDERR_REDIRECT] 
2026-09-25 14:30:20,267 [ERROR] LogOutputStream:75 - [STDERR_REDIRECT] [Fatal Error] :1:1: Premature end of file.
2026-09-25 14:30:20,267 [ERROR] LogOutputStream:75 - [STDERR_REDIRECT] 
2026-09-25 14:30:20,293 [ERROR] LogOutputStream:75 - [STDERR_REDIRECT] [Fatal Error] :1:1: Premature end of file.
2026-09-25 14:30:20,293 [ERROR] LogOutputStream:75 - [STDERR_REDIRECT] 
2026-09-25 14:30:20,320 [ERROR] LogOutputStream:75 - [STDERR_REDIRECT] [Fatal Error] :1:1: Premature end of file.
2026-09-25 14:30:20,320 [ERROR] LogOutputStream:75 - [STDERR_REDIRECT] 
2026-09-25 14:30:20,346 [ERROR] LogOutputStream:75 - [STDERR_REDIRECT] [Fatal Error] :1:1: Premature end of file.
2026-09-25 14:30:20,346 [ERROR] LogOutputStream:75 - [STDERR_REDIRECT] 
2026-09-25 14:30:20,372 [ERROR] LogOutputStream:75 - [STDERR_REDIRECT] [Fatal Error] :1:1: Premature end of file.
2026-09-25 14:30:20,372 [ERROR] LogOutputStream:75 - [STDERR_REDIRECT] 
2026-09-25 14:30:20,397 [ERROR] LogOutputStream:75 - [STDERR_REDIRECT] [Fatal Error] :1:1: Premature end of file.
2026-09-25 14:30:20,397 [ERROR] LogOutputStream:75 - [STDERR_REDIRECT] 
2026-09-25 14:30:20,422 [ERROR] LogOutputStream:75 - [STDERR_REDIRECT] [Fatal Error] :1:1: Premature end of file.
2026-09-25 14:30:20,422 [ERROR] LogOutputStream:75 - [STDERR_REDIRECT] 
2026-09-25 14:30:20,447 [ERROR] LogOutputStream:75 - [STDERR_REDIRECT] [Fatal Error] :1:1: Premature end of file.
2026-09-25 14:30:20,447 [ERROR] LogOutputStream:75 - [STDERR_REDIRECT] 
2026-09-25 14:30:20,472 [ERROR] LogOutputStream:75 - [STDERR_REDIRECT] [Fatal Error] :1:1: Premature end of file.
2026-09-25 14:30:20,472 [ERROR] LogOutputStream:75 - [STDERR_REDIRECT] 
2026-09-25 14:30:20,499 [ERROR] LogOutputStream:75 - [STDERR_REDIRECT] [Fatal Error] :1:1: Premature end of file.
2026-09-25 14:30:20,500 [ERROR] LogOutputStream:75 - [STDERR_REDIRECT] 
2026-09-25 14:30:20,530 [ERROR] LogOutputStream:75 - [STDERR_REDIRECT] [Fatal Error] :1:1: Premature end of file.
2026-09-25 14:30:20,530 [ERROR] LogOutputStream:75 - [STDERR_REDIRECT] 
2026-09-25 14:30:20,556 [ERROR] LogOutputStream:75 - [STDERR_REDIRECT] [Fatal Error] :1:1: Premature end of file.
2026-09-25 14:30:20,556 [ERROR] LogOutputStream:75 - [STDERR_REDIRECT] 
2026-09-25 14:30:20,579 [ERROR] LogOutputStream:75 - [STDERR_REDIRECT] [Fatal Error] :1:1: Premature end of file.
2026-09-25 14:30:20,579 [ERROR] LogOutputStream:75 - [STDERR_REDIRECT] 
2026-09-25 14:30:20,602 [ERROR] LogOutputStream:75 - [STDERR_REDIRECT] [Fatal Error] :1:1: Premature end of file.
2026-09-25 14:30:20,602 [ERROR] LogOutputStream:75 - [STDERR_REDIRECT] 
2026-09-25 14:30:20,630 [ERROR] LogOutputStream:75 - [STDERR_REDIRECT] [Fatal Error] :1:1: Premature end of file.
2026-09-25 14:30:20,630 [ERROR] LogOutputStream:75 - [STDERR_REDIRECT] 
2026-09-25 14:30:20,656 [ERROR] LogOutputStream:75 - [STDERR_REDIRECT] [Fatal Error] :1:1: Premature end of file.
2026-09-25 14:30:20,656 [ERROR] LogOutputStream:75 - [STDERR_REDIRECT] 
2026-09-25 14:30:20,731 [ERROR] LogOutputStream:75 - [STDERR_REDIRECT] [Fatal Error] :1:1: Premature end of file.
2026-09-25 14:30:20,731 [ERROR] LogOutputStream:75 - [STDERR_REDIRECT] 
2026-09-25 14:30:20,765 [ERROR] LogOutputStream:75 - [STDERR_REDIRECT] [Fatal Error] :1:1: Premature end of file.
2026-09-25 14:30:20,765 [ERROR] LogOutputStream:75 - [STDERR_REDIRECT] 
2026-09-25 14:30:20,795 [ERROR] LogOutputStream:75 - [STDERR_REDIRECT] [Fatal Error] :1:1: Premature end of file.
2026-09-25 14:30:20,795 [ERROR] LogOutputStream:75 - [STDERR_REDIRECT] 
2026-09-25 14:30:20,821 [ERROR] LogOutputStream:75 - [STDERR_REDIRECT] [Fatal Error] :1:1: Premature end of file.
2026-09-25 14:30:20,821 [ERROR] LogOutputStream:75 - [STDERR_REDIRECT] 
2026-09-25 14:30:20,849 [ERROR] LogOutputStream:75 - [STDERR_REDIRECT] [Fatal Error] :1:1: Premature end of file.
2026-09-25 14:30:20,849 [ERROR] LogOutputStream:75 - [STDERR_REDIRECT] 
2026-09-25 14:30:20,875 [ERROR] LogOutputStream:75 - [STDERR_REDIRECT] [Fatal Error] :1:1: Premature end of file.
2026-09-25 14:30:20,875 [ERROR] LogOutputStream:75 - [STDERR_REDIRECT] 
2026-09-25 14:30:20,900 [ERROR] LogOutputStream:75 - [STDERR_REDIRECT] [Fatal Error] :1:1: Premature end of file.
2026-09-25 14:30:20,900 [ERROR] LogOutputStream:75 - [STDERR_REDIRECT] 
2026-09-25 14:30:20,925 [ERROR] LogOutputStream:75 - [STDERR_REDIRECT] [Fatal Error] :1:1: Premature end of file.
2026-09-25 14:30:20,925 [ERROR] LogOutputStream:75 - [STDERR_REDIRECT] 
2026-09-25 14:30:20,952 [ERROR] LogOutputStream:75 - [STDERR_REDIRECT] [Fatal Error] :1:1: Premature end of file.
2026-09-25 14:30:20,953 [ERROR] LogOutputStream:75 - [STDERR_REDIRECT] 
2026-09-25 14:30:20,981 [ERROR] LogOutputStream:75 - [STDERR_REDIRECT] [Fatal Error] :1:1: Premature end of file.
2026-09-25 14:30:20,981 [ERROR] LogOutputStream:75 - [STDERR_REDIRECT] 
2026-09-25 14:30:21,012 [ERROR] LogOutputStream:75 - [STDERR_REDIRECT] [Fatal Error] :1:1: Premature end of file.
2026-09-25 14:30:21,012 [ERROR] LogOutputStream:75 - [STDERR_REDIRECT] 
2026-09-25 14:30:21,039 [ERROR] LogOutputStream:75 - [STDERR_REDIRECT] [Fatal Error] :1:1: Premature end of file.
2026-09-25 14:30:21,039 [ERROR] LogOutputStream:75 - [STDERR_REDIRECT] 
2026-09-25 14:30:21,067 [ERROR] LogOutputStream:75 - [STDERR_REDIRECT] [Fatal Error] :1:1: Premature end of file.
2026-09-25 14:30:21,067 [ERROR] LogOutputStream:75 - [STDERR_REDIRECT] 
2026-09-25 14:30:21,094 [ERROR] LogOutputStream:75 - [STDERR_REDIRECT] [Fatal Error] :1:1: Premature end of file.
2026-09-25 14:30:21,094 [ERROR] LogOutputStream:75 - [STDERR_REDIRECT] 
2026-09-25 14:30:21,120 [ERROR] LogOutputStream:75 - [STDERR_REDIRECT] [Fatal Error] :1:1: Premature end of file.
2026-09-25 14:30:21,120 [ERROR] LogOutputStream:75 - [STDERR_REDIRECT] 
2026-09-25 14:30:21,148 [ERROR] LogOutputStream:75 - [STDERR_REDIRECT] [Fatal Error] :1:1: Premature end of file.
2026-09-25 14:30:21,148 [ERROR] LogOutputStream:75 - [STDERR_REDIRECT] 
2026-09-25 14:30:21,175 [ERROR] LogOutputStream:75 - [STDERR_REDIRECT] [Fatal Error] :1:1: Premature end of file.
2026-09-25 14:30:21,175 [ERROR] LogOutputStream:75 - [STDERR_REDIRECT] 
2026-09-25 14:30:21,203 [ERROR] LogOutputStream:75 - [STDERR_REDIRECT] [Fatal Error] :1:1: Premature end of file.
2026-09-25 14:30:21,203 [ERROR] LogOutputStream:75 - [STDERR_REDIRECT] 
2026-09-25 14:30:21,232 [ERROR] LogOutputStream:75 - [STDERR_REDIRECT] [Fatal Error] :1:1: Premature end of file.
2026-09-25 14:30:21,233 [ERROR] LogOutputStream:75 - [STDERR_REDIRECT] 
2026-09-25 14:30:21,265 [ERROR] LogOutputStream:75 - [STDERR_REDIRECT] [Fatal Error] :1:1: Premature end of file.
2026-09-25 14:30:21,265 [ERROR] LogOutputStream:75 - [STDERR_REDIRECT] 
2026-09-25 14:30:21,291 [ERROR] LogOutputStream:75 - [STDERR_REDIRECT] [Fatal Error] :1:1: Premature end of file.
2026-09-25 14:30:21,291 [ERROR] LogOutputStream:75 - [STDERR_REDIRECT] 
2026-09-25 14:30:21,318 [ERROR] LogOutputStream:75 - [STDERR_REDIRECT] [Fatal Error] :1:1: Premature end of file.
2026-09-25 14:30:21,318 [ERROR] LogOutputStream:75 - [STDERR_REDIRECT] 
2026-09-25 14:30:21,342 [ERROR] LogOutputStream:75 - [STDERR_REDIRECT] [Fatal Error] :1:1: Premature end of file.
2026-09-25 14:30:21,342 [ERROR] LogOutputStream:75 - [STDERR_REDIRECT] 
2026-09-25 14:30:21,365 [ERROR] LogOutputStream:75 - [STDERR_REDIRECT] [Fatal Error] :1:1: Premature end of file.
2026-09-25 14:30:21,365 [ERROR] LogOutputStream:75 - [STDERR_REDIRECT] 
2026-09-25 14:30:21,389 [ERROR] LogOutputStream:75 - [STDERR_REDIRECT] [Fatal Error] :1:1: Premature end of file.
2026-09-25 14:30:21,389 [ERROR] LogOutputStream:75 - [STDERR_REDIRECT] 
2026-09-25 14:30:21,412 [ERROR] LogOutputStream:75 - [STDERR_REDIRECT] [Fatal Error] :1:1: Premature end of file.
2026-09-25 14:30:21,412 [ERROR] LogOutputStream:75 - [STDERR_REDIRECT] 
2026-09-25 14:30:21,435 [ERROR] LogOutputStream:75 - [STDERR_REDIRECT] [Fatal Error] :1:1: Premature end of file.
2026-09-25 14:30:21,435 [ERROR] LogOutputStream:75 - [STDERR_REDIRECT] 
2026-09-25 14:30:21,460 [ERROR] LogOutputStream:75 - [STDERR_REDIRECT] [Fatal Error] :1:1: Premature end of file.
2026-09-25 14:30:21,460 [ERROR] LogOutputStream:75 - [STDERR_REDIRECT] 
2026-09-25 14:30:21,485 [ERROR] LogOutputStream:75 - [STDERR_REDIRECT] [Fatal Error] :1:1: Premature end of file.
2026-09-25 14:30:21,485 [ERROR] LogOutputStream:75 - [STDERR_REDIRECT] 
2026-09-25 14:30:21,516 [ERROR] LogOutputStream:75 - [STDERR_REDIRECT] [Fatal Error] :1:1: Premature end of file.
2026-09-25 14:30:21,516 [ERROR] LogOutputStream:75 - [STDERR_REDIRECT] 
2026-09-25 14:30:21,546 [ERROR] LogOutputStream:75 - [STDERR_REDIRECT] [Fatal Error] :1:1: Premature end of file.
2026-09-25 14:30:21,546 [ERROR] LogOutputStream:75 - [STDERR_REDIRECT] 
2026-09-25 14:30:21,574 [ERROR] LogOutputStream:75 - [STDERR_REDIRECT] [Fatal Error] :1:1: Premature end of file.
2026-09-25 14:30:21,575 [ERROR] LogOutputStream:75 - [STDERR_REDIRECT] 
2026-09-25 14:30:21,600 [ERROR] LogOutputStream:75 - [STDERR_REDIRECT] [Fatal Error] :1:1: Premature end of file.
2026-09-25 14:30:21,600 [ERROR] LogOutputStream:75 - [STDERR_REDIRECT] 
2026-09-25 14:30:21,626 [ERROR] LogOutputStream:75 - [STDERR_REDIRECT] [Fatal Error] :1:1: Premature end of file.
2026-09-25 14:30:21,626 [ERROR] LogOutputStream:75 - [STDERR_REDIRECT] 
2026-09-25 14:30:21,650 [ERROR] LogOutputStream:75 - [STDERR_REDIRECT] [Fatal Error] :1:1: Premature end of file.
2026-09-25 14:30:21,650 [ERROR] LogOutputStream:75 - [STDERR_REDIRECT] 
2026-09-25 14:30:21,674 [ERROR] LogOutputStream:75 - [STDERR_REDIRECT] [Fatal Error] :1:1: Premature end of file.
2026-09-25 14:30:21,674 [ERROR] LogOutputStream:75 - [STDERR_REDIRECT] 
2026-09-25 14:30:21,697 [ERROR] LogOutputStream:75 - [STDERR_REDIRECT] [Fatal Error] :1:1: Premature end of file.
2026-09-25 14:30:21,698 [ERROR] LogOutputStream:75 - [STDERR_REDIRECT] 
2026-09-25 14:30:21,723 [ERROR] LogOutputStream:75 - [STDERR_REDIRECT] [Fatal Error] :1:1: Premature end of file.
2026-09-25 14:30:21,723 [ERROR] LogOutputStream:75 - [STDERR_REDIRECT] 
2026-09-25 14:30:21,752 [ERROR] LogOutputStream:75 - [STDERR_REDIRECT] [Fatal Error] :1:1: Premature end of file.
2026-09-25 14:30:21,752 [ERROR] LogOutputStream:75 - [STDERR_REDIRECT] 
2026-09-25 14:30:21,780 [ERROR] LogOutputStream:75 - [STDERR_REDIRECT] [Fatal Error] :1:1: Premature end of file.
2026-09-25 14:30:21,781 [ERROR] LogOutputStream:75 - [STDERR_REDIRECT] 
2026-09-25 14:30:21,809 [ERROR] LogOutputStream:75 - [STDERR_REDIRECT] [Fatal Error] :1:1: Premature end of file.
2026-09-25 14:30:21,810 [ERROR] LogOutputStream:75 - [STDERR_REDIRECT] 
2026-09-25 14:30:21,839 [ERROR] LogOutputStream:75 - [STDERR_REDIRECT] [Fatal Error] :1:1: Premature end of file.
2026-09-25 14:30:21,839 [ERROR] LogOutputStream:75 - [STDERR_REDIRECT] 
2026-09-25 14:30:21,868 [ERROR] LogOutputStream:75 - [STDERR_REDIRECT] [Fatal Error] :1:1: Premature end of file.
2026-09-25 14:30:21,868 [ERROR] LogOutputStream:75 - [STDERR_REDIRECT] 
2026-09-25 14:30:21,896 [ERROR] LogOutputStream:75 - [STDERR_REDIRECT] [Fatal Error] :1:1: Premature end of file.
2026-09-25 14:30:21,896 [ERROR] LogOutputStream:75 - [STDERR_REDIRECT] 
2026-09-25 14:30:21,919 [ERROR] LogOutputStream:75 - [STDERR_REDIRECT] [Fatal Error] :1:1: Premature end of file.
2026-09-25 14:30:21,919 [ERROR] LogOutputStream:75 - [STDERR_REDIRECT] 
2026-09-25 14:30:21,944 [ERROR] LogOutputStream:75 - [STDERR_REDIRECT] [Fatal Error] :1:1: Premature end of file.
2026-09-25 14:30:21,944 [ERROR] LogOutputStream:75 - [STDERR_REDIRECT] 
2026-09-25 14:30:21,970 [ERROR] LogOutputStream:75 - [STDERR_REDIRECT] [Fatal Error] :1:1: Premature end of file.
2026-09-25 14:30:21,970 [ERROR] LogOutputStream:75 - [STDERR_REDIRECT] 
2026-09-25 14:30:21,997 [ERROR] LogOutputStream:75 - [STDERR_REDIRECT] [Fatal Error] :1:1: Premature end of file.
2026-09-25 14:30:21,997 [ERROR] LogOutputStream:75 - [STDERR_REDIRECT] 
2026-09-25 14:30:22,021 [ERROR] LogOutputStream:75 - [STDERR_REDIRECT] [Fatal Error] :1:1: Premature end of file.
2026-09-25 14:30:22,021 [ERROR] LogOutputStream:75 - [STDERR_REDIRECT] 
2026-09-25 14:30:22,047 [ERROR] LogOutputStream:75 - [STDERR_REDIRECT] [Fatal Error] :1:1: Premature end of file.
2026-09-25 14:30:22,048 [ERROR] LogOutputStream:75 - [STDERR_REDIRECT] 
2026-09-25 14:30:22,076 [ERROR] LogOutputStream:75 - [STDERR_REDIRECT] [Fatal Error] :1:1: Premature end of file.
2026-09-25 14:30:22,076 [ERROR] LogOutputStream:75 - [STDERR_REDIRECT] 
2026-09-25 14:30:22,102 [ERROR] LogOutputStream:75 - [STDERR_REDIRECT] [Fatal Error] :1:1: Premature end of file.
2026-09-25 14:30:22,102 [ERROR] LogOutputStream:75 - [STDERR_REDIRECT] 
2026-09-25 14:30:22,133 [ERROR] LogOutputStream:75 - [STDERR_REDIRECT] [Fatal Error] :1:1: Premature end of file.
2026-09-25 14:30:22,133 [ERROR] LogOutputStream:75 - [STDERR_REDIRECT] 
2026-09-25 14:30:22,162 [ERROR] LogOutputStream:75 - [STDERR_REDIRECT] [Fatal Error] :1:1: Premature end of file.
2026-09-25 14:30:22,162 [ERROR] LogOutputStream:75 - [STDERR_REDIRECT] 
2026-09-25 14:30:22,191 [ERROR] LogOutputStream:75 - [STDERR_REDIRECT] [Fatal Error] :1:1: Premature end of file.
2026-09-25 14:30:22,191 [ERROR] LogOutputStream:75 - [STDERR_REDIRECT] 
2026-09-25 14:30:22,221 [ERROR] LogOutputStream:75 - [STDERR_REDIRECT] [Fatal Error] :1:1: Premature end of file.
2026-09-25 14:30:22,221 [ERROR] LogOutputStream:75 - [STDERR_REDIRECT] 
2026-09-25 14:30:22,249 [ERROR] LogOutputStream:75 - [STDERR_REDIRECT] [Fatal Error] :1:1: Premature end of file.
2026-09-25 14:30:22,250 [ERROR] LogOutputStream:75 - [STDERR_REDIRECT] 
2026-09-25 14:30:22,276 [ERROR] LogOutputStream:75 - [STDERR_REDIRECT] [Fatal Error] :1:1: Premature end of file.
2026-09-25 14:30:22,276 [ERROR] LogOutputStream:75 - [STDERR_REDIRECT] 
2026-09-25 14:30:22,304 [ERROR] LogOutputStream:75 - [STDERR_REDIRECT] [Fatal Error] :1:1: Premature end of file.
2026-09-25 14:30:22,304 [ERROR] LogOutputStream:75 - [STDERR_REDIRECT] 
2026-09-25 14:30:22,333 [ERROR] LogOutputStream:75 - [STDERR_REDIRECT] [Fatal Error] :1:1: Premature end of file.
2026-09-25 14:30:22,333 [ERROR] LogOutputStream:75 - [STDERR_REDIRECT] 
2026-09-25 14:30:22,357 [ERROR] LogOutputStream:75 - [STDERR_REDIRECT] [Fatal Error] :1:1: Premature end of file.
2026-09-25 14:30:22,357 [ERROR] LogOutputStream:75 - [STDERR_REDIRECT] 
2026-09-25 14:30:22,384 [ERROR] LogOutputStream:75 - [STDERR_REDIRECT] [Fatal Error] :1:1: Premature end of file.
2026-09-25 14:30:22,384 [ERROR] LogOutputStream:75 - [STDERR_REDIRECT] 
2026-09-25 14:30:22,416 [ERROR] LogOutputStream:75 - [STDERR_REDIRECT] [Fatal Error] :1:1: Premature end of file.
2026-09-25 14:30:22,416 [ERROR] LogOutputStream:75 - [STDERR_REDIRECT] 
2026-09-25 14:30:22,442 [ERROR] LogOutputStream:75 - [STDERR_REDIRECT] [Fatal Error] :1:1: Premature end of file.
2026-09-25 14:30:22,442 [ERROR] LogOutputStream:75 - [STDERR_REDIRECT] 
2026-09-25 14:30:22,469 [ERROR] LogOutputStream:75 - [STDERR_REDIRECT] [Fatal Error] :1:1: Premature end of file.
2026-09-25 14:30:22,469 [ERROR] LogOutputStream:75 - [STDERR_REDIRECT] 
2026-09-25 14:30:22,495 [ERROR] LogOutputStream:75 - [STDERR_REDIRECT] [Fatal Error] :1:1: Premature end of file.
2026-09-25 14:30:22,495 [ERROR] LogOutputStream:75 - [STDERR_REDIRECT] 
2026-09-25 14:30:22,527 [ERROR] LogOutputStream:75 - [STDERR_REDIRECT] [Fatal Error] :1:1: Premature end of file.
2026-09-25 14:30:22,527 [ERROR] LogOutputStream:75 - [STDERR_REDIRECT] 
2026-09-25 14:30:22,556 [ERROR] LogOutputStream:75 - [STDERR_REDIRECT] [Fatal Error] :1:1: Premature end of file.
2026-09-25 14:30:22,556 [ERROR] LogOutputStream:75 - [STDERR_REDIRECT] 
2026-09-25 14:30:22,583 [ERROR] LogOutputStream:75 - [STDERR_REDIRECT] [Fatal Error] :1:1: Premature end of file.
2026-09-25 14:30:22,584 [ERROR] LogOutputStream:75 - [STDERR_REDIRECT] 
2026-09-25 14:30:22,610 [ERROR] LogOutputStream:75 - [STDERR_REDIRECT] [Fatal Error] :1:1: Premature end of file.
2026-09-25 14:30:22,610 [ERROR] LogOutputStream:75 - [STDERR_REDIRECT] 
2026-09-25 14:30:22,635 [ERROR] LogOutputStream:75 - [STDERR_REDIRECT] [Fatal Error] :1:1: Premature end of file.
2026-09-25 14:30:22,635 [ERROR] LogOutputStream:75 - [STDERR_REDIRECT] 
2026-09-25 14:30:22,661 [ERROR] LogOutputStream:75 - [STDERR_REDIRECT] [Fatal Error] :1:1: Premature end of file.
2026-09-25 14:30:22,661 [ERROR] LogOutputStream:75 - [STDERR_REDIRECT] 
2026-09-25 14:30:22,694 [ERROR] LogOutputStream:75 - [STDERR_REDIRECT] [Fatal Error] :1:1: Premature end of file.
2026-09-25 14:30:22,694 [ERROR] LogOutputStream:75 - [STDERR_REDIRECT] 
2026-09-25 14:30:22,744 [ERROR] LogOutputStream:75 - [STDERR_REDIRECT] [Fatal Error] :1:1: Premature end of file.
2026-09-25 14:30:22,744 [ERROR] LogOutputStream:75 - [STDERR_REDIRECT] 
2026-09-25 14:30:22,779 [ERROR] LogOutputStream:75 - [STDERR_REDIRECT] [Fatal Error] :1:1: Premature end of file.
2026-09-25 14:30:22,779 [ERROR] LogOutputStream:75 - [STDERR_REDIRECT] 
2026-09-25 14:30:22,803 [ERROR] LogOutputStream:75 - [STDERR_REDIRECT] [Fatal Error] :1:1: Premature end of file.
2026-09-25 14:30:22,803 [ERROR] LogOutputStream:75 - [STDERR_REDIRECT] 
2026-09-25 14:30:22,829 [ERROR] LogOutputStream:75 - [STDERR_REDIRECT] [Fatal Error] :1:1: Premature end of file.
2026-09-25 14:30:22,829 [ERROR] LogOutputStream:75 - [STDERR_REDIRECT] 
2026-09-25 14:30:22,856 [ERROR] LogOutputStream:75 - [STDERR_REDIRECT] [Fatal Error] :1:1: Premature end of file.
2026-09-25 14:30:22,856 [ERROR] LogOutputStream:75 - [STDERR_REDIRECT] 
2026-09-25 14:30:22,881 [ERROR] LogOutputStream:75 - [STDERR_REDIRECT] [Fatal Error] :1:1: Premature end of file.
2026-09-25 14:30:22,881 [ERROR] LogOutputStream:75 - [STDERR_REDIRECT] 
2026-09-25 14:30:22,907 [ERROR] LogOutputStream:75 - [STDERR_REDIRECT] [Fatal Error] :1:1: Premature end of file.
2026-09-25 14:30:22,907 [ERROR] LogOutputStream:75 - [STDERR_REDIRECT] 
2026-09-25 14:30:22,934 [ERROR] LogOutputStream:75 - [STDERR_REDIRECT] [Fatal Error] :1:1: Premature end of file.
2026-09-25 14:30:22,934 [ERROR] LogOutputStream:75 - [STDERR_REDIRECT] 
2026-09-25 14:30:22,959 [ERROR] LogOutputStream:75 - [STDERR_REDIRECT] [Fatal Error] :1:1: Premature end of file.
2026-09-25 14:30:22,960 [ERROR] LogOutputStream:75 - [STDERR_REDIRECT] 
2026-09-25 14:30:22,988 [ERROR] LogOutputStream:75 - [STDERR_REDIRECT] [Fatal Error] :1:1: Premature end of file.
2026-09-25 14:30:22,988 [ERROR] LogOutputStream:75 - [STDERR_REDIRECT] 
2026-09-25 14:30:23,013 [ERROR] LogOutputStream:75 - [STDERR_REDIRECT] [Fatal Error] :1:1: Premature end of file.
2026-09-25 14:30:23,013 [ERROR] LogOutputStream:75 - [STDERR_REDIRECT] 
2026-09-25 14:30:23,534 [ERROR] LogOutputStream:75 - [STDERR_REDIRECT] [Fatal Error] :1:1: Premature end of file.
2026-09-25 14:30:23,534 [ERROR] LogOutputStream:75 - [STDERR_REDIRECT] 
2026-09-25 14:30:23,580 [ERROR] LogOutputStream:75 - [STDERR_REDIRECT] [Fatal Error] :1:1: Premature end of file.
2026-09-25 14:30:23,580 [ERROR] LogOutputStream:75 - [STDERR_REDIRECT] 
2026-09-25 14:30:23,681 [ERROR] LogOutputStream:75 - [STDERR_REDIRECT] [Fatal Error] :1:1: Premature end of file.
2026-09-25 14:30:23,681 [ERROR] LogOutputStream:75 - [STDERR_REDIRECT] 
2026-09-25 14:30:23,730 [ERROR] LogOutputStream:75 - [STDERR_REDIRECT] [Fatal Error] :1:1: Premature end of file.
2026-09-25 14:30:23,730 [ERROR] LogOutputStream:75 - [STDERR_REDIRECT] 
2026-09-25 14:30:23,762 [ERROR] LogOutputStream:75 - [STDERR_REDIRECT] [Fatal Error] :1:1: Premature end of file.
2026-09-25 14:30:23,762 [ERROR] LogOutputStream:75 - [STDERR_REDIRECT] 
2026-09-25 14:30:23,796 [ERROR] LogOutputStream:75 - [STDERR_REDIRECT] [Fatal Error] :1:1: Premature end of file.
2026-09-25 14:30:23,796 [ERROR] LogOutputStream:75 - [STDERR_REDIRECT] 
2026-09-25 14:30:23,839 [ERROR] LogOutputStream:75 - [STDERR_REDIRECT] [Fatal Error] :1:1: Premature end of file.
2026-09-25 14:30:23,840 [ERROR] LogOutputStream:75 - [STDERR_REDIRECT] 
2026-09-25 14:30:23,868 [ERROR] LogOutputStream:75 - [STDERR_REDIRECT] [Fatal Error] :1:1: Premature end of file.
2026-09-25 14:30:23,868 [ERROR] LogOutputStream:75 - [STDERR_REDIRECT] 
2026-09-25 14:30:23,899 [ERROR] LogOutputStream:75 - [STDERR_REDIRECT] [Fatal Error] :1:1: Premature end of file.
2026-09-25 14:30:23,899 [ERROR] LogOutputStream:75 - [STDERR_REDIRECT] 
2026-09-25 14:30:23,926 [ERROR] LogOutputStream:75 - [STDERR_REDIRECT] [Fatal Error] :1:1: Premature end of file.
2026-09-25 14:30:23,926 [ERROR] LogOutputStream:75 - [STDERR_REDIRECT] 
2026-09-25 14:30:23,951 [ERROR] LogOutputStream:75 - [STDERR_REDIRECT] [Fatal Error] :1:1: Premature end of file.
2026-09-25 14:30:23,951 [ERROR] LogOutputStream:75 - [STDERR_REDIRECT] 
2026-09-25 14:30:23,980 [ERROR] LogOutputStream:75 - [STDERR_REDIRECT] [Fatal Error] :1:1: Premature end of file.
2026-09-25 14:30:23,980 [ERROR] LogOutputStream:75 - [STDERR_REDIRECT] 
2026-09-25 14:30:24,009 [ERROR] LogOutputStream:75 - [STDERR_REDIRECT] [Fatal Error] :1:1: Premature end of file.
2026-09-25 14:30:24,009 [ERROR] LogOutputStream:75 - [STDERR_REDIRECT] 
2026-09-25 14:30:24,036 [ERROR] LogOutputStream:75 - [STDERR_REDIRECT] [Fatal Error] :1:1: Premature end of file.
2026-09-25 14:30:24,036 [ERROR] LogOutputStream:75 - [STDERR_REDIRECT] 
2026-09-25 14:30:24,063 [ERROR] LogOutputStream:75 - [STDERR_REDIRECT] [Fatal Error] :1:1: Premature end of file.
2026-09-25 14:30:24,063 [ERROR] LogOutputStream:75 - [STDERR_REDIRECT] 
2026-09-25 14:30:24,091 [ERROR] LogOutputStream:75 - [STDERR_REDIRECT] [Fatal Error] :1:1: Premature end of file.
2026-09-25 14:30:24,091 [ERROR] LogOutputStream:75 - [STDERR_REDIRECT] 
2026-09-25 14:30:24,116 [ERROR] LogOutputStream:75 - [STDERR_REDIRECT] [Fatal Error] :1:1: Premature end of file.
2026-09-25 14:30:24,116 [ERROR] LogOutputStream:75 - [STDERR_REDIRECT] 
2026-09-25 14:30:24,147 [ERROR] LogOutputStream:75 - [STDERR_REDIRECT] [Fatal Error] :1:1: Premature end of file.
2026-09-25 14:30:24,147 [ERROR] LogOutputStream:75 - [STDERR_REDIRECT] 
2026-09-25 14:30:24,174 [ERROR] LogOutputStream:75 - [STDERR_REDIRECT] [Fatal Error] :1:1: Premature end of file.
2026-09-25 14:30:24,174 [ERROR] LogOutputStream:75 - [STDERR_REDIRECT] 
2026-09-25 14:30:24,201 [ERROR] LogOutputStream:75 - [STDERR_REDIRECT] [Fatal Error] :1:1: Premature end of file.
2026-09-25 14:30:24,201 [ERROR] LogOutputStream:75 - [STDERR_REDIRECT] 
2026-09-25 14:30:24,231 [ERROR] LogOutputStream:75 - [STDERR_REDIRECT] [Fatal Error] :1:1: Premature end of file.
2026-09-25 14:30:24,231 [ERROR] LogOutputStream:75 - [STDERR_REDIRECT] 
2026-09-25 14:30:24,259 [ERROR] LogOutputStream:75 - [STDERR_REDIRECT] [Fatal Error] :1:1: Premature end of file.
2026-09-25 14:30:24,259 [ERROR] LogOutputStream:75 - [STDERR_REDIRECT] 
2026-09-25 14:30:24,287 [ERROR] LogOutputStream:75 - [STDERR_REDIRECT] [Fatal Error] :1:1: Premature end of file.
2026-09-25 14:30:24,287 [ERROR] LogOutputStream:75 - [STDERR_REDIRECT] 
2026-09-25 14:30:24,316 [ERROR] LogOutputStream:75 - [STDERR_REDIRECT] [Fatal Error] :1:1: Premature end of file.
2026-09-25 14:30:24,316 [ERROR] LogOutputStream:75 - [STDERR_REDIRECT] 
2026-09-25 14:30:24,344 [ERROR] LogOutputStream:75 - [STDERR_REDIRECT] [Fatal Error] :1:1: Premature end of file.
2026-09-25 14:30:24,344 [ERROR] LogOutputStream:75 - [STDERR_REDIRECT] 
2026-09-25 14:30:24,374 [ERROR] LogOutputStream:75 - [STDERR_REDIRECT] [Fatal Error] :1:1: Premature end of file.
2026-09-25 14:30:24,375 [ERROR] LogOutputStream:75 - [STDERR_REDIRECT] 
2026-09-25 14:30:24,402 [ERROR] LogOutputStream:75 - [STDERR_REDIRECT] [Fatal Error] :1:1: Premature end of file.
2026-09-25 14:30:24,402 [ERROR] LogOutputStream:75 - [STDERR_REDIRECT] 
2026-09-25 14:30:24,432 [ERROR] LogOutputStream:75 - [STDERR_REDIRECT] [Fatal Error] :1:1: Premature end of file.
2026-09-25 14:30:24,432 [ERROR] LogOutputStream:75 - [STDERR_REDIRECT] 
2026-09-25 14:30:24,463 [ERROR] LogOutputStream:75 - [STDERR_REDIRECT] [Fatal Error] :1:1: Premature end of file.
2026-09-25 14:30:24,463 [ERROR] LogOutputStream:75 - [STDERR_REDIRECT] 
2026-09-25 14:30:24,491 [ERROR] LogOutputStream:75 - [STDERR_REDIRECT] [Fatal Error] :1:1: Premature end of file.
2026-09-25 14:30:24,491 [ERROR] LogOutputStream:75 - [STDERR_REDIRECT] 
2026-09-25 14:30:24,523 [ERROR] LogOutputStream:75 - [STDERR_REDIRECT] [Fatal Error] :1:1: Premature end of file.
2026-09-25 14:30:24,523 [ERROR] LogOutputStream:75 - [STDERR_REDIRECT] 
2026-09-25 14:30:24,555 [ERROR] LogOutputStream:75 - [STDERR_REDIRECT] [Fatal Error] :1:1: Premature end of file.
2026-09-25 14:30:24,555 [ERROR] LogOutputStream:75 - [STDERR_REDIRECT] 
2026-09-25 14:30:24,584 [ERROR] LogOutputStream:75 - [STDERR_REDIRECT] [Fatal Error] :1:1: Premature end of file.
2026-09-25 14:30:24,584 [ERROR] LogOutputStream:75 - [STDERR_REDIRECT] 
2026-09-25 14:30:24,614 [ERROR] LogOutputStream:75 - [STDERR_REDIRECT] [Fatal Error] :1:1: Premature end of file.
2026-09-25 14:30:24,615 [ERROR] LogOutputStream:75 - [STDERR_REDIRECT] 
2026-09-25 14:30:24,646 [ERROR] LogOutputStream:75 - [STDERR_REDIRECT] [Fatal Error] :1:1: Premature end of file.
2026-09-25 14:30:24,646 [ERROR] LogOutputStream:75 - [STDERR_REDIRECT] 
2026-09-25 14:30:24,679 [ERROR] LogOutputStream:75 - [STDERR_REDIRECT] [Fatal Error] :1:1: Premature end of file.
2026-09-25 14:30:24,679 [ERROR] LogOutputStream:75 - [STDERR_REDIRECT] 
2026-09-25 14:30:24,711 [ERROR] LogOutputStream:75 - [STDERR_REDIRECT] [Fatal Error] :1:1: Premature end of file.
2026-09-25 14:30:24,711 [ERROR] LogOutputStream:75 - [STDERR_REDIRECT] 
2026-09-25 14:30:24,739 [ERROR] LogOutputStream:75 - [STDERR_REDIRECT] [Fatal Error] :1:1: Premature end of file.
2026-09-25 14:30:24,739 [ERROR] LogOutputStream:75 - [STDERR_REDIRECT] 
2026-09-25 14:30:24,767 [ERROR] LogOutputStream:75 - [STDERR_REDIRECT] [Fatal Error] :1:1: Premature end of file.
2026-09-25 14:30:24,767 [ERROR] LogOutputStream:75 - [STDERR_REDIRECT] 
2026-09-25 14:30:24,800 [ERROR] LogOutputStream:75 - [STDERR_REDIRECT] [Fatal Error] :1:1: Premature end of file.
2026-09-25 14:30:24,800 [ERROR] LogOutputStream:75 - [STDERR_REDIRECT] 
2026-09-25 14:30:24,845 [ERROR] LogOutputStream:75 - [STDERR_REDIRECT] [Fatal Error] :1:1: Premature end of file.
2026-09-25 14:30:24,845 [ERROR] LogOutputStream:75 - [STDERR_REDIRECT] 
2026-09-25 14:30:24,889 [ERROR] LogOutputStream:75 - [STDERR_REDIRECT] [Fatal Error] :1:1: Premature end of file.
2026-09-25 14:30:24,889 [ERROR] LogOutputStream:75 - [STDERR_REDIRECT] 
2026-09-25 14:30:24,915 [ERROR] LogOutputStream:75 - [STDERR_REDIRECT] [Fatal Error] :1:1: Premature end of file.
2026-09-25 14:30:24,916 [ERROR] LogOutputStream:75 - [STDERR_REDIRECT] 
2026-09-25 14:30:24,945 [ERROR] LogOutputStream:75 - [STDERR_REDIRECT] [Fatal Error] :1:1: Premature end of file.
2026-09-25 14:30:24,945 [ERROR] LogOutputStream:75 - [STDERR_REDIRECT] 
2026-09-25 14:30:24,983 [ERROR] LogOutputStream:75 - [STDERR_REDIRECT] [Fatal Error] :1:1: Premature end of file.
2026-09-25 14:30:24,983 [ERROR] LogOutputStream:75 - [STDERR_REDIRECT] 
2026-09-25 14:30:25,016 [ERROR] LogOutputStream:75 - [STDERR_REDIRECT] [Fatal Error] :1:1: Premature end of file.
2026-09-25 14:30:25,016 [ERROR] LogOutputStream:75 - [STDERR_REDIRECT] 
2026-09-25 14:30:25,046 [ERROR] LogOutputStream:75 - [STDERR_REDIRECT] [Fatal Error] :1:1: Premature end of file.
2026-09-25 14:30:25,046 [ERROR] LogOutputStream:75 - [STDERR_REDIRECT] 
2026-09-25 14:30:25,073 [ERROR] LogOutputStream:75 - [STDERR_REDIRECT] [Fatal Error] :1:1: Premature end of file.
2026-09-25 14:30:25,073 [ERROR] LogOutputStream:75 - [STDERR_REDIRECT] 
2026-09-25 14:30:25,108 [ERROR] LogOutputStream:75 - [STDERR_REDIRECT] [Fatal Error] :1:1: Premature end of file.
2026-09-25 14:30:25,108 [ERROR] LogOutputStream:75 - [STDERR_REDIRECT] 
2026-09-25 14:30:25,142 [ERROR] LogOutputStream:75 - [STDERR_REDIRECT] [Fatal Error] :1:1: Premature end of file.
2026-09-25 14:30:25,142 [ERROR] LogOutputStream:75 - [STDERR_REDIRECT] 
2026-09-25 14:30:25,274 [ERROR] LogOutputStream:75 - [STDERR_REDIRECT] [Fatal Error] :1:1: Premature end of file.
2026-09-25 14:30:25,274 [ERROR] LogOutputStream:75 - [STDERR_REDIRECT] 
2026-09-25 14:30:25,317 [ERROR] LogOutputStream:75 - [STDERR_REDIRECT] [Fatal Error] :1:1: Premature end of file.
2026-09-25 14:30:25,317 [ERROR] LogOutputStream:75 - [STDERR_REDIRECT] 
2026-09-25 14:30:25,354 [ERROR] LogOutputStream:75 - [STDERR_REDIRECT] [Fatal Error] :1:1: Premature end of file.
2026-09-25 14:30:25,354 [ERROR] LogOutputStream:75 - [STDERR_REDIRECT] 
2026-09-25 14:30:25,388 [ERROR] LogOutputStream:75 - [STDERR_REDIRECT] [Fatal Error] :1:1: Premature end of file.
2026-09-25 14:30:25,388 [ERROR] LogOutputStream:75 - [STDERR_REDIRECT] 
2026-09-25 14:30:25,425 [ERROR] LogOutputStream:75 - [STDERR_REDIRECT] [Fatal Error] :1:1: Premature end of file.
2026-09-25 14:30:25,425 [ERROR] LogOutputStream:75 - [STDERR_REDIRECT] 
2026-09-25 14:30:25,461 [ERROR] LogOutputStream:75 - [STDERR_REDIRECT] [Fatal Error] :1:1: Premature end of file.
2026-09-25 14:30:25,461 [ERROR] LogOutputStream:75 - [STDERR_REDIRECT] 
2026-09-25 14:30:25,508 [ERROR] LogOutputStream:75 - [STDERR_REDIRECT] [Fatal Error] :1:1: Premature end of file.
2026-09-25 14:30:25,508 [ERROR] LogOutputStream:75 - [STDERR_REDIRECT] 
2026-09-25 14:30:25,542 [ERROR] LogOutputStream:75 - [STDERR_REDIRECT] [Fatal Error] :1:1: Premature end of file.
2026-09-25 14:30:25,543 [ERROR] LogOutputStream:75 - [STDERR_REDIRECT] 
2026-09-25 14:30:25,580 [ERROR] LogOutputStream:75 - [STDERR_REDIRECT] [Fatal Error] :1:1: Premature end of file.
2026-09-25 14:30:25,580 [ERROR] LogOutputStream:75 - [STDERR_REDIRECT] 
2026-09-25 14:30:25,619 [ERROR] LogOutputStream:75 - [STDERR_REDIRECT] [Fatal Error] :1:1: Premature end of file.
2026-09-25 14:30:25,619 [ERROR] LogOutputStream:75 - [STDERR_REDIRECT] 
2026-09-25 14:30:25,650 [ERROR] LogOutputStream:75 - [STDERR_REDIRECT] [Fatal Error] :1:1: Premature end of file.
2026-09-25 14:30:25,650 [ERROR] LogOutputStream:75 - [STDERR_REDIRECT] 
2026-09-25 14:30:25,678 [ERROR] LogOutputStream:75 - [STDERR_REDIRECT] [Fatal Error] :1:1: Premature end of file.
2026-09-25 14:30:25,678 [ERROR] LogOutputStream:75 - [STDERR_REDIRECT] 
2026-09-25 14:30:25,706 [ERROR] LogOutputStream:75 - [STDERR_REDIRECT] [Fatal Error] :1:1: Premature end of file.
2026-09-25 14:30:25,706 [ERROR] LogOutputStream:75 - [STDERR_REDIRECT] 
2026-09-25 14:30:25,735 [ERROR] LogOutputStream:75 - [STDERR_REDIRECT] [Fatal Error] :1:1: Premature end of file.
2026-09-25 14:30:25,736 [ERROR] LogOutputStream:75 - [STDERR_REDIRECT] 
2026-09-25 14:30:25,766 [ERROR] LogOutputStream:75 - [STDERR_REDIRECT] [Fatal Error] :1:1: Premature end of file.
2026-09-25 14:30:25,766 [ERROR] LogOutputStream:75 - [STDERR_REDIRECT] 
2026-09-25 14:30:25,799 [ERROR] LogOutputStream:75 - [STDERR_REDIRECT] [Fatal Error] :1:1: Premature end of file.
2026-09-25 14:30:25,799 [ERROR] LogOutputStream:75 - [STDERR_REDIRECT] 
2026-09-25 14:30:25,832 [ERROR] LogOutputStream:75 - [STDERR_REDIRECT] [Fatal Error] :1:1: Premature end of file.
2026-09-25 14:30:25,832 [ERROR] LogOutputStream:75 - [STDERR_REDIRECT] 
2026-09-25 14:30:25,868 [ERROR] LogOutputStream:75 - [STDERR_REDIRECT] [Fatal Error] :1:1: Premature end of file.
2026-09-25 14:30:25,868 [ERROR] LogOutputStream:75 - [STDERR_REDIRECT] 
2026-09-25 14:30:25,902 [ERROR] LogOutputStream:75 - [STDERR_REDIRECT] [Fatal Error] :1:1: Premature end of file.
2026-09-25 14:30:25,902 [ERROR] LogOutputStream:75 - [STDERR_REDIRECT] 
2026-09-25 14:30:25,931 [ERROR] LogOutputStream:75 - [STDERR_REDIRECT] [Fatal Error] :1:1: Premature end of file.
2026-09-25 14:30:25,931 [ERROR] LogOutputStream:75 - [STDERR_REDIRECT] 
2026-09-25 14:30:25,962 [ERROR] LogOutputStream:75 - [STDERR_REDIRECT] [Fatal Error] :1:1: Premature end of file.
2026-09-25 14:30:25,962 [ERROR] LogOutputStream:75 - [STDERR_REDIRECT] 
2026-09-25 14:30:25,995 [ERROR] LogOutputStream:75 - [STDERR_REDIRECT] [Fatal Error] :1:1: Premature end of file.
2026-09-25 14:30:25,996 [ERROR] LogOutputStream:75 - [STDERR_REDIRECT] 
2026-09-25 14:30:26,030 [ERROR] LogOutputStream:75 - [STDERR_REDIRECT] [Fatal Error] :1:1: Premature end of file.
2026-09-25 14:30:26,030 [ERROR] LogOutputStream:75 - [STDERR_REDIRECT] 
2026-09-25 14:30:26,059 [ERROR] LogOutputStream:75 - [STDERR_REDIRECT] [Fatal Error] :1:1: Premature end of file.
2026-09-25 14:30:26,059 [ERROR] LogOutputStream:75 - [STDERR_REDIRECT] 
2026-09-25 14:30:26,113 [ERROR] LogOutputStream:75 - [STDERR_REDIRECT] [Fatal Error] :1:1: Premature end of file.
2026-09-25 14:30:26,114 [ERROR] LogOutputStream:75 - [STDERR_REDIRECT] 
2026-09-25 14:30:26,143 [ERROR] LogOutputStream:75 - [STDERR_REDIRECT] [Fatal Error] :1:1: Premature end of file.
2026-09-25 14:30:26,143 [ERROR] LogOutputStream:75 - [STDERR_REDIRECT] 
2026-09-25 14:30:26,182 [ERROR] LogOutputStream:75 - [STDERR_REDIRECT] [Fatal Error] :1:1: Premature end of file.
2026-09-25 14:30:26,182 [ERROR] LogOutputStream:75 - [STDERR_REDIRECT] 
2026-09-25 14:30:26,209 [ERROR] LogOutputStream:75 - [STDERR_REDIRECT] [Fatal Error] :1:1: Premature end of file.
2026-09-25 14:30:26,209 [ERROR] LogOutputStream:75 - [STDERR_REDIRECT] 
2026-09-25 14:30:26,235 [ERROR] LogOutputStream:75 - [STDERR_REDIRECT] [Fatal Error] :1:1: Premature end of file.
2026-09-25 14:30:26,236 [ERROR] LogOutputStream:75 - [STDERR_REDIRECT] 
2026-09-25 14:30:26,264 [ERROR] LogOutputStream:75 - [STDERR_REDIRECT] [Fatal Error] :1:1: Premature end of file.
2026-09-25 14:30:26,264 [ERROR] LogOutputStream:75 - [STDERR_REDIRECT] 
2026-09-25 14:30:26,296 [ERROR] LogOutputStream:75 - [STDERR_REDIRECT] [Fatal Error] :1:1: Premature end of file.
2026-09-25 14:30:26,296 [ERROR] LogOutputStream:75 - [STDERR_REDIRECT] 
2026-09-25 14:30:26,326 [ERROR] LogOutputStream:75 - [STDERR_REDIRECT] [Fatal Error] :1:1: Premature end of file.
2026-09-25 14:30:26,326 [ERROR] LogOutputStream:75 - [STDERR_REDIRECT] 
2026-09-25 14:30:26,353 [ERROR] LogOutputStream:75 - [STDERR_REDIRECT] [Fatal Error] :1:1: Premature end of file.
2026-09-25 14:30:26,354 [ERROR] LogOutputStream:75 - [STDERR_REDIRECT] 
2026-09-25 14:30:26,382 [ERROR] LogOutputStream:75 - [STDERR_REDIRECT] [Fatal Error] :1:1: Premature end of file.
2026-09-25 14:30:26,382 [ERROR] LogOutputStream:75 - [STDERR_REDIRECT] 
2026-09-25 14:30:26,411 [ERROR] LogOutputStream:75 - [STDERR_REDIRECT] [Fatal Error] :1:1: Premature end of file.
2026-09-25 14:30:26,411 [ERROR] LogOutputStream:75 - [STDERR_REDIRECT] 
2026-09-25 14:30:26,442 [ERROR] LogOutputStream:75 - [STDERR_REDIRECT] [Fatal Error] :1:1: Premature end of file.
2026-09-25 14:30:26,442 [ERROR] LogOutputStream:75 - [STDERR_REDIRECT] 
2026-09-25 14:30:26,472 [ERROR] LogOutputStream:75 - [STDERR_REDIRECT] [Fatal Error] :1:1: Premature end of file.
2026-09-25 14:30:26,472 [ERROR] LogOutputStream:75 - [STDERR_REDIRECT] 
2026-09-25 14:30:26,500 [ERROR] LogOutputStream:75 - [STDERR_REDIRECT] [Fatal Error] :1:1: Premature end of file.
2026-09-25 14:30:26,500 [ERROR] LogOutputStream:75 - [STDERR_REDIRECT] 
2026-09-25 14:30:26,527 [ERROR] LogOutputStream:75 - [STDERR_REDIRECT] [Fatal Error] :1:1: Premature end of file.
2026-09-25 14:30:26,528 [ERROR] LogOutputStream:75 - [STDERR_REDIRECT] 
2026-09-25 14:30:26,562 [ERROR] LogOutputStream:75 - [STDERR_REDIRECT] [Fatal Error] :1:1: Premature end of file.
2026-09-25 14:30:26,562 [ERROR] LogOutputStream:75 - [STDERR_REDIRECT] 
2026-09-25 14:30:26,592 [ERROR] LogOutputStream:75 - [STDERR_REDIRECT] [Fatal Error] :1:1: Premature end of file.
2026-09-25 14:30:26,592 [ERROR] LogOutputStream:75 - [STDERR_REDIRECT] 
2026-09-25 14:30:26,627 [ERROR] LogOutputStream:75 - [STDERR_REDIRECT] [Fatal Error] :1:1: Premature end of file.
2026-09-25 14:30:26,627 [ERROR] LogOutputStream:75 - [STDERR_REDIRECT] 
2026-09-25 14:30:26,660 [ERROR] LogOutputStream:75 - [STDERR_REDIRECT] [Fatal Error] :1:1: Premature end of file.
2026-09-25 14:30:26,660 [ERROR] LogOutputStream:75 - [STDERR_REDIRECT] 
2026-09-25 14:30:26,689 [ERROR] LogOutputStream:75 - [STDERR_REDIRECT] [Fatal Error] :1:1: Premature end of file.
2026-09-25 14:30:26,689 [ERROR] LogOutputStream:75 - [STDERR_REDIRECT] 
2026-09-25 14:30:26,717 [ERROR] LogOutputStream:75 - [STDERR_REDIRECT] [Fatal Error] :1:1: Premature end of file.
2026-09-25 14:30:26,717 [ERROR] LogOutputStream:75 - [STDERR_REDIRECT] 
2026-09-25 14:30:26,748 [ERROR] LogOutputStream:75 - [STDERR_REDIRECT] [Fatal Error] :1:1: Premature end of file.
2026-09-25 14:30:26,748 [ERROR] LogOutputStream:75 - [STDERR_REDIRECT] 
2026-09-25 14:30:26,772 [ERROR] LogOutputStream:75 - [STDERR_REDIRECT] [Fatal Error] :1:1: Premature end of file.
2026-09-25 14:30:26,772 [ERROR] LogOutputStream:75 - [STDERR_REDIRECT] 
2026-09-25 14:30:26,801 [ERROR] LogOutputStream:75 - [STDERR_REDIRECT] [Fatal Error] :1:1: Premature end of file.
2026-09-25 14:30:26,801 [ERROR] LogOutputStream:75 - [STDERR_REDIRECT] 
2026-09-25 14:30:26,826 [ERROR] LogOutputStream:75 - [STDERR_REDIRECT] [Fatal Error] :1:1: Premature end of file.
2026-09-25 14:30:26,826 [ERROR] LogOutputStream:75 - [STDERR_REDIRECT] 
2026-09-25 14:30:26,853 [ERROR] LogOutputStream:75 - [STDERR_REDIRECT] [Fatal Error] :1:1: Premature end of file.
2026-09-25 14:30:26,853 [ERROR] LogOutputStream:75 - [STDERR_REDIRECT] 
2026-09-25 14:30:26,877 [ERROR] LogOutputStream:75 - [STDERR_REDIRECT] [Fatal Error] :1:1: Premature end of file.
2026-09-25 14:30:26,878 [ERROR] LogOutputStream:75 - [STDERR_REDIRECT] 
2026-09-25 14:30:26,907 [ERROR] LogOutputStream:75 - [STDERR_REDIRECT] [Fatal Error] :1:1: Premature end of file.
2026-09-25 14:30:26,907 [ERROR] LogOutputStream:75 - [STDERR_REDIRECT] 
2026-09-25 14:30:26,939 [ERROR] LogOutputStream:75 - [STDERR_REDIRECT] [Fatal Error] :1:1: Premature end of file.
2026-09-25 14:30:26,940 [ERROR] LogOutputStream:75 - [STDERR_REDIRECT] 
2026-09-25 14:30:27,060 [ERROR] LogOutputStream:75 - [STDERR_REDIRECT] [Fatal Error] :1:1: Premature end of file.
2026-09-25 14:30:27,060 [ERROR] LogOutputStream:75 - [STDERR_REDIRECT] 
2026-09-25 14:30:27,086 [ERROR] LogOutputStream:75 - [STDERR_REDIRECT] [Fatal Error] :1:1: Premature end of file.
2026-09-25 14:30:27,086 [ERROR] LogOutputStream:75 - [STDERR_REDIRECT] 
2026-09-25 14:30:27,115 [ERROR] LogOutputStream:75 - [STDERR_REDIRECT] [Fatal Error] :1:1: Premature end of file.
2026-09-25 14:30:27,115 [ERROR] LogOutputStream:75 - [STDERR_REDIRECT] 
2026-09-25 14:30:27,147 [ERROR] LogOutputStream:75 - [STDERR_REDIRECT] [Fatal Error] :1:1: Premature end of file.
2026-09-25 14:30:27,148 [ERROR] LogOutputStream:75 - [STDERR_REDIRECT] 
2026-09-25 14:30:27,178 [ERROR] LogOutputStream:75 - [STDERR_REDIRECT] [Fatal Error] :1:1: Premature end of file.
2026-09-25 14:30:27,178 [ERROR] LogOutputStream:75 - [STDERR_REDIRECT] 
2026-09-25 14:30:27,206 [ERROR] LogOutputStream:75 - [STDERR_REDIRECT] [Fatal Error] :1:1: Premature end of file.
2026-09-25 14:30:27,206 [ERROR] LogOutputStream:75 - [STDERR_REDIRECT] 
2026-09-25 14:30:27,243 [ERROR] LogOutputStream:75 - [STDERR_REDIRECT] [Fatal Error] :1:1: Premature end of file.
2026-09-25 14:30:27,243 [ERROR] LogOutputStream:75 - [STDERR_REDIRECT] 
2026-09-25 14:30:27,269 [ERROR] LogOutputStream:75 - [STDERR_REDIRECT] [Fatal Error] :1:1: Premature end of file.
2026-09-25 14:30:27,269 [ERROR] LogOutputStream:75 - [STDERR_REDIRECT] 
2026-09-25 14:30:27,296 [ERROR] LogOutputStream:75 - [STDERR_REDIRECT] [Fatal Error] :1:1: Premature end of file.
2026-09-25 14:30:27,296 [ERROR] LogOutputStream:75 - [STDERR_REDIRECT] 
2026-09-25 14:30:27,326 [ERROR] LogOutputStream:75 - [STDERR_REDIRECT] [Fatal Error] :1:1: Premature end of file.
2026-09-25 14:30:27,326 [ERROR] LogOutputStream:75 - [STDERR_REDIRECT] 
2026-09-25 14:30:27,353 [ERROR] LogOutputStream:75 - [STDERR_REDIRECT] [Fatal Error] :1:1: Premature end of file.
2026-09-25 14:30:27,353 [ERROR] LogOutputStream:75 - [STDERR_REDIRECT] 
2026-09-25 14:30:27,380 [ERROR] LogOutputStream:75 - [STDERR_REDIRECT] [Fatal Error] :1:1: Premature end of file.
2026-09-25 14:30:27,380 [ERROR] LogOutputStream:75 - [STDERR_REDIRECT] 
2026-09-25 14:30:27,410 [ERROR] LogOutputStream:75 - [STDERR_REDIRECT] [Fatal Error] :1:1: Premature end of file.
2026-09-25 14:30:27,411 [ERROR] LogOutputStream:75 - [STDERR_REDIRECT] 
2026-09-25 14:30:27,438 [ERROR] LogOutputStream:75 - [STDERR_REDIRECT] [Fatal Error] :1:1: Premature end of file.
2026-09-25 14:30:27,438 [ERROR] LogOutputStream:75 - [STDERR_REDIRECT] 
2026-09-25 14:30:27,467 [ERROR] LogOutputStream:75 - [STDERR_REDIRECT] [Fatal Error] :1:1: Premature end of file.
2026-09-25 14:30:27,467 [ERROR] LogOutputStream:75 - [STDERR_REDIRECT] 
2026-09-25 14:30:27,496 [ERROR] LogOutputStream:75 - [STDERR_REDIRECT] [Fatal Error] :1:1: Premature end of file.
2026-09-25 14:30:27,496 [ERROR] LogOutputStream:75 - [STDERR_REDIRECT] 
2026-09-25 14:30:27,521 [ERROR] LogOutputStream:75 - [STDERR_REDIRECT] [Fatal Error] :1:1: Premature end of file.
2026-09-25 14:30:27,521 [ERROR] LogOutputStream:75 - [STDERR_REDIRECT] 
2026-09-25 14:30:27,550 [ERROR] LogOutputStream:75 - [STDERR_REDIRECT] [Fatal Error] :1:1: Premature end of file.
2026-09-25 14:30:27,550 [ERROR] LogOutputStream:75 - [STDERR_REDIRECT] 
2026-09-25 14:30:27,579 [ERROR] LogOutputStream:75 - [STDERR_REDIRECT] [Fatal Error] :1:1: Premature end of file.
2026-09-25 14:30:27,579 [ERROR] LogOutputStream:75 - [STDERR_REDIRECT] 
2026-09-25 14:30:27,607 [ERROR] LogOutputStream:75 - [STDERR_REDIRECT] [Fatal Error] :1:1: Premature end of file.
2026-09-25 14:30:27,608 [ERROR] LogOutputStream:75 - [STDERR_REDIRECT] 
2026-09-25 14:30:27,639 [ERROR] LogOutputStream:75 - [STDERR_REDIRECT] [Fatal Error] :1:1: Premature end of file.
2026-09-25 14:30:27,639 [ERROR] LogOutputStream:75 - [STDERR_REDIRECT] 
2026-09-25 14:30:27,668 [ERROR] LogOutputStream:75 - [STDERR_REDIRECT] [Fatal Error] :1:1: Premature end of file.
2026-09-25 14:30:27,668 [ERROR] LogOutputStream:75 - [STDERR_REDIRECT] 
2026-09-25 14:30:27,698 [ERROR] LogOutputStream:75 - [STDERR_REDIRECT] [Fatal Error] :1:1: Premature end of file.
2026-09-25 14:30:27,698 [ERROR] LogOutputStream:75 - [STDERR_REDIRECT] 
2026-09-25 14:30:27,729 [ERROR] LogOutputStream:75 - [STDERR_REDIRECT] [Fatal Error] :1:1: Premature end of file.
2026-09-25 14:30:27,730 [ERROR] LogOutputStream:75 - [STDERR_REDIRECT] 
2026-09-25 14:30:27,757 [ERROR] LogOutputStream:75 - [STDERR_REDIRECT] [Fatal Error] :1:1: Premature end of file.
2026-09-25 14:30:27,757 [ERROR] LogOutputStream:75 - [STDERR_REDIRECT] 
2026-09-25 14:30:27,783 [ERROR] LogOutputStream:75 - [STDERR_REDIRECT] [Fatal Error] :1:1: Premature end of file.
2026-09-25 14:30:27,783 [ERROR] LogOutputStream:75 - [STDERR_REDIRECT] 
2026-09-25 14:30:27,813 [ERROR] LogOutputStream:75 - [STDERR_REDIRECT] [Fatal Error] :1:1: Premature end of file.
2026-09-25 14:30:27,813 [ERROR] LogOutputStream:75 - [STDERR_REDIRECT] 
2026-09-25 14:30:27,841 [ERROR] LogOutputStream:75 - [STDERR_REDIRECT] [Fatal Error] :1:1: Premature end of file.
2026-09-25 14:30:27,842 [ERROR] LogOutputStream:75 - [STDERR_REDIRECT] 
2026-09-25 14:30:27,873 [ERROR] LogOutputStream:75 - [STDERR_REDIRECT] [Fatal Error] :1:1: Premature end of file.
2026-09-25 14:30:27,873 [ERROR] LogOutputStream:75 - [STDERR_REDIRECT] 
2026-09-25 14:30:27,904 [ERROR] LogOutputStream:75 - [STDERR_REDIRECT] [Fatal Error] :1:1: Premature end of file.
2026-09-25 14:30:27,905 [ERROR] LogOutputStream:75 - [STDERR_REDIRECT] 
2026-09-25 14:30:27,936 [ERROR] LogOutputStream:75 - [STDERR_REDIRECT] [Fatal Error] :1:1: Premature end of file.
2026-09-25 14:30:27,936 [ERROR] LogOutputStream:75 - [STDERR_REDIRECT] 
2026-09-25 14:30:27,964 [ERROR] LogOutputStream:75 - [STDERR_REDIRECT] [Fatal Error] :1:1: Premature end of file.
2026-09-25 14:30:27,964 [ERROR] LogOutputStream:75 - [STDERR_REDIRECT] 
2026-09-25 14:30:27,991 [ERROR] LogOutputStream:75 - [STDERR_REDIRECT] [Fatal Error] :1:1: Premature end of file.
2026-09-25 14:30:27,991 [ERROR] LogOutputStream:75 - [STDERR_REDIRECT] 
2026-09-25 14:30:28,020 [ERROR] LogOutputStream:75 - [STDERR_REDIRECT] [Fatal Error] :1:1: Premature end of file.
2026-09-25 14:30:28,020 [ERROR] LogOutputStream:75 - [STDERR_REDIRECT] 
2026-09-25 14:30:28,048 [ERROR] LogOutputStream:75 - [STDERR_REDIRECT] [Fatal Error] :1:1: Premature end of file.
2026-09-25 14:30:28,049 [ERROR] LogOutputStream:75 - [STDERR_REDIRECT] 
2026-09-25 14:30:28,075 [ERROR] LogOutputStream:75 - [STDERR_REDIRECT] [Fatal Error] :1:1: Premature end of file.
2026-09-25 14:30:28,076 [ERROR] LogOutputStream:75 - [STDERR_REDIRECT] 
2026-09-25 14:30:28,100 [ERROR] LogOutputStream:75 - [STDERR_REDIRECT] [Fatal Error] :1:1: Premature end of file.
2026-09-25 14:30:28,100 [ERROR] LogOutputStream:75 - [STDERR_REDIRECT] 
2026-09-25 14:30:28,127 [ERROR] LogOutputStream:75 - [STDERR_REDIRECT] [Fatal Error] :1:1: Premature end of file.
2026-09-25 14:30:28,127 [ERROR] LogOutputStream:75 - [STDERR_REDIRECT] 
2026-09-25 14:30:28,158 [ERROR] LogOutputStream:75 - [STDERR_REDIRECT] [Fatal Error] :1:1: Premature end of file.
2026-09-25 14:30:28,158 [ERROR] LogOutputStream:75 - [STDERR_REDIRECT] 
2026-09-25 14:30:28,183 [ERROR] LogOutputStream:75 - [STDERR_REDIRECT] [Fatal Error] :1:1: Premature end of file.
2026-09-25 14:30:28,183 [ERROR] LogOutputStream:75 - [STDERR_REDIRECT] 
2026-09-25 14:30:28,214 [ERROR] LogOutputStream:75 - [STDERR_REDIRECT] [Fatal Error] :1:1: Premature end of file.
2026-09-25 14:30:28,214 [ERROR] LogOutputStream:75 - [STDERR_REDIRECT] 
2026-09-25 14:30:28,244 [ERROR] LogOutputStream:75 - [STDERR_REDIRECT] [Fatal Error] :1:1: Premature end of file.
2026-09-25 14:30:28,244 [ERROR] LogOutputStream:75 - [STDERR_REDIRECT] 
2026-09-25 14:30:28,269 [ERROR] LogOutputStream:75 - [STDERR_REDIRECT] [Fatal Error] :1:1: Premature end of file.
2026-09-25 14:30:28,269 [ERROR] LogOutputStream:75 - [STDERR_REDIRECT] 
2026-09-25 14:30:28,294 [ERROR] LogOutputStream:75 - [STDERR_REDIRECT] [Fatal Error] :1:1: Premature end of file.
2026-09-25 14:30:28,294 [ERROR] LogOutputStream:75 - [STDERR_REDIRECT] 
2026-09-25 14:30:28,319 [ERROR] LogOutputStream:75 - [STDERR_REDIRECT] [Fatal Error] :1:1: Premature end of file.
2026-09-25 14:30:28,319 [ERROR] LogOutputStream:75 - [STDERR_REDIRECT] 
2026-09-25 14:30:28,345 [ERROR] LogOutputStream:75 - [STDERR_REDIRECT] [Fatal Error] :1:1: Premature end of file.
2026-09-25 14:30:28,345 [ERROR] LogOutputStream:75 - [STDERR_REDIRECT] 
2026-09-25 14:30:28,372 [ERROR] LogOutputStream:75 - [STDERR_REDIRECT] [Fatal Error] :1:1: Premature end of file.
2026-09-25 14:30:28,372 [ERROR] LogOutputStream:75 - [STDERR_REDIRECT] 
2026-09-25 14:30:28,404 [ERROR] LogOutputStream:75 - [STDERR_REDIRECT] [Fatal Error] :1:1: Premature end of file.
2026-09-25 14:30:28,405 [ERROR] LogOutputStream:75 - [STDERR_REDIRECT] 
2026-09-25 14:30:28,436 [ERROR] LogOutputStream:75 - [STDERR_REDIRECT] [Fatal Error] :1:1: Premature end of file.
2026-09-25 14:30:28,436 [ERROR] LogOutputStream:75 - [STDERR_REDIRECT] 
2026-09-25 14:30:28,462 [ERROR] LogOutputStream:75 - [STDERR_REDIRECT] [Fatal Error] :1:1: Premature end of file.
2026-09-25 14:30:28,462 [ERROR] LogOutputStream:75 - [STDERR_REDIRECT] 
2026-09-25 14:30:28,486 [ERROR] LogOutputStream:75 - [STDERR_REDIRECT] [Fatal Error] :1:1: Premature end of file.
2026-09-25 14:30:28,486 [ERROR] LogOutputStream:75 - [STDERR_REDIRECT] 
2026-09-25 14:30:28,515 [ERROR] LogOutputStream:75 - [STDERR_REDIRECT] [Fatal Error] :1:1: Premature end of file.
2026-09-25 14:30:28,516 [ERROR] LogOutputStream:75 - [STDERR_REDIRECT] 
2026-09-25 14:30:28,543 [ERROR] LogOutputStream:75 - [STDERR_REDIRECT] [Fatal Error] :1:1: Premature end of file.
2026-09-25 14:30:28,543 [ERROR] LogOutputStream:75 - [STDERR_REDIRECT] 
2026-09-25 14:30:28,571 [ERROR] LogOutputStream:75 - [STDERR_REDIRECT] [Fatal Error] :1:1: Premature end of file.
2026-09-25 14:30:28,571 [ERROR] LogOutputStream:75 - [STDERR_REDIRECT] 
2026-09-25 14:30:28,597 [ERROR] LogOutputStream:75 - [STDERR_REDIRECT] [Fatal Error] :1:1: Premature end of file.
2026-09-25 14:30:28,597 [ERROR] LogOutputStream:75 - [STDERR_REDIRECT] 
2026-09-25 14:30:28,630 [ERROR] LogOutputStream:75 - [STDERR_REDIRECT] [Fatal Error] :1:1: Premature end of file.
2026-09-25 14:30:28,630 [ERROR] LogOutputStream:75 - [STDERR_REDIRECT] 
2026-09-25 14:30:28,660 [ERROR] LogOutputStream:75 - [STDERR_REDIRECT] [Fatal Error] :1:1: Premature end of file.
2026-09-25 14:30:28,660 [ERROR] LogOutputStream:75 - [STDERR_REDIRECT] 
2026-09-25 14:30:28,687 [ERROR] LogOutputStream:75 - [STDERR_REDIRECT] [Fatal Error] :1:1: Premature end of file.
2026-09-25 14:30:28,687 [ERROR] LogOutputStream:75 - [STDERR_REDIRECT] 
2026-09-25 14:30:28,716 [ERROR] LogOutputStream:75 - [STDERR_REDIRECT] [Fatal Error] :1:1: Premature end of file.
2026-09-25 14:30:28,717 [ERROR] LogOutputStream:75 - [STDERR_REDIRECT] 
2026-09-25 14:30:28,753 [ERROR] LogOutputStream:75 - [STDERR_REDIRECT] [Fatal Error] :1:1: Premature end of file.
2026-09-25 14:30:28,753 [ERROR] LogOutputStream:75 - [STDERR_REDIRECT] 
2026-09-25 14:30:28,780 [ERROR] LogOutputStream:75 - [STDERR_REDIRECT] [Fatal Error] :1:1: Premature end of file.
2026-09-25 14:30:28,780 [ERROR] LogOutputStream:75 - [STDERR_REDIRECT] 
2026-09-25 14:30:28,808 [ERROR] LogOutputStream:75 - [STDERR_REDIRECT] [Fatal Error] :1:1: Premature end of file.
2026-09-25 14:30:28,808 [ERROR] LogOutputStream:75 - [STDERR_REDIRECT] 
2026-09-25 14:30:28,841 [ERROR] LogOutputStream:75 - [STDERR_REDIRECT] [Fatal Error] :1:1: Premature end of file.
2026-09-25 14:30:28,841 [ERROR] LogOutputStream:75 - [STDERR_REDIRECT] 
2026-09-25 14:30:28,868 [ERROR] LogOutputStream:75 - [STDERR_REDIRECT] [Fatal Error] :1:1: Premature end of file.
2026-09-25 14:30:28,868 [ERROR] LogOutputStream:75 - [STDERR_REDIRECT] 
2026-09-25 14:30:28,897 [ERROR] LogOutputStream:75 - [STDERR_REDIRECT] [Fatal Error] :1:1: Premature end of file.
2026-09-25 14:30:28,897 [ERROR] LogOutputStream:75 - [STDERR_REDIRECT] 
2026-09-25 14:30:28,933 [ERROR] LogOutputStream:75 - [STDERR_REDIRECT] [Fatal Error] :1:1: Premature end of file.
2026-09-25 14:30:28,933 [ERROR] LogOutputStream:75 - [STDERR_REDIRECT] 
2026-09-25 14:30:28,960 [ERROR] LogOutputStream:75 - [STDERR_REDIRECT] [Fatal Error] :1:1: Premature end of file.
2026-09-25 14:30:28,960 [ERROR] LogOutputStream:75 - [STDERR_REDIRECT] 
2026-09-25 14:30:28,985 [ERROR] LogOutputStream:75 - [STDERR_REDIRECT] [Fatal Error] :1:1: Premature end of file.
2026-09-25 14:30:28,985 [ERROR] LogOutputStream:75 - [STDERR_REDIRECT] 
2026-09-25 14:30:29,012 [ERROR] LogOutputStream:75 - [STDERR_REDIRECT] [Fatal Error] :1:1: Premature end of file.
2026-09-25 14:30:29,012 [ERROR] LogOutputStream:75 - [STDERR_REDIRECT] 
2026-09-25 14:30:29,039 [ERROR] LogOutputStream:75 - [STDERR_REDIRECT] [Fatal Error] :1:1: Premature end of file.
2026-09-25 14:30:29,039 [ERROR] LogOutputStream:75 - [STDERR_REDIRECT] 
2026-09-25 14:30:29,067 [ERROR] LogOutputStream:75 - [STDERR_REDIRECT] [Fatal Error] :1:1: Premature end of file.
2026-09-25 14:30:29,067 [ERROR] LogOutputStream:75 - [STDERR_REDIRECT] 
2026-09-25 14:30:29,095 [ERROR] LogOutputStream:75 - [STDERR_REDIRECT] [Fatal Error] :1:1: Premature end of file.
2026-09-25 14:30:29,095 [ERROR] LogOutputStream:75 - [STDERR_REDIRECT] 
2026-09-25 14:30:29,125 [ERROR] LogOutputStream:75 - [STDERR_REDIRECT] [Fatal Error] :1:1: Premature end of file.
2026-09-25 14:30:29,126 [ERROR] LogOutputStream:75 - [STDERR_REDIRECT] 
2026-09-25 14:30:29,153 [ERROR] LogOutputStream:75 - [STDERR_REDIRECT] [Fatal Error] :1:1: Premature end of file.
2026-09-25 14:30:29,153 [ERROR] LogOutputStream:75 - [STDERR_REDIRECT] 
2026-09-25 14:30:29,182 [ERROR] LogOutputStream:75 - [STDERR_REDIRECT] [Fatal Error] :1:1: Premature end of file.
2026-09-25 14:30:29,182 [ERROR] LogOutputStream:75 - [STDERR_REDIRECT] 
2026-09-25 14:30:29,212 [ERROR] LogOutputStream:75 - [STDERR_REDIRECT] [Fatal Error] :1:1: Premature end of file.
2026-09-25 14:30:29,212 [ERROR] LogOutputStream:75 - [STDERR_REDIRECT] 
2026-09-25 14:30:29,241 [ERROR] LogOutputStream:75 - [STDERR_REDIRECT] [Fatal Error] :1:1: Premature end of file.
2026-09-25 14:30:29,241 [ERROR] LogOutputStream:75 - [STDERR_REDIRECT] 
2026-09-25 14:30:29,269 [ERROR] LogOutputStream:75 - [STDERR_REDIRECT] [Fatal Error] :1:1: Premature end of file.
2026-09-25 14:30:29,269 [ERROR] LogOutputStream:75 - [STDERR_REDIRECT] 
2026-09-25 14:30:29,299 [ERROR] LogOutputStream:75 - [STDERR_REDIRECT] [Fatal Error] :1:1: Premature end of file.
2026-09-25 14:30:29,299 [ERROR] LogOutputStream:75 - [STDERR_REDIRECT] 
2026-09-25 14:30:29,324 [ERROR] LogOutputStream:75 - [STDERR_REDIRECT] [Fatal Error] :1:1: Premature end of file.
2026-09-25 14:30:29,324 [ERROR] LogOutputStream:75 - [STDERR_REDIRECT] 
2026-09-25 14:30:29,348 [ERROR] LogOutputStream:75 - [STDERR_REDIRECT] [Fatal Error] :1:1: Premature end of file.
2026-09-25 14:30:29,348 [ERROR] LogOutputStream:75 - [STDERR_REDIRECT] 
2026-09-25 14:30:29,373 [ERROR] LogOutputStream:75 - [STDERR_REDIRECT] [Fatal Error] :1:1: Premature end of file.
2026-09-25 14:30:29,374 [ERROR] LogOutputStream:75 - [STDERR_REDIRECT] 
2026-09-25 14:30:29,400 [ERROR] LogOutputStream:75 - [STDERR_REDIRECT] [Fatal Error] :1:1: Premature end of file.
2026-09-25 14:30:29,400 [ERROR] LogOutputStream:75 - [STDERR_REDIRECT] 
2026-09-25 14:30:29,427 [ERROR] LogOutputStream:75 - [STDERR_REDIRECT] [Fatal Error] :1:1: Premature end of file.
2026-09-25 14:30:29,427 [ERROR] LogOutputStream:75 - [STDERR_REDIRECT] 
2026-09-25 14:30:29,451 [ERROR] LogOutputStream:75 - [STDERR_REDIRECT] [Fatal Error] :1:1: Premature end of file.
2026-09-25 14:30:29,451 [ERROR] LogOutputStream:75 - [STDERR_REDIRECT] 
2026-09-25 14:30:29,474 [ERROR] LogOutputStream:75 - [STDERR_REDIRECT] [Fatal Error] :1:1: Premature end of file.
2026-09-25 14:30:29,474 [ERROR] LogOutputStream:75 - [STDERR_REDIRECT] 
2026-09-25 14:30:29,497 [ERROR] LogOutputStream:75 - [STDERR_REDIRECT] [Fatal Error] :1:1: Premature end of file.
2026-09-25 14:30:29,497 [ERROR] LogOutputStream:75 - [STDERR_REDIRECT] 
2026-09-25 14:30:29,521 [ERROR] LogOutputStream:75 - [STDERR_REDIRECT] [Fatal Error] :1:1: Premature end of file.
2026-09-25 14:30:29,521 [ERROR] LogOutputStream:75 - [STDERR_REDIRECT] 
2026-09-25 14:30:29,547 [ERROR] LogOutputStream:75 - [STDERR_REDIRECT] [Fatal Error] :1:1: Premature end of file.
2026-09-25 14:30:29,547 [ERROR] LogOutputStream:75 - [STDERR_REDIRECT] 
2026-09-25 14:30:29,571 [ERROR] LogOutputStream:75 - [STDERR_REDIRECT] [Fatal Error] :1:1: Premature end of file.
2026-09-25 14:30:29,571 [ERROR] LogOutputStream:75 - [STDERR_REDIRECT] 
2026-09-25 14:30:29,597 [ERROR] LogOutputStream:75 - [STDERR_REDIRECT] [Fatal Error] :1:1: Premature end of file.
2026-09-25 14:30:29,597 [ERROR] LogOutputStream:75 - [STDERR_REDIRECT] 
2026-09-25 14:30:29,619 [ERROR] LogOutputStream:75 - [STDERR_REDIRECT] [Fatal Error] :1:1: Premature end of file.
2026-09-25 14:30:29,619 [ERROR] LogOutputStream:75 - [STDERR_REDIRECT] 
2026-09-25 14:30:29,643 [ERROR] LogOutputStream:75 - [STDERR_REDIRECT] [Fatal Error] :1:1: Premature end of file.
2026-09-25 14:30:29,643 [ERROR] LogOutputStream:75 - [STDERR_REDIRECT] 
2026-09-25 14:30:29,666 [ERROR] LogOutputStream:75 - [STDERR_REDIRECT] [Fatal Error] :1:1: Premature end of file.
2026-09-25 14:30:29,666 [ERROR] LogOutputStream:75 - [STDERR_REDIRECT] 
2026-09-25 14:30:29,690 [ERROR] LogOutputStream:75 - [STDERR_REDIRECT] [Fatal Error] :1:1: Premature end of file.
2026-09-25 14:30:29,690 [ERROR] LogOutputStream:75 - [STDERR_REDIRECT] 
2026-09-25 14:30:29,713 [ERROR] LogOutputStream:75 - [STDERR_REDIRECT] [Fatal Error] :1:1: Premature end of file.
2026-09-25 14:30:29,713 [ERROR] LogOutputStream:75 - [STDERR_REDIRECT] 
2026-09-25 14:30:29,740 [ERROR] LogOutputStream:75 - [STDERR_REDIRECT] [Fatal Error] :1:1: Premature end of file.
2026-09-25 14:30:29,740 [ERROR] LogOutputStream:75 - [STDERR_REDIRECT] 
2026-09-25 14:30:29,767 [ERROR] LogOutputStream:75 - [STDERR_REDIRECT] [Fatal Error] :1:1: Premature end of file.
2026-09-25 14:30:29,767 [ERROR] LogOutputStream:75 - [STDERR_REDIRECT] 
2026-09-25 14:30:29,792 [ERROR] LogOutputStream:75 - [STDERR_REDIRECT] [Fatal Error] :1:1: Premature end of file.
2026-09-25 14:30:29,792 [ERROR] LogOutputStream:75 - [STDERR_REDIRECT] 
2026-09-25 14:30:29,816 [ERROR] LogOutputStream:75 - [STDERR_REDIRECT] [Fatal Error] :1:1: Premature end of file.
2026-09-25 14:30:29,816 [ERROR] LogOutputStream:75 - [STDERR_REDIRECT] 
2026-09-25 14:30:29,839 [ERROR] LogOutputStream:75 - [STDERR_REDIRECT] [Fatal Error] :1:1: Premature end of file.
2026-09-25 14:30:29,839 [ERROR] LogOutputStream:75 - [STDERR_REDIRECT] 
2026-09-25 14:30:29,862 [ERROR] LogOutputStream:75 - [STDERR_REDIRECT] [Fatal Error] :1:1: Premature end of file.
2026-09-25 14:30:29,863 [ERROR] LogOutputStream:75 - [STDERR_REDIRECT] 
2026-09-25 14:30:29,887 [ERROR] LogOutputStream:75 - [STDERR_REDIRECT] [Fatal Error] :1:1: Premature end of file.
2026-09-25 14:30:29,887 [ERROR] LogOutputStream:75 - [STDERR_REDIRECT] 
2026-09-25 14:30:29,910 [ERROR] LogOutputStream:75 - [STDERR_REDIRECT] [Fatal Error] :1:1: Premature end of file.
2026-09-25 14:30:29,910 [ERROR] LogOutputStream:75 - [STDERR_REDIRECT] 
2026-09-25 14:30:29,933 [ERROR] LogOutputStream:75 - [STDERR_REDIRECT] [Fatal Error] :1:1: Premature end of file.
2026-09-25 14:30:29,933 [ERROR] LogOutputStream:75 - [STDERR_REDIRECT] 
2026-09-25 14:30:29,958 [ERROR] LogOutputStream:75 - [STDERR_REDIRECT] [Fatal Error] :1:1: Premature end of file.
2026-09-25 14:30:29,958 [ERROR] LogOutputStream:75 - [STDERR_REDIRECT] 
2026-09-25 14:30:29,982 [ERROR] LogOutputStream:75 - [STDERR_REDIRECT] [Fatal Error] :1:1: Premature end of file.
2026-09-25 14:30:29,982 [ERROR] LogOutputStream:75 - [STDERR_REDIRECT] 
2026-09-25 14:30:30,006 [ERROR] LogOutputStream:75 - [STDERR_REDIRECT] [Fatal Error] :1:1: Premature end of file.
2026-09-25 14:30:30,006 [ERROR] LogOutputStream:75 - [STDERR_REDIRECT] 
2026-09-25 14:30:30,028 [ERROR] LogOutputStream:75 - [STDERR_REDIRECT] [Fatal Error] :1:1: Premature end of file.
2026-09-25 14:30:30,029 [ERROR] LogOutputStream:75 - [STDERR_REDIRECT] 
2026-09-25 14:30:30,054 [ERROR] LogOutputStream:75 - [STDERR_REDIRECT] [Fatal Error] :1:1: Premature end of file.
2026-09-25 14:30:30,054 [ERROR] LogOutputStream:75 - [STDERR_REDIRECT] 
2026-09-25 14:30:30,080 [ERROR] LogOutputStream:75 - [STDERR_REDIRECT] [Fatal Error] :1:1: Premature end of file.
2026-09-25 14:30:30,080 [ERROR] LogOutputStream:75 - [STDERR_REDIRECT] 
2026-09-25 14:30:30,104 [ERROR] LogOutputStream:75 - [STDERR_REDIRECT] [Fatal Error] :1:1: Premature end of file.
2026-09-25 14:30:30,104 [ERROR] LogOutputStream:75 - [STDERR_REDIRECT] 
2026-09-25 14:30:30,127 [ERROR] LogOutputStream:75 - [STDERR_REDIRECT] [Fatal Error] :1:1: Premature end of file.
2026-09-25 14:30:30,127 [ERROR] LogOutputStream:75 - [STDERR_REDIRECT] 
2026-09-25 14:30:30,150 [ERROR] LogOutputStream:75 - [STDERR_REDIRECT] [Fatal Error] :1:1: Premature end of file.
2026-09-25 14:30:30,150 [ERROR] LogOutputStream:75 - [STDERR_REDIRECT] 
2026-09-25 14:30:30,175 [ERROR] LogOutputStream:75 - [STDERR_REDIRECT] [Fatal Error] :1:1: Premature end of file.
2026-09-25 14:30:30,175 [ERROR] LogOutputStream:75 - [STDERR_REDIRECT] 
2026-09-25 14:30:30,201 [ERROR] LogOutputStream:75 - [STDERR_REDIRECT] [Fatal Error] :1:1: Premature end of file.
2026-09-25 14:30:30,201 [ERROR] LogOutputStream:75 - [STDERR_REDIRECT] 
2026-09-25 14:30:30,238 [ERROR] LogOutputStream:75 - [STDERR_REDIRECT] [Fatal Error] :1:1: Premature end of file.
2026-09-25 14:30:30,238 [ERROR] LogOutputStream:75 - [STDERR_REDIRECT] 
2026-09-25 14:30:30,262 [ERROR] LogOutputStream:75 - [STDERR_REDIRECT] [Fatal Error] :1:1: Premature end of file.
2026-09-25 14:30:30,262 [ERROR] LogOutputStream:75 - [STDERR_REDIRECT] 
2026-09-25 14:30:30,285 [ERROR] LogOutputStream:75 - [STDERR_REDIRECT] [Fatal Error] :1:1: Premature end of file.
2026-09-25 14:30:30,286 [ERROR] LogOutputStream:75 - [STDERR_REDIRECT] 
2026-09-25 14:30:30,311 [ERROR] LogOutputStream:75 - [STDERR_REDIRECT] [Fatal Error] :1:1: Premature end of file.
2026-09-25 14:30:30,311 [ERROR] LogOutputStream:75 - [STDERR_REDIRECT] 
2026-09-25 14:30:30,340 [ERROR] LogOutputStream:75 - [STDERR_REDIRECT] [Fatal Error] :1:1: Premature end of file.
2026-09-25 14:30:30,340 [ERROR] LogOutputStream:75 - [STDERR_REDIRECT] 
2026-09-25 14:30:30,368 [ERROR] LogOutputStream:75 - [STDERR_REDIRECT] [Fatal Error] :1:1: Premature end of file.
2026-09-25 14:30:30,368 [ERROR] LogOutputStream:75 - [STDERR_REDIRECT] 
2026-09-25 14:30:30,394 [ERROR] LogOutputStream:75 - [STDERR_REDIRECT] [Fatal Error] :1:1: Premature end of file.
2026-09-25 14:30:30,394 [ERROR] LogOutputStream:75 - [STDERR_REDIRECT] 
2026-09-25 14:30:30,421 [ERROR] LogOutputStream:75 - [STDERR_REDIRECT] [Fatal Error] :1:1: Premature end of file.
2026-09-25 14:30:30,422 [ERROR] LogOutputStream:75 - [STDERR_REDIRECT] 
2026-09-25 14:30:30,445 [ERROR] LogOutputStream:75 - [STDERR_REDIRECT] [Fatal Error] :1:1: Premature end of file.
2026-09-25 14:30:30,445 [ERROR] LogOutputStream:75 - [STDERR_REDIRECT] 
2026-09-25 14:30:30,468 [ERROR] LogOutputStream:75 - [STDERR_REDIRECT] [Fatal Error] :1:1: Premature end of file.
2026-09-25 14:30:30,468 [ERROR] LogOutputStream:75 - [STDERR_REDIRECT] 
2026-09-25 14:30:30,493 [ERROR] LogOutputStream:75 - [STDERR_REDIRECT] [Fatal Error] :1:1: Premature end of file.
2026-09-25 14:30:30,493 [ERROR] LogOutputStream:75 - [STDERR_REDIRECT] 
2026-09-25 14:30:30,516 [ERROR] LogOutputStream:75 - [STDERR_REDIRECT] [Fatal Error] :1:1: Premature end of file.
2026-09-25 14:30:30,516 [ERROR] LogOutputStream:75 - [STDERR_REDIRECT] 
2026-09-25 14:30:30,542 [ERROR] LogOutputStream:75 - [STDERR_REDIRECT] [Fatal Error] :1:1: Premature end of file.
2026-09-25 14:30:30,542 [ERROR] LogOutputStream:75 - [STDERR_REDIRECT] 
2026-09-25 14:30:30,568 [ERROR] LogOutputStream:75 - [STDERR_REDIRECT] [Fatal Error] :1:1: Premature end of file.
2026-09-25 14:30:30,568 [ERROR] LogOutputStream:75 - [STDERR_REDIRECT] 
2026-09-25 14:30:30,591 [ERROR] LogOutputStream:75 - [STDERR_REDIRECT] [Fatal Error] :1:1: Premature end of file.
2026-09-25 14:30:30,591 [ERROR] LogOutputStream:75 - [STDERR_REDIRECT] 
2026-09-25 14:30:30,617 [ERROR] LogOutputStream:75 - [STDERR_REDIRECT] [Fatal Error] :1:1: Premature end of file.
2026-09-25 14:30:30,617 [ERROR] LogOutputStream:75 - [STDERR_REDIRECT] 
2026-09-25 14:30:30,644 [ERROR] LogOutputStream:75 - [STDERR_REDIRECT] [Fatal Error] :1:1: Premature end of file.
2026-09-25 14:30:30,644 [ERROR] LogOutputStream:75 - [STDERR_REDIRECT] 
2026-09-25 14:30:30,670 [ERROR] LogOutputStream:75 - [STDERR_REDIRECT] [Fatal Error] :1:1: Premature end of file.
2026-09-25 14:30:30,671 [ERROR] LogOutputStream:75 - [STDERR_REDIRECT] 
2026-09-25 14:30:30,698 [ERROR] LogOutputStream:75 - [STDERR_REDIRECT] [Fatal Error] :1:1: Premature end of file.
2026-09-25 14:30:30,698 [ERROR] LogOutputStream:75 - [STDERR_REDIRECT] 
2026-09-25 14:30:30,727 [ERROR] LogOutputStream:75 - [STDERR_REDIRECT] [Fatal Error] :1:1: Premature end of file.
2026-09-25 14:30:30,727 [ERROR] LogOutputStream:75 - [STDERR_REDIRECT] 
2026-09-25 14:30:30,753 [ERROR] LogOutputStream:75 - [STDERR_REDIRECT] [Fatal Error] :1:1: Premature end of file.
2026-09-25 14:30:30,753 [ERROR] LogOutputStream:75 - [STDERR_REDIRECT] 
2026-09-25 14:30:30,777 [ERROR] LogOutputStream:75 - [STDERR_REDIRECT] [Fatal Error] :1:1: Premature end of file.
2026-09-25 14:30:30,777 [ERROR] LogOutputStream:75 - [STDERR_REDIRECT] 
2026-09-25 14:30:30,804 [ERROR] LogOutputStream:75 - [STDERR_REDIRECT] [Fatal Error] :1:1: Premature end of file.
2026-09-25 14:30:30,804 [ERROR] LogOutputStream:75 - [STDERR_REDIRECT] 
2026-09-25 14:30:30,827 [ERROR] LogOutputStream:75 - [STDERR_REDIRECT] [Fatal Error] :1:1: Premature end of file.
2026-09-25 14:30:30,828 [ERROR] LogOutputStream:75 - [STDERR_REDIRECT] 
2026-09-25 14:30:30,853 [ERROR] LogOutputStream:75 - [STDERR_REDIRECT] [Fatal Error] :1:1: Premature end of file.
2026-09-25 14:30:30,853 [ERROR] LogOutputStream:75 - [STDERR_REDIRECT] 
2026-09-25 14:30:30,878 [ERROR] LogOutputStream:75 - [STDERR_REDIRECT] [Fatal Error] :1:1: Premature end of file.
2026-09-25 14:30:30,878 [ERROR] LogOutputStream:75 - [STDERR_REDIRECT] 
2026-09-25 14:30:30,901 [ERROR] LogOutputStream:75 - [STDERR_REDIRECT] [Fatal Error] :1:1: Premature end of file.
2026-09-25 14:30:30,901 [ERROR] LogOutputStream:75 - [STDERR_REDIRECT] 
2026-09-25 14:30:30,926 [ERROR] LogOutputStream:75 - [STDERR_REDIRECT] [Fatal Error] :1:1: Premature end of file.
2026-09-25 14:30:30,926 [ERROR] LogOutputStream:75 - [STDERR_REDIRECT] 
2026-09-25 14:30:30,954 [ERROR] LogOutputStream:75 - [STDERR_REDIRECT] [Fatal Error] :1:1: Premature end of file.
2026-09-25 14:30:30,954 [ERROR] LogOutputStream:75 - [STDERR_REDIRECT] 
2026-09-25 14:30:30,981 [ERROR] LogOutputStream:75 - [STDERR_REDIRECT] [Fatal Error] :1:1: Premature end of file.
2026-09-25 14:30:30,981 [ERROR] LogOutputStream:75 - [STDERR_REDIRECT] 
2026-09-25 14:30:31,008 [ERROR] LogOutputStream:75 - [STDERR_REDIRECT] [Fatal Error] :1:1: Premature end of file.
2026-09-25 14:30:31,008 [ERROR] LogOutputStream:75 - [STDERR_REDIRECT] 
2026-09-25 14:30:31,033 [ERROR] LogOutputStream:75 - [STDERR_REDIRECT] [Fatal Error] :1:1: Premature end of file.
2026-09-25 14:30:31,033 [ERROR] LogOutputStream:75 - [STDERR_REDIRECT] 
2026-09-25 14:30:31,060 [ERROR] LogOutputStream:75 - [STDERR_REDIRECT] [Fatal Error] :1:1: Premature end of file.
2026-09-25 14:30:31,061 [ERROR] LogOutputStream:75 - [STDERR_REDIRECT] 
2026-09-25 14:30:31,088 [ERROR] LogOutputStream:75 - [STDERR_REDIRECT] [Fatal Error] :1:1: Premature end of file.
2026-09-25 14:30:31,088 [ERROR] LogOutputStream:75 - [STDERR_REDIRECT] 
2026-09-25 14:30:31,116 [ERROR] LogOutputStream:75 - [STDERR_REDIRECT] [Fatal Error] :1:1: Premature end of file.
2026-09-25 14:30:31,116 [ERROR] LogOutputStream:75 - [STDERR_REDIRECT] 
2026-09-25 14:30:31,146 [ERROR] LogOutputStream:75 - [STDERR_REDIRECT] [Fatal Error] :1:1: Premature end of file.
2026-09-25 14:30:31,146 [ERROR] LogOutputStream:75 - [STDERR_REDIRECT] 
2026-09-25 14:30:31,175 [ERROR] LogOutputStream:75 - [STDERR_REDIRECT] [Fatal Error] :1:1: Premature end of file.
2026-09-25 14:30:31,175 [ERROR] LogOutputStream:75 - [STDERR_REDIRECT] 
2026-09-25 14:30:31,201 [ERROR] LogOutputStream:75 - [STDERR_REDIRECT] [Fatal Error] :1:1: Premature end of file.
2026-09-25 14:30:31,201 [ERROR] LogOutputStream:75 - [STDERR_REDIRECT] 
2026-09-25 14:30:31,227 [ERROR] LogOutputStream:75 - [STDERR_REDIRECT] [Fatal Error] :1:1: Premature end of file.
2026-09-25 14:30:31,228 [ERROR] LogOutputStream:75 - [STDERR_REDIRECT] 
2026-09-25 14:30:31,255 [ERROR] LogOutputStream:75 - [STDERR_REDIRECT] [Fatal Error] :1:1: Premature end of file.
2026-09-25 14:30:31,255 [ERROR] LogOutputStream:75 - [STDERR_REDIRECT] 
2026-09-25 14:30:31,282 [ERROR] LogOutputStream:75 - [STDERR_REDIRECT] [Fatal Error] :1:1: Premature end of file.
2026-09-25 14:30:31,282 [ERROR] LogOutputStream:75 - [STDERR_REDIRECT] 
2026-09-25 14:30:31,309 [ERROR] LogOutputStream:75 - [STDERR_REDIRECT] [Fatal Error] :1:1: Premature end of file.
2026-09-25 14:30:31,309 [ERROR] LogOutputStream:75 - [STDERR_REDIRECT] 
2026-09-25 14:30:31,334 [ERROR] LogOutputStream:75 - [STDERR_REDIRECT] [Fatal Error] :1:1: Premature end of file.
2026-09-25 14:30:31,334 [ERROR] LogOutputStream:75 - [STDERR_REDIRECT] 
2026-09-25 14:30:31,360 [ERROR] LogOutputStream:75 - [STDERR_REDIRECT] [Fatal Error] :1:1: Premature end of file.
2026-09-25 14:30:31,360 [ERROR] LogOutputStream:75 - [STDERR_REDIRECT] 
2026-09-25 14:30:31,450 [ERROR] LogOutputStream:75 - [STDERR_REDIRECT] [Fatal Error] :1:1: Premature end of file.
2026-09-25 14:30:31,450 [ERROR] LogOutputStream:75 - [STDERR_REDIRECT] 
2026-09-25 14:30:31,478 [ERROR] LogOutputStream:75 - [STDERR_REDIRECT] [Fatal Error] :1:1: Premature end of file.
2026-09-25 14:30:31,479 [ERROR] LogOutputStream:75 - [STDERR_REDIRECT] 
2026-09-25 14:30:31,505 [ERROR] LogOutputStream:75 - [STDERR_REDIRECT] [Fatal Error] :1:1: Premature end of file.
2026-09-25 14:30:31,505 [ERROR] LogOutputStream:75 - [STDERR_REDIRECT] 
2026-09-25 14:30:31,534 [ERROR] LogOutputStream:75 - [STDERR_REDIRECT] [Fatal Error] :1:1: Premature end of file.
2026-09-25 14:30:31,534 [ERROR] LogOutputStream:75 - [STDERR_REDIRECT] 
2026-09-25 14:30:31,560 [ERROR] LogOutputStream:75 - [STDERR_REDIRECT] [Fatal Error] :1:1: Premature end of file.
2026-09-25 14:30:31,561 [ERROR] LogOutputStream:75 - [STDERR_REDIRECT] 
2026-09-25 14:30:31,586 [ERROR] LogOutputStream:75 - [STDERR_REDIRECT] [Fatal Error] :1:1: Premature end of file.
2026-09-25 14:30:31,586 [ERROR] LogOutputStream:75 - [STDERR_REDIRECT] 
2026-09-25 14:30:31,612 [ERROR] LogOutputStream:75 - [STDERR_REDIRECT] [Fatal Error] :1:1: Premature end of file.
2026-09-25 14:30:31,612 [ERROR] LogOutputStream:75 - [STDERR_REDIRECT] 
2026-09-25 14:30:31,639 [ERROR] LogOutputStream:75 - [STDERR_REDIRECT] [Fatal Error] :1:1: Premature end of file.
2026-09-25 14:30:31,639 [ERROR] LogOutputStream:75 - [STDERR_REDIRECT] 
2026-09-25 14:30:31,663 [ERROR] LogOutputStream:75 - [STDERR_REDIRECT] [Fatal Error] :1:1: Premature end of file.
2026-09-25 14:30:31,664 [ERROR] LogOutputStream:75 - [STDERR_REDIRECT] 
2026-09-25 14:30:31,691 [ERROR] LogOutputStream:75 - [STDERR_REDIRECT] [Fatal Error] :1:1: Premature end of file.
2026-09-25 14:30:31,691 [ERROR] LogOutputStream:75 - [STDERR_REDIRECT] 
2026-09-25 14:30:31,718 [ERROR] LogOutputStream:75 - [STDERR_REDIRECT] [Fatal Error] :1:1: Premature end of file.
2026-09-25 14:30:31,718 [ERROR] LogOutputStream:75 - [STDERR_REDIRECT] 
2026-09-25 14:30:31,746 [ERROR] LogOutputStream:75 - [STDERR_REDIRECT] [Fatal Error] :1:1: Premature end of file.
2026-09-25 14:30:31,746 [ERROR] LogOutputStream:75 - [STDERR_REDIRECT] 
2026-09-25 14:30:31,770 [ERROR] LogOutputStream:75 - [STDERR_REDIRECT] [Fatal Error] :1:1: Premature end of file.
2026-09-25 14:30:31,770 [ERROR] LogOutputStream:75 - [STDERR_REDIRECT] 
2026-09-25 14:30:31,797 [ERROR] LogOutputStream:75 - [STDERR_REDIRECT] [Fatal Error] :1:1: Premature end of file.
2026-09-25 14:30:31,797 [ERROR] LogOutputStream:75 - [STDERR_REDIRECT] 
2026-09-25 14:30:31,823 [ERROR] LogOutputStream:75 - [STDERR_REDIRECT] [Fatal Error] :1:1: Premature end of file.
2026-09-25 14:30:31,823 [ERROR] LogOutputStream:75 - [STDERR_REDIRECT] 
2026-09-25 14:30:31,847 [ERROR] LogOutputStream:75 - [STDERR_REDIRECT] [Fatal Error] :1:1: Premature end of file.
2026-09-25 14:30:31,847 [ERROR] LogOutputStream:75 - [STDERR_REDIRECT] 
2026-09-25 14:30:31,871 [ERROR] LogOutputStream:75 - [STDERR_REDIRECT] [Fatal Error] :1:1: Premature end of file.
2026-09-25 14:30:31,871 [ERROR] LogOutputStream:75 - [STDERR_REDIRECT] 
2026-09-25 14:30:31,894 [ERROR] LogOutputStream:75 - [STDERR_REDIRECT] [Fatal Error] :1:1: Premature end of file.
2026-09-25 14:30:31,894 [ERROR] LogOutputStream:75 - [STDERR_REDIRECT] 
2026-09-25 14:30:31,917 [ERROR] LogOutputStream:75 - [STDERR_REDIRECT] [Fatal Error] :1:1: Premature end of file.
2026-09-25 14:30:31,918 [ERROR] LogOutputStream:75 - [STDERR_REDIRECT] 
2026-09-25 14:30:31,941 [ERROR] LogOutputStream:75 - [STDERR_REDIRECT] [Fatal Error] :1:1: Premature end of file.
2026-09-25 14:30:31,941 [ERROR] LogOutputStream:75 - [STDERR_REDIRECT] 
2026-09-25 14:30:31,965 [ERROR] LogOutputStream:75 - [STDERR_REDIRECT] [Fatal Error] :1:1: Premature end of file.
2026-09-25 14:30:31,965 [ERROR] LogOutputStream:75 - [STDERR_REDIRECT] 
2026-09-25 14:30:31,989 [ERROR] LogOutputStream:75 - [STDERR_REDIRECT] [Fatal Error] :1:1: Premature end of file.
2026-09-25 14:30:31,989 [ERROR] LogOutputStream:75 - [STDERR_REDIRECT] 
2026-09-25 14:30:32,014 [ERROR] LogOutputStream:75 - [STDERR_REDIRECT] [Fatal Error] :1:1: Premature end of file.
2026-09-25 14:30:32,014 [ERROR] LogOutputStream:75 - [STDERR_REDIRECT] 
2026-09-25 14:30:32,038 [ERROR] LogOutputStream:75 - [STDERR_REDIRECT] [Fatal Error] :1:1: Premature end of file.
2026-09-25 14:30:32,038 [ERROR] LogOutputStream:75 - [STDERR_REDIRECT] 
2026-09-25 14:30:32,063 [ERROR] LogOutputStream:75 - [STDERR_REDIRECT] [Fatal Error] :1:1: Premature end of file.
2026-09-25 14:30:32,064 [ERROR] LogOutputStream:75 - [STDERR_REDIRECT] 
2026-09-25 14:30:32,090 [ERROR] LogOutputStream:75 - [STDERR_REDIRECT] [Fatal Error] :1:1: Premature end of file.
2026-09-25 14:30:32,090 [ERROR] LogOutputStream:75 - [STDERR_REDIRECT] 
2026-09-25 14:30:32,113 [ERROR] LogOutputStream:75 - [STDERR_REDIRECT] [Fatal Error] :1:1: Premature end of file.
2026-09-25 14:30:32,113 [ERROR] LogOutputStream:75 - [STDERR_REDIRECT] 
2026-09-25 14:30:32,138 [ERROR] LogOutputStream:75 - [STDERR_REDIRECT] [Fatal Error] :1:1: Premature end of file.
2026-09-25 14:30:32,138 [ERROR] LogOutputStream:75 - [STDERR_REDIRECT] 
2026-09-25 14:30:32,170 [ERROR] LogOutputStream:75 - [STDERR_REDIRECT] [Fatal Error] :1:1: Premature end of file.
2026-09-25 14:30:32,170 [ERROR] LogOutputStream:75 - [STDERR_REDIRECT] 
2026-09-25 14:30:32,197 [ERROR] LogOutputStream:75 - [STDERR_REDIRECT] [Fatal Error] :1:1: Premature end of file.
2026-09-25 14:30:32,197 [ERROR] LogOutputStream:75 - [STDERR_REDIRECT] 
2026-09-25 14:30:32,239 [ERROR] LogOutputStream:75 - [STDERR_REDIRECT] [Fatal Error] :1:1: Premature end of file.
2026-09-25 14:30:32,240 [ERROR] LogOutputStream:75 - [STDERR_REDIRECT] 
2026-09-25 14:30:32,272 [ERROR] LogOutputStream:75 - [STDERR_REDIRECT] [Fatal Error] :1:1: Premature end of file.
2026-09-25 14:30:32,272 [ERROR] LogOutputStream:75 - [STDERR_REDIRECT] 
2026-09-25 14:30:32,301 [ERROR] LogOutputStream:75 - [STDERR_REDIRECT] [Fatal Error] :1:1: Premature end of file.
2026-09-25 14:30:32,301 [ERROR] LogOutputStream:75 - [STDERR_REDIRECT] 
2026-09-25 14:30:32,332 [ERROR] LogOutputStream:75 - [STDERR_REDIRECT] [Fatal Error] :1:1: Premature end of file.
2026-09-25 14:30:32,333 [ERROR] LogOutputStream:75 - [STDERR_REDIRECT] 
2026-09-25 14:30:32,367 [ERROR] LogOutputStream:75 - [STDERR_REDIRECT] [Fatal Error] :1:1: Premature end of file.
2026-09-25 14:30:32,367 [ERROR] LogOutputStream:75 - [STDERR_REDIRECT] 
2026-09-25 14:30:32,403 [ERROR] LogOutputStream:75 - [STDERR_REDIRECT] [Fatal Error] :1:1: Premature end of file.
2026-09-25 14:30:32,403 [ERROR] LogOutputStream:75 - [STDERR_REDIRECT] 
2026-09-25 14:30:32,442 [ERROR] LogOutputStream:75 - [STDERR_REDIRECT] [Fatal Error] :1:1: Premature end of file.
2026-09-25 14:30:32,442 [ERROR] LogOutputStream:75 - [STDERR_REDIRECT] 
2026-09-25 14:30:32,476 [ERROR] LogOutputStream:75 - [STDERR_REDIRECT] [Fatal Error] :1:1: Premature end of file.
2026-09-25 14:30:32,477 [ERROR] LogOutputStream:75 - [STDERR_REDIRECT] 
2026-09-25 14:30:32,503 [ERROR] LogOutputStream:75 - [STDERR_REDIRECT] [Fatal Error] :1:1: Premature end of file.
2026-09-25 14:30:32,503 [ERROR] LogOutputStream:75 - [STDERR_REDIRECT] 
2026-09-25 14:30:32,528 [ERROR] LogOutputStream:75 - [STDERR_REDIRECT] [Fatal Error] :1:1: Premature end of file.
2026-09-25 14:30:32,529 [ERROR] LogOutputStream:75 - [STDERR_REDIRECT] 
2026-09-25 14:30:32,561 [ERROR] LogOutputStream:75 - [STDERR_REDIRECT] [Fatal Error] :1:1: Premature end of file.
2026-09-25 14:30:32,561 [ERROR] LogOutputStream:75 - [STDERR_REDIRECT] 
2026-09-25 14:30:32,585 [ERROR] LogOutputStream:75 - [STDERR_REDIRECT] [Fatal Error] :1:1: Premature end of file.
2026-09-25 14:30:32,585 [ERROR] LogOutputStream:75 - [STDERR_REDIRECT] 
2026-09-25 14:30:32,612 [ERROR] LogOutputStream:75 - [STDERR_REDIRECT] [Fatal Error] :1:1: Premature end of file.
2026-09-25 14:30:32,612 [ERROR] LogOutputStream:75 - [STDERR_REDIRECT] 
2026-09-25 14:30:32,636 [ERROR] LogOutputStream:75 - [STDERR_REDIRECT] [Fatal Error] :1:1: Premature end of file.
2026-09-25 14:30:32,636 [ERROR] LogOutputStream:75 - [STDERR_REDIRECT] 
2026-09-25 14:30:32,660 [ERROR] LogOutputStream:75 - [STDERR_REDIRECT] [Fatal Error] :1:1: Premature end of file.
2026-09-25 14:30:32,660 [ERROR] LogOutputStream:75 - [STDERR_REDIRECT] 
2026-09-25 14:30:32,684 [ERROR] LogOutputStream:75 - [STDERR_REDIRECT] [Fatal Error] :1:1: Premature end of file.
2026-09-25 14:30:32,684 [ERROR] LogOutputStream:75 - [STDERR_REDIRECT] 
2026-09-25 14:30:32,708 [ERROR] LogOutputStream:75 - [STDERR_REDIRECT] [Fatal Error] :1:1: Premature end of file.
2026-09-25 14:30:32,708 [ERROR] LogOutputStream:75 - [STDERR_REDIRECT] 
2026-09-25 14:30:32,730 [ERROR] LogOutputStream:75 - [STDERR_REDIRECT] [Fatal Error] :1:1: Premature end of file.
2026-09-25 14:30:32,731 [ERROR] LogOutputStream:75 - [STDERR_REDIRECT] 
2026-09-25 14:30:32,755 [ERROR] LogOutputStream:75 - [STDERR_REDIRECT] [Fatal Error] :1:1: Premature end of file.
2026-09-25 14:30:32,755 [ERROR] LogOutputStream:75 - [STDERR_REDIRECT] 
2026-09-25 14:30:32,781 [ERROR] LogOutputStream:75 - [STDERR_REDIRECT] [Fatal Error] :1:1: Premature end of file.
2026-09-25 14:30:32,781 [ERROR] LogOutputStream:75 - [STDERR_REDIRECT] 
2026-09-25 14:30:32,806 [ERROR] LogOutputStream:75 - [STDERR_REDIRECT] [Fatal Error] :1:1: Premature end of file.
2026-09-25 14:30:32,806 [ERROR] LogOutputStream:75 - [STDERR_REDIRECT] 
2026-09-25 14:30:32,831 [ERROR] LogOutputStream:75 - [STDERR_REDIRECT] [Fatal Error] :1:1: Premature end of file.
2026-09-25 14:30:32,831 [ERROR] LogOutputStream:75 - [STDERR_REDIRECT] 
2026-09-25 14:30:32,863 [ERROR] LogOutputStream:75 - [STDERR_REDIRECT] [Fatal Error] :1:1: Premature end of file.
2026-09-25 14:30:32,863 [ERROR] LogOutputStream:75 - [STDERR_REDIRECT] 
2026-09-25 14:30:32,892 [ERROR] LogOutputStream:75 - [STDERR_REDIRECT] [Fatal Error] :1:1: Premature end of file.
2026-09-25 14:30:32,892 [ERROR] LogOutputStream:75 - [STDERR_REDIRECT] 
2026-09-25 14:30:32,918 [ERROR] LogOutputStream:75 - [STDERR_REDIRECT] [Fatal Error] :1:1: Premature end of file.
2026-09-25 14:30:32,919 [ERROR] LogOutputStream:75 - [STDERR_REDIRECT] 
2026-09-25 14:30:32,942 [ERROR] LogOutputStream:75 - [STDERR_REDIRECT] [Fatal Error] :1:1: Premature end of file.
2026-09-25 14:30:32,942 [ERROR] LogOutputStream:75 - [STDERR_REDIRECT] 
2026-09-25 14:30:32,967 [ERROR] LogOutputStream:75 - [STDERR_REDIRECT] [Fatal Error] :1:1: Premature end of file.
2026-09-25 14:30:32,967 [ERROR] LogOutputStream:75 - [STDERR_REDIRECT] 
2026-09-25 14:30:32,991 [ERROR] LogOutputStream:75 - [STDERR_REDIRECT] [Fatal Error] :1:1: Premature end of file.
2026-09-25 14:30:32,991 [ERROR] LogOutputStream:75 - [STDERR_REDIRECT] 
2026-09-25 14:30:33,014 [ERROR] LogOutputStream:75 - [STDERR_REDIRECT] [Fatal Error] :1:1: Premature end of file.
2026-09-25 14:30:33,014 [ERROR] LogOutputStream:75 - [STDERR_REDIRECT] 
2026-09-25 14:30:33,039 [ERROR] LogOutputStream:75 - [STDERR_REDIRECT] [Fatal Error] :1:1: Premature end of file.
2026-09-25 14:30:33,039 [ERROR] LogOutputStream:75 - [STDERR_REDIRECT] 
2026-09-25 14:30:33,063 [ERROR] LogOutputStream:75 - [STDERR_REDIRECT] [Fatal Error] :1:1: Premature end of file.
2026-09-25 14:30:33,063 [ERROR] LogOutputStream:75 - [STDERR_REDIRECT] 
2026-09-25 14:30:33,087 [ERROR] LogOutputStream:75 - [STDERR_REDIRECT] [Fatal Error] :1:1: Premature end of file.
2026-09-25 14:30:33,087 [ERROR] LogOutputStream:75 - [STDERR_REDIRECT] 
2026-09-25 14:30:33,112 [ERROR] LogOutputStream:75 - [STDERR_REDIRECT] [Fatal Error] :1:1: Premature end of file.
2026-09-25 14:30:33,112 [ERROR] LogOutputStream:75 - [STDERR_REDIRECT] 
2026-09-25 14:30:33,135 [ERROR] LogOutputStream:75 - [STDERR_REDIRECT] [Fatal Error] :1:1: Premature end of file.
2026-09-25 14:30:33,135 [ERROR] LogOutputStream:75 - [STDERR_REDIRECT] 
2026-09-25 14:30:33,161 [ERROR] LogOutputStream:75 - [STDERR_REDIRECT] [Fatal Error] :1:1: Premature end of file.
2026-09-25 14:30:33,161 [ERROR] LogOutputStream:75 - [STDERR_REDIRECT] 
2026-09-25 14:30:33,191 [ERROR] LogOutputStream:75 - [STDERR_REDIRECT] [Fatal Error] :1:1: Premature end of file.
2026-09-25 14:30:33,191 [ERROR] LogOutputStream:75 - [STDERR_REDIRECT] 
2026-09-25 14:30:33,217 [ERROR] LogOutputStream:75 - [STDERR_REDIRECT] [Fatal Error] :1:1: Premature end of file.
2026-09-25 14:30:33,217 [ERROR] LogOutputStream:75 - [STDERR_REDIRECT] 
2026-09-25 14:30:33,244 [ERROR] LogOutputStream:75 - [STDERR_REDIRECT] [Fatal Error] :1:1: Premature end of file.
2026-09-25 14:30:33,244 [ERROR] LogOutputStream:75 - [STDERR_REDIRECT] 
2026-09-25 14:30:33,269 [ERROR] LogOutputStream:75 - [STDERR_REDIRECT] [Fatal Error] :1:1: Premature end of file.
2026-09-25 14:30:33,269 [ERROR] LogOutputStream:75 - [STDERR_REDIRECT] 
2026-09-25 14:30:33,293 [ERROR] LogOutputStream:75 - [STDERR_REDIRECT] [Fatal Error] :1:1: Premature end of file.
2026-09-25 14:30:33,293 [ERROR] LogOutputStream:75 - [STDERR_REDIRECT] 
2026-09-25 14:30:33,318 [ERROR] LogOutputStream:75 - [STDERR_REDIRECT] [Fatal Error] :1:1: Premature end of file.
2026-09-25 14:30:33,318 [ERROR] LogOutputStream:75 - [STDERR_REDIRECT] 
2026-09-25 14:30:33,342 [ERROR] LogOutputStream:75 - [STDERR_REDIRECT] [Fatal Error] :1:1: Premature end of file.
2026-09-25 14:30:33,344 [ERROR] LogOutputStream:75 - [STDERR_REDIRECT] 
2026-09-25 14:30:33,368 [ERROR] LogOutputStream:75 - [STDERR_REDIRECT] [Fatal Error] :1:1: Premature end of file.
2026-09-25 14:30:33,368 [ERROR] LogOutputStream:75 - [STDERR_REDIRECT] 
2026-09-25 14:30:33,396 [ERROR] LogOutputStream:75 - [STDERR_REDIRECT] [Fatal Error] :1:1: Premature end of file.
2026-09-25 14:30:33,397 [ERROR] LogOutputStream:75 - [STDERR_REDIRECT] 
2026-09-25 14:30:33,419 [ERROR] LogOutputStream:75 - [STDERR_REDIRECT] [Fatal Error] :1:1: Premature end of file.
2026-09-25 14:30:33,419 [ERROR] LogOutputStream:75 - [STDERR_REDIRECT] 
2026-09-25 14:30:33,444 [ERROR] LogOutputStream:75 - [STDERR_REDIRECT] [Fatal Error] :1:1: Premature end of file.
2026-09-25 14:30:33,444 [ERROR] LogOutputStream:75 - [STDERR_REDIRECT] 
2026-09-25 14:30:33,514 [ERROR] LogOutputStream:75 - [STDERR_REDIRECT] [Fatal Error] :1:1: Premature end of file.
2026-09-25 14:30:33,514 [ERROR] LogOutputStream:75 - [STDERR_REDIRECT] 
2026-09-25 14:30:33,541 [ERROR] LogOutputStream:75 - [STDERR_REDIRECT] [Fatal Error] :1:1: Premature end of file.
2026-09-25 14:30:33,541 [ERROR] LogOutputStream:75 - [STDERR_REDIRECT] 
2026-09-25 14:30:33,566 [ERROR] LogOutputStream:75 - [STDERR_REDIRECT] [Fatal Error] :1:1: Premature end of file.
2026-09-25 14:30:33,566 [ERROR] LogOutputStream:75 - [STDERR_REDIRECT] 
2026-09-25 14:30:33,593 [ERROR] LogOutputStream:75 - [STDERR_REDIRECT] [Fatal Error] :1:1: Premature end of file.
2026-09-25 14:30:33,593 [ERROR] LogOutputStream:75 - [STDERR_REDIRECT] 
2026-09-25 14:30:33,618 [ERROR] LogOutputStream:75 - [STDERR_REDIRECT] [Fatal Error] :1:1: Premature end of file.
2026-09-25 14:30:33,618 [ERROR] LogOutputStream:75 - [STDERR_REDIRECT] 
2026-09-25 14:30:33,643 [ERROR] LogOutputStream:75 - [STDERR_REDIRECT] [Fatal Error] :1:1: Premature end of file.
2026-09-25 14:30:33,643 [ERROR] LogOutputStream:75 - [STDERR_REDIRECT] 
2026-09-25 14:30:33,671 [ERROR] LogOutputStream:75 - [STDERR_REDIRECT] [Fatal Error] :1:1: Premature end of file.
2026-09-25 14:30:33,671 [ERROR] LogOutputStream:75 - [STDERR_REDIRECT] 
2026-09-25 14:30:33,697 [ERROR] LogOutputStream:75 - [STDERR_REDIRECT] [Fatal Error] :1:1: Premature end of file.
2026-09-25 14:30:33,697 [ERROR] LogOutputStream:75 - [STDERR_REDIRECT] 
2026-09-25 14:30:33,723 [ERROR] LogOutputStream:75 - [STDERR_REDIRECT] [Fatal Error] :1:1: Premature end of file.
2026-09-25 14:30:33,723 [ERROR] LogOutputStream:75 - [STDERR_REDIRECT] 
2026-09-25 14:30:33,751 [ERROR] LogOutputStream:75 - [STDERR_REDIRECT] [Fatal Error] :1:1: Premature end of file.
2026-09-25 14:30:33,751 [ERROR] LogOutputStream:75 - [STDERR_REDIRECT] 
2026-09-25 14:30:33,779 [ERROR] LogOutputStream:75 - [STDERR_REDIRECT] [Fatal Error] :1:1: Premature end of file.
2026-09-25 14:30:33,780 [ERROR] LogOutputStream:75 - [STDERR_REDIRECT] 
2026-09-25 14:30:33,806 [ERROR] LogOutputStream:75 - [STDERR_REDIRECT] [Fatal Error] :1:1: Premature end of file.
2026-09-25 14:30:33,806 [ERROR] LogOutputStream:75 - [STDERR_REDIRECT] 
2026-09-25 14:30:33,833 [ERROR] LogOutputStream:75 - [STDERR_REDIRECT] [Fatal Error] :1:1: Premature end of file.
2026-09-25 14:30:33,833 [ERROR] LogOutputStream:75 - [STDERR_REDIRECT] 
2026-09-25 14:30:33,863 [ERROR] LogOutputStream:75 - [STDERR_REDIRECT] [Fatal Error] :1:1: Premature end of file.
2026-09-25 14:30:33,863 [ERROR] LogOutputStream:75 - [STDERR_REDIRECT] 
2026-09-25 14:30:33,888 [ERROR] LogOutputStream:75 - [STDERR_REDIRECT] [Fatal Error] :1:1: Premature end of file.
2026-09-25 14:30:33,889 [ERROR] LogOutputStream:75 - [STDERR_REDIRECT] 
2026-09-25 14:30:33,914 [ERROR] LogOutputStream:75 - [STDERR_REDIRECT] [Fatal Error] :1:1: Premature end of file.
2026-09-25 14:30:33,914 [ERROR] LogOutputStream:75 - [STDERR_REDIRECT] 
2026-09-25 14:30:33,939 [ERROR] LogOutputStream:75 - [STDERR_REDIRECT] [Fatal Error] :1:1: Premature end of file.
2026-09-25 14:30:33,939 [ERROR] LogOutputStream:75 - [STDERR_REDIRECT] 
2026-09-25 14:30:33,964 [ERROR] LogOutputStream:75 - [STDERR_REDIRECT] [Fatal Error] :1:1: Premature end of file.
2026-09-25 14:30:33,965 [ERROR] LogOutputStream:75 - [STDERR_REDIRECT] 
2026-09-25 14:30:33,992 [ERROR] LogOutputStream:75 - [STDERR_REDIRECT] [Fatal Error] :1:1: Premature end of file.
2026-09-25 14:30:33,992 [ERROR] LogOutputStream:75 - [STDERR_REDIRECT] 
2026-09-25 14:30:34,020 [ERROR] LogOutputStream:75 - [STDERR_REDIRECT] [Fatal Error] :1:1: Premature end of file.
2026-09-25 14:30:34,020 [ERROR] LogOutputStream:75 - [STDERR_REDIRECT] 
2026-09-25 14:30:34,044 [ERROR] LogOutputStream:75 - [STDERR_REDIRECT] [Fatal Error] :1:1: Premature end of file.
2026-09-25 14:30:34,044 [ERROR] LogOutputStream:75 - [STDERR_REDIRECT] 
2026-09-25 14:30:34,070 [ERROR] LogOutputStream:75 - [STDERR_REDIRECT] [Fatal Error] :1:1: Premature end of file.
2026-09-25 14:30:34,070 [ERROR] LogOutputStream:75 - [STDERR_REDIRECT] 
2026-09-25 14:30:34,096 [ERROR] LogOutputStream:75 - [STDERR_REDIRECT] [Fatal Error] :1:1: Premature end of file.
2026-09-25 14:30:34,096 [ERROR] LogOutputStream:75 - [STDERR_REDIRECT] 
2026-09-25 14:30:34,124 [ERROR] LogOutputStream:75 - [STDERR_REDIRECT] [Fatal Error] :1:1: Premature end of file.
2026-09-25 14:30:34,124 [ERROR] LogOutputStream:75 - [STDERR_REDIRECT] 
2026-09-25 14:30:34,152 [ERROR] LogOutputStream:75 - [STDERR_REDIRECT] [Fatal Error] :1:1: Premature end of file.
2026-09-25 14:30:34,152 [ERROR] LogOutputStream:75 - [STDERR_REDIRECT] 
2026-09-25 14:30:34,181 [ERROR] LogOutputStream:75 - [STDERR_REDIRECT] [Fatal Error] :1:1: Premature end of file.
2026-09-25 14:30:34,181 [ERROR] LogOutputStream:75 - [STDERR_REDIRECT] 
2026-09-25 14:30:34,207 [ERROR] LogOutputStream:75 - [STDERR_REDIRECT] [Fatal Error] :1:1: Premature end of file.
2026-09-25 14:30:34,207 [ERROR] LogOutputStream:75 - [STDERR_REDIRECT] 
2026-09-25 14:30:34,236 [ERROR] LogOutputStream:75 - [STDERR_REDIRECT] [Fatal Error] :1:1: Premature end of file.
2026-09-25 14:30:34,236 [ERROR] LogOutputStream:75 - [STDERR_REDIRECT] 
2026-09-25 14:30:34,263 [ERROR] LogOutputStream:75 - [STDERR_REDIRECT] [Fatal Error] :1:1: Premature end of file.
2026-09-25 14:30:34,263 [ERROR] LogOutputStream:75 - [STDERR_REDIRECT] 
2026-09-25 14:30:34,292 [ERROR] LogOutputStream:75 - [STDERR_REDIRECT] [Fatal Error] :1:1: Premature end of file.
2026-09-25 14:30:34,292 [ERROR] LogOutputStream:75 - [STDERR_REDIRECT] 
2026-09-25 14:30:34,320 [ERROR] LogOutputStream:75 - [STDERR_REDIRECT] [Fatal Error] :1:1: Premature end of file.
2026-09-25 14:30:34,320 [ERROR] LogOutputStream:75 - [STDERR_REDIRECT] 
2026-09-25 14:30:34,346 [ERROR] LogOutputStream:75 - [STDERR_REDIRECT] [Fatal Error] :1:1: Premature end of file.
2026-09-25 14:30:34,347 [ERROR] LogOutputStream:75 - [STDERR_REDIRECT] 
2026-09-25 14:30:34,374 [ERROR] LogOutputStream:75 - [STDERR_REDIRECT] [Fatal Error] :1:1: Premature end of file.
2026-09-25 14:30:34,374 [ERROR] LogOutputStream:75 - [STDERR_REDIRECT] 
2026-09-25 14:30:34,401 [ERROR] LogOutputStream:75 - [STDERR_REDIRECT] [Fatal Error] :1:1: Premature end of file.
2026-09-25 14:30:34,401 [ERROR] LogOutputStream:75 - [STDERR_REDIRECT] 
2026-09-25 14:30:34,426 [ERROR] LogOutputStream:75 - [STDERR_REDIRECT] [Fatal Error] :1:1: Premature end of file.
2026-09-25 14:30:34,426 [ERROR] LogOutputStream:75 - [STDERR_REDIRECT] 
2026-09-25 14:30:34,452 [ERROR] LogOutputStream:75 - [STDERR_REDIRECT] [Fatal Error] :1:1: Premature end of file.
2026-09-25 14:30:34,452 [ERROR] LogOutputStream:75 - [STDERR_REDIRECT] 
2026-09-25 14:30:34,476 [ERROR] LogOutputStream:75 - [STDERR_REDIRECT] [Fatal Error] :1:1: Premature end of file.
2026-09-25 14:30:34,476 [ERROR] LogOutputStream:75 - [STDERR_REDIRECT] 
2026-09-25 14:30:34,500 [ERROR] LogOutputStream:75 - [STDERR_REDIRECT] [Fatal Error] :1:1: Premature end of file.
2026-09-25 14:30:34,500 [ERROR] LogOutputStream:75 - [STDERR_REDIRECT] 
2026-09-25 14:30:34,527 [ERROR] LogOutputStream:75 - [STDERR_REDIRECT] [Fatal Error] :1:1: Premature end of file.
2026-09-25 14:30:34,527 [ERROR] LogOutputStream:75 - [STDERR_REDIRECT] 
2026-09-25 14:30:34,553 [ERROR] LogOutputStream:75 - [STDERR_REDIRECT] [Fatal Error] :1:1: Premature end of file.
2026-09-25 14:30:34,553 [ERROR] LogOutputStream:75 - [STDERR_REDIRECT] 
2026-09-25 14:30:34,577 [ERROR] LogOutputStream:75 - [STDERR_REDIRECT] [Fatal Error] :1:1: Premature end of file.
2026-09-25 14:30:34,577 [ERROR] LogOutputStream:75 - [STDERR_REDIRECT] 
2026-09-25 14:30:34,602 [ERROR] LogOutputStream:75 - [STDERR_REDIRECT] [Fatal Error] :1:1: Premature end of file.
2026-09-25 14:30:34,602 [ERROR] LogOutputStream:75 - [STDERR_REDIRECT] 
2026-09-25 14:30:34,627 [ERROR] LogOutputStream:75 - [STDERR_REDIRECT] [Fatal Error] :1:1: Premature end of file.
2026-09-25 14:30:34,627 [ERROR] LogOutputStream:75 - [STDERR_REDIRECT] 
2026-09-25 14:30:34,656 [ERROR] LogOutputStream:75 - [STDERR_REDIRECT] [Fatal Error] :1:1: Premature end of file.
2026-09-25 14:30:34,656 [ERROR] LogOutputStream:75 - [STDERR_REDIRECT] 
2026-09-25 14:30:34,683 [ERROR] LogOutputStream:75 - [STDERR_REDIRECT] [Fatal Error] :1:1: Premature end of file.
2026-09-25 14:30:34,683 [ERROR] LogOutputStream:75 - [STDERR_REDIRECT] 
2026-09-25 14:30:34,709 [ERROR] LogOutputStream:75 - [STDERR_REDIRECT] [Fatal Error] :1:1: Premature end of file.
2026-09-25 14:30:34,709 [ERROR] LogOutputStream:75 - [STDERR_REDIRECT] 
2026-09-25 14:30:34,736 [ERROR] LogOutputStream:75 - [STDERR_REDIRECT] [Fatal Error] :1:1: Premature end of file.
2026-09-25 14:30:34,736 [ERROR] LogOutputStream:75 - [STDERR_REDIRECT] 
2026-09-25 14:30:34,761 [ERROR] LogOutputStream:75 - [STDERR_REDIRECT] [Fatal Error] :1:1: Premature end of file.
2026-09-25 14:30:34,761 [ERROR] LogOutputStream:75 - [STDERR_REDIRECT] 
2026-09-25 14:30:34,785 [ERROR] LogOutputStream:75 - [STDERR_REDIRECT] [Fatal Error] :1:1: Premature end of file.
2026-09-25 14:30:34,785 [ERROR] LogOutputStream:75 - [STDERR_REDIRECT] 
2026-09-25 14:30:34,811 [ERROR] LogOutputStream:75 - [STDERR_REDIRECT] [Fatal Error] :1:1: Premature end of file.
2026-09-25 14:30:34,812 [ERROR] LogOutputStream:75 - [STDERR_REDIRECT] 
2026-09-25 14:30:34,837 [ERROR] LogOutputStream:75 - [STDERR_REDIRECT] [Fatal Error] :1:1: Premature end of file.
2026-09-25 14:30:34,837 [ERROR] LogOutputStream:75 - [STDERR_REDIRECT] 
2026-09-25 14:30:34,862 [ERROR] LogOutputStream:75 - [STDERR_REDIRECT] [Fatal Error] :1:1: Premature end of file.
2026-09-25 14:30:34,862 [ERROR] LogOutputStream:75 - [STDERR_REDIRECT] 
2026-09-25 14:30:34,889 [ERROR] LogOutputStream:75 - [STDERR_REDIRECT] [Fatal Error] :1:1: Premature end of file.
2026-09-25 14:30:34,889 [ERROR] LogOutputStream:75 - [STDERR_REDIRECT] 
2026-09-25 14:30:34,913 [ERROR] LogOutputStream:75 - [STDERR_REDIRECT] [Fatal Error] :1:1: Premature end of file.
2026-09-25 14:30:34,913 [ERROR] LogOutputStream:75 - [STDERR_REDIRECT] 
2026-09-25 14:30:34,937 [ERROR] LogOutputStream:75 - [STDERR_REDIRECT] [Fatal Error] :1:1: Premature end of file.
2026-09-25 14:30:34,937 [ERROR] LogOutputStream:75 - [STDERR_REDIRECT] 
2026-09-25 14:30:34,961 [ERROR] LogOutputStream:75 - [STDERR_REDIRECT] [Fatal Error] :1:1: Premature end of file.
2026-09-25 14:30:34,961 [ERROR] LogOutputStream:75 - [STDERR_REDIRECT] 
2026-09-25 14:30:34,985 [ERROR] LogOutputStream:75 - [STDERR_REDIRECT] [Fatal Error] :1:1: Premature end of file.
2026-09-25 14:30:34,985 [ERROR] LogOutputStream:75 - [STDERR_REDIRECT] 
2026-09-25 14:30:35,011 [ERROR] LogOutputStream:75 - [STDERR_REDIRECT] [Fatal Error] :1:1: Premature end of file.
2026-09-25 14:30:35,011 [ERROR] LogOutputStream:75 - [STDERR_REDIRECT] 
2026-09-25 14:30:35,034 [ERROR] LogOutputStream:75 - [STDERR_REDIRECT] [Fatal Error] :1:1: Premature end of file.
2026-09-25 14:30:35,035 [ERROR] LogOutputStream:75 - [STDERR_REDIRECT] 
2026-09-25 14:30:35,059 [ERROR] LogOutputStream:75 - [STDERR_REDIRECT] [Fatal Error] :1:1: Premature end of file.
2026-09-25 14:30:35,059 [ERROR] LogOutputStream:75 - [STDERR_REDIRECT] 
2026-09-25 14:30:35,084 [ERROR] LogOutputStream:75 - [STDERR_REDIRECT] [Fatal Error] :1:1: Premature end of file.
2026-09-25 14:30:35,084 [ERROR] LogOutputStream:75 - [STDERR_REDIRECT] 
2026-09-25 14:30:35,109 [ERROR] LogOutputStream:75 - [STDERR_REDIRECT] [Fatal Error] :1:1: Premature end of file.
2026-09-25 14:30:35,109 [ERROR] LogOutputStream:75 - [STDERR_REDIRECT] 
2026-09-25 14:30:35,133 [ERROR] LogOutputStream:75 - [STDERR_REDIRECT] [Fatal Error] :1:1: Premature end of file.
2026-09-25 14:30:35,133 [ERROR] LogOutputStream:75 - [STDERR_REDIRECT] 
2026-09-25 14:30:35,160 [ERROR] LogOutputStream:75 - [STDERR_REDIRECT] [Fatal Error] :1:1: Premature end of file.
2026-09-25 14:30:35,160 [ERROR] LogOutputStream:75 - [STDERR_REDIRECT] 
2026-09-25 14:30:35,187 [ERROR] LogOutputStream:75 - [STDERR_REDIRECT] [Fatal Error] :1:1: Premature end of file.
2026-09-25 14:30:35,187 [ERROR] LogOutputStream:75 - [STDERR_REDIRECT] 
2026-09-25 14:30:35,215 [ERROR] LogOutputStream:75 - [STDERR_REDIRECT] [Fatal Error] :1:1: Premature end of file.
2026-09-25 14:30:35,215 [ERROR] LogOutputStream:75 - [STDERR_REDIRECT] 
2026-09-25 14:30:35,242 [ERROR] LogOutputStream:75 - [STDERR_REDIRECT] [Fatal Error] :1:1: Premature end of file.
2026-09-25 14:30:35,242 [ERROR] LogOutputStream:75 - [STDERR_REDIRECT] 
2026-09-25 14:30:35,273 [ERROR] LogOutputStream:75 - [STDERR_REDIRECT] [Fatal Error] :1:1: Premature end of file.
2026-09-25 14:30:35,273 [ERROR] LogOutputStream:75 - [STDERR_REDIRECT] 
2026-09-25 14:30:35,301 [ERROR] LogOutputStream:75 - [STDERR_REDIRECT] [Fatal Error] :1:1: Premature end of file.
2026-09-25 14:30:35,301 [ERROR] LogOutputStream:75 - [STDERR_REDIRECT] 
2026-09-25 14:30:35,325 [ERROR] LogOutputStream:75 - [STDERR_REDIRECT] [Fatal Error] :1:1: Premature end of file.
2026-09-25 14:30:35,325 [ERROR] LogOutputStream:75 - [STDERR_REDIRECT] 
2026-09-25 14:30:35,350 [ERROR] LogOutputStream:75 - [STDERR_REDIRECT] [Fatal Error] :1:1: Premature end of file.
2026-09-25 14:30:35,350 [ERROR] LogOutputStream:75 - [STDERR_REDIRECT] 
2026-09-25 14:30:35,375 [ERROR] LogOutputStream:75 - [STDERR_REDIRECT] [Fatal Error] :1:1: Premature end of file.
2026-09-25 14:30:35,375 [ERROR] LogOutputStream:75 - [STDERR_REDIRECT] 
2026-09-25 14:30:35,398 [ERROR] LogOutputStream:75 - [STDERR_REDIRECT] [Fatal Error] :1:1: Premature end of file.
2026-09-25 14:30:35,398 [ERROR] LogOutputStream:75 - [STDERR_REDIRECT] 
2026-09-25 14:30:35,422 [ERROR] LogOutputStream:75 - [STDERR_REDIRECT] [Fatal Error] :1:1: Premature end of file.
2026-09-25 14:30:35,422 [ERROR] LogOutputStream:75 - [STDERR_REDIRECT] 
2026-09-25 14:30:35,449 [ERROR] LogOutputStream:75 - [STDERR_REDIRECT] [Fatal Error] :1:1: Premature end of file.
2026-09-25 14:30:35,449 [ERROR] LogOutputStream:75 - [STDERR_REDIRECT] 
2026-09-25 14:30:35,474 [ERROR] LogOutputStream:75 - [STDERR_REDIRECT] [Fatal Error] :1:1: Premature end of file.
2026-09-25 14:30:35,474 [ERROR] LogOutputStream:75 - [STDERR_REDIRECT] 
2026-09-25 14:30:35,498 [ERROR] LogOutputStream:75 - [STDERR_REDIRECT] [Fatal Error] :1:1: Premature end of file.
2026-09-25 14:30:35,498 [ERROR] LogOutputStream:75 - [STDERR_REDIRECT] 
2026-09-25 14:30:35,525 [ERROR] LogOutputStream:75 - [STDERR_REDIRECT] [Fatal Error] :1:1: Premature end of file.
2026-09-25 14:30:35,525 [ERROR] LogOutputStream:75 - [STDERR_REDIRECT] 
2026-09-25 14:30:35,552 [ERROR] LogOutputStream:75 - [STDERR_REDIRECT] [Fatal Error] :1:1: Premature end of file.
2026-09-25 14:30:35,552 [ERROR] LogOutputStream:75 - [STDERR_REDIRECT] 
2026-09-25 14:30:35,576 [ERROR] LogOutputStream:75 - [STDERR_REDIRECT] [Fatal Error] :1:1: Premature end of file.
2026-09-25 14:30:35,576 [ERROR] LogOutputStream:75 - [STDERR_REDIRECT] 
2026-09-25 14:30:35,601 [ERROR] LogOutputStream:75 - [STDERR_REDIRECT] [Fatal Error] :1:1: Premature end of file.
2026-09-25 14:30:35,601 [ERROR] LogOutputStream:75 - [STDERR_REDIRECT] 
2026-09-25 14:30:35,626 [ERROR] LogOutputStream:75 - [STDERR_REDIRECT] [Fatal Error] :1:1: Premature end of file.
2026-09-25 14:30:35,626 [ERROR] LogOutputStream:75 - [STDERR_REDIRECT] 
2026-09-25 14:30:35,651 [ERROR] LogOutputStream:75 - [STDERR_REDIRECT] [Fatal Error] :1:1: Premature end of file.
2026-09-25 14:30:35,651 [ERROR] LogOutputStream:75 - [STDERR_REDIRECT] 
2026-09-25 14:30:35,677 [ERROR] LogOutputStream:75 - [STDERR_REDIRECT] [Fatal Error] :1:1: Premature end of file.
2026-09-25 14:30:35,677 [ERROR] LogOutputStream:75 - [STDERR_REDIRECT] 
2026-09-25 14:30:35,703 [ERROR] LogOutputStream:75 - [STDERR_REDIRECT] [Fatal Error] :1:1: Premature end of file.
2026-09-25 14:30:35,703 [ERROR] LogOutputStream:75 - [STDERR_REDIRECT] 
2026-09-25 14:30:35,728 [ERROR] LogOutputStream:75 - [STDERR_REDIRECT] [Fatal Error] :1:1: Premature end of file.
2026-09-25 14:30:35,728 [ERROR] LogOutputStream:75 - [STDERR_REDIRECT] 
2026-09-25 14:30:35,754 [ERROR] LogOutputStream:75 - [STDERR_REDIRECT] [Fatal Error] :1:1: Premature end of file.
2026-09-25 14:30:35,754 [ERROR] LogOutputStream:75 - [STDERR_REDIRECT] 
2026-09-25 14:30:35,778 [ERROR] LogOutputStream:75 - [STDERR_REDIRECT] [Fatal Error] :1:1: Premature end of file.
2026-09-25 14:30:35,778 [ERROR] LogOutputStream:75 - [STDERR_REDIRECT] 
2026-09-25 14:30:35,802 [ERROR] LogOutputStream:75 - [STDERR_REDIRECT] [Fatal Error] :1:1: Premature end of file.
2026-09-25 14:30:35,802 [ERROR] LogOutputStream:75 - [STDERR_REDIRECT] 
2026-09-25 14:30:35,826 [ERROR] LogOutputStream:75 - [STDERR_REDIRECT] [Fatal Error] :1:1: Premature end of file.
2026-09-25 14:30:35,826 [ERROR] LogOutputStream:75 - [STDERR_REDIRECT] 
2026-09-25 14:30:35,850 [ERROR] LogOutputStream:75 - [STDERR_REDIRECT] [Fatal Error] :1:1: Premature end of file.
2026-09-25 14:30:35,850 [ERROR] LogOutputStream:75 - [STDERR_REDIRECT] 
2026-09-25 14:30:35,873 [ERROR] LogOutputStream:75 - [STDERR_REDIRECT] [Fatal Error] :1:1: Premature end of file.
2026-09-25 14:30:35,873 [ERROR] LogOutputStream:75 - [STDERR_REDIRECT] 
2026-09-25 14:30:35,898 [ERROR] LogOutputStream:75 - [STDERR_REDIRECT] [Fatal Error] :1:1: Premature end of file.
2026-09-25 14:30:35,898 [ERROR] LogOutputStream:75 - [STDERR_REDIRECT] 
2026-09-25 14:30:35,925 [ERROR] LogOutputStream:75 - [STDERR_REDIRECT] [Fatal Error] :1:1: Premature end of file.
2026-09-25 14:30:35,926 [ERROR] LogOutputStream:75 - [STDERR_REDIRECT] 
2026-09-25 14:30:35,950 [ERROR] LogOutputStream:75 - [STDERR_REDIRECT] [Fatal Error] :1:1: Premature end of file.
2026-09-25 14:30:35,951 [ERROR] LogOutputStream:75 - [STDERR_REDIRECT] 
2026-09-25 14:30:35,980 [ERROR] LogOutputStream:75 - [STDERR_REDIRECT] [Fatal Error] :1:1: Premature end of file.
2026-09-25 14:30:35,980 [ERROR] LogOutputStream:75 - [STDERR_REDIRECT] 
2026-09-25 14:30:36,006 [ERROR] LogOutputStream:75 - [STDERR_REDIRECT] [Fatal Error] :1:1: Premature end of file.
2026-09-25 14:30:36,006 [ERROR] LogOutputStream:75 - [STDERR_REDIRECT] 
2026-09-25 14:30:36,032 [ERROR] LogOutputStream:75 - [STDERR_REDIRECT] [Fatal Error] :1:1: Premature end of file.
2026-09-25 14:30:36,032 [ERROR] LogOutputStream:75 - [STDERR_REDIRECT] 
2026-09-25 14:30:36,057 [ERROR] LogOutputStream:75 - [STDERR_REDIRECT] [Fatal Error] :1:1: Premature end of file.
2026-09-25 14:30:36,057 [ERROR] LogOutputStream:75 - [STDERR_REDIRECT] 
2026-09-25 14:30:36,084 [ERROR] LogOutputStream:75 - [STDERR_REDIRECT] [Fatal Error] :1:1: Premature end of file.
2026-09-25 14:30:36,084 [ERROR] LogOutputStream:75 - [STDERR_REDIRECT] 
2026-09-25 14:30:36,116 [ERROR] LogOutputStream:75 - [STDERR_REDIRECT] [Fatal Error] :1:1: Premature end of file.
2026-09-25 14:30:36,116 [ERROR] LogOutputStream:75 - [STDERR_REDIRECT] 
2026-09-25 14:30:36,139 [ERROR] LogOutputStream:75 - [STDERR_REDIRECT] [Fatal Error] :1:1: Premature end of file.
2026-09-25 14:30:36,139 [ERROR] LogOutputStream:75 - [STDERR_REDIRECT] 
2026-09-25 14:30:36,163 [ERROR] LogOutputStream:75 - [STDERR_REDIRECT] [Fatal Error] :1:1: Premature end of file.
2026-09-25 14:30:36,163 [ERROR] LogOutputStream:75 - [STDERR_REDIRECT] 
2026-09-25 14:30:36,187 [ERROR] LogOutputStream:75 - [STDERR_REDIRECT] [Fatal Error] :1:1: Premature end of file.
2026-09-25 14:30:36,187 [ERROR] LogOutputStream:75 - [STDERR_REDIRECT] 
2026-09-25 14:30:36,211 [ERROR] LogOutputStream:75 - [STDERR_REDIRECT] [Fatal Error] :1:1: Premature end of file.
2026-09-25 14:30:36,211 [ERROR] LogOutputStream:75 - [STDERR_REDIRECT] 
2026-09-25 14:30:36,233 [ERROR] LogOutputStream:75 - [STDERR_REDIRECT] [Fatal Error] :1:1: Premature end of file.
2026-09-25 14:30:36,234 [ERROR] LogOutputStream:75 - [STDERR_REDIRECT] 
2026-09-25 14:30:36,257 [ERROR] LogOutputStream:75 - [STDERR_REDIRECT] [Fatal Error] :1:1: Premature end of file.
2026-09-25 14:30:36,257 [ERROR] LogOutputStream:75 - [STDERR_REDIRECT] 
2026-09-25 14:30:36,282 [ERROR] LogOutputStream:75 - [STDERR_REDIRECT] [Fatal Error] :1:1: Premature end of file.
2026-09-25 14:30:36,282 [ERROR] LogOutputStream:75 - [STDERR_REDIRECT] 
2026-09-25 14:30:36,310 [ERROR] LogOutputStream:75 - [STDERR_REDIRECT] [Fatal Error] :1:1: Premature end of file.
2026-09-25 14:30:36,310 [ERROR] LogOutputStream:75 - [STDERR_REDIRECT] 
2026-09-25 14:30:36,335 [ERROR] LogOutputStream:75 - [STDERR_REDIRECT] [Fatal Error] :1:1: Premature end of file.
2026-09-25 14:30:36,335 [ERROR] LogOutputStream:75 - [STDERR_REDIRECT] 
2026-09-25 14:30:36,361 [ERROR] LogOutputStream:75 - [STDERR_REDIRECT] [Fatal Error] :1:1: Premature end of file.
2026-09-25 14:30:36,361 [ERROR] LogOutputStream:75 - [STDERR_REDIRECT] 
2026-09-25 14:30:36,386 [ERROR] LogOutputStream:75 - [STDERR_REDIRECT] [Fatal Error] :1:1: Premature end of file.
2026-09-25 14:30:36,386 [ERROR] LogOutputStream:75 - [STDERR_REDIRECT] 
2026-09-25 14:30:36,409 [ERROR] LogOutputStream:75 - [STDERR_REDIRECT] [Fatal Error] :1:1: Premature end of file.
2026-09-25 14:30:36,409 [ERROR] LogOutputStream:75 - [STDERR_REDIRECT] 
2026-09-25 14:30:36,431 [ERROR] LogOutputStream:75 - [STDERR_REDIRECT] [Fatal Error] :1:1: Premature end of file.
2026-09-25 14:30:36,431 [ERROR] LogOutputStream:75 - [STDERR_REDIRECT] 
2026-09-25 14:30:36,454 [ERROR] LogOutputStream:75 - [STDERR_REDIRECT] [Fatal Error] :1:1: Premature end of file.
2026-09-25 14:30:36,456 [ERROR] LogOutputStream:75 - [STDERR_REDIRECT] 
2026-09-25 14:30:36,479 [ERROR] LogOutputStream:75 - [STDERR_REDIRECT] [Fatal Error] :1:1: Premature end of file.
2026-09-25 14:30:36,479 [ERROR] LogOutputStream:75 - [STDERR_REDIRECT] 
2026-09-25 14:30:36,504 [ERROR] LogOutputStream:75 - [STDERR_REDIRECT] [Fatal Error] :1:1: Premature end of file.
2026-09-25 14:30:36,504 [ERROR] LogOutputStream:75 - [STDERR_REDIRECT] 
2026-09-25 14:30:36,529 [ERROR] LogOutputStream:75 - [STDERR_REDIRECT] [Fatal Error] :1:1: Premature end of file.
2026-09-25 14:30:36,529 [ERROR] LogOutputStream:75 - [STDERR_REDIRECT] 
2026-09-25 14:30:36,552 [ERROR] LogOutputStream:75 - [STDERR_REDIRECT] [Fatal Error] :1:1: Premature end of file.
2026-09-25 14:30:36,552 [ERROR] LogOutputStream:75 - [STDERR_REDIRECT] 
2026-09-25 14:30:36,575 [ERROR] LogOutputStream:75 - [STDERR_REDIRECT] [Fatal Error] :1:1: Premature end of file.
2026-09-25 14:30:36,576 [ERROR] LogOutputStream:75 - [STDERR_REDIRECT] 
2026-09-25 14:30:36,598 [ERROR] LogOutputStream:75 - [STDERR_REDIRECT] [Fatal Error] :1:1: Premature end of file.
2026-09-25 14:30:36,598 [ERROR] LogOutputStream:75 - [STDERR_REDIRECT] 
2026-09-25 14:30:36,622 [ERROR] LogOutputStream:75 - [STDERR_REDIRECT] [Fatal Error] :1:1: Premature end of file.
2026-09-25 14:30:36,622 [ERROR] LogOutputStream:75 - [STDERR_REDIRECT] 
2026-09-25 14:30:36,646 [ERROR] LogOutputStream:75 - [STDERR_REDIRECT] [Fatal Error] :1:1: Premature end of file.
2026-09-25 14:30:36,646 [ERROR] LogOutputStream:75 - [STDERR_REDIRECT] 
2026-09-25 14:30:36,674 [ERROR] LogOutputStream:75 - [STDERR_REDIRECT] [Fatal Error] :1:1: Premature end of file.
2026-09-25 14:30:36,674 [ERROR] LogOutputStream:75 - [STDERR_REDIRECT] 
2026-09-25 14:30:36,697 [ERROR] LogOutputStream:75 - [STDERR_REDIRECT] [Fatal Error] :1:1: Premature end of file.
2026-09-25 14:30:36,697 [ERROR] LogOutputStream:75 - [STDERR_REDIRECT] 
2026-09-25 14:30:36,721 [ERROR] LogOutputStream:75 - [STDERR_REDIRECT] [Fatal Error] :1:1: Premature end of file.
2026-09-25 14:30:36,721 [ERROR] LogOutputStream:75 - [STDERR_REDIRECT] 
2026-09-25 14:30:36,745 [ERROR] LogOutputStream:75 - [STDERR_REDIRECT] [Fatal Error] :1:1: Premature end of file.
2026-09-25 14:30:36,745 [ERROR] LogOutputStream:75 - [STDERR_REDIRECT] 
2026-09-25 14:30:36,769 [ERROR] LogOutputStream:75 - [STDERR_REDIRECT] [Fatal Error] :1:1: Premature end of file.
2026-09-25 14:30:36,769 [ERROR] LogOutputStream:75 - [STDERR_REDIRECT] 
2026-09-25 14:30:36,794 [ERROR] LogOutputStream:75 - [STDERR_REDIRECT] [Fatal Error] :1:1: Premature end of file.
2026-09-25 14:30:36,794 [ERROR] LogOutputStream:75 - [STDERR_REDIRECT] 
2026-09-25 14:30:36,816 [ERROR] LogOutputStream:75 - [STDERR_REDIRECT] [Fatal Error] :1:1: Premature end of file.
2026-09-25 14:30:36,816 [ERROR] LogOutputStream:75 - [STDERR_REDIRECT] 
2026-09-25 14:30:36,839 [ERROR] LogOutputStream:75 - [STDERR_REDIRECT] [Fatal Error] :1:1: Premature end of file.
2026-09-25 14:30:36,839 [ERROR] LogOutputStream:75 - [STDERR_REDIRECT] 
2026-09-25 14:30:36,863 [ERROR] LogOutputStream:75 - [STDERR_REDIRECT] [Fatal Error] :1:1: Premature end of file.
2026-09-25 14:30:36,863 [ERROR] LogOutputStream:75 - [STDERR_REDIRECT] 
2026-09-25 14:30:36,886 [ERROR] LogOutputStream:75 - [STDERR_REDIRECT] [Fatal Error] :1:1: Premature end of file.
2026-09-25 14:30:36,887 [ERROR] LogOutputStream:75 - [STDERR_REDIRECT] 
2026-09-25 14:30:36,912 [ERROR] LogOutputStream:75 - [STDERR_REDIRECT] [Fatal Error] :1:1: Premature end of file.
2026-09-25 14:30:36,912 [ERROR] LogOutputStream:75 - [STDERR_REDIRECT] 
2026-09-25 14:30:36,936 [ERROR] LogOutputStream:75 - [STDERR_REDIRECT] [Fatal Error] :1:1: Premature end of file.
2026-09-25 14:30:36,936 [ERROR] LogOutputStream:75 - [STDERR_REDIRECT] 
2026-09-25 14:30:36,960 [ERROR] LogOutputStream:75 - [STDERR_REDIRECT] [Fatal Error] :1:1: Premature end of file.
2026-09-25 14:30:36,960 [ERROR] LogOutputStream:75 - [STDERR_REDIRECT] 
2026-09-25 14:30:36,983 [ERROR] LogOutputStream:75 - [STDERR_REDIRECT] [Fatal Error] :1:1: Premature end of file.
2026-09-25 14:30:36,983 [ERROR] LogOutputStream:75 - [STDERR_REDIRECT] 
2026-09-25 14:30:37,008 [ERROR] LogOutputStream:75 - [STDERR_REDIRECT] [Fatal Error] :1:1: Premature end of file.
2026-09-25 14:30:37,008 [ERROR] LogOutputStream:75 - [STDERR_REDIRECT] 
2026-09-25 14:30:37,033 [ERROR] LogOutputStream:75 - [STDERR_REDIRECT] [Fatal Error] :1:1: Premature end of file.
2026-09-25 14:30:37,033 [ERROR] LogOutputStream:75 - [STDERR_REDIRECT] 
2026-09-25 14:30:37,056 [ERROR] LogOutputStream:75 - [STDERR_REDIRECT] [Fatal Error] :1:1: Premature end of file.
2026-09-25 14:30:37,056 [ERROR] LogOutputStream:75 - [STDERR_REDIRECT] 
2026-09-25 14:30:37,079 [ERROR] LogOutputStream:75 - [STDERR_REDIRECT] [Fatal Error] :1:1: Premature end of file.
2026-09-25 14:30:37,080 [ERROR] LogOutputStream:75 - [STDERR_REDIRECT] 
2026-09-25 14:30:37,102 [ERROR] LogOutputStream:75 - [STDERR_REDIRECT] [Fatal Error] :1:1: Premature end of file.
2026-09-25 14:30:37,102 [ERROR] LogOutputStream:75 - [STDERR_REDIRECT] 
2026-09-25 14:30:37,125 [ERROR] LogOutputStream:75 - [STDERR_REDIRECT] [Fatal Error] :1:1: Premature end of file.
2026-09-25 14:30:37,126 [ERROR] LogOutputStream:75 - [STDERR_REDIRECT] 
2026-09-25 14:30:37,149 [ERROR] LogOutputStream:75 - [STDERR_REDIRECT] [Fatal Error] :1:1: Premature end of file.
2026-09-25 14:30:37,149 [ERROR] LogOutputStream:75 - [STDERR_REDIRECT] 
2026-09-25 14:30:37,175 [ERROR] LogOutputStream:75 - [STDERR_REDIRECT] [Fatal Error] :1:1: Premature end of file.
2026-09-25 14:30:37,175 [ERROR] LogOutputStream:75 - [STDERR_REDIRECT] 
2026-09-25 14:30:37,197 [ERROR] LogOutputStream:75 - [STDERR_REDIRECT] [Fatal Error] :1:1: Premature end of file.
2026-09-25 14:30:37,197 [ERROR] LogOutputStream:75 - [STDERR_REDIRECT] 
2026-09-25 14:30:37,220 [ERROR] LogOutputStream:75 - [STDERR_REDIRECT] [Fatal Error] :1:1: Premature end of file.
2026-09-25 14:30:37,220 [ERROR] LogOutputStream:75 - [STDERR_REDIRECT] 
2026-09-25 14:30:37,244 [ERROR] LogOutputStream:75 - [STDERR_REDIRECT] [Fatal Error] :1:1: Premature end of file.
2026-09-25 14:30:37,244 [ERROR] LogOutputStream:75 - [STDERR_REDIRECT] 
2026-09-25 14:30:37,265 [ERROR] LogOutputStream:75 - [STDERR_REDIRECT] [Fatal Error] :1:1: Premature end of file.
2026-09-25 14:30:37,267 [ERROR] LogOutputStream:75 - [STDERR_REDIRECT] 
2026-09-25 14:30:37,289 [ERROR] LogOutputStream:75 - [STDERR_REDIRECT] [Fatal Error] :1:1: Premature end of file.
2026-09-25 14:30:37,289 [ERROR] LogOutputStream:75 - [STDERR_REDIRECT] 
2026-09-25 14:30:37,312 [ERROR] LogOutputStream:75 - [STDERR_REDIRECT] [Fatal Error] :1:1: Premature end of file.
2026-09-25 14:30:37,312 [ERROR] LogOutputStream:75 - [STDERR_REDIRECT] 
2026-09-25 14:30:37,334 [ERROR] LogOutputStream:75 - [STDERR_REDIRECT] [Fatal Error] :1:1: Premature end of file.
2026-09-25 14:30:37,334 [ERROR] LogOutputStream:75 - [STDERR_REDIRECT] 
2026-09-25 14:30:37,358 [ERROR] LogOutputStream:75 - [STDERR_REDIRECT] [Fatal Error] :1:1: Premature end of file.
2026-09-25 14:30:37,358 [ERROR] LogOutputStream:75 - [STDERR_REDIRECT] 
2026-09-25 14:30:37,382 [ERROR] LogOutputStream:75 - [STDERR_REDIRECT] [Fatal Error] :1:1: Premature end of file.
2026-09-25 14:30:37,382 [ERROR] LogOutputStream:75 - [STDERR_REDIRECT] 
2026-09-25 14:30:37,405 [ERROR] LogOutputStream:75 - [STDERR_REDIRECT] [Fatal Error] :1:1: Premature end of file.
2026-09-25 14:30:37,405 [ERROR] LogOutputStream:75 - [STDERR_REDIRECT] 
2026-09-25 14:30:37,427 [ERROR] LogOutputStream:75 - [STDERR_REDIRECT] [Fatal Error] :1:1: Premature end of file.
2026-09-25 14:30:37,427 [ERROR] LogOutputStream:75 - [STDERR_REDIRECT] 
2026-09-25 14:30:37,449 [ERROR] LogOutputStream:75 - [STDERR_REDIRECT] [Fatal Error] :1:1: Premature end of file.
2026-09-25 14:30:37,449 [ERROR] LogOutputStream:75 - [STDERR_REDIRECT] 
2026-09-25 14:30:37,476 [ERROR] LogOutputStream:75 - [STDERR_REDIRECT] [Fatal Error] :1:1: Premature end of file.
2026-09-25 14:30:37,476 [ERROR] LogOutputStream:75 - [STDERR_REDIRECT] 
2026-09-25 14:30:37,508 [ERROR] LogOutputStream:75 - [STDERR_REDIRECT] [Fatal Error] :1:1: Premature end of file.
2026-09-25 14:30:37,508 [ERROR] LogOutputStream:75 - [STDERR_REDIRECT] 
2026-09-25 14:30:37,536 [ERROR] LogOutputStream:75 - [STDERR_REDIRECT] [Fatal Error] :1:1: Premature end of file.
2026-09-25 14:30:37,536 [ERROR] LogOutputStream:75 - [STDERR_REDIRECT] 
2026-09-25 14:30:37,565 [ERROR] LogOutputStream:75 - [STDERR_REDIRECT] [Fatal Error] :1:1: Premature end of file.
2026-09-25 14:30:37,565 [ERROR] LogOutputStream:75 - [STDERR_REDIRECT] 
2026-09-25 14:30:37,596 [ERROR] LogOutputStream:75 - [STDERR_REDIRECT] [Fatal Error] :1:1: Premature end of file.
2026-09-25 14:30:37,596 [ERROR] LogOutputStream:75 - [STDERR_REDIRECT] 
2026-09-25 14:30:37,625 [ERROR] LogOutputStream:75 - [STDERR_REDIRECT] [Fatal Error] :1:1: Premature end of file.
2026-09-25 14:30:37,625 [ERROR] LogOutputStream:75 - [STDERR_REDIRECT] 
2026-09-25 14:30:37,657 [ERROR] LogOutputStream:75 - [STDERR_REDIRECT] [Fatal Error] :1:1: Premature end of file.
2026-09-25 14:30:37,657 [ERROR] LogOutputStream:75 - [STDERR_REDIRECT] 
2026-09-25 14:30:37,691 [ERROR] LogOutputStream:75 - [STDERR_REDIRECT] [Fatal Error] :1:1: Premature end of file.
2026-09-25 14:30:37,691 [ERROR] LogOutputStream:75 - [STDERR_REDIRECT] 
2026-09-25 14:30:37,718 [ERROR] LogOutputStream:75 - [STDERR_REDIRECT] [Fatal Error] :1:1: Premature end of file.
2026-09-25 14:30:37,718 [ERROR] LogOutputStream:75 - [STDERR_REDIRECT] 
2026-09-25 14:30:37,752 [ERROR] LogOutputStream:75 - [STDERR_REDIRECT] [Fatal Error] :1:1: Premature end of file.
2026-09-25 14:30:37,752 [ERROR] LogOutputStream:75 - [STDERR_REDIRECT] 
2026-09-25 14:30:37,783 [ERROR] LogOutputStream:75 - [STDERR_REDIRECT] [Fatal Error] :1:1: Premature end of file.
2026-09-25 14:30:37,783 [ERROR] LogOutputStream:75 - [STDERR_REDIRECT] 
2026-09-25 14:30:37,813 [ERROR] LogOutputStream:75 - [STDERR_REDIRECT] [Fatal Error] :1:1: Premature end of file.
2026-09-25 14:30:37,813 [ERROR] LogOutputStream:75 - [STDERR_REDIRECT] 
2026-09-25 14:30:37,841 [ERROR] LogOutputStream:75 - [STDERR_REDIRECT] [Fatal Error] :1:1: Premature end of file.
2026-09-25 14:30:37,842 [ERROR] LogOutputStream:75 - [STDERR_REDIRECT] 
2026-09-25 14:30:37,867 [ERROR] LogOutputStream:75 - [STDERR_REDIRECT] [Fatal Error] :1:1: Premature end of file.
2026-09-25 14:30:37,867 [ERROR] LogOutputStream:75 - [STDERR_REDIRECT] 
2026-09-25 14:30:37,892 [ERROR] LogOutputStream:75 - [STDERR_REDIRECT] [Fatal Error] :1:1: Premature end of file.
2026-09-25 14:30:37,892 [ERROR] LogOutputStream:75 - [STDERR_REDIRECT] 
2026-09-25 14:30:37,918 [ERROR] LogOutputStream:75 - [STDERR_REDIRECT] [Fatal Error] :1:1: Premature end of file.
2026-09-25 14:30:37,918 [ERROR] LogOutputStream:75 - [STDERR_REDIRECT] 
2026-09-25 14:30:37,943 [ERROR] LogOutputStream:75 - [STDERR_REDIRECT] [Fatal Error] :1:1: Premature end of file.
2026-09-25 14:30:37,943 [ERROR] LogOutputStream:75 - [STDERR_REDIRECT] 
2026-09-25 14:30:37,970 [ERROR] LogOutputStream:75 - [STDERR_REDIRECT] [Fatal Error] :1:1: Premature end of file.
2026-09-25 14:30:37,970 [ERROR] LogOutputStream:75 - [STDERR_REDIRECT] 
2026-09-25 14:30:38,002 [ERROR] LogOutputStream:75 - [STDERR_REDIRECT] [Fatal Error] :1:1: Premature end of file.
2026-09-25 14:30:38,002 [ERROR] LogOutputStream:75 - [STDERR_REDIRECT] 
2026-09-25 14:30:38,032 [ERROR] LogOutputStream:75 - [STDERR_REDIRECT] [Fatal Error] :1:1: Premature end of file.
2026-09-25 14:30:38,033 [ERROR] LogOutputStream:75 - [STDERR_REDIRECT] 
2026-09-25 14:30:38,063 [ERROR] LogOutputStream:75 - [STDERR_REDIRECT] [Fatal Error] :1:1: Premature end of file.
2026-09-25 14:30:38,063 [ERROR] LogOutputStream:75 - [STDERR_REDIRECT] 
2026-09-25 14:30:38,097 [ERROR] LogOutputStream:75 - [STDERR_REDIRECT] [Fatal Error] :1:1: Premature end of file.
2026-09-25 14:30:38,098 [ERROR] LogOutputStream:75 - [STDERR_REDIRECT] 
2026-09-25 14:30:38,125 [ERROR] LogOutputStream:75 - [STDERR_REDIRECT] [Fatal Error] :1:1: Premature end of file.
2026-09-25 14:30:38,125 [ERROR] LogOutputStream:75 - [STDERR_REDIRECT] 
2026-09-25 14:30:38,157 [ERROR] LogOutputStream:75 - [STDERR_REDIRECT] [Fatal Error] :1:1: Premature end of file.
2026-09-25 14:30:38,157 [ERROR] LogOutputStream:75 - [STDERR_REDIRECT] 
2026-09-25 14:30:38,181 [ERROR] LogOutputStream:75 - [STDERR_REDIRECT] [Fatal Error] :1:1: Premature end of file.
2026-09-25 14:30:38,181 [ERROR] LogOutputStream:75 - [STDERR_REDIRECT] 
2026-09-25 14:30:38,234 [ERROR] LogOutputStream:75 - [STDERR_REDIRECT] [Fatal Error] :1:1: Premature end of file.
2026-09-25 14:30:38,234 [ERROR] LogOutputStream:75 - [STDERR_REDIRECT] 
2026-09-25 14:30:38,258 [ERROR] LogOutputStream:75 - [STDERR_REDIRECT] [Fatal Error] :1:1: Premature end of file.
2026-09-25 14:30:38,258 [ERROR] LogOutputStream:75 - [STDERR_REDIRECT] 
2026-09-25 14:30:38,287 [ERROR] LogOutputStream:75 - [STDERR_REDIRECT] [Fatal Error] :1:1: Premature end of file.
2026-09-25 14:30:38,288 [ERROR] LogOutputStream:75 - [STDERR_REDIRECT] 
2026-09-25 14:30:38,315 [ERROR] LogOutputStream:75 - [STDERR_REDIRECT] [Fatal Error] :1:1: Premature end of file.
2026-09-25 14:30:38,316 [ERROR] LogOutputStream:75 - [STDERR_REDIRECT] 
2026-09-25 14:30:38,344 [ERROR] LogOutputStream:75 - [STDERR_REDIRECT] [Fatal Error] :1:1: Premature end of file.
2026-09-25 14:30:38,344 [ERROR] LogOutputStream:75 - [STDERR_REDIRECT] 
2026-09-25 14:30:38,375 [ERROR] LogOutputStream:75 - [STDERR_REDIRECT] [Fatal Error] :1:1: Premature end of file.
2026-09-25 14:30:38,375 [ERROR] LogOutputStream:75 - [STDERR_REDIRECT] 
2026-09-25 14:30:38,404 [ERROR] LogOutputStream:75 - [STDERR_REDIRECT] [Fatal Error] :1:1: Premature end of file.
2026-09-25 14:30:38,404 [ERROR] LogOutputStream:75 - [STDERR_REDIRECT] 
2026-09-25 14:30:38,443 [ERROR] LogOutputStream:75 - [STDERR_REDIRECT] [Fatal Error] :1:1: Premature end of file.
2026-09-25 14:30:38,443 [ERROR] LogOutputStream:75 - [STDERR_REDIRECT] 
2026-09-25 14:30:38,471 [ERROR] LogOutputStream:75 - [STDERR_REDIRECT] [Fatal Error] :1:1: Premature end of file.
2026-09-25 14:30:38,471 [ERROR] LogOutputStream:75 - [STDERR_REDIRECT] 
2026-09-25 14:30:38,498 [ERROR] LogOutputStream:75 - [STDERR_REDIRECT] [Fatal Error] :1:1: Premature end of file.
2026-09-25 14:30:38,498 [ERROR] LogOutputStream:75 - [STDERR_REDIRECT] 
2026-09-25 14:30:38,522 [ERROR] LogOutputStream:75 - [STDERR_REDIRECT] [Fatal Error] :1:1: Premature end of file.
2026-09-25 14:30:38,522 [ERROR] LogOutputStream:75 - [STDERR_REDIRECT] 
2026-09-25 14:30:38,548 [ERROR] LogOutputStream:75 - [STDERR_REDIRECT] [Fatal Error] :1:1: Premature end of file.
2026-09-25 14:30:38,548 [ERROR] LogOutputStream:75 - [STDERR_REDIRECT] 
2026-09-25 14:30:38,575 [ERROR] LogOutputStream:75 - [STDERR_REDIRECT] [Fatal Error] :1:1: Premature end of file.
2026-09-25 14:30:38,575 [ERROR] LogOutputStream:75 - [STDERR_REDIRECT] 
2026-09-25 14:30:38,601 [ERROR] LogOutputStream:75 - [STDERR_REDIRECT] [Fatal Error] :1:1: Premature end of file.
2026-09-25 14:30:38,601 [ERROR] LogOutputStream:75 - [STDERR_REDIRECT] 
2026-09-25 14:30:38,626 [ERROR] LogOutputStream:75 - [STDERR_REDIRECT] [Fatal Error] :1:1: Premature end of file.
2026-09-25 14:30:38,626 [ERROR] LogOutputStream:75 - [STDERR_REDIRECT] 
2026-09-25 14:30:38,649 [ERROR] LogOutputStream:75 - [STDERR_REDIRECT] [Fatal Error] :1:1: Premature end of file.
2026-09-25 14:30:38,649 [ERROR] LogOutputStream:75 - [STDERR_REDIRECT] 
2026-09-25 14:30:38,674 [ERROR] LogOutputStream:75 - [STDERR_REDIRECT] [Fatal Error] :1:1: Premature end of file.
2026-09-25 14:30:38,674 [ERROR] LogOutputStream:75 - [STDERR_REDIRECT] 
2026-09-25 14:30:38,698 [ERROR] LogOutputStream:75 - [STDERR_REDIRECT] [Fatal Error] :1:1: Premature end of file.
2026-09-25 14:30:38,698 [ERROR] LogOutputStream:75 - [STDERR_REDIRECT] 
2026-09-25 14:30:38,721 [ERROR] LogOutputStream:75 - [STDERR_REDIRECT] [Fatal Error] :1:1: Premature end of file.
2026-09-25 14:30:38,722 [ERROR] LogOutputStream:75 - [STDERR_REDIRECT] 
2026-09-25 14:30:38,744 [ERROR] LogOutputStream:75 - [STDERR_REDIRECT] [Fatal Error] :1:1: Premature end of file.
2026-09-25 14:30:38,744 [ERROR] LogOutputStream:75 - [STDERR_REDIRECT] 
2026-09-25 14:30:38,769 [ERROR] LogOutputStream:75 - [STDERR_REDIRECT] [Fatal Error] :1:1: Premature end of file.
2026-09-25 14:30:38,769 [ERROR] LogOutputStream:75 - [STDERR_REDIRECT] 
2026-09-25 14:30:38,794 [ERROR] LogOutputStream:75 - [STDERR_REDIRECT] [Fatal Error] :1:1: Premature end of file.
2026-09-25 14:30:38,794 [ERROR] LogOutputStream:75 - [STDERR_REDIRECT] 
2026-09-25 14:30:38,816 [ERROR] LogOutputStream:75 - [STDERR_REDIRECT] [Fatal Error] :1:1: Premature end of file.
2026-09-25 14:30:38,816 [ERROR] LogOutputStream:75 - [STDERR_REDIRECT] 
2026-09-25 14:30:38,840 [ERROR] LogOutputStream:75 - [STDERR_REDIRECT] [Fatal Error] :1:1: Premature end of file.
2026-09-25 14:30:38,840 [ERROR] LogOutputStream:75 - [STDERR_REDIRECT] 
2026-09-25 14:30:38,862 [ERROR] LogOutputStream:75 - [STDERR_REDIRECT] [Fatal Error] :1:1: Premature end of file.
2026-09-25 14:30:38,862 [ERROR] LogOutputStream:75 - [STDERR_REDIRECT] 
2026-09-25 14:30:38,885 [ERROR] LogOutputStream:75 - [STDERR_REDIRECT] [Fatal Error] :1:1: Premature end of file.
2026-09-25 14:30:38,885 [ERROR] LogOutputStream:75 - [STDERR_REDIRECT] 
2026-09-25 14:30:38,909 [ERROR] LogOutputStream:75 - [STDERR_REDIRECT] [Fatal Error] :1:1: Premature end of file.
2026-09-25 14:30:38,909 [ERROR] LogOutputStream:75 - [STDERR_REDIRECT] 
2026-09-25 14:30:38,931 [ERROR] LogOutputStream:75 - [STDERR_REDIRECT] [Fatal Error] :1:1: Premature end of file.
2026-09-25 14:30:38,931 [ERROR] LogOutputStream:75 - [STDERR_REDIRECT] 
2026-09-25 14:30:38,953 [ERROR] LogOutputStream:75 - [STDERR_REDIRECT] [Fatal Error] :1:1: Premature end of file.
2026-09-25 14:30:38,953 [ERROR] LogOutputStream:75 - [STDERR_REDIRECT] 
2026-09-25 14:30:38,977 [ERROR] LogOutputStream:75 - [STDERR_REDIRECT] [Fatal Error] :1:1: Premature end of file.
2026-09-25 14:30:38,978 [ERROR] LogOutputStream:75 - [STDERR_REDIRECT] 
2026-09-25 14:30:39,003 [ERROR] LogOutputStream:75 - [STDERR_REDIRECT] [Fatal Error] :1:1: Premature end of file.
2026-09-25 14:30:39,003 [ERROR] LogOutputStream:75 - [STDERR_REDIRECT] 
2026-09-25 14:30:39,028 [ERROR] LogOutputStream:75 - [STDERR_REDIRECT] [Fatal Error] :1:1: Premature end of file.
2026-09-25 14:30:39,028 [ERROR] LogOutputStream:75 - [STDERR_REDIRECT] 
2026-09-25 14:30:39,052 [ERROR] LogOutputStream:75 - [STDERR_REDIRECT] [Fatal Error] :1:1: Premature end of file.
2026-09-25 14:30:39,052 [ERROR] LogOutputStream:75 - [STDERR_REDIRECT] 
2026-09-25 14:30:39,075 [ERROR] LogOutputStream:75 - [STDERR_REDIRECT] [Fatal Error] :1:1: Premature end of file.
2026-09-25 14:30:39,075 [ERROR] LogOutputStream:75 - [STDERR_REDIRECT] 
2026-09-25 14:30:39,098 [ERROR] LogOutputStream:75 - [STDERR_REDIRECT] [Fatal Error] :1:1: Premature end of file.
2026-09-25 14:30:39,098 [ERROR] LogOutputStream:75 - [STDERR_REDIRECT] 
2026-09-25 14:30:39,122 [ERROR] LogOutputStream:75 - [STDERR_REDIRECT] [Fatal Error] :1:1: Premature end of file.
2026-09-25 14:30:39,122 [ERROR] LogOutputStream:75 - [STDERR_REDIRECT] 
2026-09-25 14:30:39,145 [ERROR] LogOutputStream:75 - [STDERR_REDIRECT] [Fatal Error] :1:1: Premature end of file.
2026-09-25 14:30:39,145 [ERROR] LogOutputStream:75 - [STDERR_REDIRECT] 
2026-09-25 14:30:39,169 [ERROR] LogOutputStream:75 - [STDERR_REDIRECT] [Fatal Error] :1:1: Premature end of file.
2026-09-25 14:30:39,169 [ERROR] LogOutputStream:75 - [STDERR_REDIRECT] 
2026-09-25 14:30:39,193 [ERROR] LogOutputStream:75 - [STDERR_REDIRECT] [Fatal Error] :1:1: Premature end of file.
2026-09-25 14:30:39,193 [ERROR] LogOutputStream:75 - [STDERR_REDIRECT] 
2026-09-25 14:30:39,216 [ERROR] LogOutputStream:75 - [STDERR_REDIRECT] [Fatal Error] :1:1: Premature end of file.
2026-09-25 14:30:39,216 [ERROR] LogOutputStream:75 - [STDERR_REDIRECT] 
2026-09-25 14:30:39,241 [ERROR] LogOutputStream:75 - [STDERR_REDIRECT] [Fatal Error] :1:1: Premature end of file.
2026-09-25 14:30:39,241 [ERROR] LogOutputStream:75 - [STDERR_REDIRECT] 
2026-09-25 14:30:39,265 [ERROR] LogOutputStream:75 - [STDERR_REDIRECT] [Fatal Error] :1:1: Premature end of file.
2026-09-25 14:30:39,265 [ERROR] LogOutputStream:75 - [STDERR_REDIRECT] 
2026-09-25 14:30:39,287 [ERROR] LogOutputStream:75 - [STDERR_REDIRECT] [Fatal Error] :1:1: Premature end of file.
2026-09-25 14:30:39,287 [ERROR] LogOutputStream:75 - [STDERR_REDIRECT] 
2026-09-25 14:30:39,311 [ERROR] LogOutputStream:75 - [STDERR_REDIRECT] [Fatal Error] :1:1: Premature end of file.
2026-09-25 14:30:39,312 [ERROR] LogOutputStream:75 - [STDERR_REDIRECT] 
2026-09-25 14:30:39,336 [ERROR] LogOutputStream:75 - [STDERR_REDIRECT] [Fatal Error] :1:1: Premature end of file.
2026-09-25 14:30:39,336 [ERROR] LogOutputStream:75 - [STDERR_REDIRECT] 
2026-09-25 14:30:39,362 [ERROR] LogOutputStream:75 - [STDERR_REDIRECT] [Fatal Error] :1:1: Premature end of file.
2026-09-25 14:30:39,363 [ERROR] LogOutputStream:75 - [STDERR_REDIRECT] 
2026-09-25 14:30:39,388 [ERROR] LogOutputStream:75 - [STDERR_REDIRECT] [Fatal Error] :1:1: Premature end of file.
2026-09-25 14:30:39,388 [ERROR] LogOutputStream:75 - [STDERR_REDIRECT] 
2026-09-25 14:30:39,418 [ERROR] LogOutputStream:75 - [STDERR_REDIRECT] [Fatal Error] :1:1: Premature end of file.
2026-09-25 14:30:39,418 [ERROR] LogOutputStream:75 - [STDERR_REDIRECT] 
2026-09-25 14:30:39,449 [ERROR] LogOutputStream:75 - [STDERR_REDIRECT] [Fatal Error] :1:1: Premature end of file.
2026-09-25 14:30:39,449 [ERROR] LogOutputStream:75 - [STDERR_REDIRECT] 
2026-09-25 14:30:39,478 [ERROR] LogOutputStream:75 - [STDERR_REDIRECT] [Fatal Error] :1:1: Premature end of file.
2026-09-25 14:30:39,479 [ERROR] LogOutputStream:75 - [STDERR_REDIRECT] 
2026-09-25 14:30:39,508 [ERROR] LogOutputStream:75 - [STDERR_REDIRECT] [Fatal Error] :1:1: Premature end of file.
2026-09-25 14:30:39,508 [ERROR] LogOutputStream:75 - [STDERR_REDIRECT] 
2026-09-25 14:30:39,539 [ERROR] LogOutputStream:75 - [STDERR_REDIRECT] [Fatal Error] :1:1: Premature end of file.
2026-09-25 14:30:39,539 [ERROR] LogOutputStream:75 - [STDERR_REDIRECT] 
2026-09-25 14:30:39,565 [ERROR] LogOutputStream:75 - [STDERR_REDIRECT] [Fatal Error] :1:1: Premature end of file.
2026-09-25 14:30:39,565 [ERROR] LogOutputStream:75 - [STDERR_REDIRECT] 
2026-09-25 14:30:39,594 [ERROR] LogOutputStream:75 - [STDERR_REDIRECT] [Fatal Error] :1:1: Premature end of file.
2026-09-25 14:30:39,594 [ERROR] LogOutputStream:75 - [STDERR_REDIRECT] 
2026-09-25 14:30:39,622 [ERROR] LogOutputStream:75 - [STDERR_REDIRECT] [Fatal Error] :1:1: Premature end of file.
2026-09-25 14:30:39,622 [ERROR] LogOutputStream:75 - [STDERR_REDIRECT] 
2026-09-25 14:30:39,651 [ERROR] LogOutputStream:75 - [STDERR_REDIRECT] [Fatal Error] :1:1: Premature end of file.
2026-09-25 14:30:39,651 [ERROR] LogOutputStream:75 - [STDERR_REDIRECT] 
2026-09-25 14:30:39,678 [ERROR] LogOutputStream:75 - [STDERR_REDIRECT] [Fatal Error] :1:1: Premature end of file.
2026-09-25 14:30:39,678 [ERROR] LogOutputStream:75 - [STDERR_REDIRECT] 
2026-09-25 14:30:39,706 [ERROR] LogOutputStream:75 - [STDERR_REDIRECT] [Fatal Error] :1:1: Premature end of file.
2026-09-25 14:30:39,706 [ERROR] LogOutputStream:75 - [STDERR_REDIRECT] 
2026-09-25 14:30:39,790 [ERROR] LogOutputStream:75 - [STDERR_REDIRECT] [Fatal Error] :1:1: Premature end of file.
2026-09-25 14:30:39,790 [ERROR] LogOutputStream:75 - [STDERR_REDIRECT] 
2026-09-25 14:30:39,815 [ERROR] LogOutputStream:75 - [STDERR_REDIRECT] [Fatal Error] :1:1: Premature end of file.
2026-09-25 14:30:39,815 [ERROR] LogOutputStream:75 - [STDERR_REDIRECT] 
2026-09-25 14:30:39,838 [ERROR] LogOutputStream:75 - [STDERR_REDIRECT] [Fatal Error] :1:1: Premature end of file.
2026-09-25 14:30:39,838 [ERROR] LogOutputStream:75 - [STDERR_REDIRECT] 
2026-09-25 14:30:39,862 [ERROR] LogOutputStream:75 - [STDERR_REDIRECT] [Fatal Error] :1:1: Premature end of file.
2026-09-25 14:30:39,862 [ERROR] LogOutputStream:75 - [STDERR_REDIRECT] 
2026-09-25 14:30:39,885 [ERROR] LogOutputStream:75 - [STDERR_REDIRECT] [Fatal Error] :1:1: Premature end of file.
2026-09-25 14:30:39,885 [ERROR] LogOutputStream:75 - [STDERR_REDIRECT] 
2026-09-25 14:30:39,909 [ERROR] LogOutputStream:75 - [STDERR_REDIRECT] [Fatal Error] :1:1: Premature end of file.
2026-09-25 14:30:39,909 [ERROR] LogOutputStream:75 - [STDERR_REDIRECT] 
2026-09-25 14:30:39,932 [ERROR] LogOutputStream:75 - [STDERR_REDIRECT] [Fatal Error] :1:1: Premature end of file.
2026-09-25 14:30:39,932 [ERROR] LogOutputStream:75 - [STDERR_REDIRECT] 
2026-09-25 14:30:39,957 [ERROR] LogOutputStream:75 - [STDERR_REDIRECT] [Fatal Error] :1:1: Premature end of file.
2026-09-25 14:30:39,957 [ERROR] LogOutputStream:75 - [STDERR_REDIRECT] 
2026-09-25 14:30:39,980 [ERROR] LogOutputStream:75 - [STDERR_REDIRECT] [Fatal Error] :1:1: Premature end of file.
2026-09-25 14:30:39,980 [ERROR] LogOutputStream:75 - [STDERR_REDIRECT] 
2026-09-25 14:30:40,003 [ERROR] LogOutputStream:75 - [STDERR_REDIRECT] [Fatal Error] :1:1: Premature end of file.
2026-09-25 14:30:40,003 [ERROR] LogOutputStream:75 - [STDERR_REDIRECT] 
2026-09-25 14:30:40,027 [ERROR] LogOutputStream:75 - [STDERR_REDIRECT] [Fatal Error] :1:1: Premature end of file.
2026-09-25 14:30:40,027 [ERROR] LogOutputStream:75 - [STDERR_REDIRECT] 
2026-09-25 14:30:40,051 [ERROR] LogOutputStream:75 - [STDERR_REDIRECT] [Fatal Error] :1:1: Premature end of file.
2026-09-25 14:30:40,051 [ERROR] LogOutputStream:75 - [STDERR_REDIRECT] 
2026-09-25 14:30:40,074 [ERROR] LogOutputStream:75 - [STDERR_REDIRECT] [Fatal Error] :1:1: Premature end of file.
2026-09-25 14:30:40,074 [ERROR] LogOutputStream:75 - [STDERR_REDIRECT] 
2026-09-25 14:30:40,097 [ERROR] LogOutputStream:75 - [STDERR_REDIRECT] [Fatal Error] :1:1: Premature end of file.
2026-09-25 14:30:40,097 [ERROR] LogOutputStream:75 - [STDERR_REDIRECT] 
2026-09-25 14:30:40,121 [ERROR] LogOutputStream:75 - [STDERR_REDIRECT] [Fatal Error] :1:1: Premature end of file.
2026-09-25 14:30:40,121 [ERROR] LogOutputStream:75 - [STDERR_REDIRECT] 
2026-09-25 14:30:40,144 [ERROR] LogOutputStream:75 - [STDERR_REDIRECT] [Fatal Error] :1:1: Premature end of file.
2026-09-25 14:30:40,147 [ERROR] LogOutputStream:75 - [STDERR_REDIRECT] 
2026-09-25 14:30:40,171 [ERROR] LogOutputStream:75 - [STDERR_REDIRECT] [Fatal Error] :1:1: Premature end of file.
2026-09-25 14:30:40,172 [ERROR] LogOutputStream:75 - [STDERR_REDIRECT] 
2026-09-25 14:30:40,195 [ERROR] LogOutputStream:75 - [STDERR_REDIRECT] [Fatal Error] :1:1: Premature end of file.
2026-09-25 14:30:40,195 [ERROR] LogOutputStream:75 - [STDERR_REDIRECT] 
2026-09-25 14:30:40,291 [ERROR] LogOutputStream:75 - [STDERR_REDIRECT] [Fatal Error] :1:1: Premature end of file.
2026-09-25 14:30:40,291 [ERROR] LogOutputStream:75 - [STDERR_REDIRECT] 
2026-09-25 14:30:40,315 [ERROR] LogOutputStream:75 - [STDERR_REDIRECT] [Fatal Error] :1:1: Premature end of file.
2026-09-25 14:30:40,315 [ERROR] LogOutputStream:75 - [STDERR_REDIRECT] 
2026-09-25 14:30:40,338 [ERROR] LogOutputStream:75 - [STDERR_REDIRECT] [Fatal Error] :1:1: Premature end of file.
2026-09-25 14:30:40,338 [ERROR] LogOutputStream:75 - [STDERR_REDIRECT] 
2026-09-25 14:30:40,361 [ERROR] LogOutputStream:75 - [STDERR_REDIRECT] [Fatal Error] :1:1: Premature end of file.
2026-09-25 14:30:40,361 [ERROR] LogOutputStream:75 - [STDERR_REDIRECT] 
2026-09-25 14:30:40,383 [ERROR] LogOutputStream:75 - [STDERR_REDIRECT] [Fatal Error] :1:1: Premature end of file.
2026-09-25 14:30:40,383 [ERROR] LogOutputStream:75 - [STDERR_REDIRECT] 
2026-09-25 14:30:40,408 [ERROR] LogOutputStream:75 - [STDERR_REDIRECT] [Fatal Error] :1:1: Premature end of file.
2026-09-25 14:30:40,408 [ERROR] LogOutputStream:75 - [STDERR_REDIRECT] 
2026-09-25 14:30:40,431 [ERROR] LogOutputStream:75 - [STDERR_REDIRECT] [Fatal Error] :1:1: Premature end of file.
2026-09-25 14:30:40,432 [ERROR] LogOutputStream:75 - [STDERR_REDIRECT] 
2026-09-25 14:30:40,455 [ERROR] LogOutputStream:75 - [STDERR_REDIRECT] [Fatal Error] :1:1: Premature end of file.
2026-09-25 14:30:40,455 [ERROR] LogOutputStream:75 - [STDERR_REDIRECT] 
2026-09-25 14:30:40,479 [ERROR] LogOutputStream:75 - [STDERR_REDIRECT] [Fatal Error] :1:1: Premature end of file.
2026-09-25 14:30:40,479 [ERROR] LogOutputStream:75 - [STDERR_REDIRECT] 
2026-09-25 14:30:40,502 [ERROR] LogOutputStream:75 - [STDERR_REDIRECT] [Fatal Error] :1:1: Premature end of file.
2026-09-25 14:30:40,502 [ERROR] LogOutputStream:75 - [STDERR_REDIRECT] 
2026-09-25 14:30:40,530 [ERROR] LogOutputStream:75 - [STDERR_REDIRECT] [Fatal Error] :1:1: Premature end of file.
2026-09-25 14:30:40,530 [ERROR] LogOutputStream:75 - [STDERR_REDIRECT] 
2026-09-25 14:30:40,556 [ERROR] LogOutputStream:75 - [STDERR_REDIRECT] [Fatal Error] :1:1: Premature end of file.
2026-09-25 14:30:40,556 [ERROR] LogOutputStream:75 - [STDERR_REDIRECT] 
2026-09-25 14:30:40,581 [ERROR] LogOutputStream:75 - [STDERR_REDIRECT] [Fatal Error] :1:1: Premature end of file.
2026-09-25 14:30:40,581 [ERROR] LogOutputStream:75 - [STDERR_REDIRECT] 
2026-09-25 14:30:40,608 [ERROR] LogOutputStream:75 - [STDERR_REDIRECT] [Fatal Error] :1:1: Premature end of file.
2026-09-25 14:30:40,608 [ERROR] LogOutputStream:75 - [STDERR_REDIRECT] 
2026-09-25 14:30:40,633 [ERROR] LogOutputStream:75 - [STDERR_REDIRECT] [Fatal Error] :1:1: Premature end of file.
2026-09-25 14:30:40,633 [ERROR] LogOutputStream:75 - [STDERR_REDIRECT] 
2026-09-25 14:30:40,657 [ERROR] LogOutputStream:75 - [STDERR_REDIRECT] [Fatal Error] :1:1: Premature end of file.
2026-09-25 14:30:40,657 [ERROR] LogOutputStream:75 - [STDERR_REDIRECT] 
2026-09-25 14:30:40,681 [ERROR] LogOutputStream:75 - [STDERR_REDIRECT] [Fatal Error] :1:1: Premature end of file.
2026-09-25 14:30:40,681 [ERROR] LogOutputStream:75 - [STDERR_REDIRECT] 
2026-09-25 14:30:40,705 [ERROR] LogOutputStream:75 - [STDERR_REDIRECT] [Fatal Error] :1:1: Premature end of file.
2026-09-25 14:30:40,705 [ERROR] LogOutputStream:75 - [STDERR_REDIRECT] 
2026-09-25 14:30:40,727 [ERROR] LogOutputStream:75 - [STDERR_REDIRECT] [Fatal Error] :1:1: Premature end of file.
2026-09-25 14:30:40,727 [ERROR] LogOutputStream:75 - [STDERR_REDIRECT] 
2026-09-25 14:30:40,750 [ERROR] LogOutputStream:75 - [STDERR_REDIRECT] [Fatal Error] :1:1: Premature end of file.
2026-09-25 14:30:40,750 [ERROR] LogOutputStream:75 - [STDERR_REDIRECT] 
2026-09-25 14:30:40,773 [ERROR] LogOutputStream:75 - [STDERR_REDIRECT] [Fatal Error] :1:1: Premature end of file.
2026-09-25 14:30:40,773 [ERROR] LogOutputStream:75 - [STDERR_REDIRECT] 
2026-09-25 14:30:40,797 [ERROR] LogOutputStream:75 - [STDERR_REDIRECT] [Fatal Error] :1:1: Premature end of file.
2026-09-25 14:30:40,797 [ERROR] LogOutputStream:75 - [STDERR_REDIRECT] 
2026-09-25 14:30:40,820 [ERROR] LogOutputStream:75 - [STDERR_REDIRECT] [Fatal Error] :1:1: Premature end of file.
2026-09-25 14:30:40,821 [ERROR] LogOutputStream:75 - [STDERR_REDIRECT] 
2026-09-25 14:30:40,844 [ERROR] LogOutputStream:75 - [STDERR_REDIRECT] [Fatal Error] :1:1: Premature end of file.
2026-09-25 14:30:40,844 [ERROR] LogOutputStream:75 - [STDERR_REDIRECT] 
2026-09-25 14:30:40,869 [ERROR] LogOutputStream:75 - [STDERR_REDIRECT] [Fatal Error] :1:1: Premature end of file.
2026-09-25 14:30:40,869 [ERROR] LogOutputStream:75 - [STDERR_REDIRECT] 
2026-09-25 14:30:40,892 [ERROR] LogOutputStream:75 - [STDERR_REDIRECT] [Fatal Error] :1:1: Premature end of file.
2026-09-25 14:30:40,892 [ERROR] LogOutputStream:75 - [STDERR_REDIRECT] 
2026-09-25 14:30:40,915 [ERROR] LogOutputStream:75 - [STDERR_REDIRECT] [Fatal Error] :1:1: Premature end of file.
2026-09-25 14:30:40,915 [ERROR] LogOutputStream:75 - [STDERR_REDIRECT] 
2026-09-25 14:30:40,938 [ERROR] LogOutputStream:75 - [STDERR_REDIRECT] [Fatal Error] :1:1: Premature end of file.
2026-09-25 14:30:40,938 [ERROR] LogOutputStream:75 - [STDERR_REDIRECT] 
2026-09-25 14:30:40,961 [ERROR] LogOutputStream:75 - [STDERR_REDIRECT] [Fatal Error] :1:1: Premature end of file.
2026-09-25 14:30:40,962 [ERROR] LogOutputStream:75 - [STDERR_REDIRECT] 
2026-09-25 14:30:39,743 [ERROR] LogOutputStream:75 - [STDERR_REDIRECT] [Fatal Error] :1:1: Premature end of file.
2026-09-25 14:30:39,743 [ERROR] LogOutputStream:75 - [STDERR_REDIRECT] 
2026-09-25 14:30:39,767 [ERROR] LogOutputStream:75 - [STDERR_REDIRECT] [Fatal Error] :1:1: Premature end of file.
2026-09-25 14:30:39,767 [ERROR] LogOutputStream:75 - [STDERR_REDIRECT] 
2026-09-25 14:30:39,791 [ERROR] LogOutputStream:75 - [STDERR_REDIRECT] [Fatal Error] :1:1: Premature end of file.
2026-09-25 14:30:39,791 [ERROR] LogOutputStream:75 - [STDERR_REDIRECT] 
2026-09-25 14:30:39,814 [ERROR] LogOutputStream:75 - [STDERR_REDIRECT] [Fatal Error] :1:1: Premature end of file.
2026-09-25 14:30:39,814 [ERROR] LogOutputStream:75 - [STDERR_REDIRECT] 
2026-09-25 14:30:39,837 [ERROR] LogOutputStream:75 - [STDERR_REDIRECT] [Fatal Error] :1:1: Premature end of file.
2026-09-25 14:30:39,837 [ERROR] LogOutputStream:75 - [STDERR_REDIRECT] 
2026-09-25 14:30:39,896 [ERROR] LogOutputStream:75 - [STDERR_REDIRECT] [Fatal Error] :1:1: Premature end of file.
2026-09-25 14:30:39,896 [ERROR] LogOutputStream:75 - [STDERR_REDIRECT] 
2026-09-25 14:30:39,919 [ERROR] LogOutputStream:75 - [STDERR_REDIRECT] [Fatal Error] :1:1: Premature end of file.
2026-09-25 14:30:39,919 [ERROR] LogOutputStream:75 - [STDERR_REDIRECT] 
2026-09-25 14:30:39,943 [ERROR] LogOutputStream:75 - [STDERR_REDIRECT] [Fatal Error] :1:1: Premature end of file.
2026-09-25 14:30:39,943 [ERROR] LogOutputStream:75 - [STDERR_REDIRECT] 
2026-09-25 14:30:39,966 [ERROR] LogOutputStream:75 - [STDERR_REDIRECT] [Fatal Error] :1:1: Premature end of file.
2026-09-25 14:30:39,966 [ERROR] LogOutputStream:75 - [STDERR_REDIRECT] 
2026-09-25 14:30:39,990 [ERROR] LogOutputStream:75 - [STDERR_REDIRECT] [Fatal Error] :1:1: Premature end of file.
2026-09-25 14:30:39,990 [ERROR] LogOutputStream:75 - [STDERR_REDIRECT] 
2026-09-25 14:30:40,013 [ERROR] LogOutputStream:75 - [STDERR_REDIRECT] [Fatal Error] :1:1: Premature end of file.
2026-09-25 14:30:40,013 [ERROR] LogOutputStream:75 - [STDERR_REDIRECT] 
2026-09-25 14:30:40,035 [ERROR] LogOutputStream:75 - [STDERR_REDIRECT] [Fatal Error] :1:1: Premature end of file.
2026-09-25 14:30:40,035 [ERROR] LogOutputStream:75 - [STDERR_REDIRECT] 
2026-09-25 14:30:40,058 [ERROR] LogOutputStream:75 - [STDERR_REDIRECT] [Fatal Error] :1:1: Premature end of file.
2026-09-25 14:30:40,059 [ERROR] LogOutputStream:75 - [STDERR_REDIRECT] 
2026-09-25 14:30:40,083 [ERROR] LogOutputStream:75 - [STDERR_REDIRECT] [Fatal Error] :1:1: Premature end of file.
2026-09-25 14:30:40,084 [ERROR] LogOutputStream:75 - [STDERR_REDIRECT] 
2026-09-25 14:30:40,112 [ERROR] LogOutputStream:75 - [STDERR_REDIRECT] [Fatal Error] :1:1: Premature end of file.
2026-09-25 14:30:40,112 [ERROR] LogOutputStream:75 - [STDERR_REDIRECT] 
2026-09-25 14:30:40,144 [ERROR] LogOutputStream:75 - [STDERR_REDIRECT] [Fatal Error] :1:1: Premature end of file.
2026-09-25 14:30:40,144 [ERROR] LogOutputStream:75 - [STDERR_REDIRECT] 
2026-09-25 14:30:40,187 [ERROR] LogOutputStream:75 - [STDERR_REDIRECT] [Fatal Error] :1:1: Premature end of file.
2026-09-25 14:30:40,187 [ERROR] LogOutputStream:75 - [STDERR_REDIRECT] 
2026-09-25 14:30:40,216 [ERROR] LogOutputStream:75 - [STDERR_REDIRECT] [Fatal Error] :1:1: Premature end of file.
2026-09-25 14:30:40,216 [ERROR] LogOutputStream:75 - [STDERR_REDIRECT] 
2026-09-25 14:30:40,246 [ERROR] LogOutputStream:75 - [STDERR_REDIRECT] [Fatal Error] :1:1: Premature end of file.
2026-09-25 14:30:40,246 [ERROR] LogOutputStream:75 - [STDERR_REDIRECT] 
2026-09-25 14:30:40,272 [ERROR] LogOutputStream:75 - [STDERR_REDIRECT] [Fatal Error] :1:1: Premature end of file.
2026-09-25 14:30:40,272 [ERROR] LogOutputStream:75 - [STDERR_REDIRECT] 
2026-09-25 14:30:40,303 [ERROR] LogOutputStream:75 - [STDERR_REDIRECT] [Fatal Error] :1:1: Premature end of file.
2026-09-25 14:30:40,304 [ERROR] LogOutputStream:75 - [STDERR_REDIRECT] 
2026-09-25 14:30:40,335 [ERROR] LogOutputStream:75 - [STDERR_REDIRECT] [Fatal Error] :1:1: Premature end of file.
2026-09-25 14:30:40,335 [ERROR] LogOutputStream:75 - [STDERR_REDIRECT] 
2026-09-25 14:30:40,367 [ERROR] LogOutputStream:75 - [STDERR_REDIRECT] [Fatal Error] :1:1: Premature end of file.
2026-09-25 14:30:40,367 [ERROR] LogOutputStream:75 - [STDERR_REDIRECT] 
2026-09-25 14:30:40,396 [ERROR] LogOutputStream:75 - [STDERR_REDIRECT] [Fatal Error] :1:1: Premature end of file.
2026-09-25 14:30:40,396 [ERROR] LogOutputStream:75 - [STDERR_REDIRECT] 
2026-09-25 14:30:40,426 [ERROR] LogOutputStream:75 - [STDERR_REDIRECT] [Fatal Error] :1:1: Premature end of file.
2026-09-25 14:30:40,426 [ERROR] LogOutputStream:75 - [STDERR_REDIRECT] 
2026-09-25 14:30:40,456 [ERROR] LogOutputStream:75 - [STDERR_REDIRECT] [Fatal Error] :1:1: Premature end of file.
2026-09-25 14:30:40,456 [ERROR] LogOutputStream:75 - [STDERR_REDIRECT] 
2026-09-25 14:30:40,487 [ERROR] LogOutputStream:75 - [STDERR_REDIRECT] [Fatal Error] :1:1: Premature end of file.
2026-09-25 14:30:40,487 [ERROR] LogOutputStream:75 - [STDERR_REDIRECT] 
2026-09-25 14:30:40,521 [ERROR] LogOutputStream:75 - [STDERR_REDIRECT] [Fatal Error] :1:1: Premature end of file.
2026-09-25 14:30:40,521 [ERROR] LogOutputStream:75 - [STDERR_REDIRECT] 
2026-09-25 14:30:40,546 [ERROR] LogOutputStream:75 - [STDERR_REDIRECT] [Fatal Error] :1:1: Premature end of file.
2026-09-25 14:30:40,546 [ERROR] LogOutputStream:75 - [STDERR_REDIRECT] 
2026-09-25 14:30:40,569 [ERROR] LogOutputStream:75 - [STDERR_REDIRECT] [Fatal Error] :1:1: Premature end of file.
2026-09-25 14:30:40,569 [ERROR] LogOutputStream:75 - [STDERR_REDIRECT] 
2026-09-25 14:30:40,593 [ERROR] LogOutputStream:75 - [STDERR_REDIRECT] [Fatal Error] :1:1: Premature end of file.
2026-09-25 14:30:40,593 [ERROR] LogOutputStream:75 - [STDERR_REDIRECT] 
2026-09-25 14:30:40,616 [ERROR] LogOutputStream:75 - [STDERR_REDIRECT] [Fatal Error] :1:1: Premature end of file.
2026-09-25 14:30:40,616 [ERROR] LogOutputStream:75 - [STDERR_REDIRECT] 
2026-09-25 14:30:40,643 [ERROR] LogOutputStream:75 - [STDERR_REDIRECT] [Fatal Error] :1:1: Premature end of file.
2026-09-25 14:30:40,643 [ERROR] LogOutputStream:75 - [STDERR_REDIRECT] 
2026-09-25 14:30:40,668 [ERROR] LogOutputStream:75 - [STDERR_REDIRECT] [Fatal Error] :1:1: Premature end of file.
2026-09-25 14:30:40,668 [ERROR] LogOutputStream:75 - [STDERR_REDIRECT] 
2026-09-25 14:30:40,693 [ERROR] LogOutputStream:75 - [STDERR_REDIRECT] [Fatal Error] :1:1: Premature end of file.
2026-09-25 14:30:40,693 [ERROR] LogOutputStream:75 - [STDERR_REDIRECT] 
2026-09-25 14:30:40,718 [ERROR] LogOutputStream:75 - [STDERR_REDIRECT] [Fatal Error] :1:1: Premature end of file.
2026-09-25 14:30:40,718 [ERROR] LogOutputStream:75 - [STDERR_REDIRECT] 
2026-09-25 14:30:40,743 [ERROR] LogOutputStream:75 - [STDERR_REDIRECT] [Fatal Error] :1:1: Premature end of file.
2026-09-25 14:30:40,743 [ERROR] LogOutputStream:75 - [STDERR_REDIRECT] 
2026-09-25 14:30:40,778 [ERROR] LogOutputStream:75 - [STDERR_REDIRECT] [Fatal Error] :1:1: Premature end of file.
2026-09-25 14:30:40,778 [ERROR] LogOutputStream:75 - [STDERR_REDIRECT] 
2026-09-25 14:30:40,802 [ERROR] LogOutputStream:75 - [STDERR_REDIRECT] [Fatal Error] :1:1: Premature end of file.
2026-09-25 14:30:40,802 [ERROR] LogOutputStream:75 - [STDERR_REDIRECT] 
2026-09-25 14:30:40,827 [ERROR] LogOutputStream:75 - [STDERR_REDIRECT] [Fatal Error] :1:1: Premature end of file.
2026-09-25 14:30:40,827 [ERROR] LogOutputStream:75 - [STDERR_REDIRECT] 
2026-09-25 14:30:40,849 [ERROR] LogOutputStream:75 - [STDERR_REDIRECT] [Fatal Error] :1:1: Premature end of file.
2026-09-25 14:30:40,849 [ERROR] LogOutputStream:75 - [STDERR_REDIRECT] 
2026-09-25 14:30:40,872 [ERROR] LogOutputStream:75 - [STDERR_REDIRECT] [Fatal Error] :1:1: Premature end of file.
2026-09-25 14:30:40,872 [ERROR] LogOutputStream:75 - [STDERR_REDIRECT] 
2026-09-25 14:30:40,894 [ERROR] LogOutputStream:75 - [STDERR_REDIRECT] [Fatal Error] :1:1: Premature end of file.
2026-09-25 14:30:40,894 [ERROR] LogOutputStream:75 - [STDERR_REDIRECT] 
2026-09-25 14:30:40,920 [ERROR] LogOutputStream:75 - [STDERR_REDIRECT] [Fatal Error] :1:1: Premature end of file.
2026-09-25 14:30:40,921 [ERROR] LogOutputStream:75 - [STDERR_REDIRECT] 
2026-09-25 14:30:40,944 [ERROR] LogOutputStream:75 - [STDERR_REDIRECT] [Fatal Error] :1:1: Premature end of file.
2026-09-25 14:30:40,944 [ERROR] LogOutputStream:75 - [STDERR_REDIRECT] 
2026-09-25 14:30:40,967 [ERROR] LogOutputStream:75 - [STDERR_REDIRECT] [Fatal Error] :1:1: Premature end of file.
2026-09-25 14:30:40,967 [ERROR] LogOutputStream:75 - [STDERR_REDIRECT] 
2026-09-25 14:30:40,990 [ERROR] LogOutputStream:75 - [STDERR_REDIRECT] [Fatal Error] :1:1: Premature end of file.
2026-09-25 14:30:40,990 [ERROR] LogOutputStream:75 - [STDERR_REDIRECT] 
2026-09-25 14:30:41,013 [ERROR] LogOutputStream:75 - [STDERR_REDIRECT] [Fatal Error] :1:1: Premature end of file.
2026-09-25 14:30:41,013 [ERROR] LogOutputStream:75 - [STDERR_REDIRECT] 
2026-09-25 14:30:41,036 [ERROR] LogOutputStream:75 - [STDERR_REDIRECT] [Fatal Error] :1:1: Premature end of file.
2026-09-25 14:30:41,036 [ERROR] LogOutputStream:75 - [STDERR_REDIRECT] 
2026-09-25 14:30:41,061 [ERROR] LogOutputStream:75 - [STDERR_REDIRECT] [Fatal Error] :1:1: Premature end of file.
2026-09-25 14:30:41,061 [ERROR] LogOutputStream:75 - [STDERR_REDIRECT] 
2026-09-25 14:30:41,084 [ERROR] LogOutputStream:75 - [STDERR_REDIRECT] [Fatal Error] :1:1: Premature end of file.
2026-09-25 14:30:41,084 [ERROR] LogOutputStream:75 - [STDERR_REDIRECT] 
2026-09-25 14:30:41,107 [ERROR] LogOutputStream:75 - [STDERR_REDIRECT] [Fatal Error] :1:1: Premature end of file.
2026-09-25 14:30:41,107 [ERROR] LogOutputStream:75 - [STDERR_REDIRECT] 
2026-09-25 14:30:41,131 [ERROR] LogOutputStream:75 - [STDERR_REDIRECT] [Fatal Error] :1:1: Premature end of file.
2026-09-25 14:30:41,131 [ERROR] LogOutputStream:75 - [STDERR_REDIRECT] 
2026-09-25 14:30:41,153 [ERROR] LogOutputStream:75 - [STDERR_REDIRECT] [Fatal Error] :1:1: Premature end of file.
2026-09-25 14:30:41,153 [ERROR] LogOutputStream:75 - [STDERR_REDIRECT] 
2026-09-25 14:30:41,176 [ERROR] LogOutputStream:75 - [STDERR_REDIRECT] [Fatal Error] :1:1: Premature end of file.
2026-09-25 14:30:41,176 [ERROR] LogOutputStream:75 - [STDERR_REDIRECT] 
2026-09-25 14:30:41,201 [ERROR] LogOutputStream:75 - [STDERR_REDIRECT] [Fatal Error] :1:1: Premature end of file.
2026-09-25 14:30:41,201 [ERROR] LogOutputStream:75 - [STDERR_REDIRECT] 
2026-09-25 14:30:41,226 [ERROR] LogOutputStream:75 - [STDERR_REDIRECT] [Fatal Error] :1:1: Premature end of file.
2026-09-25 14:30:41,226 [ERROR] LogOutputStream:75 - [STDERR_REDIRECT] 
2026-09-25 14:30:41,252 [ERROR] LogOutputStream:75 - [STDERR_REDIRECT] [Fatal Error] :1:1: Premature end of file.
2026-09-25 14:30:41,252 [ERROR] LogOutputStream:75 - [STDERR_REDIRECT] 
2026-09-25 14:30:41,280 [ERROR] LogOutputStream:75 - [STDERR_REDIRECT] [Fatal Error] :1:1: Premature end of file.
2026-09-25 14:30:41,280 [ERROR] LogOutputStream:75 - [STDERR_REDIRECT] 
2026-09-25 14:30:41,304 [ERROR] LogOutputStream:75 - [STDERR_REDIRECT] [Fatal Error] :1:1: Premature end of file.
2026-09-25 14:30:41,304 [ERROR] LogOutputStream:75 - [STDERR_REDIRECT] 
2026-09-25 14:30:41,327 [ERROR] LogOutputStream:75 - [STDERR_REDIRECT] [Fatal Error] :1:1: Premature end of file.
2026-09-25 14:30:41,327 [ERROR] LogOutputStream:75 - [STDERR_REDIRECT] 
2026-09-25 14:30:41,351 [ERROR] LogOutputStream:75 - [STDERR_REDIRECT] [Fatal Error] :1:1: Premature end of file.
2026-09-25 14:30:41,352 [ERROR] LogOutputStream:75 - [STDERR_REDIRECT] 
2026-09-25 14:30:41,377 [ERROR] LogOutputStream:75 - [STDERR_REDIRECT] [Fatal Error] :1:1: Premature end of file.
2026-09-25 14:30:41,377 [ERROR] LogOutputStream:75 - [STDERR_REDIRECT] 
2026-09-25 14:30:41,399 [ERROR] LogOutputStream:75 - [STDERR_REDIRECT] [Fatal Error] :1:1: Premature end of file.
2026-09-25 14:30:41,399 [ERROR] LogOutputStream:75 - [STDERR_REDIRECT] 
2026-09-25 14:30:41,424 [ERROR] LogOutputStream:75 - [STDERR_REDIRECT] [Fatal Error] :1:1: Premature end of file.
2026-09-25 14:30:41,424 [ERROR] LogOutputStream:75 - [STDERR_REDIRECT] 
2026-09-25 14:30:41,446 [ERROR] LogOutputStream:75 - [STDERR_REDIRECT] [Fatal Error] :1:1: Premature end of file.
2026-09-25 14:30:41,446 [ERROR] LogOutputStream:75 - [STDERR_REDIRECT] 
2026-09-25 14:30:41,469 [ERROR] LogOutputStream:75 - [STDERR_REDIRECT] [Fatal Error] :1:1: Premature end of file.
2026-09-25 14:30:41,469 [ERROR] LogOutputStream:75 - [STDERR_REDIRECT] 
2026-09-25 14:30:41,492 [ERROR] LogOutputStream:75 - [STDERR_REDIRECT] [Fatal Error] :1:1: Premature end of file.
2026-09-25 14:30:41,492 [ERROR] LogOutputStream:75 - [STDERR_REDIRECT] 
2026-09-25 14:30:41,515 [ERROR] LogOutputStream:75 - [STDERR_REDIRECT] [Fatal Error] :1:1: Premature end of file.
2026-09-25 14:30:41,515 [ERROR] LogOutputStream:75 - [STDERR_REDIRECT] 
2026-09-25 14:30:41,539 [ERROR] LogOutputStream:75 - [STDERR_REDIRECT] [Fatal Error] :1:1: Premature end of file.
2026-09-25 14:30:41,539 [ERROR] LogOutputStream:75 - [STDERR_REDIRECT] 
2026-09-25 14:30:41,561 [ERROR] LogOutputStream:75 - [STDERR_REDIRECT] [Fatal Error] :1:1: Premature end of file.
2026-09-25 14:30:41,562 [ERROR] LogOutputStream:75 - [STDERR_REDIRECT] 
2026-09-25 14:30:41,585 [ERROR] LogOutputStream:75 - [STDERR_REDIRECT] [Fatal Error] :1:1: Premature end of file.
2026-09-25 14:30:41,586 [ERROR] LogOutputStream:75 - [STDERR_REDIRECT] 
2026-09-25 14:30:41,610 [ERROR] LogOutputStream:75 - [STDERR_REDIRECT] [Fatal Error] :1:1: Premature end of file.
2026-09-25 14:30:41,610 [ERROR] LogOutputStream:75 - [STDERR_REDIRECT] 
2026-09-25 14:30:41,632 [ERROR] LogOutputStream:75 - [STDERR_REDIRECT] [Fatal Error] :1:1: Premature end of file.
2026-09-25 14:30:41,632 [ERROR] LogOutputStream:75 - [STDERR_REDIRECT] 
2026-09-25 14:30:41,656 [ERROR] LogOutputStream:75 - [STDERR_REDIRECT] [Fatal Error] :1:1: Premature end of file.
2026-09-25 14:30:41,656 [ERROR] LogOutputStream:75 - [STDERR_REDIRECT] 
2026-09-25 14:30:41,681 [ERROR] LogOutputStream:75 - [STDERR_REDIRECT] [Fatal Error] :1:1: Premature end of file.
2026-09-25 14:30:41,681 [ERROR] LogOutputStream:75 - [STDERR_REDIRECT] 
2026-09-25 14:30:41,705 [ERROR] LogOutputStream:75 - [STDERR_REDIRECT] [Fatal Error] :1:1: Premature end of file.
2026-09-25 14:30:41,705 [ERROR] LogOutputStream:75 - [STDERR_REDIRECT] 
2026-09-25 14:30:41,727 [ERROR] LogOutputStream:75 - [STDERR_REDIRECT] [Fatal Error] :1:1: Premature end of file.
2026-09-25 14:30:41,727 [ERROR] LogOutputStream:75 - [STDERR_REDIRECT] 
2026-09-25 14:30:41,750 [ERROR] LogOutputStream:75 - [STDERR_REDIRECT] [Fatal Error] :1:1: Premature end of file.
2026-09-25 14:30:41,750 [ERROR] LogOutputStream:75 - [STDERR_REDIRECT] 
2026-09-25 14:30:41,772 [ERROR] LogOutputStream:75 - [STDERR_REDIRECT] [Fatal Error] :1:1: Premature end of file.
2026-09-25 14:30:41,772 [ERROR] LogOutputStream:75 - [STDERR_REDIRECT] 
2026-09-25 14:30:41,794 [ERROR] LogOutputStream:75 - [STDERR_REDIRECT] [Fatal Error] :1:1: Premature end of file.
2026-09-25 14:30:41,794 [ERROR] LogOutputStream:75 - [STDERR_REDIRECT] 
2026-09-25 14:30:41,817 [ERROR] LogOutputStream:75 - [STDERR_REDIRECT] [Fatal Error] :1:1: Premature end of file.
2026-09-25 14:30:41,817 [ERROR] LogOutputStream:75 - [STDERR_REDIRECT] 
2026-09-25 14:30:41,839 [ERROR] LogOutputStream:75 - [STDERR_REDIRECT] [Fatal Error] :1:1: Premature end of file.
2026-09-25 14:30:41,839 [ERROR] LogOutputStream:75 - [STDERR_REDIRECT] 
2026-09-25 14:30:41,885 [ERROR] LogOutputStream:75 - [STDERR_REDIRECT] [Fatal Error] :1:1: Premature end of file.
2026-09-25 14:30:41,885 [ERROR] LogOutputStream:75 - [STDERR_REDIRECT] 
2026-09-25 14:30:41,909 [ERROR] LogOutputStream:75 - [STDERR_REDIRECT] [Fatal Error] :1:1: Premature end of file.
2026-09-25 14:30:41,909 [ERROR] LogOutputStream:75 - [STDERR_REDIRECT] 
2026-09-25 14:30:41,940 [ERROR] LogOutputStream:75 - [STDERR_REDIRECT] [Fatal Error] :1:1: Premature end of file.
2026-09-25 14:30:41,940 [ERROR] LogOutputStream:75 - [STDERR_REDIRECT] 
2026-09-25 14:30:41,964 [ERROR] LogOutputStream:75 - [STDERR_REDIRECT] [Fatal Error] :1:1: Premature end of file.
2026-09-25 14:30:41,964 [ERROR] LogOutputStream:75 - [STDERR_REDIRECT] 
2026-09-25 14:30:41,986 [ERROR] LogOutputStream:75 - [STDERR_REDIRECT] [Fatal Error] :1:1: Premature end of file.
2026-09-25 14:30:41,986 [ERROR] LogOutputStream:75 - [STDERR_REDIRECT] 
2026-09-25 14:30:42,010 [ERROR] LogOutputStream:75 - [STDERR_REDIRECT] [Fatal Error] :1:1: Premature end of file.
2026-09-25 14:30:42,010 [ERROR] LogOutputStream:75 - [STDERR_REDIRECT] 
2026-09-25 14:30:42,033 [ERROR] LogOutputStream:75 - [STDERR_REDIRECT] [Fatal Error] :1:1: Premature end of file.
2026-09-25 14:30:42,033 [ERROR] LogOutputStream:75 - [STDERR_REDIRECT] 
2026-09-25 14:30:42,056 [ERROR] LogOutputStream:75 - [STDERR_REDIRECT] [Fatal Error] :1:1: Premature end of file.
2026-09-25 14:30:42,056 [ERROR] LogOutputStream:75 - [STDERR_REDIRECT] 
2026-09-25 14:30:42,078 [ERROR] LogOutputStream:75 - [STDERR_REDIRECT] [Fatal Error] :1:1: Premature end of file.
2026-09-25 14:30:42,078 [ERROR] LogOutputStream:75 - [STDERR_REDIRECT] 
2026-09-25 14:30:42,101 [ERROR] LogOutputStream:75 - [STDERR_REDIRECT] [Fatal Error] :1:1: Premature end of file.
2026-09-25 14:30:42,101 [ERROR] LogOutputStream:75 - [STDERR_REDIRECT] 
2026-09-25 14:30:42,126 [ERROR] LogOutputStream:75 - [STDERR_REDIRECT] [Fatal Error] :1:1: Premature end of file.
2026-09-25 14:30:42,126 [ERROR] LogOutputStream:75 - [STDERR_REDIRECT] 
2026-09-25 14:30:42,148 [ERROR] LogOutputStream:75 - [STDERR_REDIRECT] [Fatal Error] :1:1: Premature end of file.
2026-09-25 14:30:42,148 [ERROR] LogOutputStream:75 - [STDERR_REDIRECT] 
2026-09-25 14:30:42,171 [ERROR] LogOutputStream:75 - [STDERR_REDIRECT] [Fatal Error] :1:1: Premature end of file.
2026-09-25 14:30:42,171 [ERROR] LogOutputStream:75 - [STDERR_REDIRECT] 
2026-09-25 14:30:42,194 [ERROR] LogOutputStream:75 - [STDERR_REDIRECT] [Fatal Error] :1:1: Premature end of file.
2026-09-25 14:30:42,194 [ERROR] LogOutputStream:75 - [STDERR_REDIRECT] 
2026-09-25 14:30:42,217 [ERROR] LogOutputStream:75 - [STDERR_REDIRECT] [Fatal Error] :1:1: Premature end of file.
2026-09-25 14:30:42,217 [ERROR] LogOutputStream:75 - [STDERR_REDIRECT] 
2026-09-25 14:30:42,241 [ERROR] LogOutputStream:75 - [STDERR_REDIRECT] [Fatal Error] :1:1: Premature end of file.
2026-09-25 14:30:42,241 [ERROR] LogOutputStream:75 - [STDERR_REDIRECT] 
2026-09-25 14:30:42,265 [ERROR] LogOutputStream:75 - [STDERR_REDIRECT] [Fatal Error] :1:1: Premature end of file.
2026-09-25 14:30:42,265 [ERROR] LogOutputStream:75 - [STDERR_REDIRECT] 
2026-09-25 14:30:42,288 [ERROR] LogOutputStream:75 - [STDERR_REDIRECT] [Fatal Error] :1:1: Premature end of file.
2026-09-25 14:30:42,288 [ERROR] LogOutputStream:75 - [STDERR_REDIRECT] 
2026-09-25 14:30:42,312 [ERROR] LogOutputStream:75 - [STDERR_REDIRECT] [Fatal Error] :1:1: Premature end of file.
2026-09-25 14:30:42,312 [ERROR] LogOutputStream:75 - [STDERR_REDIRECT] 
2026-09-25 14:30:42,336 [ERROR] LogOutputStream:75 - [STDERR_REDIRECT] [Fatal Error] :1:1: Premature end of file.
2026-09-25 14:30:42,336 [ERROR] LogOutputStream:75 - [STDERR_REDIRECT] 
2026-09-25 14:30:42,358 [ERROR] LogOutputStream:75 - [STDERR_REDIRECT] [Fatal Error] :1:1: Premature end of file.
2026-09-25 14:30:42,358 [ERROR] LogOutputStream:75 - [STDERR_REDIRECT] 
2026-09-25 14:30:42,382 [ERROR] LogOutputStream:75 - [STDERR_REDIRECT] [Fatal Error] :1:1: Premature end of file.
2026-09-25 14:30:42,382 [ERROR] LogOutputStream:75 - [STDERR_REDIRECT] 
2026-09-25 14:30:42,405 [ERROR] LogOutputStream:75 - [STDERR_REDIRECT] [Fatal Error] :1:1: Premature end of file.
2026-09-25 14:30:42,405 [ERROR] LogOutputStream:75 - [STDERR_REDIRECT] 
2026-09-25 14:30:42,428 [ERROR] LogOutputStream:75 - [STDERR_REDIRECT] [Fatal Error] :1:1: Premature end of file.
2026-09-25 14:30:42,428 [ERROR] LogOutputStream:75 - [STDERR_REDIRECT] 
2026-09-25 14:30:42,451 [ERROR] LogOutputStream:75 - [STDERR_REDIRECT] [Fatal Error] :1:1: Premature end of file.
2026-09-25 14:30:42,451 [ERROR] LogOutputStream:75 - [STDERR_REDIRECT] 
2026-09-25 14:30:42,474 [ERROR] LogOutputStream:75 - [STDERR_REDIRECT] [Fatal Error] :1:1: Premature end of file.
2026-09-25 14:30:42,475 [ERROR] LogOutputStream:75 - [STDERR_REDIRECT] 
2026-09-25 14:30:42,497 [ERROR] LogOutputStream:75 - [STDERR_REDIRECT] [Fatal Error] :1:1: Premature end of file.
2026-09-25 14:30:42,498 [ERROR] LogOutputStream:75 - [STDERR_REDIRECT] 
2026-09-25 14:30:42,519 [ERROR] LogOutputStream:75 - [STDERR_REDIRECT] [Fatal Error] :1:1: Premature end of file.
2026-09-25 14:30:42,519 [ERROR] LogOutputStream:75 - [STDERR_REDIRECT] 
2026-09-25 14:30:42,542 [ERROR] LogOutputStream:75 - [STDERR_REDIRECT] [Fatal Error] :1:1: Premature end of file.
2026-09-25 14:30:42,542 [ERROR] LogOutputStream:75 - [STDERR_REDIRECT] 
2026-09-25 14:30:42,564 [ERROR] LogOutputStream:75 - [STDERR_REDIRECT] [Fatal Error] :1:1: Premature end of file.
2026-09-25 14:30:42,565 [ERROR] LogOutputStream:75 - [STDERR_REDIRECT] 
2026-09-25 14:30:42,588 [ERROR] LogOutputStream:75 - [STDERR_REDIRECT] [Fatal Error] :1:1: Premature end of file.
2026-09-25 14:30:42,589 [ERROR] LogOutputStream:75 - [STDERR_REDIRECT] 
2026-09-25 14:30:42,612 [ERROR] LogOutputStream:75 - [STDERR_REDIRECT] [Fatal Error] :1:1: Premature end of file.
2026-09-25 14:30:42,612 [ERROR] LogOutputStream:75 - [STDERR_REDIRECT] 
2026-09-25 14:30:42,634 [ERROR] LogOutputStream:75 - [STDERR_REDIRECT] [Fatal Error] :1:1: Premature end of file.
2026-09-25 14:30:42,634 [ERROR] LogOutputStream:75 - [STDERR_REDIRECT] 
2026-09-25 14:30:42,656 [ERROR] LogOutputStream:75 - [STDERR_REDIRECT] [Fatal Error] :1:1: Premature end of file.
2026-09-25 14:30:42,656 [ERROR] LogOutputStream:75 - [STDERR_REDIRECT] 
2026-09-25 14:30:42,679 [ERROR] LogOutputStream:75 - [STDERR_REDIRECT] [Fatal Error] :1:1: Premature end of file.
2026-09-25 14:30:42,679 [ERROR] LogOutputStream:75 - [STDERR_REDIRECT] 
2026-09-25 14:30:42,701 [ERROR] LogOutputStream:75 - [STDERR_REDIRECT] [Fatal Error] :1:1: Premature end of file.
2026-09-25 14:30:42,701 [ERROR] LogOutputStream:75 - [STDERR_REDIRECT] 
2026-09-25 14:30:42,725 [ERROR] LogOutputStream:75 - [STDERR_REDIRECT] [Fatal Error] :1:1: Premature end of file.
2026-09-25 14:30:42,726 [ERROR] LogOutputStream:75 - [STDERR_REDIRECT] 
2026-09-25 14:30:42,748 [ERROR] LogOutputStream:75 - [STDERR_REDIRECT] [Fatal Error] :1:1: Premature end of file.
2026-09-25 14:30:42,748 [ERROR] LogOutputStream:75 - [STDERR_REDIRECT] 
2026-09-25 14:30:42,770 [ERROR] LogOutputStream:75 - [STDERR_REDIRECT] [Fatal Error] :1:1: Premature end of file.
2026-09-25 14:30:42,770 [ERROR] LogOutputStream:75 - [STDERR_REDIRECT] 
2026-09-25 14:30:42,793 [ERROR] LogOutputStream:75 - [STDERR_REDIRECT] [Fatal Error] :1:1: Premature end of file.
2026-09-25 14:30:42,793 [ERROR] LogOutputStream:75 - [STDERR_REDIRECT] 
2026-09-25 14:30:42,817 [ERROR] LogOutputStream:75 - [STDERR_REDIRECT] [Fatal Error] :1:1: Premature end of file.
2026-09-25 14:30:42,818 [ERROR] LogOutputStream:75 - [STDERR_REDIRECT] 
2026-09-25 14:30:42,843 [ERROR] LogOutputStream:75 - [STDERR_REDIRECT] [Fatal Error] :1:1: Premature end of file.
2026-09-25 14:30:42,843 [ERROR] LogOutputStream:75 - [STDERR_REDIRECT] 
2026-09-25 14:30:42,866 [ERROR] LogOutputStream:75 - [STDERR_REDIRECT] [Fatal Error] :1:1: Premature end of file.
2026-09-25 14:30:42,866 [ERROR] LogOutputStream:75 - [STDERR_REDIRECT] 
2026-09-25 14:30:42,890 [ERROR] LogOutputStream:75 - [STDERR_REDIRECT] [Fatal Error] :1:1: Premature end of file.
2026-09-25 14:30:42,890 [ERROR] LogOutputStream:75 - [STDERR_REDIRECT] 
2026-09-25 14:30:42,913 [ERROR] LogOutputStream:75 - [STDERR_REDIRECT] [Fatal Error] :1:1: Premature end of file.
2026-09-25 14:30:42,913 [ERROR] LogOutputStream:75 - [STDERR_REDIRECT] 
2026-09-25 14:30:42,937 [ERROR] LogOutputStream:75 - [STDERR_REDIRECT] [Fatal Error] :1:1: Premature end of file.
2026-09-25 14:30:42,937 [ERROR] LogOutputStream:75 - [STDERR_REDIRECT] 
2026-09-25 14:30:42,960 [ERROR] LogOutputStream:75 - [STDERR_REDIRECT] [Fatal Error] :1:1: Premature end of file.
2026-09-25 14:30:42,960 [ERROR] LogOutputStream:75 - [STDERR_REDIRECT] 
2026-09-25 14:30:42,984 [ERROR] LogOutputStream:75 - [STDERR_REDIRECT] [Fatal Error] :1:1: Premature end of file.
2026-09-25 14:30:42,984 [ERROR] LogOutputStream:75 - [STDERR_REDIRECT] 
2026-09-25 14:30:43,007 [ERROR] LogOutputStream:75 - [STDERR_REDIRECT] [Fatal Error] :1:1: Premature end of file.
2026-09-25 14:30:43,007 [ERROR] LogOutputStream:75 - [STDERR_REDIRECT] 
2026-09-25 14:30:43,029 [ERROR] LogOutputStream:75 - [STDERR_REDIRECT] [Fatal Error] :1:1: Premature end of file.
2026-09-25 14:30:43,029 [ERROR] LogOutputStream:75 - [STDERR_REDIRECT] 
2026-09-25 14:30:43,053 [ERROR] LogOutputStream:75 - [STDERR_REDIRECT] [Fatal Error] :1:1: Premature end of file.
2026-09-25 14:30:43,053 [ERROR] LogOutputStream:75 - [STDERR_REDIRECT] 
2026-09-25 14:30:43,077 [ERROR] LogOutputStream:75 - [STDERR_REDIRECT] [Fatal Error] :1:1: Premature end of file.
2026-09-25 14:30:43,077 [ERROR] LogOutputStream:75 - [STDERR_REDIRECT] 
2026-09-25 14:30:43,102 [ERROR] LogOutputStream:75 - [STDERR_REDIRECT] [Fatal Error] :1:1: Premature end of file.
2026-09-25 14:30:43,103 [ERROR] LogOutputStream:75 - [STDERR_REDIRECT] 
2026-09-25 14:30:43,126 [ERROR] LogOutputStream:75 - [STDERR_REDIRECT] [Fatal Error] :1:1: Premature end of file.
2026-09-25 14:30:43,126 [ERROR] LogOutputStream:75 - [STDERR_REDIRECT] 
2026-09-25 14:30:43,150 [ERROR] LogOutputStream:75 - [STDERR_REDIRECT] [Fatal Error] :1:1: Premature end of file.
2026-09-25 14:30:43,150 [ERROR] LogOutputStream:75 - [STDERR_REDIRECT] 
2026-09-25 14:30:43,175 [ERROR] LogOutputStream:75 - [STDERR_REDIRECT] [Fatal Error] :1:1: Premature end of file.
2026-09-25 14:30:43,175 [ERROR] LogOutputStream:75 - [STDERR_REDIRECT] 
2026-09-25 14:30:43,198 [ERROR] LogOutputStream:75 - [STDERR_REDIRECT] [Fatal Error] :1:1: Premature end of file.
2026-09-25 14:30:43,198 [ERROR] LogOutputStream:75 - [STDERR_REDIRECT] 
2026-09-25 14:30:43,221 [ERROR] LogOutputStream:75 - [STDERR_REDIRECT] [Fatal Error] :1:1: Premature end of file.
2026-09-25 14:30:43,221 [ERROR] LogOutputStream:75 - [STDERR_REDIRECT] 
2026-09-25 14:30:43,245 [ERROR] LogOutputStream:75 - [STDERR_REDIRECT] [Fatal Error] :1:1: Premature end of file.
2026-09-25 14:30:43,245 [ERROR] LogOutputStream:75 - [STDERR_REDIRECT] 
2026-09-25 14:30:43,274 [ERROR] LogOutputStream:75 - [STDERR_REDIRECT] [Fatal Error] :1:1: Premature end of file.
2026-09-25 14:30:43,274 [ERROR] LogOutputStream:75 - [STDERR_REDIRECT] 
2026-09-25 14:30:43,314 [ERROR] LogOutputStream:75 - [STDERR_REDIRECT] [Fatal Error] :1:1: Premature end of file.
2026-09-25 14:30:43,314 [ERROR] LogOutputStream:75 - [STDERR_REDIRECT] 
2026-09-25 14:30:43,346 [ERROR] LogOutputStream:75 - [STDERR_REDIRECT] [Fatal Error] :1:1: Premature end of file.
2026-09-25 14:30:43,346 [ERROR] LogOutputStream:75 - [STDERR_REDIRECT] 
2026-09-25 14:30:43,380 [ERROR] LogOutputStream:75 - [STDERR_REDIRECT] [Fatal Error] :1:1: Premature end of file.
2026-09-25 14:30:43,380 [ERROR] LogOutputStream:75 - [STDERR_REDIRECT] 
2026-09-25 14:30:43,412 [ERROR] LogOutputStream:75 - [STDERR_REDIRECT] [Fatal Error] :1:1: Premature end of file.
2026-09-25 14:30:43,412 [ERROR] LogOutputStream:75 - [STDERR_REDIRECT] 
2026-09-25 14:30:43,439 [ERROR] LogOutputStream:75 - [STDERR_REDIRECT] [Fatal Error] :1:1: Premature end of file.
2026-09-25 14:30:43,439 [ERROR] LogOutputStream:75 - [STDERR_REDIRECT] 
2026-09-25 14:30:43,463 [ERROR] LogOutputStream:75 - [STDERR_REDIRECT] [Fatal Error] :1:1: Premature end of file.
2026-09-25 14:30:43,463 [ERROR] LogOutputStream:75 - [STDERR_REDIRECT] 
2026-09-25 14:30:43,489 [ERROR] LogOutputStream:75 - [STDERR_REDIRECT] [Fatal Error] :1:1: Premature end of file.
2026-09-25 14:30:43,489 [ERROR] LogOutputStream:75 - [STDERR_REDIRECT] 
2026-09-25 14:30:43,516 [ERROR] LogOutputStream:75 - [STDERR_REDIRECT] [Fatal Error] :1:1: Premature end of file.
2026-09-25 14:30:43,516 [ERROR] LogOutputStream:75 - [STDERR_REDIRECT] 
2026-09-25 14:30:43,543 [ERROR] LogOutputStream:75 - [STDERR_REDIRECT] [Fatal Error] :1:1: Premature end of file.
2026-09-25 14:30:43,543 [ERROR] LogOutputStream:75 - [STDERR_REDIRECT] 
2026-09-25 14:30:43,574 [ERROR] LogOutputStream:75 - [STDERR_REDIRECT] [Fatal Error] :1:1: Premature end of file.
2026-09-25 14:30:43,574 [ERROR] LogOutputStream:75 - [STDERR_REDIRECT] 
2026-09-25 14:30:43,597 [ERROR] LogOutputStream:75 - [STDERR_REDIRECT] [Fatal Error] :1:1: Premature end of file.
2026-09-25 14:30:43,598 [ERROR] LogOutputStream:75 - [STDERR_REDIRECT] 
2026-09-25 14:30:43,625 [ERROR] LogOutputStream:75 - [STDERR_REDIRECT] [Fatal Error] :1:1: Premature end of file.
2026-09-25 14:30:43,625 [ERROR] LogOutputStream:75 - [STDERR_REDIRECT] 
2026-09-25 14:30:43,649 [ERROR] LogOutputStream:75 - [STDERR_REDIRECT] [Fatal Error] :1:1: Premature end of file.
2026-09-25 14:30:43,649 [ERROR] LogOutputStream:75 - [STDERR_REDIRECT] 
2026-09-25 14:30:43,681 [ERROR] LogOutputStream:75 - [STDERR_REDIRECT] [Fatal Error] :1:1: Premature end of file.
2026-09-25 14:30:43,681 [ERROR] LogOutputStream:75 - [STDERR_REDIRECT] 
2026-09-25 14:30:43,716 [ERROR] LogOutputStream:75 - [STDERR_REDIRECT] [Fatal Error] :1:1: Premature end of file.
2026-09-25 14:30:43,716 [ERROR] LogOutputStream:75 - [STDERR_REDIRECT] 
2026-09-25 14:30:43,745 [ERROR] LogOutputStream:75 - [STDERR_REDIRECT] [Fatal Error] :1:1: Premature end of file.
2026-09-25 14:30:43,746 [ERROR] LogOutputStream:75 - [STDERR_REDIRECT] 
2026-09-25 14:30:43,774 [ERROR] LogOutputStream:75 - [STDERR_REDIRECT] [Fatal Error] :1:1: Premature end of file.
2026-09-25 14:30:43,775 [ERROR] LogOutputStream:75 - [STDERR_REDIRECT] 
2026-09-25 14:30:43,792 [ERROR] LogOutputStream:75 - [STDERR_REDIRECT] [Fatal Error] :1:1: Premature end of file.
2026-09-25 14:30:43,792 [ERROR] LogOutputStream:75 - [STDERR_REDIRECT] 
2026-09-25 14:30:43,820 [ERROR] LogOutputStream:75 - [STDERR_REDIRECT] [Fatal Error] :1:1: Premature end of file.
2026-09-25 14:30:43,820 [ERROR] LogOutputStream:75 - [STDERR_REDIRECT] 
2026-09-25 14:30:43,845 [ERROR] LogOutputStream:75 - [STDERR_REDIRECT] [Fatal Error] :1:1: Premature end of file.
2026-09-25 14:30:43,845 [ERROR] LogOutputStream:75 - [STDERR_REDIRECT] 
2026-09-25 14:30:43,870 [ERROR] LogOutputStream:75 - [STDERR_REDIRECT] [Fatal Error] :1:1: Premature end of file.
2026-09-25 14:30:43,870 [ERROR] LogOutputStream:75 - [STDERR_REDIRECT] 
2026-09-25 14:30:43,894 [ERROR] LogOutputStream:75 - [STDERR_REDIRECT] [Fatal Error] :1:1: Premature end of file.
2026-09-25 14:30:43,894 [ERROR] LogOutputStream:75 - [STDERR_REDIRECT] 
2026-09-25 14:30:43,929 [ERROR] LogOutputStream:75 - [STDERR_REDIRECT] [Fatal Error] :1:1: Premature end of file.
2026-09-25 14:30:43,929 [ERROR] LogOutputStream:75 - [STDERR_REDIRECT] 
2026-09-25 14:30:43,963 [ERROR] LogOutputStream:75 - [STDERR_REDIRECT] [Fatal Error] :1:1: Premature end of file.
2026-09-25 14:30:43,963 [ERROR] LogOutputStream:75 - [STDERR_REDIRECT] 
2026-09-25 14:30:43,993 [ERROR] LogOutputStream:75 - [STDERR_REDIRECT] [Fatal Error] :1:1: Premature end of file.
2026-09-25 14:30:43,993 [ERROR] LogOutputStream:75 - [STDERR_REDIRECT] 
2026-09-25 14:30:44,099 [ERROR] LogOutputStream:75 - [STDERR_REDIRECT] [Fatal Error] :1:1: Premature end of file.
2026-09-25 14:30:44,099 [ERROR] LogOutputStream:75 - [STDERR_REDIRECT] 
2026-09-25 14:30:44,141 [ERROR] LogOutputStream:75 - [STDERR_REDIRECT] [Fatal Error] :1:1: Premature end of file.
2026-09-25 14:30:44,141 [ERROR] LogOutputStream:75 - [STDERR_REDIRECT] 
2026-09-25 14:30:44,162 [ERROR] LogOutputStream:75 - [STDERR_REDIRECT] [Fatal Error] :1:1: Premature end of file.
2026-09-25 14:30:44,162 [ERROR] LogOutputStream:75 - [STDERR_REDIRECT] 
2026-09-25 14:30:44,192 [ERROR] LogOutputStream:75 - [STDERR_REDIRECT] [Fatal Error] :1:1: Premature end of file.
2026-09-25 14:30:44,192 [ERROR] LogOutputStream:75 - [STDERR_REDIRECT] 
2026-09-25 14:30:44,219 [ERROR] LogOutputStream:75 - [STDERR_REDIRECT] [Fatal Error] :1:1: Premature end of file.
2026-09-25 14:30:44,219 [ERROR] LogOutputStream:75 - [STDERR_REDIRECT] 
2026-09-25 14:30:44,245 [ERROR] LogOutputStream:75 - [STDERR_REDIRECT] [Fatal Error] :1:1: Premature end of file.
2026-09-25 14:30:44,245 [ERROR] LogOutputStream:75 - [STDERR_REDIRECT] 
2026-09-25 14:30:44,269 [ERROR] LogOutputStream:75 - [STDERR_REDIRECT] [Fatal Error] :1:1: Premature end of file.
2026-09-25 14:30:44,270 [ERROR] LogOutputStream:75 - [STDERR_REDIRECT] 
2026-09-25 14:30:44,298 [ERROR] LogOutputStream:75 - [STDERR_REDIRECT] [Fatal Error] :1:1: Premature end of file.
2026-09-25 14:30:44,298 [ERROR] LogOutputStream:75 - [STDERR_REDIRECT] 
2026-09-25 14:30:44,320 [ERROR] LogOutputStream:75 - [STDERR_REDIRECT] [Fatal Error] :1:1: Premature end of file.
2026-09-25 14:30:44,320 [ERROR] LogOutputStream:75 - [STDERR_REDIRECT] 
2026-09-25 14:30:44,356 [ERROR] LogOutputStream:75 - [STDERR_REDIRECT] [Fatal Error] :1:1: Premature end of file.
2026-09-25 14:30:44,356 [ERROR] LogOutputStream:75 - [STDERR_REDIRECT] 
2026-09-25 14:30:44,382 [ERROR] LogOutputStream:75 - [STDERR_REDIRECT] [Fatal Error] :1:1: Premature end of file.
2026-09-25 14:30:44,382 [ERROR] LogOutputStream:75 - [STDERR_REDIRECT] 
2026-09-25 14:30:44,422 [ERROR] LogOutputStream:75 - [STDERR_REDIRECT] [Fatal Error] :1:1: Premature end of file.
2026-09-25 14:30:44,422 [ERROR] LogOutputStream:75 - [STDERR_REDIRECT] 
2026-09-25 14:30:44,459 [ERROR] LogOutputStream:75 - [STDERR_REDIRECT] [Fatal Error] :1:1: Premature end of file.
2026-09-25 14:30:44,460 [ERROR] LogOutputStream:75 - [STDERR_REDIRECT] 
2026-09-25 14:30:44,511 [ERROR] LogOutputStream:75 - [STDERR_REDIRECT] [Fatal Error] :1:1: Premature end of file.
2026-09-25 14:30:44,511 [ERROR] LogOutputStream:75 - [STDERR_REDIRECT] 
2026-09-25 14:30:44,545 [ERROR] LogOutputStream:75 - [STDERR_REDIRECT] [Fatal Error] :1:1: Premature end of file.
2026-09-25 14:30:44,545 [ERROR] LogOutputStream:75 - [STDERR_REDIRECT] 
2026-09-25 14:30:44,582 [ERROR] LogOutputStream:75 - [STDERR_REDIRECT] [Fatal Error] :1:1: Premature end of file.
2026-09-25 14:30:44,582 [ERROR] LogOutputStream:75 - [STDERR_REDIRECT] 
2026-09-25 14:30:44,612 [ERROR] LogOutputStream:75 - [STDERR_REDIRECT] [Fatal Error] :1:1: Premature end of file.
2026-09-25 14:30:44,612 [ERROR] LogOutputStream:75 - [STDERR_REDIRECT] 
2026-09-25 14:30:44,644 [ERROR] LogOutputStream:75 - [STDERR_REDIRECT] [Fatal Error] :1:1: Premature end of file.
2026-09-25 14:30:44,644 [ERROR] LogOutputStream:75 - [STDERR_REDIRECT] 
2026-09-25 14:30:44,678 [ERROR] LogOutputStream:75 - [STDERR_REDIRECT] [Fatal Error] :1:1: Premature end of file.
2026-09-25 14:30:44,678 [ERROR] LogOutputStream:75 - [STDERR_REDIRECT] 
2026-09-25 14:30:44,707 [ERROR] LogOutputStream:75 - [STDERR_REDIRECT] [Fatal Error] :1:1: Premature end of file.
2026-09-25 14:30:44,707 [ERROR] LogOutputStream:75 - [STDERR_REDIRECT] 
2026-09-25 14:30:44,738 [ERROR] LogOutputStream:75 - [STDERR_REDIRECT] [Fatal Error] :1:1: Premature end of file.
2026-09-25 14:30:44,738 [ERROR] LogOutputStream:75 - [STDERR_REDIRECT] 
2026-09-25 14:30:44,766 [ERROR] LogOutputStream:75 - [STDERR_REDIRECT] [Fatal Error] :1:1: Premature end of file.
2026-09-25 14:30:44,766 [ERROR] LogOutputStream:75 - [STDERR_REDIRECT] 
2026-09-25 14:30:44,803 [ERROR] LogOutputStream:75 - [STDERR_REDIRECT] [Fatal Error] :1:1: Premature end of file.
2026-09-25 14:30:44,803 [ERROR] LogOutputStream:75 - [STDERR_REDIRECT] 
2026-09-25 14:30:44,839 [ERROR] LogOutputStream:75 - [STDERR_REDIRECT] [Fatal Error] :1:1: Premature end of file.
2026-09-25 14:30:44,839 [ERROR] LogOutputStream:75 - [STDERR_REDIRECT] 
2026-09-25 14:30:44,866 [ERROR] LogOutputStream:75 - [STDERR_REDIRECT] [Fatal Error] :1:1: Premature end of file.
2026-09-25 14:30:44,866 [ERROR] LogOutputStream:75 - [STDERR_REDIRECT] 
2026-09-25 14:30:44,892 [ERROR] LogOutputStream:75 - [STDERR_REDIRECT] [Fatal Error] :1:1: Premature end of file.
2026-09-25 14:30:44,893 [ERROR] LogOutputStream:75 - [STDERR_REDIRECT] 
2026-09-25 14:30:44,919 [ERROR] LogOutputStream:75 - [STDERR_REDIRECT] [Fatal Error] :1:1: Premature end of file.
2026-09-25 14:30:44,920 [ERROR] LogOutputStream:75 - [STDERR_REDIRECT] 
2026-09-25 14:30:44,947 [ERROR] LogOutputStream:75 - [STDERR_REDIRECT] [Fatal Error] :1:1: Premature end of file.
2026-09-25 14:30:44,947 [ERROR] LogOutputStream:75 - [STDERR_REDIRECT] 
2026-09-25 14:30:44,977 [ERROR] LogOutputStream:75 - [STDERR_REDIRECT] [Fatal Error] :1:1: Premature end of file.
2026-09-25 14:30:44,977 [ERROR] LogOutputStream:75 - [STDERR_REDIRECT] 
2026-09-25 14:30:45,015 [ERROR] LogOutputStream:75 - [STDERR_REDIRECT] [Fatal Error] :1:1: Premature end of file.
2026-09-25 14:30:45,015 [ERROR] LogOutputStream:75 - [STDERR_REDIRECT] 
2026-09-25 14:30:45,052 [ERROR] LogOutputStream:75 - [STDERR_REDIRECT] [Fatal Error] :1:1: Premature end of file.
2026-09-25 14:30:45,052 [ERROR] LogOutputStream:75 - [STDERR_REDIRECT] 
2026-09-25 14:30:45,116 [ERROR] LogOutputStream:75 - [STDERR_REDIRECT] [Fatal Error] :1:1: Premature end of file.
2026-09-25 14:30:45,116 [ERROR] LogOutputStream:75 - [STDERR_REDIRECT] 
2026-09-25 14:30:45,159 [ERROR] LogOutputStream:75 - [STDERR_REDIRECT] [Fatal Error] :1:1: Premature end of file.
2026-09-25 14:30:45,159 [ERROR] LogOutputStream:75 - [STDERR_REDIRECT] 
2026-09-25 14:30:45,197 [ERROR] LogOutputStream:75 - [STDERR_REDIRECT] [Fatal Error] :1:1: Premature end of file.
2026-09-25 14:30:45,198 [ERROR] LogOutputStream:75 - [STDERR_REDIRECT] 
2026-09-25 14:30:45,245 [ERROR] LogOutputStream:75 - [STDERR_REDIRECT] [Fatal Error] :1:1: Premature end of file.
2026-09-25 14:30:45,246 [ERROR] LogOutputStream:75 - [STDERR_REDIRECT] 
2026-09-25 14:30:45,294 [ERROR] LogOutputStream:75 - [STDERR_REDIRECT] [Fatal Error] :1:1: Premature end of file.
2026-09-25 14:30:45,294 [ERROR] LogOutputStream:75 - [STDERR_REDIRECT] 
2026-09-25 14:30:45,337 [ERROR] LogOutputStream:75 - [STDERR_REDIRECT] [Fatal Error] :1:1: Premature end of file.
2026-09-25 14:30:45,337 [ERROR] LogOutputStream:75 - [STDERR_REDIRECT] 
2026-09-25 14:30:45,374 [ERROR] LogOutputStream:75 - [STDERR_REDIRECT] [Fatal Error] :1:1: Premature end of file.
2026-09-25 14:30:45,375 [ERROR] LogOutputStream:75 - [STDERR_REDIRECT] 
2026-09-25 14:30:45,379 [ERROR] LogOutputStream:75 - [STDERR_REDIRECT] Exception in thread "Serial Ports Filter" java.lang.NullPointerException: Cannot invoke "org.eclipse.core.resources.ResourcesPlugin.getLog()" because the return value of "org.eclipse.core.resources.ResourcesPlugin.getPlugin()" is null
2026-09-25 14:30:45,380 [ERROR] LogOutputStream:75 - [STDERR_REDIRECT] 	at com.st.stm32cube.common.logger.MCULoggerPlugin.log(MCULoggerPlugin.java:84)
2026-09-25 14:30:45,380 [ERROR] LogOutputStream:75 - [STDERR_REDIRECT] 	at com.st.stm32cube.common.logger.MCULoggerPlugin.logException(MCULoggerPlugin.java:116)
2026-09-25 14:30:45,382 [ERROR] LogOutputStream:75 - [STDERR_REDIRECT] 	at com.st.stm32cube.ide.mpu.remote.serial.internal.SerialPortProviderWindows.run(SerialPortProviderWindows.java:156)
2026-09-25 14:30:45,382 [ERROR] LogOutputStream:75 - [STDERR_REDIRECT] 	at java.base/java.util.TimerThread.mainLoop(Timer.java:566)
2026-09-25 14:30:45,383 [ERROR] LogOutputStream:75 - [STDERR_REDIRECT] 	at java.base/java.util.TimerThread.run(Timer.java:516)
2026-09-25 14:30:45,426 [ERROR] LogOutputStream:75 - [STDERR_REDIRECT] 
